logFC	logCPM	F	PValue	FDR
15S_rRNA	0.149007945704461	1.76284138708911	0.102692679051817	0.74993813917858	0.775938713684431
21S_rRNA	0.417707858217311	3.25139372365332	1.03319676453074	0.314219241726706	0.351971801956244
ICR1	-0.408247913569086	3.49191989218055	13.2703588345322	0.000632105342975378	0.00104317086691084
LSR1	1.73555954899046	4.48377782821344	133.624690951066	7.58213461063617e-16	8.12676681506215e-15
NME1	0.445730866979215	1.37546195606979	7.92249513550681	0.00693611810806334	0.00996627024826282
RDN5-1	0.0379754834814586	2.79693014261482	0.0251185297606729	0.874699666086134	0.890496917580666
RNA170	0.361810432240599	0.975315042810113	5.52980784861481	0.0226763668255998	0.0302749388671605
RPR1	1.36137644929292	1.67015276468016	47.642187128721	8.08458047877886e-09	2.70136805459965e-08
RUF20	0.2396266917803	3.10815801810874	11.0697957657813	0.00163542906962806	0.00255033098767818
RUF21	-0.186380726487618	0.447382088875025	0.390871830268277	0.534700643011483	0.572101496424237
SCR1	0.273356612492053	1.61203625451495	0.8536594821441	0.359891286360236	0.39880199333111
snR10	0.0761818465592953	0.666570904342799	0.199099229729064	0.657377657408837	0.689544310528084
snR11	1.20795289205033	3.84291576225798	274.726625602426	3.78813214335488e-22	1.39770596901482e-20
snR13	-0.217542083327745	0.984467597587043	1.74334467897851	0.192679158589552	0.224761586030503
snR14	0.472094051539901	1.37409421802478	13.2814632652077	0.00063173748385772	0.00104284647552218
snR17a	0.611910096193743	2.48175804331192	10.8205522711354	0.00182728766715026	0.00282563558994432
snR17b	-0.141242358116088	1.27478942594695	0.56787645414751	0.454600385843069	0.493774692062909
snR18	-0.000227249318472716	2.02329907169889	1.14878921592651e-05	0.997308941945956	0.997906684259406
snR19	0.702399427565211	2.10886713211102	29.3698582706439	1.65315372903153e-06	3.86646173735842e-06
snR191	0.0314356233430306	0.631334801345972	0.0261483591580444	0.872185278304227	0.888382796439038
snR24	-0.840086097961564	1.32740669792673	17.1676429864663	0.000130109619762772	0.000234837641599691
snR3	-0.156051482964381	2.16751072880986	2.89815530649597	0.0947919854203471	0.116726053244149
snR30	-0.0555591436490646	2.75678050819147	0.178692243724918	0.674281324559138	0.704725271058546
snR31	0.581027269861959	2.91880664970806	27.738273761493	2.83040083199966e-06	6.40813695247821e-06
snR32	0.591738384042317	0.442911038042026	8.41580979882332	0.00552987067732779	0.00806560917191462
snR33	-0.0577649128831428	3.82033843635258	0.204354313947276	0.653150057092913	0.685804112938815
snR34	0.673083414472075	0.992503715353299	10.6741486237468	0.0019681127562841	0.00303569051437994
snR35	0.448196821751797	0.834913185363933	8.78988045890316	0.00463045305319604	0.00682902087884145
snR36	0.747807669796967	1.87701990492815	37.6143612602476	1.28798924278313e-07	3.58868581696279e-07
snR37	0.384410035331568	2.06228826187165	7.83734865803601	0.00721691196779227	0.0103412454804299
snR38	0.146211883158747	0.211934586058306	0.347722753051112	0.558031860194217	0.594936826574437
snR39	-0.520836942577786	2.57355404840548	12.7984789297041	0.000772704742254577	0.00125815096839954
snR39B	0.295482481149993	1.09559953173257	3.67821933485327	0.0607892918333483	0.0766857042439752
snR4	-0.344497390033727	4.18185274810634	13.8101336643476	0.00050381567672083	0.000843804632703277
snR40	0.0810369702057518	1.03173385975363	0.262435518635093	0.610699803528607	0.644915941696819
snR41	0.320792747301594	2.64735119270509	8.23813433348025	0.00596343088390749	0.00864825326851567
snR42	1.35692821787264	1.61454868606856	97.6046691026889	2.16056481435865e-13	1.47792343705792e-12
snR43	0.612176948489155	2.7530965542413	37.106412477133	1.48755999691376e-07	4.10342784830584e-07
snR44	0.0533092298418546	4.15458648182176	0.224057330082268	0.637990281756164	0.670478997985763
snR45	0.631708466529678	1.68599477652113	14.9223882505677	0.000323196557867358	0.000555668072379689
snR46	0.26387963371163	2.03376006534519	4.8889874059028	0.0315603841062592	0.0412671001801774
snR47	-0.0653034840038181	1.1642391082622	0.19655624405029	0.659405445622423	0.691073235178546
snR48	-0.0600583280883122	1.22744054478105	0.169468880576528	0.682325764523996	0.712643550252545
snR49	0.98610439011918	2.98828198656489	78.3443288642416	7.12563307762391e-12	3.84582040572468e-11
snR5	1.0528917834594	1.44018344971313	46.4517882610843	1.12814057876072e-08	3.70049560533151e-08
snR50	0.175337969346282	1.01200137165573	1.34685015900027	0.25129358436387	0.286547170183038
snR51	-0.440708167713381	0.93602071869674	4.28666467778975	0.0435761956124197	0.0559569455575641
snR54	0.0743708895966946	1.31346833410694	0.121511822716725	0.728856068683279	0.755538182554709
snR55	0.437625465622675	1.0000517490602	6.06607406646408	0.0172365270208437	0.0234369277724682
snR57	1.34597684453904	2.29774874978787	79.6315285680202	5.62344968928821e-12	3.08428483859339e-11
snR58	0.088902941956307	0.632721732735656	0.25488890639974	0.615873871330793	0.649816313459596
snR59	-0.43972444914542	0.599793785631717	3.35888996542932	0.0727672821608928	0.090873274624721
snR61	0.286365919006017	2.15762045182204	5.85200467858458	0.0191778727162173	0.0258536069743868
snR62	0.727889550187182	1.6517677444602	39.2791369526358	8.19950670583035e-08	2.33920322516847e-07
snR63	-0.887514299057477	2.59595081277559	54.368129059077	1.42439876771202e-09	5.34632533775016e-09
snR66	-0.54097224501272	1.73035597113816	16.8144691231874	0.000149061569722885	0.000266907893080272
snR67	0.924835029000147	1.78778074433371	36.0542046476253	2.08566810516519e-07	5.6258517608532e-07
snR68	-0.324558326661205	3.79564090747021	15.1244306745859	0.000292912000648463	0.000506029585683271
snR69	1.26770394160986	2.00043118477628	103.492283693446	8.27404621653617e-14	6.04710604637121e-13
snR70	0.28748028581366	2.58956687405499	5.0344149006301	0.0292318028719723	0.0383955158327006
snR71	0.123640435887959	1.49665308925118	0.960758528751179	0.331654875436247	0.36946292436521
snR72	-0.229492809096276	1.45186706774511	1.47267877964832	0.230581911554547	0.265265056225261
snR76	0.155292546117545	2.86227615159074	1.27627598027213	0.26390255634695	0.29974603788064
snR77	0.724975377754859	0.505218726568262	13.5490946489081	0.000571843768414967	0.000950159623938406
snR8	1.71843770116578	1.35778692721954	148.13924348029	1.36946682363187e-16	1.68091008513525e-15
snR82	0.839241536035154	2.26582300943673	44.5698110970963	1.79466050694484e-08	5.66108454211409e-08
snR83	-0.422360775249094	2.64933894161827	13.1903354149444	0.000654044360084069	0.00107675015256674
snR84	-0.301393115832566	2.85495316013529	9.40495949512896	0.00346179650901528	0.00518971119105763
snR85	-0.234391993565661	0.654631741180566	1.85924749958795	0.178814882511458	0.209916121235973
snR86	0.530744335737329	5.52589231008196	39.5122221241639	7.35042648424112e-08	2.11281380717941e-07
snR87	-0.183225247624813	1.9532545991925	1.71436091279042	0.19631082297067	0.228647463218947
snR9	0.761836013130014	3.72770210073267	97.6975762432614	1.96893146886362e-13	1.35751469789827e-12
SRG1	-0.430430727670661	4.63667324606712	25.0538771855742	7.04728687810092e-06	1.50751519725504e-05
tD(GUC)N	0.619139719854134	2.48423719543896	23.1324154105644	1.41473765722652e-05	2.89121277515778e-05
tE(UUC)E1	0.927179315956839	1.22162313676844	22.7027002614323	1.19713680945617e-05	2.47224182359876e-05
tE(UUC)G1	-0.293889650846844	0.36440276620533	1.36827082651107	0.247643568672353	0.282915002078679
tG(GCC)D2	2.48471830720438	1.76721987226424	353.127721748315	1.24767074738196e-24	7.67254495965796e-23
tH(GUG)E2	3.83569843247228	3.21281314599819	215.228247199041	1.07156593652299e-20	2.93860064033873e-19
tH(GUG)G1	0.99084084477569	0.840341055666371	24.6842267365827	8.2676181695559e-06	1.75133122533947e-05
tI(AAU)I2	3.92042035620228	2.04057087956787	285.054397858107	3.08505160684782e-22	1.15937001126478e-20
tK(CUU)M	0.631275610872516	0.197958545396684	7.03812748876437	0.0105143710956062	0.0147288290911299
tK(UUU)D	-0.152207258401788	0.701369172367886	0.607842317498656	0.439266916763882	0.479171651900827
tL(CAA)C	0.582217111076616	0.426849964537129	3.34826607508657	0.0732822565545404	0.0914788554242448
tL(CAA)G3	1.39861730737831	0.448438932118197	29.8925190739097	3.67202564632942e-07	9.49672563077889e-07
tL(UAG)L1	1.92927091609856	1.0023900921664	92.8278098289274	1.69268623759459e-13	1.17637828932373e-12
TLC1	-1.67020698998923	6.33858163825467	92.829928668834	4.61064965633402e-13	3.00531425136633e-12
tN(GUU)N1	0.54992744349336	1.0589925278294	9.39390538764954	0.00350590217040318	0.0052532445024402
tN(GUU)P	3.19455691986724	1.8977352817715	415.064810225915	1.58664572475593e-26	1.53325383687525e-24
tP(AGG)C	0.725344335590778	2.64188703998156	22.7856389943608	1.58343321339055e-05	3.21867826481524e-05
tP(AGG)N	0.352856518716152	0.358249124285641	2.24351536704623	0.137888749181087	0.164892301122462
tR(ACG)L	4.67908237546886	1.37536747496816	336.057863391241	1.0278716081236e-25	8.34357646700865e-24
tR(UCU)G3	5.11412618467378	3.21657387253952	372.259088746658	9.48121103318247e-25	6.01266799687655e-23
tS(GCU)L	3.2105235511667	1.17592925483768	236.060778817792	6.90208437144871e-23	2.92622502482367e-21
tS(UGA)E	2.45490075115583	1.10125989621659	173.715676080054	9.46349882892857e-22	3.20076560391762e-20
tS(UGA)I	0.431633605632868	0.416451140591583	4.98081412355137	0.0282687319198075	0.0372430296316356
tV(AAC)G2	0.082449209465515	1.58695534818795	0.120830517968936	0.729576073151074	0.756155793895768
tV(AAC)O	-0.257307192673523	0.763719214157355	1.54578061448059	0.219551225214515	0.253629574782916
tW(CCA)P	0.988323058613521	1.1722848755469	35.2309173812799	2.72594398123318e-07	7.23748231912238e-07
YAL001C	-0.398757792757719	6.50519844496316	52.8965706242326	2.03948784816793e-09	7.45729851029812e-09
YAL002W	-0.238534503997035	6.20775657179138	26.778808800763	3.90026619551105e-06	8.64076440985126e-06
YAL003W	-0.848245037348575	10.3144057644685	110.986628828845	2.17095420753951e-14	1.75754909780593e-13
YAL005C	-0.50231030308129	9.65837269033874	4.59906942366096	0.0367862961564909	0.0475993562169429
YAL007C	-0.73928293901777	7.19834332552498	77.5476879321635	8.31634576002252e-12	4.43344246821516e-11
YAL008W	0.171211511763083	5.71848269779064	3.17296790580929	0.0808341033971494	0.100432249282009
YAL009W	0.0643294890352036	5.25449825433012	2.85709366493594	0.0970885808262987	0.119264584356438
YAL010C	0.0339272155897331	5.78945821219504	0.788328744339879	0.378782758264214	0.417986121499462
YAL011W	-0.340101315113989	5.36458229719622	27.4895100750491	3.06977147051356e-06	6.92764939858512e-06
YAL012W	-0.111432535640099	9.45837107774878	1.2342697622501	0.271799179605149	0.30802557807821
YAL013W	-0.211726429711305	6.73657462709907	15.6244310995534	0.000239082670031285	0.000417058823825348
YAL014C	0.187384038795785	5.94689861162148	17.1454791612258	0.000130408783245235	0.000235307845997922
YAL015C	0.475993868437993	6.18311389677196	86.2960308806742	1.52519963374469e-12	9.16625406736197e-12
YAL016C-A	0.127156696805316	2.70386302399035	0.654653434044537	0.422263476794237	0.461781937618703
YAL016W	0.491877776273489	7.68906965125719	328.147621819644	7.68429831500657e-24	4.06800070797913e-22
YAL017W	0.264687612201157	6.73833872760813	19.9002114591629	4.52566604872169e-05	8.6397788976537e-05
YAL018C	0.820543655170917	2.02223444317083	18.5455528195421	7.67566675748317e-05	0.000142772561013008
YAL019W	-0.635930218430619	6.87224376089369	94.4466597615663	3.4579315018321e-13	2.30832094113529e-12
YAL020C	0.165526424805956	4.4794678980292	9.36698936483983	0.00352204799008898	0.00527354357197779
YAL021C	-0.383086222191753	7.53390959964201	59.1317198820017	4.50829577516929e-10	1.83957806161063e-09
YAL022C	-0.151417734549598	6.44694866374293	3.45735844770288	0.0687559356379234	0.0861111162648997
YAL023C	-0.765819568882125	8.40062853351286	68.4526635380322	5.52168717047062e-11	2.57199934918326e-10
YAL024C	-0.725727388621003	5.44568588282407	59.9205692049272	3.74867651283992e-10	1.54935116158652e-09
YAL025C	-1.14327145706756	7.31676988316306	99.6312775569831	1.40497857002709e-13	9.92286488900803e-13
YAL026C	-0.0178806376522921	6.40115966042262	0.145962787156324	0.704014321103801	0.733032185202658
YAL026C-A	-0.356825875982558	0.336430605049405	2.56379491333489	0.114563359321977	0.138812188632243
YAL027W	-0.210121384293738	5.08681430208407	11.8357174061238	0.00116866564131651	0.00185620569379988
YAL028W	1.33438008684254	3.82736331711689	87.6809144751208	1.18096693528796e-12	7.21860110645891e-12
YAL029C	-0.518679719272323	7.05215003583884	125.666197782945	2.34218386757066e-15	2.31105597824476e-14
YAL030W	0.162417135555395	6.41819197136748	6.61405862283454	0.0130812706659029	0.0181326903037379
YAL031C	0.45491433323458	6.07797477005234	121.540753470126	4.29472741525274e-15	3.97360190031287e-14
YAL032C	0.420903053353428	5.60530575464277	72.632315103244	2.27338281222846e-11	1.13074792163782e-10
YAL033W	-0.382019882699931	5.24507066925383	38.6372810218514	9.46991487825947e-08	2.68277532707509e-07
YAL034C	1.24881491226917	6.15844967304136	470.586939469777	2.24705300010979e-27	2.79184870707519e-25
YAL034W-A	-0.619928125832513	4.46826294855911	16.5899664119756	0.00016242975144437	0.000288806170208332
YAL035W	-0.275416279888496	8.94094702988455	23.7824178095719	1.1000739829912e-05	2.2857509926452e-05
YAL036C	-0.409267091543814	6.68088963182133	21.8220193764813	2.22331922206907e-05	4.43207839684233e-05
YAL037C-A	0.511063771796265	1.18383971647508	5.03227332916875	0.0293022127888792	0.0384796961731442
YAL037C-B	1.08017295849473	0.713493690924096	19.8669605336337	2.73036104065453e-05	5.36812464598429e-05
YAL037W	0.20412193075992	4.1045471206641	5.98274091908841	0.0179438350795863	0.0243396602048462
YAL038W	-0.363320779010066	10.5817556272982	7.42016923694951	0.00881583788281889	0.0124873943765941
YAL039C	0.192806486649463	6.89722711804757	2.59675552462801	0.113267595854376	0.13739253308656
YAL040C	-0.405446478558748	8.22563137953416	4.06205029206879	0.04915251980395	0.0628260635243434
YAL041W	0.157161223684492	7.04600601152524	16.227788125166	0.000187618600660408	0.000331270893509444
YAL042W	0.15304251725144	7.94815310153373	16.5435336225758	0.000165438143715129	0.000293983484803767
YAL043C	0.274014887734586	7.2886967632718	26.2011666002706	4.74688463912457e-06	1.03655070598961e-05
YAL044C	-0.815211304080806	8.70026538392518	49.7753719350801	4.49871407998171e-09	1.56325178761008e-08
YAL044W-A	0.318732516337226	1.73459998421023	6.11167147477885	0.0168286983513914	0.0229150336755246
YAL046C	-0.228553372552125	5.4714771446635	13.8363864776831	0.000498291754549308	0.000835472377222855
YAL047C	-0.29132987608899	5.24645578996939	35.6823492555051	2.27217775059742e-07	6.08847629649519e-07
YAL048C	0.105739992654655	5.77447835778101	8.76383990581491	0.00465685812707066	0.00686131468480304
YAL049C	0.500567287730395	6.5943191068813	79.0368246519313	6.18027675302777e-12	3.38359036622599e-11
YAL051W	0.159533073077538	6.45051189243486	25.377824713586	6.29839102864698e-06	1.35445441831165e-05
YAL053W	0.288700874976701	8.53405883966079	7.21367328294239	0.00974490029123743	0.0137090237068706
YAL054C	2.23668156734595	11.3258020966883	231.223351069244	1.44948671757697e-20	3.80365307612439e-19
YAL055W	-0.241761745856471	3.84501619399473	3.36363334016874	0.0725014266654723	0.0905784292098082
YAL056W	0.611171356470559	6.40301028914894	136.393818388066	5.16431365114435e-16	5.72683816177902e-15
YAL058W	-0.139224410892372	5.51872637383954	7.52316534856576	0.00838796376508199	0.0119118085845158
YAL059W	-0.228198293855507	3.87432734785204	2.37960949100736	0.12912460922811	0.155020828432406
YAL060W	-0.244174380383094	7.49564451709158	2.76323177236801	0.102600765601866	0.125453597305515
YAL061W	1.74756696511093	6.06621475028807	61.2226227832531	2.77216574920862e-10	1.1655348812971e-09
YAL062W	-0.49972155329821	7.37175096811781	7.09428125361958	0.0103291042539118	0.0144792969601232
YAL063C	-0.118959559855358	4.17657577708894	1.6750038434708	0.201432610092984	0.234299146015683
YAL064W-B	-0.125222912788977	1.63963380924525	0.610674136610808	0.43818990946419	0.478082467530106
YAL069W	-0.675245150781153	0.48163038411285	9.36678812203664	0.00354963423290923	0.00531223530234794
YAR002C-A	-0.216040755146101	8.12507871734409	4.79901225508541	0.0330814523560638	0.0431263130500464
YAR002W	-0.315401377702633	7.28119035572369	63.871356306576	1.51636054296126e-10	6.59871550074922e-10
YAR003W	0.0334242472329307	5.99026356344504	0.191422014085439	0.66358674215372	0.694979543477008
YAR007C	0.13523439571504	7.39589231890632	0.593946825381066	0.444459875196265	0.484402384567644
YAR008W	-0.18144911048244	5.48272938304972	0.776691468724859	0.382297983634983	0.421406866624982
YAR009C	0.00742883401472239	1.14434110485051	0.00166054857309046	0.967656158205486	0.971717337308202
YAR014C	-0.0283214139850084	7.70177497565416	0.519277546139078	0.474446863561014	0.513499112063902
YAR015W	-0.140496669465135	9.75815733548288	4.3979910625416	0.0409686957248244	0.0527601034136916
YAR018C	-1.59568689456481	6.38055345307944	34.7375194621399	3.02577237274978e-07	7.95719317723571e-07
YAR019C	0.700357907596178	5.94425918914124	233.455847701869	1.18417278216708e-20	3.18993092824476e-19
YAR020C	0.457186779691552	1.98198000720406	12.6193838741647	0.000835249664589954	0.00135383385463888
YAR023C	0.88723268995348	3.00001335622946	116.701651438457	9.00273005631333e-15	7.78531542369823e-14
YAR027W	0.644729573944586	6.24890067828715	96.4058567155717	2.45117496569608e-13	1.65992805240909e-12
YAR028W	0.281828588362651	4.612326760387	8.71996879900718	0.00475334797484795	0.00698994745673292
YAR029W	-0.284533562822111	1.45410240112328	3.1460590763921	0.0821152193717178	0.101878429903203
YAR030C	0.194262847031092	0.949772151151873	1.35251180934964	0.250323579900131	0.285655099237488
YAR031W	-0.0243345597126719	3.59569658266733	0.0423790519194395	0.83772038819026	0.856861848673102
YAR033W	0.204884735460453	4.06733977695646	7.38180227041038	0.00898145032378681	0.0127042447888509
YAR035C-A	0.571459727449086	1.56546739717037	10.1425177161793	0.00195153788447526	0.00301165085948933
YAR035W	0.173148342402137	10.3152393291014	1.0938910057529	0.300552716712104	0.337844338874315
YAR042W	-0.248627792801014	6.89147244357016	27.222725350349	3.35735311459887e-06	7.514546235911e-06
YAR050W	-0.237934315579592	2.83162119905754	5.8250783959932	0.0194399226744182	0.0261836834605881
YAR066W	-0.257868063779125	2.39889024158091	2.61584537034807	0.112038556575469	0.136010116137877
YAR068W	-0.306647777202806	3.91816005458887	11.9808012537372	0.00109756334360057	0.00174920566383254
YAR071W	-0.0244921588867365	3.59287493652952	0.0802028394867503	0.778171756764681	0.801473465603685
YAR073W	0.298358397649132	3.41610536183199	12.9248280439994	0.000731797540095321	0.00119473945403602
YAR075W	0.362762318566322	1.32323215739332	4.62929162697408	0.0362227985413645	0.0469300696998994
YBL001C	0.386926472026045	7.26289770425304	31.0783916100416	9.48199654046867e-07	2.29346026771447e-06
YBL002W	-2.65906007890163	8.9709906804416	32.2340519808945	6.5722504094575e-07	1.62319920863194e-06
YBL003C	-1.78502205285474	7.51067203856983	16.2172763217908	0.000188408429142953	0.000332376272565139
YBL004W	-0.593308864805042	6.64058128095132	35.774022982434	2.21000639968659e-07	5.93494440286368e-07
YBL005W	0.144546387803028	5.95132131613506	5.62844791479528	0.0214888760769612	0.0287589091133303
YBL005W-B	-0.543387847802971	0.713977339826298	8.10622277165972	0.00637885897506649	0.00921558933085068
YBL006C	-0.210160877107558	5.37497539223407	15.7903548645791	0.000223611563090914	0.000390854779241311
YBL007C	0.214253188745383	7.93045631919703	22.351439673935	1.83476004835935e-05	3.69745752214886e-05
YBL008W	-0.649200614344205	6.26378281773063	162.817124709007	1.75827427964305e-17	2.48938925917834e-16
YBL009W	-0.770130147986019	6.71044961900333	35.7919313916658	2.19812018868734e-07	5.90562917419618e-07
YBL010C	-0.199350529979413	5.38742382841746	5.39764590376256	0.0241970635911424	0.032185213708297
YBL011W	-0.276700297380661	6.91422825929594	36.9658562118292	1.54751165264939e-07	4.25723042988227e-07
YBL012C	-0.715490591170238	2.01609560248522	34.7677195783355	3.01566642700862e-07	7.93404373709096e-07
YBL013W	-0.584159450090063	3.58731935301832	44.0172881391513	2.0772772321486e-08	6.48536604580548e-08
YBL014C	-0.266559672088486	5.89282056806028	25.5062802217635	6.02522652119892e-06	1.29800350534533e-05
YBL015W	0.653597555730961	10.9829809982368	18.3277564213048	8.23090665541244e-05	0.000152448310672805
YBL016W	1.91781145120868	7.63424436139789	119.697632125211	5.657519405376e-15	5.08008527137597e-14
YBL017C	1.29640286630589	7.68880703657888	446.545075302896	7.4790408095551e-27	7.58873340809524e-25
YBL018C	0.228167180829051	5.56742633464494	10.4662803142011	0.0021387161829896	0.00328137704688525
YBL019W	0.153400743622834	5.23251747761729	8.97787728705625	0.00421542373553486	0.00624112346836971
YBL020W	-0.111423381027036	6.67097781316845	3.32541900676114	0.0740912658739678	0.092412953624404
YBL021C	-0.508174508980571	5.1326206229299	80.9909616941754	4.21018996814533e-12	2.37110421147722e-11
YBL022C	-0.450248938175057	8.73132368525468	58.8425864350273	4.82562342735365e-10	1.95335075968943e-09
YBL023C	-0.296043663405708	6.58089328951334	2.32476310801743	0.133519898612254	0.1598877149393
YBL024W	-0.577930642512338	7.61784607330141	86.351401959861	1.50942471229178e-12	9.08939431101121e-12
YBL025W	0.48976528986123	4.80931784454626	51.7871204739476	2.69504577375603e-09	9.67419732937895e-09
YBL026W	-0.197115875243757	6.4835736073219	10.5512615176582	0.00205886286610652	0.00316524169920618
YBL027W	-0.634163272894782	10.0156139108979	40.8461021543417	5.01982761829617e-08	1.47564995365462e-07
YBL028C	-0.899580745897393	6.08254720300041	45.0811252740038	1.55306677695247e-08	4.9528918481334e-08
YBL029C-A	0.0929780487834376	5.71296065676802	1.16065715915997	0.28640931375626	0.323199240435238
YBL029W	-0.3186952199707	5.76784653462627	7.71007643317348	0.00766667182380234	0.0109513604090353
YBL030C	-0.617813625214408	10.4885867985969	30.2182770964355	1.25009533985411e-06	2.97637091475629e-06
YBL031W	-1.50549021060547	4.819618347296	110.876124398415	2.2120460759292e-14	1.78843778356666e-13
YBL032W	-0.840077152638463	7.21573460747865	41.2770167954818	4.44359972568569e-08	1.31259753177945e-07
YBL033C	0.401981472877182	7.04729791754249	78.7124525180432	6.59114868162819e-12	3.5857353552868e-11
YBL034C	-0.448289270244288	6.17975946828738	36.0441404508721	2.03762321299728e-07	5.50113087393677e-07
YBL035C	-0.154279341177006	5.67688641991773	0.445284722207415	0.507597050868345	0.544825607490565
YBL036C	-0.130081905935632	7.27010620519426	9.67519700480963	0.00305826990295023	0.00461088339999034
YBL037W	0.156958841633148	6.47844980427624	6.1133192137586	0.0167989350545812	0.0228898649535117
YBL038W	-0.554297578388825	7.08477669936606	60.6353708833946	3.17436167411451e-10	1.32366533369926e-09
YBL039C	-0.427723130924889	7.67174774932277	10.9894469894175	0.00169413312615481	0.00263445273870511
YBL039W-B	1.50166677579658	4.56538214606302	521.849461343438	2.07266236139003e-28	3.00437344193869e-26
YBL040C	0.189558426455183	7.20150868193637	14.1299818343564	0.000440923004144427	0.000744202730588099
YBL041W	-0.0497671220433381	8.01852840154258	1.00046662436554	0.321929474272275	0.35974791471542
YBL042C	0.457468218458056	6.23352015857627	21.6568870247412	2.36135954606265e-05	4.69342374026425e-05
YBL043W	-1.51032653471909	8.69281114914039	138.382958078768	3.94793115252197e-16	4.45918457449977e-15
YBL045C	-0.695914506155932	10.1484555869119	48.1533800844801	6.85507659394432e-09	2.31468143671287e-08
YBL046W	0.206256780446235	6.21807911872731	35.0077877307213	2.78665516926511e-07	7.38900551850436e-07
YBL047C	0.150729384367419	8.08746426209992	8.31209654480316	0.00575667077323768	0.00837233914655303
YBL048W	0.367585376121053	3.65598790792247	22.0654353483466	2.03666165726967e-05	4.07600137063043e-05
YBL049W	0.895231264325621	5.02284212077881	121.033995496844	4.64685529750011e-15	4.26380167550201e-14
YBL050W	0.148050511953453	7.18756175180657	8.73381199928837	0.00472258382967748	0.00694974386151233
YBL051C	-0.538255046851281	6.99613677348097	55.4774646082914	1.07992224738671e-09	4.15323224389786e-09
YBL052C	-0.361055320853312	5.89745639873339	30.8578973578053	1.0175284436253e-06	2.44850322719005e-06
YBL054W	-0.443588265553939	6.29073050421651	11.0828324030887	0.00162557403317993	0.00253561227619764
YBL055C	0.00577167792160701	6.07849840458982	0.0127329506824599	0.910601006247981	0.921039861445043
YBL056W	-0.033327056228723	7.96390784875748	0.936937321749021	0.337644054476365	0.375791042715194
YBL057C	0.0944633161002218	6.39463879177432	6.07591280130805	0.0171186029736453	0.0232889508164363
YBL058W	-0.154703055990467	8.45523095169823	5.85651609323846	0.0191290375713604	0.0257991982132128
YBL059C-A	-0.380772058253468	5.89659457902804	11.8206184710524	0.00117635772151666	0.00186793578732223
YBL059W	-0.300981218215625	5.24677204553648	19.8077004533708	4.68609931431381e-05	8.92087949516651e-05
YBL060W	0.509355000527972	6.22472965019269	67.0379675885865	7.51084140180332e-11	3.40730271640675e-10
YBL061C	0.0120915751645348	6.88147717355338	0.0121696976859553	0.912592340046876	0.922747411759738
YBL063W	-0.660532510840786	5.69962511859229	17.8318029431123	9.97243969132365e-05	0.000183199193846646
YBL064C	0.68108242852473	8.04751404224094	33.5480876758922	4.36075059914823e-07	1.11220149340655e-06
YBL066C	-0.0277598643212668	6.55046547530367	0.344955647437249	0.559579280837591	0.596205576083174
YBL067C	0.808497873175077	6.84609123715997	43.628870096413	2.30785311164067e-08	7.16481883919857e-08
YBL068W	0.229292258769294	6.21049658632675	21.3573711240642	2.63500793906355e-05	5.19492497830922e-05
YBL069W	-1.30660741368649	5.19314148333652	148.409485838699	1.05073720688934e-16	1.31623212253956e-15
YBL070C	-1.35981044081259	0.159793661700367	14.0910101954814	0.000348701278230132	0.000595983543476992
YBL071C	-0.123614088877741	4.17915650594266	1.72744841157642	0.194630303990505	0.226907179374607
YBL071W-A	-0.0614359243303119	4.97107504745079	0.465321504970968	0.498240393873836	0.535821854425705
YBL072C	-0.191231857931731	9.45198880582104	5.08276909879943	0.0284974537666026	0.0374956772273777
YBL073W	-0.255538452440547	1.09066445050275	1.9208320239813	0.171883736347799	0.202325635515352
YBL074C	0.027218812749916	4.04295002621659	0.15054687104067	0.699631635762398	0.729466929015496
YBL075C	0.165364369813494	5.79041706858232	11.2712676865898	0.0014959478634651	0.0023394119169729
YBL076C	0.208429241048755	9.20314982195663	20.2936728187469	3.90586172829481e-05	7.52258342355546e-05
YBL077W	-0.04383670787339	0.612434717889647	0.0317130293074282	0.859085286402084	0.876359119238587
YBL078C	1.12411489240515	5.82833258406354	160.946568780794	2.20334924897339e-17	3.06956298117849e-16
YBL079W	-0.0761134649892786	7.31903619888123	1.83838609850488	0.181125858561048	0.212260678906575
YBL080C	-0.244015611000811	6.14893696671694	19.6562693781377	4.96072407816296e-05	9.41424195382047e-05
YBL081W	-0.910869707561345	6.14653954698201	164.097128469739	1.5092768918675e-17	2.17221695453648e-16
YBL082C	-0.416009096123745	5.64906065281365	28.4193617500255	2.25172160985105e-06	5.16326974040422e-06
YBL084C	-0.118630239159109	6.26877615058671	10.7871911238875	0.00185323923736464	0.00286431085988218
YBL085W	-0.581428491884268	7.37550624504616	41.6261345411986	4.02737226570719e-08	1.20071705943317e-07
YBL086C	-0.0523021586634164	5.86108950319246	0.487845792993828	0.488069072985111	0.525998321177794
YBL087C	-0.603211097731681	8.36296965664268	38.5659938996369	9.66725706090077e-08	2.73740748775646e-07
YBL088C	0.132034497524216	5.53389728585324	10.9740723336841	0.00170572752772183	0.00265180520652975
YBL089W	0.474178133231704	5.70524648072224	93.5769311529207	4.03553008175804e-13	2.65316491768282e-12
YBL090W	-0.241614730108955	6.39485102164045	7.05433484559441	0.0105325510323936	0.0147509019289654
YBL091C	0.0220734984121709	7.83962378463372	0.318364414248723	0.575070413779096	0.611213107382531
YBL091C-A	0.487828231028613	4.56386991641712	74.0714859837312	1.68761327277374e-11	8.61928658107928e-11
YBL092W	-0.634611144629028	10.1417404003054	30.629624598369	1.09487065538355e-06	2.6242411614075e-06
YBL093C	0.379047505204191	5.88345879578598	39.961598013202	6.45967153476457e-08	1.87268953826889e-07
YBL095W	1.74724733602874	4.38077683421131	539.511080569003	9.52886896987988e-29	1.48748087919561e-26
YBL097W	-0.791651912772482	4.49869113998341	73.4978019972924	1.89996309819126e-11	9.59500032016675e-11
YBL098W	-0.33747717909388	7.31932211471331	17.8782266604478	9.79410385213835e-05	0.000180086089555476
YBL099W	-0.650432216379949	10.1557085272943	72.0718356422254	2.5556171831404e-11	1.26389905856692e-10
YBL100C	-0.982339571134007	7.25071269488649	110.677305631218	2.28019750443903e-14	1.83865462344699e-13
YBL100W-B	0.912420268862581	5.03662696391169	95.1755077651694	3.04254563553903e-13	2.04046264974842e-12
YBL100W-C	0.0759457780982304	1.55304880608858	0.353271735810417	0.55490799695508	0.591850014972412
YBL101C	0.953410343602719	7.16450919203402	161.733900502507	2.00248359469783e-17	2.80448754349497e-16
YBL102W	0.188918581454274	6.78615848300533	23.6469309399928	1.15412610479732e-05	2.39153156092788e-05
YBL103C	0.348291025797576	6.90031213911366	98.6286889720434	1.66813283295417e-13	1.16080744235306e-12
YBL104C	-0.216874336624571	6.10148075272743	24.6144635556259	8.21125585868518e-06	1.74060326140931e-05
YBL105C	-0.0448082236153323	7.17466646962712	0.868506874518073	0.355768858360797	0.394736797831334
YBL106C	0.164651058014498	5.46127226516832	5.75353645873664	0.0201584265950426	0.0270855222049479
YBL107C	-0.488931745508378	6.38256579813149	42.8545060176271	2.85803049033837e-08	8.71727937133266e-08
YBL107W-A	0.943270792966138	0.384599052426546	9.41685363326804	0.00289485187850662	0.00437751073928174
YBL108W	1.44041808718272	0.836135646140292	58.2716134456966	2.675202437763e-10	1.12866475683307e-09
YBL109W	-0.413953958196598	0.376967124942093	3.39612364775051	0.0713283305150495	0.0891860497382669
YBL111C	-0.318036141689396	0.906943131223907	1.82810393475386	0.182425162753199	0.213577767469514
YBL113C	-0.319388137393603	5.84444191510149	4.96753683208215	0.0302707633784356	0.039648968900154
YBR001C	0.197458318845181	5.99761766861361	8.29075280910384	0.00581502439339688	0.00845115027619962
YBR002C	-0.123771879950029	5.87817684511538	7.57546643900213	0.00817914620955925	0.0116261130338073
YBR003W	0.0245433098034414	7.01560393922113	0.189050322075064	0.665546254985032	0.696552449776323
YBR004C	0.795469781292811	5.96863034399103	109.840334928962	2.60541450990126e-14	2.07072631021917e-13
YBR005W	1.55667206902441	6.00803868302761	92.1411877693869	5.21678511417235e-13	3.36438429820776e-12
YBR006W	1.88433332633304	6.72051191960785	233.259758263189	1.20528508264956e-20	3.21832262419758e-19
YBR007C	-0.235754137644725	6.17683650030228	9.90869080219336	0.00274999521299166	0.00416985575509171
YBR008C	0.271421317994535	5.48539484769756	17.0482444883831	0.000135497876998372	0.000243768048216929
YBR009C	-2.06933962086861	9.22038436866345	27.1516909988593	3.43863350836607e-06	7.6823489170395e-06
YBR010W	-1.64111194885357	9.01326017228082	23.4852253726776	1.22227525726829e-05	2.51988207458494e-05
YBR011C	-0.0301114781957009	10.5535338397405	0.261629247278389	0.611215111318486	0.645348178582543
YBR012C	0.262556404208985	4.4787310739034	25.3207384821695	6.42513502795171e-06	1.38073498235687e-05
YBR013C	0.105330515975831	3.63205511900601	2.50471312182269	0.119702705338953	0.144449964341635
YBR014C	0.532523880615077	6.87335540997227	81.457114925044	3.84272232439591e-12	2.19254859521296e-11
YBR015C	0.100923029361354	7.88162196109614	1.26485691319535	0.266009862958307	0.302026864171983
YBR016W	0.707358342934946	6.97399577630728	243.389033379442	4.92477805971868e-21	1.41424758620601e-19
YBR017C	-0.487578753535225	7.5000022156775	140.507860299865	2.95945234981274e-16	3.40588769483175e-15
YBR018C	1.01837228049751	2.43742125042268	75.9790420400631	1.15659428524198e-11	6.00797441002831e-11
YBR019C	0.462565548685241	4.62536542109149	33.6147013765448	4.27298417131625e-07	1.09164614498419e-06
YBR020W	0.389542826525648	3.38665442637208	9.40882637619893	0.00345531858110629	0.00518255223497785
YBR021W	-0.312418665365586	6.55689041734841	7.51394280049859	0.00842535517523329	0.0119621180752846
YBR022W	-0.0857082056471636	5.39349012076206	2.42099580929476	0.125915908532842	0.15140747603159
YBR023C	0.348868139306097	7.9519222092337	5.83465604038598	0.0193427398600498	0.0260643205551092
YBR024W	0.251957908440765	5.60492226232857	9.6834327150785	0.00304685929869828	0.00459595624640117
YBR025C	-0.480691826309401	9.10431134755283	22.5003035810608	1.73877694329426e-05	3.51100299528208e-05
YBR026C	0.827314347219377	8.1734246426105	108.77305639994	3.09144083055673e-14	2.41911205352563e-13
YBR028C	-0.809200541054524	6.65446888023905	219.290501867325	4.37054375777727e-20	1.00244561609394e-18
YBR029C	-0.209620131982228	8.12062682434639	7.60720112645131	0.00805512781214619	0.0114578547010154
YBR030W	-0.0189010716783896	5.78126515039132	0.0695476035811639	0.79306144768215	0.815291809099785
YBR031W	-0.261394544125075	9.38410554095982	13.0418793181308	0.000696162447383301	0.0011423819352209
YBR032W	-0.253116427196401	1.30566446564172	2.0048150750973	0.162928803232112	0.192529222452852
YBR033W	-0.263920781608528	5.84721244777701	2.5874939723077	0.11389712768926	0.138073618751935
YBR034C	-0.57635925570125	7.05650030409331	33.7386334087701	4.11122658449896e-07	1.05519171359316e-06
YBR035C	0.0336081052728603	7.65457435407547	0.424827364877981	0.517470668426497	0.554348307123089
YBR036C	0.410636029903524	7.95440085629732	134.678666330831	6.537177750078e-16	7.14512354442996e-15
YBR037C	-0.782717451799809	6.02904411000915	54.5020561806231	1.37072839160234e-09	5.15123114078705e-09
YBR038W	-2.18089463864011	7.70919917410206	121.627160252686	4.23981574549783e-15	3.928766858233e-14
YBR039W	-0.547541499581947	9.39790463536183	124.298325549368	2.85908046559545e-15	2.76726261916456e-14
YBR040W	5.18593198337423	5.34110531124473	119.78868459557	5.65271412461168e-15	5.08008527137597e-14
YBR041W	0.0812639620405692	6.85119069290762	1.9303909376319	0.17076437504768	0.201085786323071
YBR042C	-0.200867115868226	5.63263447004158	7.33199744813461	0.0092005184741582	0.0129959991811311
YBR043C	0.844246463009916	6.84579557390058	83.4586387451877	2.611325575933e-12	1.52131579964403e-11
YBR044C	-0.581767323125389	6.69782672975861	76.4854207351573	1.03000350632928e-11	5.3964383360866e-11
YBR045C	1.25437536552913	4.68370131028588	149.49096553815	9.16472202231242e-17	1.16727937743501e-15
YBR046C	1.0044959489227	7.01458040532069	93.9796146843466	3.75737702873551e-13	2.49182040859933e-12
YBR047W	0.189324616161001	5.07276513988657	1.37113271552425	0.247071371756127	0.282362322248022
YBR048W	-0.240984784875682	9.21794108721888	7.30321397658612	0.00932990198084365	0.0131695903685083
YBR049C	-0.674093871367725	7.45359937444127	56.4749886605469	8.48231475643624e-10	3.30815709398999e-09
YBR050C	1.84136884182807	7.36990684499337	265.683605455851	7.6959328311308e-22	2.66209312931388e-20
YBR051W	1.43063031864433	1.2672989126531	95.0186626971294	3.62244396736635e-13	2.40495516612065e-12
YBR052C	0.11586464634294	6.64918262742104	0.867553103631341	0.356030910110105	0.394939439454968
YBR053C	0.397485816045458	6.64559661235782	10.2348803460599	0.00237295066828572	0.00362249841236797
YBR054W	0.652741868693589	7.38650579267943	1.47502719270599	0.230159362561696	0.26492913580556
YBR055C	-0.171424275455698	6.25766586361532	8.91728573489642	0.00433567290927488	0.00640358483058357
YBR056W	1.33934594257143	6.86835768648497	110.00512538061	2.53774394337264e-14	2.02487354223495e-13
YBR056W-A	1.89917757697961	1.37000762533713	251.857123953654	3.16361322960773e-21	9.53469175339201e-20
YBR057C	0.447100471282966	6.44136261852373	59.8581631754504	3.80316410585222e-10	1.56867636019162e-09
YBR058C	0.110059128151525	7.23095362053936	10.8357658306539	0.00181364697467219	0.00280736627174297
YBR058C-A	0.0425283785076545	6.58675230659641	0.549059654753635	0.462107327465753	0.501213149761537
YBR059C	0.0766120784079967	7.33444644640887	1.08257335368625	0.303040104037735	0.340451772168616
YBR060C	-0.348267549960417	6.06027812957778	67.3000327213294	7.09275924882352e-11	3.23451073459458e-10
YBR061C	-0.391333138282908	5.94207289517009	29.6536355337717	1.50140312313894e-06	3.53325945638573e-06
YBR062C	0.0332146591965624	6.08941085690411	0.460848947220067	0.500302908176606	0.537660036183439
YBR063C	0.203222963672214	4.81170297497751	10.0075301497364	0.00262958695175341	0.00399623698509105
YBR065C	0.0782006006974879	5.43853388820306	2.4447549816416	0.124115454854299	0.149331005761457
YBR066C	1.59011943640336	6.44207236925296	32.6721376121271	5.72783329935839e-07	1.43031374595955e-06
YBR067C	1.45728680887121	8.66099873723878	72.0609196368731	2.56244681821013e-11	1.26624807055708e-10
YBR068C	0.332716239629095	6.54058232981277	14.465170962523	0.000383792146654212	0.000652478801684123
YBR069C	2.4303925400957	6.79998977004934	43.4099307728494	2.45210851832667e-08	7.57404193788573e-08
YBR070C	-0.828024883909858	4.96718389223968	18.1065739597694	8.9652759886658e-05	0.000165395758239386
YBR071W	-1.49854476375126	7.38251972799924	13.5711118934855	0.000556816537475662	0.000926961739171953
YBR072W	2.81986828322458	5.95490005724878	457.717804100315	4.2571518783149e-27	4.71228011548748e-25
YBR073W	-0.600438381743987	7.41278270988399	26.5571987761811	4.20476627057501e-06	9.27486125190605e-06
YBR074W	-0.10990923079602	6.68604294558926	9.9963878815196	0.00264280942696517	0.00401432729325447
YBR076C-A	0.0039967476057194	4.5880020640816	0.00364528049111804	0.952092526567572	0.957439593945058
YBR076W	1.1003727050147	3.70988863248019	104.424774081419	6.59783393738038e-14	4.89848939155753e-13
YBR077C	-0.248858453333821	6.27697291822957	47.3575293611331	8.45102367373019e-09	2.81762497949997e-08
YBR078W	-1.73673410452094	10.4932774875696	72.4272190140304	2.37239137690181e-11	1.17710828871868e-10
YBR079C	-0.228222219604846	8.83054983624463	14.3861116672375	0.000396529926553768	0.0006722568066999
YBR080C	0.156453373108648	7.56416832267662	15.8132205540914	0.000221557004610258	0.000387624593983471
YBR081C	-0.513621874268686	6.90867251230233	153.597981940245	5.43701416270225e-17	7.19577004837638e-16
YBR082C	-0.852763057865107	9.12364598545511	43.1768082607676	2.61407756523814e-08	8.02142349655735e-08
YBR083W	0.898841600549299	7.41489274245822	10.6277339482773	0.00198970749601111	0.00306279121004189
YBR084C-A	-0.497191148773005	9.83965669577299	24.0006585176111	1.01848849958533e-05	2.12639162739213e-05
YBR084W	-0.50706970689703	7.51724217372071	28.0289965333203	2.56322217716403e-06	5.84015591862822e-06
YBR085C-A	1.09719793973971	8.85306706843703	66.0805958867699	9.26908426867008e-11	4.14318539116472e-10
YBR085W	-0.724104302855412	2.10641814151486	14.8503623925169	0.000328356531886803	0.00056390255744058
YBR086C	-0.439857292885512	8.18684883800792	37.763830515152	1.22250308339015e-07	3.41874082300378e-07
YBR087W	-0.453484534113472	6.17123425401967	50.2861228891263	3.94568710937764e-09	1.38350427085288e-08
YBR088C	-1.22181599161556	3.77077683929021	11.3440453552094	0.00144903268461611	0.00226799238909672
YBR089C-A	-0.042728438582789	5.63774628568823	0.16636674851476	0.685071987069038	0.715266379227629
YBR090C	1.02785581158646	2.30231465317131	54.8926406762343	1.25492692244542e-09	4.7482878209122e-09
YBR091C	-0.561753793269458	4.75829869069378	49.2995034074407	5.08850703252106e-09	1.75021643016883e-08
YBR092C	0.0764403308161744	3.84314837261306	1.39175305005938	0.243595341545843	0.27897073727071
YBR093C	0.111501475180132	2.50471294301846	1.51546753802593	0.223971005846302	0.258392170474188
YBR094W	-0.437091894157786	6.52982765735612	224.859839200949	2.59459261980394e-20	6.36930639893806e-19
YBR095C	0.0799636823315483	6.0117994731122	4.282673385002	0.0435976405442912	0.055972677274071
YBR096W	0.0868864458064706	7.05356030764526	2.64345007185933	0.110154321144225	0.133909645991622
YBR097W	0.180842468236638	5.23989037950651	9.99873112568101	0.00264005365853788	0.00401114216949803
YBR098W	-0.600249424536742	4.91686443042314	88.9939152368943	9.24787588349123e-13	5.72165329051774e-12
YBR101C	-0.0566802599028344	7.64248488995355	0.247365182159592	0.621078383306924	0.654513622567518
YBR102C	0.0278573565634891	6.42138334264858	0.590945197770266	0.445606425333584	0.485391289574318
YBR103W	-0.066310542350418	6.2849581232761	1.5068646953519	0.225265502898134	0.259639602734539
YBR104W	0.0443598321007634	6.71223661352711	0.190107131952345	0.664671307989442	0.695988180620802
YBR105C	1.34060035970533	6.71292800935166	310.359525152863	2.62102059661105e-23	1.19975739790737e-21
YBR106W	-0.0317861141730652	8.62727859055478	0.371381746245604	0.544963037064636	0.5821712235138
YBR107C	0.780152377135254	5.44470643275207	67.8589334611519	6.28142361195898e-11	2.89049939150463e-10
YBR108W	0.611736026081976	6.75217974396242	86.7780051963151	1.39361182903808e-12	8.40863113496909e-12
YBR109C	-0.0583425522205594	7.87053607389768	2.12574209130723	0.15098596573218	0.179672118721171
YBR109W-A	-0.479140240885326	2.12724664736784	7.22513610358634	0.00969449289795022	0.013646259598317
YBR110W	0.156652495967844	7.02279853890188	9.71332907101208	0.00300554059612837	0.00453587782578817
YBR111C	0.0792274660148094	7.0533398101268	1.10533124265965	0.298065339272176	0.335419923380592
YBR111W-A	0.198376444576225	5.27683407558156	7.11271094376195	0.010236531230755	0.0143627568870331
YBR112C	-1.09295245691042	7.38541353272168	182.415803137024	1.8620961739935e-18	3.22057997365694e-17
YBR113W	-1.18533487533269	3.90183581964805	136.422967024136	5.15967129973227e-16	5.72683816177902e-15
YBR114W	0.616206178765023	5.32490002700789	142.685681909036	2.21600534533257e-16	2.60948559814018e-15
YBR115C	-0.784018742937353	9.42503070886377	122.078647158852	3.9649030007244e-15	3.70777064061477e-14
YBR117C	2.0328077595682	5.10494720796323	357.51741273413	1.14789351959354e-24	7.20451107967572e-23
YBR118W	-0.2393351575579	10.6349584074645	9.36597305099961	0.0035235640213935	0.00527451629265887
YBR119W	-0.142052140138569	5.67724743108661	9.5981911354454	0.00316778022923076	0.00477008311539868
YBR120C	-0.365074691541867	5.58655729665099	17.5432633625224	0.000111591483824461	0.000203464795903959
YBR121C	-0.155269830105113	9.26677610993242	13.0264522653858	0.000700734274008532	0.00114895509296093
YBR122C	-0.337864813785924	7.3084716754604	13.6455825969658	0.000539689093487579	0.000900912311804875
YBR123C	-0.29278720431521	5.90199313748204	17.8771397810655	9.79827995994868e-05	0.000180108479457028
YBR125C	0.309205986113151	6.74258956699724	26.7703957372865	3.91138964727418e-06	8.66225542837586e-06
YBR126C	0.832188764577678	8.30399746416367	37.439519211259	1.3450632923499e-07	3.73514095998543e-07
YBR126W-A	0.270883386874857	3.78858440191189	8.51230448841949	0.00524142728686999	0.00767431681636953
YBR126W-B	0.349025258941892	1.31377651565293	4.75067551474252	0.0339801603171422	0.0442221496388973
YBR127C	-0.0597280569660178	9.19951614739657	1.4622957207906	0.232152611685174	0.266971118235614
YBR128C	0.41243575800096	4.0183006918776	29.3680617019394	1.64891563676157e-06	3.85803166664274e-06
YBR129C	-0.223592946860256	5.8610789548183	22.16256910062	1.96455493726104e-05	3.94335986087874e-05
YBR130C	-0.211097212423054	6.72470791593856	15.1206327734899	0.000293315950727613	0.000506583690221194
YBR131W	-0.0537465312910235	5.13391102737372	1.18994637623838	0.280478035029737	0.317034956788162
YBR132C	2.31246988089745	7.36429762815903	203.893630917668	1.96138257881727e-19	4.06152963940121e-18
YBR133C	-0.232574204696836	7.14411589598709	18.6854511861552	7.17404120580346e-05	0.000133727994062864
YBR135W	-0.166104499003404	6.31869223924139	5.96632013374746	0.0180930828935543	0.0245160669165276
YBR136W	0.255650406466835	4.93114501253014	19.9147462233022	4.50136000213717e-05	8.5987699068124e-05
YBR137W	0.384878599256548	5.85224519256632	36.1487556962669	1.97474309813745e-07	5.34321599176036e-07
YBR138C	-0.419833469110671	5.97911252548161	19.4473685216843	5.36797825940476e-05	0.000101365544799182
YBR139W	0.581327415438048	7.0281615510594	17.5754174754407	0.000110194501530464	0.00020103809568998
YBR140C	-0.00445284718435035	6.35682310396347	0.00402696030454237	0.94965011021523	0.955299053369187
YBR141C	-0.135369292870014	4.37959950427515	3.17083616502175	0.0809333948854333	0.100535096523672
YBR142W	-0.673572636092767	6.82201171720298	52.0896521102921	2.49636947418193e-09	9.0141739969274e-09
YBR143C	-0.244080672578404	8.96070206838817	24.3067151987576	9.14546143399808e-06	1.92655948824153e-05
YBR145W	1.33277936722638	6.45813634510452	108.602216483435	3.17742801148469e-14	2.48320689780729e-13
YBR146W	-0.441162655112799	7.73827440538063	16.370564310747	0.000177227188617082	0.000314016043160883
YBR147W	0.445947120786145	6.9985063707692	23.3395951728072	1.28724516456169e-05	2.64486957875517e-05
YBR148W	0.279118361345109	4.29256160140746	4.54756106348256	0.0378127741028022	0.0488756196895668
YBR149W	1.05110919931912	8.29886743625524	165.130717642939	1.33469592213099e-17	1.94859203211834e-16
YBR150C	0.399115748904657	5.73517536141673	22.8223719935153	1.54863997368435e-05	3.15110967907431e-05
YBR151W	0.0767146999031575	7.51976465426343	1.31447382152281	0.256947842036636	0.292392235947484
YBR152W	-0.0174201956765316	4.64629658849863	0.078235693563133	0.780836428404806	0.803866255423824
YBR153W	0.291635937874273	5.46471710475233	20.4385513903592	3.70071444168038e-05	7.14782662466693e-05
YBR154C	-0.486658332229253	7.31588144777289	58.920483782914	4.73791843851626e-10	1.92040262674348e-09
YBR155W	-0.530710204008342	6.38838536892635	40.0956807607674	6.2163442637661e-08	1.80644887244907e-07
YBR156C	-0.259289623269018	5.82651662405253	2.5642505540592	0.115493679251624	0.139841988719946
YBR157C	-0.276447040001833	5.05486066303039	1.20065476911836	0.278349060623335	0.31492084762588
YBR158W	-2.67668479543382	8.06489765047067	29.8915126334707	1.38965959975009e-06	3.28298317550584e-06
YBR159W	0.0992726123181465	7.60035632120257	7.78998022844902	0.00737854189266917	0.0105645726816957
YBR160W	-0.00509342856779128	6.98531456747313	0.0109230160587053	0.917172845927128	0.926620191786789
YBR161W	1.01571013594986	5.78095899190532	47.8273500168274	7.46764272541856e-09	2.50899607684041e-08
YBR162C	-0.802956104894974	9.47378838509224	16.5402674562693	0.00016565297683522	0.000294279347234555
YBR162W-A	-0.381181100409418	6.84109291642281	20.8818153626063	3.13941271815603e-05	6.13177562660696e-05
YBR163W	-0.264660661272725	5.80941784257112	27.3535892711773	3.21281716519247e-06	7.22557476974206e-06
YBR164C	-0.323013849116839	6.91910188421514	42.7567827821382	2.93657284322116e-08	8.92108556363793e-08
YBR165W	0.344487274618624	6.03174580193824	84.263784122236	2.23918602126014e-12	1.31204663112914e-11
YBR166C	-0.0188599557364909	6.82965753727278	0.481130704479493	0.491064266387877	0.529132611286618
YBR167C	0.87189259902481	5.07554392107669	41.5555028421691	4.10903993789045e-08	1.22267033929018e-07
YBR168W	0.921506550704124	5.70767701868813	89.897535976265	7.8343499148676e-13	4.89687087081252e-12
YBR169C	2.19405404661579	6.57482317525689	97.3795700495558	2.06975506231357e-13	1.420594004438e-12
YBR170C	0.345559448120698	7.25449564367381	32.238570964167	6.56291215336555e-07	1.6215506976335e-06
YBR171W	0.00411094987836394	7.11798312939271	0.00575302395454412	0.939836839330801	0.946768741993083
YBR172C	-0.798917168866096	7.3802982192533	93.2932301369426	4.24383217846019e-13	2.78110336947962e-12
YBR173C	-0.173095900719334	7.98768852382126	8.62500487294069	0.00496909166141841	0.00729135455163059
YBR175W	-0.0896221534718363	5.02949721120007	2.21120032124619	0.14318167791531	0.170839326772245
YBR176W	0.0541785612868118	5.88036865299792	0.791110373400235	0.377949417589725	0.41721777956233
YBR177C	-0.228732505894385	8.22802908465357	15.7490154327662	0.000227361485475294	0.000397181269318103
YBR179C	-0.223357282549737	7.21061098082783	16.7196991055575	0.000154270297386405	0.000275263062862964
YBR180W	-0.546463081336168	3.34096523143549	21.7439456857687	2.28862463755641e-05	4.55331594556974e-05
YBR181C	-0.543813681863253	9.26347627716165	33.334527824106	4.65920188058275e-07	1.18286993532059e-06
YBR182C	0.320433517776931	4.20519346391452	6.85767251356495	0.0115992599156164	0.016170436081125
YBR183W	0.885155355257616	5.13354765319291	68.2681527602507	5.74834503282976e-11	2.66737229877039e-10
YBR184W	-0.304124778516197	3.83448303603353	1.29316890096712	0.260791338816022	0.29643347100671
YBR185C	-0.618023631892552	6.64824144166346	50.5486680472922	3.68940712016896e-09	1.29983278631879e-08
YBR186W	-0.403204198733602	3.82807533633164	11.9112781366822	0.00113103774120782	0.00180019810940476
YBR187W	-0.459585061215863	6.72137784765643	19.7292029574671	4.82625102244448e-05	9.17620744055029e-05
YBR188C	-0.171439823430315	5.06181407643074	13.4599280825847	0.000583472688232195	0.00096752195292763
YBR189W	-0.724507693190011	10.1255638313496	29.7861198564909	1.43805477820883e-06	3.39467913522116e-06
YBR191W	-0.802107430339665	9.6206614954233	44.2403376198686	1.95182658144342e-08	6.12827242280945e-08
YBR191W-A	-0.322046313652883	1.49612613242855	2.81779255468103	0.0969227247156682	0.119084873475073
YBR192W	-0.861328807553218	6.32887540524529	115.289097706166	1.10746717978749e-14	9.37727425667068e-14
YBR193C	0.232545789550629	5.43084006466538	26.877169383535	3.77270911410069e-06	8.37645991489606e-06
YBR194W	0.152847306482964	4.82913520728705	4.75257461815007	0.0339047845384257	0.0441334890463836
YBR195C	-0.227102767330612	5.59741862494666	11.2378439368253	0.00151813159926543	0.00237166671191376
YBR196C	-0.426903769662378	9.92021232300394	19.6613462568176	4.95122346549149e-05	9.39914201992897e-05
YBR196C-B	-0.0292210285741805	1.36908430558802	0.0456932089681707	0.831592065204194	0.851451815163662
YBR197C	-0.359176750405969	5.45806743938782	76.7234682961482	9.8180151460822e-12	5.1661258607907e-11
YBR198C	-0.384407658108817	7.20696706034039	68.9075943900942	5.0055383023445e-11	2.36413632154176e-10
YBR199W	0.206021137059774	7.90610137710205	40.5044738831556	5.5316783084349e-08	1.61582020155418e-07
YBR200W	0.38712015722517	7.36624666485123	20.9944975880733	3.01143077181425e-05	5.89125659987313e-05
YBR201C-A	0.515243074589407	3.41470901563902	13.9875010933246	0.000468050225411683	0.000787792560153835
YBR201W	0.190982375777011	4.95584162816027	8.63955739681148	0.00493543826128361	0.00724721373243961
YBR202W	-1.01720429072397	7.25666480566653	16.4103310016328	0.00017444133461551	0.000309260001496571
YBR203W	1.58133001558318	6.39758233470121	352.907748719554	1.5295935640559e-24	9.129574135267e-23
YBR204C	0.485610347080598	5.79512993661367	29.032372585433	1.83973157430745e-06	4.2667755521462e-06
YBR205W	-0.136325791397911	6.80675610118967	7.12013854540332	0.0101993777600676	0.0143139261879418
YBR206W	-0.294502898378531	2.90071361092512	6.62349578675583	0.0130238939173154	0.0180654969625464
YBR207W	0.0593776682475174	7.75554594182759	0.434371692438394	0.51282252567396	0.54985268339258
YBR208C	0.131267593386377	6.44637848218677	1.49563936110742	0.226976153909032	0.261512268167711
YBR209W	0.747127096007772	3.12906145179182	52.258273047986	2.4356189610223e-09	8.81048617629456e-09
YBR210W	0.0756481416097437	5.71862454788258	2.51838148514389	0.118719987549503	0.143377759214715
YBR211C	0.0631485987514714	5.10427477417355	1.97260619037071	0.166245319689657	0.196293226865041
YBR212W	0.267798096907513	8.44619728543841	18.3234894322563	8.24444861882742e-05	0.000152606273005234
YBR213W	0.746814384446254	6.52829186683256	26.7302337858554	3.96498502700017e-06	8.761825351861e-06
YBR214W	1.60022198162001	6.9963743749791	137.967803229807	4.16751963617125e-16	4.68980767929955e-15
YBR215W	-0.324400165536575	6.51042417545924	40.3932310790018	5.70985457849308e-08	1.66482733112384e-07
YBR216C	0.173359163088587	6.32061032411764	16.0418767674485	0.000202112048321056	0.000355110577252118
YBR217W	0.214842310060372	4.67621672341574	17.1350406286178	0.000130955794647595	0.000236056235727583
YBR218C	0.00214787979338702	8.71355223492502	0.000783494365485888	0.977778821435365	0.980516795404135
YBR220C	0.0815560090832891	6.21643431113958	1.75424933059695	0.191260237137221	0.223277530909185
YBR221C	0.133271125458727	9.21489660520356	9.15428226866516	0.00388467803407339	0.00578379062642182
YBR222C	-0.346495362097562	7.80520728283651	10.8582485791493	0.00179562390720409	0.00278091028925425
YBR223C	0.904582442642249	4.68784493945721	119.455504763525	5.87336849080308e-15	5.25067068605127e-14
YBR224W	0.687922803036204	0.476093746518616	15.2186606636266	0.000285673671526343	0.000494647699730483
YBR225W	1.13318300416762	6.03964911099449	212.018729270476	8.77912297731169e-20	1.93649640166209e-18
YBR226C	1.07546787960101	1.87055711343919	64.7187575731164	1.27694718159854e-10	5.60494191894153e-10
YBR227C	-0.320054223963839	6.63835251219222	61.320557983888	2.70975143031639e-10	1.14086906692712e-09
YBR228W	0.545882077265804	5.06274691052	136.081629937783	5.39402078128903e-16	5.95985454019739e-15
YBR229C	-0.0522112205633203	6.83020557329381	1.03944313557219	0.312772946629687	0.350545231789679
YBR230C	1.77862626617466	8.9957447938652	112.901580024537	1.6054246257641e-14	1.32616351718478e-13
YBR230W-A	-0.531159172123003	3.68769596251328	20.479373267252	3.64601264807267e-05	7.0511197590427e-05
YBR231C	-0.403778710728907	5.68030161619483	35.7632302217469	2.21725958923347e-07	5.94917425264581e-07
YBR232C	-0.504145813204366	1.82190068307341	8.26105611240642	0.00591832133625791	0.00859102057585554
YBR233W	-0.285059728954646	5.66889341702714	7.1101043584745	0.0102494616398277	0.0143775858210302
YBR233W-A	-0.916744266827488	5.32144084148584	62.5981856492504	2.02309455451144e-10	8.66146248091817e-10
YBR234C	-0.0452517267542922	8.22182379170297	0.520928974752266	0.473748600905477	0.512925748232713
YBR235W	0.346524598265381	6.2703394231575	47.9286631081669	7.27115728622951e-09	2.44432940687826e-08
YBR236C	-0.0921216997485415	6.74096773018029	4.61426750400785	0.0364895128364843	0.0472655647124503
YBR237W	0.34978187299664	6.48832102543574	42.3282097419431	3.30853491269054e-08	9.97640443212481e-08
YBR238C	-0.788651122452162	5.91175719839938	46.2314520679446	1.14001376554594e-08	3.73541647182115e-08
YBR239C	-0.351813931931251	5.24703955866621	22.2034088764515	1.93580499706568e-05	3.88821538176702e-05
YBR240C	-0.494303613770332	3.61901300959193	23.3034003465791	1.30485222831401e-05	2.67923789746229e-05
YBR241C	1.69345938016732	6.55931640069764	753.796491001075	3.54686222098185e-32	1.54237837152411e-29
YBR242W	-0.102996260423259	6.63515216960472	2.73629491105728	0.104247130705313	0.127338790476313
YBR243C	-0.791733927750237	6.40808318389265	67.9980982238771	6.09298619933238e-11	2.81442336733957e-10
YBR244W	0.261185680039254	5.10641530727657	6.53502231908493	0.0136045928693272	0.018823809406469
YBR245C	-0.374352353000177	6.86072808250347	43.322059673001	2.51132768833672e-08	7.7490942557496e-08
YBR246W	0.114798892178043	6.11005603241531	4.81581129138197	0.0327890500175896	0.042790940301626
YBR247C	-0.510717553859055	6.68608489810413	22.1475701830776	1.97525865965984e-05	3.96092711462751e-05
YBR248C	0.0374031936276503	8.80867009777814	0.368437128915979	0.546555804731598	0.583657558183821
YBR249C	0.156869235437417	9.76759225141339	2.98731343765257	0.0899823054040629	0.111050532191351
YBR250W	0.205758398221482	3.15056718051594	6.96874572467799	0.0109847976268027	0.0153524903471017
YBR251W	-0.713858370773841	6.02465720426145	52.2944173282308	2.37128910134413e-09	8.5931000291566e-09
YBR252W	-0.80280994824793	5.7013896866141	121.336818464058	4.42781175415683e-15	4.07814190004641e-14
YBR253W	0.179653884630991	5.13615569805987	17.718614448783	0.000104216956029426	0.00019093374309574
YBR254C	-0.377547058316133	4.92593372242094	24.3077599548377	9.1432635412313e-06	1.92655948824153e-05
YBR255C-A	0.0548286660356233	5.68596780737321	0.631706565903727	0.430420998386594	0.470196131020561
YBR255W	0.415079574084224	5.92407607232631	61.4825203344467	2.61066953019289e-10	1.1037330624871e-09
YBR256C	0.46608158730003	8.33319136092419	67.2642408748432	7.14830511469225e-11	3.25740131274299e-10
YBR257W	0.281085378003714	5.44456230507486	7.90119827484268	0.00699656366872398	0.010050750263141
YBR258C	0.709627556589575	4.77458117202387	65.6714845024752	1.01509386720724e-10	4.51416469215315e-10
YBR259W	0.581739960880377	5.76999888577369	174.071635295873	4.72837115163863e-18	7.59620568522145e-17
YBR260C	-0.152586267667471	6.37756429027988	16.0839480667174	0.000198732871714227	0.000349416427973104
YBR261C	-0.514654503532882	6.18329452449777	116.758813154406	8.83539903907905e-15	7.67331089157107e-14
YBR262C	-0.322128261635953	6.27841606378305	18.4784168944298	7.76745100876416e-05	0.000144347502262992
YBR263W	0.281402159025521	8.17314565450435	40.8830748902845	4.96746972290628e-08	1.4616701630282e-07
YBR264C	0.530379847956815	4.98327437337909	116.250026219736	9.55793575046295e-15	8.2303695684326e-14
YBR265W	-0.104329182497806	6.38471862965237	2.49615362993344	0.120320168424897	0.145166307049302
YBR267W	-0.258444965424422	5.81986519555819	2.951583830368	0.091872345648389	0.113268294918467
YBR268W	-0.559344920432237	5.69423984961937	44.1881066394972	1.98006144985007e-08	6.20093318245228e-08
YBR269C	0.607878866727782	6.43536821416524	85.5825542312802	1.74462640878854e-12	1.03824883447748e-11
YBR270C	0.315549777344839	4.5193030612365	10.6472132561238	0.00197258677630428	0.00304182074319667
YBR271W	-0.708695838398127	5.32754951917015	80.3474963642743	4.77410446668588e-12	2.64465404851534e-11
YBR272C	0.134959092969287	6.0593962335258	8.83438046912074	0.00450619554669968	0.00664898654588164
YBR273C	0.20745024164848	6.5736151052268	12.5313725271791	0.000865469991771733	0.00140020762952599
YBR274W	0.116711712385294	6.13418525525805	8.3999903911631	0.0055229561934438	0.00805745442264219
YBR275C	-0.825678000729276	6.64850831818319	37.6071857256678	1.28018477874918e-07	3.56857368728252e-07
YBR276C	0.132672289249014	7.10415314692445	3.24421826345754	0.0776015130863986	0.0966328516404161
YBR278W	0.0762040587976342	4.17840281685581	0.680251252456121	0.413349606681253	0.452765816026533
YBR279W	0.0563886660326172	7.67829172546112	1.21929228127956	0.274692742113678	0.311188949383712
YBR280C	1.54260854200493	6.37909070352219	437.056848468854	1.22350456256559e-26	1.20140254466118e-24
YBR281C	0.0614664562674486	7.11549373062244	0.575288634523815	0.451663098332277	0.490759404363181
YBR282W	-0.626122560502754	5.8440314053772	53.8233228086584	1.62026737055115e-09	6.04053138512884e-09
YBR283C	0.0926557146270631	8.54720438616245	5.70307897812612	0.0206841157000653	0.0277245478604134
YBR284W	0.875773817604039	4.85286693862133	133.814782527982	7.37761533059588e-16	7.93549861001196e-15
YBR285W	2.26661045614945	4.71242828394272	323.617928548475	1.14374932377671e-23	5.80262156929386e-22
YBR286W	0.39047615432184	9.64277679119022	99.1715607236982	1.51981789424224e-13	1.06720315341947e-12
YBR287W	1.46240101537897	7.31861323194123	102.800824984202	8.22656106865892e-14	6.01962785889369e-13
YBR288C	-0.513722069308625	5.91904390199182	129.872040481716	1.28091643170869e-15	1.33302892927222e-14
YBR289W	-0.374762941543835	6.39062385436339	34.7269511707279	3.03546507519705e-07	7.97579256702617e-07
YBR290W	0.516395403748037	6.93319902263644	70.1789336220178	3.81252718590478e-11	1.82905165546007e-10
YBR291C	-1.42005724751632	7.71036650928424	117.543252454928	7.83810553441938e-15	6.85609001344041e-14
YBR292C	0.454158501506311	2.56960716467183	21.0516914746217	2.95212948788671e-05	5.78453953081889e-05
YBR293W	1.53930799390286	6.13673972279733	585.540691818927	1.39897117536385e-29	2.66423533140637e-27
YBR294W	1.88278476633924	9.82107954557211	86.2453529664815	1.53973736471233e-12	9.23539022302329e-12
YBR295W	0.513038955785012	6.4596640817637	33.5366606716675	4.37662538238102e-07	1.11578288642947e-06
YBR296C	4.7600229363083	8.85369136297877	215.481870843392	6.28724912712928e-20	1.40207958556641e-18
YBR296C-A	2.47760287760823	2.81809582370223	97.9681788856962	2.08428062185483e-13	1.42895275065903e-12
YBR297W	0.738153285815278	7.2993349988681	56.9258175051215	7.61109273643316e-10	2.99523804650324e-09
YBR298C	2.27766474754339	7.33330124195847	200.947632751177	2.63677361400203e-19	5.29791345281992e-18
YBR298C-A	0.417649241217974	0.585681689469896	4.74998075824994	0.0337512132192211	0.0439523820489022
YBR299W	3.0874848624315	5.57075679275155	233.416370397361	1.19220392333281e-20	3.19741739438332e-19
YBR302C	0.642724738022641	1.68713719014259	29.6776104380881	1.50991827955907e-06	3.55192522641253e-06
YCL001W	-0.0396232919190341	6.79851728096425	0.280176163707375	0.598887003601376	0.63354023943096
YCL001W-A	0.378140823434835	1.61643447945746	9.01273678441321	0.0041571485280812	0.00615783947419911
YCL001W-B	0.702326598364663	2.19637206819575	52.7054820397673	2.16621143178115e-09	7.8733702666768e-09
YCL002C	0.402778819291255	5.3842680813481	39.4770353464938	7.42556699008642e-08	2.13239867149274e-07
YCL004W	0.504187742178975	5.33278166006611	149.474707456576	9.16490706987413e-17	1.16727937743501e-15
YCL005W	0.51903884531246	5.85251219006187	89.9299623878651	7.78580460363405e-13	4.87152912918028e-12
YCL005W-A	-0.0251288236455423	3.25712197917517	0.0637128476946978	0.801738216860134	0.823655461397991
YCL008C	0.317307213966956	5.73036237189056	46.7316619457544	9.97559426965644e-09	3.2916757676785e-08
YCL009C	0.240658526280204	9.04883830454472	24.3630276491363	8.96657771575957e-06	1.8921499179738e-05
YCL010C	0.218046923207402	5.51354205041826	17.636888923623	0.000107585829009966	0.000196691449553356
YCL011C	-0.0951790665332395	8.18795137442297	5.66139904303541	0.0211294994307227	0.028296610764241
YCL012C	0.239493856720529	4.52615547013325	8.79954776358527	0.00458015991008445	0.00675648498487864
YCL014W	-0.698455541246002	6.5523914777304	34.3953624022034	3.35928282099098e-07	8.75484324237717e-07
YCL016C	0.0155672517164173	5.50118807274019	0.0975480272335636	0.756068258422807	0.781617177326888
YCL017C	0.0125899061228135	7.53703481444783	0.108825503789316	0.742839216213594	0.769116521821149
YCL018W	-0.899712427170985	9.46863559554441	57.6183613340702	6.44955025676119e-10	2.55630611739337e-09
YCL019W	0.860377710727628	5.50867824455988	41.7554218533222	3.88420960527816e-08	1.1631612433317e-07
YCL021W-A	0.0599532606478792	3.14658024176715	0.501771883679773	0.481955481290086	0.520405557726989
YCL024W	-1.43300963990602	5.46849322716604	11.8801267979916	0.00114631029630417	0.00182307656319222
YCL025C	2.28048703976007	6.1183924491151	170.331699017453	7.2646852589579e-18	1.12537923299073e-16
YCL026C-A	1.00356236970448	2.97215938198668	19.6081290703118	5.06179614320457e-05	9.60006695321789e-05
YCL026C-B	0.764170393198167	6.22991719617349	23.2831542444962	1.31338425866679e-05	2.69403078394994e-05
YCL027W	4.1349720873633	6.51699975037584	219.472281425015	4.30538289650848e-20	9.96622474294434e-19
YCL028W	-0.0588783746755649	7.7933970453392	1.50894595362482	0.224950070230701	0.259374247644793
YCL029C	-0.293999081072076	6.18195963606691	53.9734074167409	1.56120803165181e-09	5.83822757782324e-09
YCL030C	-0.355206618113241	10.4672797719416	21.1783008611967	2.81421496937857e-05	5.52319172584678e-05
YCL031C	-0.121276754191003	7.00312174702421	4.43681100051737	0.0401227896531061	0.0517406361804936
YCL032W	0.26739824721473	6.05488484892369	30.712495702076	1.06611248546069e-06	2.55934259127944e-06
YCL033C	0.515969772654308	5.35692935576104	49.5787036964436	4.73375795593214e-09	1.63838080930727e-08
YCL034W	0.30936008975741	7.132377049056	30.8416722004264	1.0228282524852e-06	2.46028384082571e-06
YCL035C	0.181503578889087	7.79180034426407	6.89311024088163	0.0113986097618624	0.0159058323449385
YCL036W	-1.56358046716689	4.61326166614839	43.4886300255732	2.39986460801942e-08	7.43152377091669e-08
YCL037C	-0.52643366093126	1.91666945393195	9.30164597526725	0.00363359940335155	0.00543355771366117
YCL038C	0.402684404912979	5.93197430506507	51.0064455241146	3.28376725067807e-09	1.16501019942472e-08
YCL039W	0.359487274268063	6.56800302457969	68.8122874984434	5.10939533475629e-11	2.40386389474469e-10
YCL040W	1.47032769628667	9.03055625613065	33.2334318546695	4.8078370161388e-07	1.21908003974398e-06
YCL041C	0.990359662523806	1.0574995850783	30.6861651867996	1.12547822551411e-06	2.6923031186365e-06
YCL042W	0.582864428847603	0.691059080254493	7.0257766207364	0.0107324199680036	0.0150204535092428
YCL043C	0.0316556470010133	9.81327205811784	0.255021648440901	0.615740913468969	0.64978864295356
YCL044C	0.193867738601858	6.45489892555032	12.1486315417184	0.00102041971607196	0.00163353016866844
YCL045C	-0.140813708980352	8.11385928241206	14.9525663340992	0.00031415071075584	0.000540573636823503
YCL047C	0.329582334205703	6.26008283477718	25.4686407498458	6.10395837332257e-06	1.3140346031396e-05
YCL048W	1.68745551817101	2.75710660217068	222.676348804984	3.38895042026657e-20	8.21989249345931e-19
YCL048W-A	1.13550933639232	1.91146212026313	78.7540524798452	7.31737770420352e-12	3.92841229834136e-11
YCL049C	-0.446351468282524	6.46040183014106	22.9432722136069	1.48292206204712e-05	3.02345261679265e-05
YCL050C	-0.393755104102647	7.89813758739067	18.3138640052108	8.27509106620328e-05	0.000153126913103482
YCL051W	-0.363633974038396	6.22986125872554	48.9305990209847	5.59730074222918e-09	1.92087750387211e-08
YCL052C	0.168494569697232	6.9634676754112	11.6402688630458	0.00127252213057244	0.00200858561859607
YCL054W	-1.22440036252276	7.50905264106988	155.608606252594	4.23214371600103e-17	5.70028560686157e-16
YCL055W	2.9074272832857	7.6437073953499	285.512624691385	1.61628119824977e-22	6.30764098393883e-21
YCL056C	1.04661362250492	5.54342515040922	151.528900078343	7.05774455539629e-17	9.22050404576236e-16
YCL057C-A	-0.389616080577169	7.325558882582	18.4396771546143	7.88378819852072e-05	0.000146241628740384
YCL057W	-0.169826696425082	8.38208092178304	13.6239594374002	0.000544604480913381	0.000908619369635699
YCL058C	-0.206134423409071	2.39624782583136	1.94848253795934	0.168892652823566	0.198997187998813
YCL059C	-0.419106547685921	6.5560260792012	12.9481584905265	0.000724426912012697	0.00118461215158026
YCL061C	-1.07833894077308	6.07957138129639	25.4813114446307	6.07744129474242e-06	1.30878891412776e-05
YCL063W	-1.59376544252296	6.47987644240729	165.228475546329	1.31960662188825e-17	1.93119353703261e-16
YCL064C	-0.485152766723199	3.17787661137661	15.0704649072393	0.000299483270523785	0.000516502592336772
YCL074W	3.45705555312063	2.57102157392027	185.054286785117	1.12422143480312e-21	3.74003283884229e-20
YCR001W	0.328241288296528	2.18054002962725	12.5614726861267	0.000855336908667754	0.00138491784573651
YCR002C	-0.0318501928337	7.60098037723468	0.31950839375483	0.574386586028141	0.61069953470823
YCR003W	-0.6182575759268	6.26718959632881	33.7088333166641	4.14926185467566e-07	1.06360868089539e-06
YCR004C	0.631960591241512	8.03441896362227	172.529974920102	5.63732473323378e-18	8.868225575175e-17
YCR005C	0.703091704519365	11.6950836094316	31.974269202819	7.13329675919446e-07	1.75393823384394e-06
YCR006C	1.35116442569205	3.36561150707236	134.836484856691	6.61976956087543e-16	7.20950931781925e-15
YCR007C	2.37227743351388	5.05130606288457	1421.58864477762	7.39571626607163e-39	4.50251206278441e-35
YCR008W	0.0528169405144986	7.29311332283055	0.732617680059893	0.396047784537913	0.435145084328968
YCR009C	0.845984164735837	7.8468877372642	82.0304755191423	3.43804582173113e-12	1.97088728462327e-11
YCR010C	1.56290209749683	10.4939727962056	80.4734210959356	4.67004634797141e-12	2.5940914385447e-11
YCR011C	0.184248653294198	7.2894906110499	15.5242383339715	0.000248966276036203	0.00043355454476785
YCR012W	-0.267766300571472	10.7027888712843	5.1829525232938	0.0270463679681139	0.0357486513655835
YCR013C	0.537634038306839	0.8466706200641	5.53188898489062	0.0222047949179075	0.029664865363226
YCR014C	0.171540852008171	5.57557510903865	2.59070823503891	0.113678283399697	0.137835767643369
YCR015C	0.13999312406478	4.81296316338019	6.63719364057486	0.0129323893849554	0.0179549342247681
YCR016W	-1.01238879635754	5.8426359123573	202.367270281676	2.28450765618688e-19	4.68285609793458e-18
YCR017C	0.375304741368233	8.0466652910182	60.751482295149	3.09013915413767e-10	1.29208565730701e-09
YCR018C	0.971524105924866	5.46500089354793	107.534790401798	3.77668164973275e-14	2.91412393961635e-13
YCR018C-A	0.257899444032501	2.69351461537895	6.50523409844892	0.0138095428760011	0.0190943668019748
YCR019W	-0.114949685264474	5.47021622378245	7.97352620001916	0.00675935053089924	0.00971916061221412
YCR020C	0.105863296147478	4.24454508598112	1.31398891963307	0.257035472768113	0.292437293629652
YCR020C-A	0.344401093581774	5.7712764956978	35.6250313342682	2.31166091492002e-07	6.19154934009375e-07
YCR020W-B	0.341173139078462	5.26066610213022	25.0345269344674	7.09417378221486e-06	1.51594699845995e-05
YCR021C	1.37786489441501	5.3569891161514	16.524187991931	0.000166727371881468	0.000296101586935349
YCR022C	-0.0136460115650351	1.35661070703288	0.00656240896918319	0.935755932682383	0.943348587211517
YCR023C	-0.0256364419148971	6.4219258806216	0.124178163976208	0.726001452423993	0.753091981999876
YCR024C	-0.531801245869644	6.69961518404827	22.6507890677442	1.64705739235742e-05	3.34020166711258e-05
YCR024C-A	-1.26543279898986	8.59972980141181	38.0154295182794	1.13545548604138e-07	3.18996446655281e-07
YCR024C-B	-1.31664611759473	8.6073954886115	41.701849975065	3.94257689012408e-08	1.17832145837385e-07
YCR025C	0.318804952439572	2.10108205533426	3.96388241011781	0.0518756297755725	0.0661400699630755
YCR026C	-0.187248322433873	6.8080885780518	26.3980225858176	4.43870155308367e-06	9.75552890078462e-06
YCR027C	0.464464440573658	5.64769684634911	54.5327184805159	1.36052411419703e-09	5.11604126450372e-09
YCR028C	1.02110454145238	6.76825047535926	86.8614812116242	1.3720585297848e-12	8.28679794576376e-12
YCR028C-A	-0.228707827507111	7.6459775010363	39.7666869170868	6.83109456743193e-08	1.96911475977867e-07
YCR030C	0.18404005005227	7.27937684354917	13.7946558289426	0.000507039420785407	0.000848970295308459
YCR031C	-0.338941721742773	9.56155050041219	12.6943494601606	0.000807168147184502	0.00131006123168735
YCR032W	-0.0535132300369422	5.57380269246955	1.30660502666405	0.258358710882228	0.293832959434149
YCR033W	-0.258502051986305	6.93758892609567	24.2088811275438	9.46514942150508e-06	1.98634366349958e-05
YCR034W	-0.984322216611549	7.59730396047986	72.9331666495063	2.13478065166164e-11	1.06791656592572e-10
YCR035C	-0.269569859175	6.36172880756031	30.1499880534844	1.27800932533704e-06	3.03807917713859e-06
YCR036W	0.271920317170044	7.10410420450986	16.7910249166405	0.000149975208638831	0.000268385970074427
YCR037C	-0.0255890427983133	7.06736583310138	0.371148311367171	0.545088987700731	0.582193290723167
YCR038C	0.921273084226747	4.82925653541469	313.931272445871	2.04411270156461e-23	9.79886466702782e-22
YCR041W	0.127417832870009	0.114036501407434	0.238957322445157	0.626451325520781	0.659376844704446
YCR042C	0.00140028522391791	6.94097231032569	0.000246790572964852	0.987527513554591	0.989152270898379
YCR043C	-0.4178769845734	6.16646426024533	41.749607470682	3.8900773651393e-08	1.16434567349892e-07
YCR044C	0.110435485446207	6.11639630995989	6.31954427163438	0.0151471122950177	0.0207739625258094
YCR045C	0.0868109626816193	4.25973946785134	1.14293301976124	0.290078245363632	0.327036362550702
YCR046C	-0.489963248308804	6.48346745369489	28.5955882552107	2.1241941287573e-06	4.88741264394347e-06
YCR047C	-0.472098154488531	5.95733195650644	24.1299603203258	9.731579218777e-06	2.03734024360091e-05
YCR048W	-0.607249743235413	5.12739897612122	126.437918357093	2.09572109407057e-15	2.08817512613774e-14
YCR051W	0.15049705299153	6.93006097405481	3.69763486737422	0.0600935490811707	0.0758551786867442
YCR052W	-0.104434885055039	6.67413806223659	7.55587320980877	0.00825671515630244	0.0117336325563887
YCR053W	0.167812440779881	8.86783963181585	14.6965897789416	0.00034890616421372	0.0005961663563663
YCR054C	0.220248877121254	5.57366155161619	12.2258531090627	0.000986973978021074	0.00158206887261514
YCR057C	-0.544446278623791	7.03556412154912	36.5075034210002	1.77372865712733e-07	4.83317692295517e-07
YCR059C	-0.147690716113669	6.42883074800942	11.0613028187503	0.00164111736658928	0.00255789107214427
YCR060W	0.193186936901002	6.33026184934407	1.95501187171677	0.168111436992897	0.198230181757265
YCR061W	-0.0339098645929965	5.1961008904206	0.096465331615658	0.757381788897726	0.782842161427734
YCR063W	-0.27671940532079	3.08812111785192	6.92051125096699	0.0112473091657481	0.0157085611840042
YCR065W	0.0918753495140964	6.17370047460073	0.209328481767819	0.649241400423654	0.681949904378745
YCR066W	0.0527785467834986	5.18165417857467	1.66128295941509	0.203258136219153	0.236151819332482
YCR067C	-0.0563700818338977	7.68280871546524	3.40957643312562	0.0706375006949511	0.0884130559685162
YCR068W	0.681664158418254	6.51343578614419	211.60763446205	9.13644983579842e-20	2.00081678418492e-18
YCR069W	0.519315609256511	7.28186384581814	61.699114564971	2.48394204382968e-10	1.05381457580732e-09
YCR071C	-0.532797497728883	6.27583322354727	23.8898800994748	1.05909741716015e-05	2.20512485488064e-05
YCR072C	-0.966931580716949	5.78016666585497	69.2283655676991	4.67291206940665e-11	2.22429153076995e-10
YCR073C	-0.166667668321699	5.4505041700255	16.6786710111314	0.000156803301023119	0.000279536895059662
YCR073W-A	0.473144756975363	6.25634526422568	71.9199365452494	2.63846676470862e-11	1.30064661243288e-10
YCR075C	-0.19300985119169	4.73147183285028	4.39632902973511	0.0410057254575071	0.052778616614229
YCR075W-A	-0.275760852276467	4.09933548823165	8.28826699858028	0.00582225514821695	0.00845963946118014
YCR076C	-0.0850406512311348	5.76501023054247	2.80600798502962	0.100046176287885	0.122551533448822
YCR077C	0.195326481635784	7.45035107092919	21.2221525742032	2.76918567537211e-05	5.44183421293267e-05
YCR079W	0.499063100253922	6.07131505642625	142.389074805251	2.30418113163321e-16	2.69911437764635e-15
YCR081W	0.37559460554183	5.82055963911455	56.3316559685761	8.78076246648502e-10	3.41361953358626e-09
YCR082W	0.114450616406858	7.30967021495903	11.1508784883076	0.00157745392952783	0.00246244603152959
YCR083W	0.684427581366381	5.70299977808062	111.866213838109	1.88993852389101e-14	1.54028724678025e-13
YCR084C	-0.957065042453237	8.53983184952452	126.947453971398	1.94583766979258e-15	1.95805946011525e-14
YCR085W	-1.25640104794138	1.42636473024737	27.3962566131195	3.23180886143129e-06	7.26292076352665e-06
YCR086W	-0.447579071357464	5.37512929293211	10.6391834290353	0.00197961012397604	0.00305110542652306
YCR088W	0.0858401943472769	7.81007676401136	3.53400918917438	0.065851884422554	0.0826951881939993
YCR089W	3.54372727013764	8.31655871738502	127.354993895997	1.83496886996496e-15	1.85569609308084e-14
YCR090C	-0.883507675598633	5.86092049833673	63.1057882424834	1.80256720497356e-10	7.77197531436191e-10
YCR091W	1.04484430809235	5.55529838984364	71.3427958556764	2.98016928102705e-11	1.45963560602516e-10
YCR092C	-0.400550556838889	5.86090143179773	58.1451559017557	5.69049494365909e-10	2.2791929748024e-09
YCR093W	-0.110958905717832	7.59086931671126	7.82844084850925	0.0072439862367436	0.0103767972257165
YCR094W	0.201621584749196	6.52345467027921	13.2807779027597	0.000629216043727288	0.00103924776836998
YCR095C	0.261446560700723	5.57251161312462	26.8691085198057	3.78293357107671e-06	8.39609900864565e-06
YCR095W-A	0.35424660901845	2.12766678233579	10.5474612518472	0.00206393893373509	0.00317224444043908
YCR097W	0.291557147238838	6.06033935711293	14.9751903587838	0.000311259610217066	0.000535901727093184
YCR098C	0.728207738052177	3.99891151085495	59.0868773342717	4.5624469939711e-10	1.86042714663738e-09
YCR099C	0.820688271136023	4.17592583153237	97.8960628012119	1.89537899226822e-13	1.30976927411225e-12
YCR100C	0.898050911432638	4.78850037745802	125.643484705868	2.3519077885828e-15	2.31689556907639e-14
YCR101C	1.04504365189223	4.15085036082543	134.199282082129	7.00098106658131e-16	7.57051025459094e-15
YCR102C	1.70415408007014	3.78038498592788	312.890051531366	2.21542180403704e-23	1.03749907253673e-21
YCR102W-A	1.12667044228558	1.91806605406811	37.4621393258981	1.37381286659009e-07	3.80863967750477e-07
YDL001W	-0.19027319965002	6.10957937656674	11.0109928545664	0.00167805136487938	0.0026104968461668
YDL002C	0.0718011548573404	5.98420738398623	2.12833285087076	0.150742233223611	0.179417148751778
YDL003W	-2.01671615644731	6.9421087963141	26.5328582461977	4.2397974517366e-06	9.34197860520175e-06
YDL004W	-0.333487964276659	8.73127292686111	30.0795305589521	1.30748208211366e-06	3.10208531407169e-06
YDL005C	0.175087323507224	6.84069181780318	14.7631897191467	0.000339493485898386	0.000581391905327371
YDL006W	0.346813801802752	5.78933046043176	50.6785184507062	3.56912779934252e-09	1.26037413238963e-08
YDL007W	-0.176639767762664	9.13898668470485	19.7797217604571	4.73533957252545e-05	9.01179972414345e-05
YDL008W	0.0149664581374723	5.48673229117957	0.13300643810336	0.716846075829351	0.744864125217458
YDL009C	1.14250507217384	2.86399225728745	71.51075672992	2.89350907066086e-11	1.41947487688826e-10
YDL010W	0.788557192547091	5.04248103441641	45.678920066283	1.32209046546439e-08	4.28360125265949e-08
YDL012C	0.268153540294808	6.26858278867361	34.9685678464775	2.82008690409097e-07	7.46789433323438e-07
YDL013W	0.723882366227863	6.5398405474105	404.528628472778	7.10172163696417e-26	6.08947624307576e-24
YDL014W	-0.36600141998895	9.00291630334107	15.9543019882662	0.000209339637742283	0.000367173642919914
YDL015C	0.120189843275827	8.16644810452956	7.99421757003746	0.00669301421636571	0.00963515501282441
YDL016C	0.0856132631597592	3.45492705058226	1.58839013020862	0.213305505944384	0.246929819393309
YDL017W	0.593641297556512	5.43190811213056	100.013682272868	1.31679446726933e-13	9.34340876076422e-13
YDL018C	0.516296002210428	5.78836711205995	8.97057263437691	0.00422968118037481	0.00626070970729926
YDL019C	0.0174572896305646	7.22942216994985	0.0885475430945281	0.767243086410029	0.791288482138618
YDL020C	0.422817394926067	8.41371874921615	29.0549415176704	1.82600779932594e-06	4.23979232734414e-06
YDL021W	0.684383803722379	5.27294260410876	29.7552701217879	1.45271637319471e-06	3.42663203409894e-06
YDL022W	2.04610743911056	9.1029419826369	63.5656812224891	1.62446419009887e-10	7.05402139038652e-10
YDL023C	1.87565611182353	1.28477374802447	122.34445903588	4.65040130179588e-15	4.26380167550201e-14
YDL024C	1.47835084864758	3.4691884828403	385.021960243795	2.22482425610254e-25	1.69309125889404e-23
YDL025C	0.978134825662252	7.6708881539632	254.069043521722	1.98099617954006e-21	6.2488625601243e-20
YDL027C	0.294351305709898	6.2484095348934	14.0154449721902	0.000462429412059864	0.000778990110852366
YDL028C	-0.397789958583844	6.35718117919555	27.075300240384	3.52834823719564e-06	7.86546468987442e-06
YDL029W	0.198472859540533	7.85010741407777	19.4461205518287	5.37044426702827e-05	0.000101380665729203
YDL030W	-0.0770749358111303	5.72679649171028	1.15957987048583	0.286630484241357	0.323388878439841
YDL031W	-0.288864396334328	7.35403032307696	9.37409522305484	0.00351043401692099	0.00525744705904428
YDL033C	-0.436493649910059	4.93964177294375	67.6201435282304	6.61749831349463e-11	3.0336844678129e-10
YDL034W	-0.661442416790246	1.11805472199587	21.3374560776436	2.6863225079468e-05	5.28924043608671e-05
YDL035C	0.0479765887293066	6.94639888254291	1.32223757070957	0.255565399150637	0.291036690989353
YDL036C	-0.54250914273412	5.83813157035619	116.853172780309	8.7088703156571e-15	7.57422892596006e-14
YDL037C	-0.397761195733189	5.86712251794356	5.99754673823339	0.0178098673652832	0.0241645804590694
YDL039C	-0.542745271289334	7.07916533726293	12.2549752335192	0.000974667685071414	0.00156522734548002
YDL040C	-0.320531792912227	7.88562886555147	59.8037486958245	3.85173318791125e-10	1.58763382857168e-09
YDL042C	0.237293688561425	5.55654949428086	4.6335847858973	0.0361161323058958	0.0468018334351412
YDL043C	-0.0901709222539447	5.10909917224001	1.85146123123834	0.179609151190868	0.210686033227361
YDL044C	-0.282914081043065	5.65495753534924	10.945147874131	0.00172772929289787	0.00268190105435039
YDL045C	0.757481362704517	6.21335929542846	407.407041561266	6.0476421289466e-26	5.25972075443242e-24
YDL045W-A	-0.374760409748384	6.33816612382223	17.2760156671551	0.000123891088966868	0.000224412064751649
YDL046W	0.224895352956435	8.70613937325087	25.0583920075298	7.03511448942201e-06	1.50544031675224e-05
YDL047W	-0.0493735670240895	7.16967878040574	1.06783644242419	0.306319984036811	0.343692602804295
YDL048C	1.30812661292264	5.71817069098768	56.4189861908228	8.59920546269802e-10	3.35026550158017e-09
YDL049C	0.242970896965541	5.3116289814384	3.22047511330562	0.0786628263892194	0.0978743689061042
YDL050C	-0.189491969418351	2.11278989775142	1.12443802390016	0.292267500962821	0.329321589091551
YDL051W	-0.170825493702844	6.92649973739478	3.55848049528808	0.0649533969005616	0.0816511006257731
YDL052C	-0.662039537606726	7.04983974914493	128.71483785279	1.51010497521779e-15	1.53995294625225e-14
YDL053C	-0.31815485112739	6.77626686515259	60.9575211046034	2.94638598480257e-10	1.23707571555021e-09
YDL054C	0.711306440747495	7.71049954221236	107.982821415383	3.51111271403305e-14	2.71609329136381e-13
YDL055C	-2.07095400968882	9.45684465905688	52.9544748510717	2.01023149295294e-09	7.35474118335187e-09
YDL056W	-0.326389655698565	6.64129387878973	36.9782772943581	1.54181810586924e-07	4.2473251712814e-07
YDL057W	0.185879788595884	4.7470389304303	5.08513612516621	0.0284625160753125	0.037457803256918
YDL058W	-0.220107534900203	6.49227229910125	17.6375751938514	0.000107554702866055	0.000196691449553356
YDL059C	0.823032655388957	6.33759159015223	46.3451571841871	1.10571471858064e-08	3.6308474685647e-08
YDL060W	-0.699500810851143	7.38108157236162	58.3320235258496	5.44397649439873e-10	2.18620903020445e-09
YDL061C	-0.380916962100132	8.27505655942511	13.4525949363262	0.000585256499573162	0.000969799011813123
YDL062W	-0.876392691499841	1.18219563875851	13.3276160502843	0.000483848497652844	0.000812598525161521
YDL063C	-0.800048968048646	6.09174733388508	32.752458178134	5.5857990856001e-07	1.40001419650611e-06
YDL064W	-0.414607898378097	6.23474679577161	27.2387264350618	3.33932785359172e-06	7.48245416734133e-06
YDL065C	-0.350809909312223	6.81389776005454	71.2833444004791	3.01665177964315e-11	1.47513060517811e-10
YDL066W	0.0262850012344612	8.46415240090678	0.189977515764699	0.664778460957616	0.695988180620802
YDL067C	-0.176582730095343	8.28662476350896	12.6054826526507	0.000838429800203765	0.00135862672974195
YDL069C	0.224760496576081	3.43288283161011	7.05937489397184	0.0105073912604666	0.0147258282674311
YDL070W	-0.445160471851433	7.48598440598159	31.9472576652497	7.19443399206654e-07	1.7661175057944e-06
YDL071C	-0.28551662066589	2.5023738451841	5.75236534479549	0.0201748730033333	0.0271016387564637
YDL072C	0.85030845584251	7.58209746644686	334.801238298545	4.92866500136676e-24	2.70321734489377e-22
YDL073W	1.04226385312096	7.35369667490516	31.5886143246356	8.05982221064271e-07	1.96429934421108e-06
YDL074C	-0.359793828722816	7.10815929739677	40.7396806098166	5.17377742625912e-08	1.51724262866404e-07
YDL075W	-0.544601761246935	9.22388012133779	24.5503187713265	8.39739899215215e-06	1.77696785068552e-05
YDL076C	0.0430374106795627	6.06715515016892	0.580338400832633	0.4496954850424	0.488970550622992
YDL077C	0.116861817259591	6.23094442748301	3.13617634766769	0.0825612547355489	0.102390083281732
YDL078C	0.763436345782064	8.16898250257235	104.993451923202	5.71792954835455e-14	4.2870388042343e-13
YDL079C	1.30961571788832	5.42245676894317	189.204880810613	8.9496897397394e-19	1.68165775109671e-17
YDL080C	-0.0899167307632542	6.00201737681088	3.18351189571489	0.0803462449114547	0.0998668719928412
YDL081C	-0.292955197528248	9.2699707988512	12.2286525455796	0.000985774378422618	0.00158056213216668
YDL082W	-0.743341741397769	9.10080662573873	48.0711576273923	7.0043513529377e-09	2.36115675729151e-08
YDL083C	-0.488793499199428	9.0061086536164	15.0918490095734	0.000296778805033615	0.000511983384824213
YDL084W	-0.390883369106982	8.85690952148068	27.0864790242126	3.51506010348645e-06	7.84158516307275e-06
YDL085C-A	-0.283047322598314	5.94147884064442	20.8181270210852	3.21428785897085e-05	6.26796428104245e-05
YDL085W	2.64358684235982	8.23941303731011	594.114767236399	1.00871640936172e-29	2.19323767864077e-27
YDL086W	-0.17547598220289	6.14451107781787	2.25023007437132	0.139772711220204	0.167079573121657
YDL087C	0.770671667122251	4.87165867497773	77.192222515897	8.93782116579483e-12	4.75226683470383e-11
YDL088C	0.0618346292914826	7.03259390129794	3.13178902269774	0.0827699605978521	0.102586221522745
YDL089W	-0.0539884370890376	5.87387876571755	0.447783918374994	0.506413427668846	0.543938769874371
YDL090C	-0.175548720663149	5.66401316653287	5.15321711759572	0.0274686518394812	0.0362438561765846
YDL091C	0.431600400253448	6.27189869728247	144.903863784732	1.65420294483487e-16	1.99817212860212e-15
YDL092W	-0.30743799776288	6.50388870617327	52.795134485777	2.09178880583538e-09	7.6302038645451e-09
YDL093W	-0.258062210057587	5.7006135831019	3.74765132502317	0.0584455249862678	0.0738514645322537
YDL095W	-0.441476239827961	8.04400144516462	21.3178011768165	2.6735519069078e-05	5.26579877361846e-05
YDL097C	0.106362172478725	9.0401825452504	5.60461102934665	0.0217529077125773	0.0290930804380867
YDL098C	-0.349148184959674	4.81637434330526	35.3359761786456	2.52310998628186e-07	6.72829329675162e-07
YDL099W	-0.203805121336961	6.94585998757722	12.2493533375206	0.000977014671458588	0.00156794802157895
YDL100C	0.0299945247322255	8.3208988387221	0.533507719417273	0.468484825563787	0.507768491727317
YDL101C	-1.01844491093995	6.0634143989074	45.0358991178871	1.57221742123663e-08	5.00871777105632e-08
YDL102W	-0.333866261659793	6.18063440962352	10.5830114365158	0.00202985016609589	0.00312379368331441
YDL103C	-0.162644216535367	6.77466140145017	4.69489182707526	0.0349577451032015	0.0453876630813159
YDL104C	-0.20994735930428	5.07554005155383	9.1000659637957	0.00398340241356239	0.00592353539173616
YDL105W	-0.583276687416681	4.10523740223241	10.9631779810304	0.00171408550983948	0.00266275901605071
YDL106C	0.151753663272267	6.35591548976265	17.4117004858096	0.000117476064891598	0.000213618364115905
YDL107W	-0.178794249607187	5.37726377923123	7.99122384572243	0.00670265341499702	0.0096462306265765
YDL108W	0.176936918580841	5.53703483923719	11.0280128118914	0.00166547082030981	0.00259186767741465
YDL109C	0.256581140464061	4.92433101849973	23.9374510937896	1.04154899206944e-05	2.17230224861896e-05
YDL110C	1.36579779374374	7.1907192456148	221.134086067208	3.6733070287299e-20	8.76984046702261e-19
YDL111C	0.117174232406973	6.51742950295002	7.86348402957891	0.00712364654072456	0.0102164334840827
YDL112W	-0.625191369941824	6.92455292920622	84.2427505883042	2.24814114821708e-12	1.31602724137938e-11
YDL113C	0.83962709422248	6.12307036082866	191.359070935443	7.11553978418141e-19	1.3665427825267e-17
YDL114W	1.69614628707554	0.988512255491577	163.726104526682	1.65318467086817e-17	2.34605787325068e-16
YDL115C	0.296969352272944	6.52754590115497	46.22343444678	1.14225362923657e-08	3.74074238557947e-08
YDL116W	0.713617657588098	7.07041762343885	66.3871039980598	8.6637912110935e-11	3.88976112781248e-10
YDL117W	-1.09502819210708	7.44168199631571	17.1529216979497	0.000130027221487164	0.000234758518509447
YDL118W	-0.557227808588322	1.29161466161612	3.87738317040611	0.0544468882522726	0.069174067305308
YDL119C	-0.272272689738202	4.72857184543586	3.08395631016299	0.085084348989514	0.10528323509109
YDL120W	-0.332013517942119	6.83937421553232	45.1619580333766	1.51944664903554e-08	4.85584839859758e-08
YDL121C	-0.32466596177184	6.78658135981762	14.1798222476327	0.000431894070854017	0.000730178034812346
YDL122W	-0.548513324096971	7.70565543952529	156.728266672461	3.68495090836003e-17	4.99643232296121e-16
YDL123W	0.862695221628487	5.63935769693315	315.93244399417	1.77478062918169e-23	8.71360037940173e-22
YDL124W	1.47839409054043	8.09595942111119	121.78468471428	4.14169508401434e-15	3.8495633086228e-14
YDL125C	0.354301968472923	7.80815340141623	89.4642084950598	8.47792891306363e-13	5.27207673368043e-12
YDL126C	0.15098391785017	10.2402583458606	9.23202363945952	0.00374773180287122	0.00559494635014222
YDL127W	0.112654771127823	5.81452269619214	0.119173902812184	0.731354869757573	0.757612463345943
YDL128W	0.390959971839791	7.90539530415186	32.9348713532168	5.27628058881072e-07	1.32790393653078e-06
YDL129W	-0.572096062331875	4.27404823553939	32.6177951009548	5.82804673342756e-07	1.451765487443e-06
YDL130W	-0.663445246056428	8.76819787988002	25.7523017575891	5.53589347264948e-06	1.19895124373853e-05
YDL130W-A	0.561225088342814	7.87121844838119	14.3041014572127	0.000410211894372956	0.000694485543087474
YDL131W	-0.176140609676872	9.88310176063816	10.2470629188106	0.00235996636211894	0.00360358043957363
YDL132W	0.101940096864992	7.86984548541502	4.94607653210538	0.030613928652435	0.0400898252604913
YDL133C-A	0.21899959249748	9.00065474624007	4.32832626005841	0.0425356063588894	0.0546668295361872
YDL133W	0.573963428925728	6.26114739542427	197.25013088218	3.84877234951797e-19	7.58295341872666e-18
YDL134C	0.31229148772669	7.33920985951506	70.684067146221	3.42440350882405e-11	1.66292555730814e-10
YDL135C	0.550765359007373	7.28150624329735	112.271101223749	1.77241234164335e-14	1.45423805066371e-13
YDL136W	-0.823384529054376	8.16442368634835	77.084153921775	9.12798277904652e-12	4.82807638217508e-11
YDL137W	-0.24079871085167	8.64576252977091	24.3049773383294	9.15104197464946e-06	1.92706826501784e-05
YDL138W	0.0487423361360348	6.29528181088094	0.667046911645092	0.41788962062362	0.457491819880705
YDL139C	-0.128613595126417	4.20806984736409	3.84692627028724	0.0553194788943908	0.0701781595142845
YDL140C	-0.017896361692893	8.44649586041338	0.246358199141113	0.621788036102877	0.655034705622827
YDL141W	0.0342290041703085	6.49969265487984	0.744364129405812	0.392313741111455	0.43150967586026
YDL142C	0.650828288928703	5.43135310156739	215.177861084943	6.47330083358374e-20	1.43830129470284e-18
YDL143W	-0.104349395689437	8.46574731928891	8.17219494995769	0.00615047141133038	0.00889830559700079
YDL144C	-0.25484741208284	7.24946954822964	21.5208289386843	2.48179274966007e-05	4.9087570695031e-05
YDL145C	-0.135198449892505	8.71713001362278	18.8600200766802	6.71064723676403e-05	0.000125589979641621
YDL146W	0.162863209194488	4.70622616496847	7.48831933969524	0.00853037367707705	0.0121027534248532
YDL147W	-0.10647587921304	9.02326493941928	4.47229852945121	0.0393660287416002	0.0507862646702399
YDL148C	-0.866987826481395	7.01434001675084	74.4300958504798	1.5662411289566e-11	8.01957610856834e-11
YDL149W	0.991085878671941	5.46783639014571	110.787280752356	2.24176383716812e-14	1.81006077462593e-13
YDL150W	-0.632297743260203	5.57077223332052	76.8666450338965	9.53833940221846e-12	5.0276545697581e-11
YDL151C	-0.821712321263607	2.25120420616037	24.6055464836857	5.46175515744171e-06	1.18373675323977e-05
YDL153C	-0.526906775365249	7.01911321748373	26.1841944982342	4.77448236950726e-06	1.04145641940381e-05
YDL154W	0.476487931614406	4.70861343438374	36.4361386446824	1.81246837189571e-07	4.92383197148644e-07
YDL155W	-0.505386812837033	6.50339972687645	49.956311505832	4.29412217258964e-09	1.49642906621212e-08
YDL156W	-0.656555858344328	5.00825383044298	14.4613205165592	0.000384421921719352	0.000653002416134881
YDL157C	-0.251395465179243	5.78441530107017	5.95397968992749	0.0182064695160737	0.0246532443091318
YDL158C	-0.0156684061385754	2.36601896410101	0.0140971414604957	0.905955991455676	0.917644464775057
YDL159W	0.162258176994111	5.68837079528249	14.7599827067023	0.000339941363945722	0.000581991851434632
YDL160C	0.492594846839603	5.32922895637992	49.8426265610368	4.42228474359816e-09	1.53932930354635e-08
YDL160C-A	0.448598092410905	4.50550862048314	70.4333578091528	3.61432524056058e-11	1.74082373928266e-10
YDL161W	0.0333974459112564	7.53063329284397	0.184504756626994	0.669343181926728	0.700285494340938
YDL164C	-0.463454939556029	6.32324524774421	4.97211907653997	0.030198020654493	0.0395622013653009
YDL165W	-0.127777027853185	5.39678246680057	7.68083858017865	0.00777506137337724	0.011088097338066
YDL166C	-0.708488181815569	5.89679170635561	51.1513807525559	3.16447730985711e-09	1.1246548664571e-08
YDL167C	-1.27108098808111	6.82959401548216	201.565110026187	2.47710639966316e-19	5.01017400702634e-18
YDL168W	0.658816884612237	7.84905106953101	206.284834938603	1.54241757339122e-19	3.22688597484733e-18
YDL169C	1.38875866190886	5.34663357572614	121.816619494708	4.12876939231364e-15	3.84341713461857e-14
YDL170W	0.237889606399468	7.12207457118939	14.2951330931853	0.000411737714318906	0.000696874952675424
YDL171C	-0.323352887227405	8.92046677813781	3.98621438753806	0.051236190914714	0.0653658697168438
YDL173W	-0.182950826991358	6.54142565468075	9.12618160618153	0.00393546928279246	0.00585654778627243
YDL174C	1.37048464392768	9.55153803147614	252.77725510007	2.20785820470525e-21	6.82306637068302e-20
YDL175C	-0.0822973574390965	5.79574779548614	4.50850813703633	0.0386098131529327	0.0498740807288467
YDL176W	0.0533171832548595	5.33086863972215	0.651988907497942	0.423160301053787	0.462679582043006
YDL177C	0.0525456381645001	4.92485865792246	0.900449606302791	0.347145548809452	0.385590604114568
YDL178W	-0.252007704430153	8.14225299447352	17.7203422433744	0.000104141649383015	0.000190910677941522
YDL179W	-3.14620352082589	6.69595265724403	33.6677900041182	4.20266804635194e-07	1.07548730837287e-06
YDL180W	0.23339251084808	6.72596280079852	5.95872880505245	0.0181627386796632	0.0246049739834867
YDL181W	-0.155468318416572	7.25518529142444	2.62375219395146	0.111455684188215	0.135329518416006
YDL182W	-0.447971879835747	10.3008635449837	13.5963027250247	0.000550959921021402	0.00091821626038278
YDL183C	0.178713623695564	5.49959995885964	2.9258265068123	0.0932625419330937	0.114912437824059
YDL184C	0.336472821217829	9.10973025488884	10.0790750769617	0.00254576557410035	0.00387175139023806
YDL185C-A	-0.0106925838267904	3.23735838878794	0.00630035546448577	0.936958782528707	0.944404812588538
YDL185W	0.0221611879578851	8.73709914376469	0.122503906603538	0.72777879497803	0.75471542845131
YDL186W	0.253594280375842	1.65399591723569	2.65168983661886	0.109633145045621	0.133329322220883
YDL188C	0.166593171363236	6.89652844569846	19.5641854292343	5.13608544128094e-05	9.72883888192855e-05
YDL189W	-0.393477999150254	6.85895774323769	113.166857012723	1.54010636275067e-14	1.27740702131145e-13
YDL190C	-0.0789098151260209	7.40709456268706	3.54265391583697	0.0655329319229925	0.0823456118776426
YDL191W	-0.396098207003273	8.60858357825623	18.0821538694638	9.04972877862021e-05	0.000166852661430163
YDL192W	-0.503375577138723	8.50494309425459	45.2308211932831	1.49142376401424e-08	4.78135222502301e-08
YDL193W	0.334393732181633	6.30120115406325	60.1669563991524	3.5391133653738e-10	1.46672036544559e-09
YDL194W	0.542311892571425	5.66002646145725	59.1906739570385	4.44825555726549e-10	1.81751542500888e-09
YDL195W	-0.286782003931064	8.7529638528319	33.9873930047192	3.80764709550844e-07	9.8307699395485e-07
YDL196W	-0.315803440631848	1.59659770909892	5.73188238311657	0.020397300446955	0.0273762709702518
YDL197C	-0.305299730150516	6.04610741340898	4.43482353750742	0.0401656430320742	0.0517849290087395
YDL198C	-0.279275672483091	8.36953298244459	12.7920624121433	0.000774199501138524	0.00126024774409929
YDL199C	0.740990497779322	5.58031948030892	126.065350641047	2.21264337356149e-15	2.19033705012071e-14
YDL200C	-0.199089299368811	5.70846605618479	14.2761488676109	0.000415001528075561	0.000702008697672691
YDL201W	-0.454108543937913	6.20356932949769	31.7471096328656	7.66476754222314e-07	1.87628085231421e-06
YDL202W	-0.733741076955671	6.73853243940761	69.0029908399231	4.90384126319603e-11	2.32331405527918e-10
YDL203C	-0.25583448590287	6.34731668640382	50.8258569252257	3.43749485881241e-09	1.21742109950261e-08
YDL204W	1.75750750589083	5.7955963710209	178.091120527656	3.00725250379486e-18	4.97504164214758e-17
YDL205C	-1.24723030643748	6.50648673403916	116.731024627772	8.87338097408211e-15	7.69531956840625e-14
YDL206W	0.777625721866279	6.16089646804283	141.566956967989	2.56938900244747e-16	2.96820498043647e-15
YDL207W	-0.0467594816554133	6.74848097417668	0.843285338361378	0.362790332190658	0.401575916795769
YDL208W	-0.706138645254198	7.57867729086664	81.1410057991152	4.08668204221301e-12	2.3079517878472e-11
YDL209C	-0.363380563759346	4.93772696901098	44.2299598870486	1.95791515203022e-08	6.14105484057701e-08
YDL210W	0.361815094732837	3.55149844442431	24.8164456585836	7.65768733324765e-06	1.62931826730541e-05
YDL211C	0.0127364965406448	4.60382781793417	0.00507660921785874	0.943477788685082	0.949717721149931
YDL212W	0.0674826958093725	7.75463869365807	2.67488959709932	0.108112684457696	0.131559069154198
YDL213C	-0.509542180037328	6.82496881993746	45.372760286769	1.43536259021542e-08	4.61865087168684e-08
YDL214C	3.07629693776699	5.71889224862183	366.957334810355	6.4227812429677e-25	4.35481346912461e-23
YDL215C	2.0969770123144	9.86319689866408	779.156414739002	1.6061813071754e-32	8.14869316506986e-30
YDL216C	0.185480635587577	4.56379793047924	9.19803652148864	0.00380710287092306	0.00567940266556716
YDL217C	-0.164878995611303	6.16136733898313	6.56375150289334	0.013411745580204	0.0185780903509174
YDL218W	-0.349104450484411	2.99338781730881	11.5929956692434	0.00129954565706306	0.00204804674979032
YDL219W	-0.788473699089185	5.61301945652557	49.7054868915513	4.58106806002735e-09	1.59005372573811e-08
YDL220C	-0.636783946322874	4.92523974749137	29.5355985976884	1.56051486212586e-06	3.65822660016258e-06
YDL221W	0.617944949152007	2.76456460344121	61.6148638360114	2.54446974068922e-10	1.07799107733583e-09
YDL222C	4.77146810918091	6.4429711335203	632.845251420459	2.2649735688817e-30	7.21158529890563e-28
YDL223C	1.70505015816575	6.66698856455274	345.427493834861	2.46340792884399e-24	1.38863217322243e-22
YDL224C	0.0997020305438065	7.31695224388654	9.32375975704148	0.00359264533597939	0.0053739618686591
YDL225W	-0.42665629261033	7.43598824782486	142.213510019529	2.35776806678286e-16	2.74982605183411e-15
YDL226C	-0.409574560776134	7.22887371102128	166.338102535269	1.15726267503402e-17	1.69769040135111e-16
YDL227C	-3.31681851216258	6.66818748471866	22.9780062667752	1.46472417153118e-05	2.98835145987997e-05
YDL229W	-0.160720545205681	9.40972872099625	3.67020197205284	0.0610190903141353	0.0769437079189013
YDL230W	0.245041152963162	6.03297512285932	22.2502802603927	1.9031303768997e-05	3.8263730959595e-05
YDL231C	0.136582440251327	6.80279912020381	12.1674734418873	0.0010121486880408	0.00162114212386014
YDL232W	-0.239331572043865	6.20362707495044	39.2831467671786	7.85188239387976e-08	2.247402915559e-07
YDL233W	0.986961797009682	5.52203289700318	210.462857285962	1.02237091958012e-19	2.20716104907936e-18
YDL234C	2.24404854887477	7.58056662721673	332.018266322075	5.92926023282529e-24	3.19445453959649e-22
YDL235C	-0.530603957421574	7.00986249415654	111.313059231026	2.06158275806232e-14	1.67345544414446e-13
YDL236W	-0.142499717134048	6.94550897989575	5.86312473713007	0.0190649314383934	0.0257298387490443
YDL237W	0.363545265466296	6.41562342858264	28.4285083714831	2.24485971059214e-06	5.14947472422191e-06
YDL238C	1.15197611787697	4.24703241077314	139.187224352899	3.54273061110152e-16	4.01641414532329e-15
YDL239C	0.807863513693464	4.41373456849071	67.3718175482898	6.98915124703672e-11	3.19204447051459e-10
YDL240W	-0.247394184013612	5.85164415943084	9.11335590343852	0.00395888519015531	0.00588851527917556
YDL241W	-0.166004551296823	5.14474288536863	1.96530254784871	0.167017170923472	0.19705436755467
YDL242W	0.402657046896354	2.82277140614038	19.0553693746697	6.23380930215146e-05	0.000117097905064789
YDL243C	0.375720542417188	6.08373330744384	15.1544498773552	0.000289316273645609	0.000500527841419286
YDL244W	0.747834122954391	3.34577115335708	55.5896563528851	1.05611175721157e-09	4.06422779892796e-09
YDL245C	0.278966870252478	3.43962807353658	9.77156190641752	0.00292724222014404	0.0044231944989419
YDL246C	2.1482690448861	2.22764933518275	253.527565445338	2.65432134554983e-21	8.12035595563184e-20
YDL247W	0.430477254931158	1.92457968069687	6.87728751182604	0.0115390615714098	0.0160938847300671
YDL247W-A	0.459069555619248	1.36586676426987	10.4143965544296	0.00219811158028511	0.00336826159093274
YDL248W	0.95657422229141	6.26627539533463	453.165853869672	5.34064805719102e-27	5.60583885727223e-25
YDR001C	0.516099057179262	7.52665017483282	10.9020258259126	0.00176106769483854	0.00273225793225714
YDR002W	-0.0606208285715559	8.18491940028819	0.757441506370527	0.388216726158414	0.427312136838261
YDR003W	0.707038922841698	6.04659642009508	303.921230658053	4.14967088002822e-23	1.84402892829283e-21
YDR003W-A	0.663765377238586	4.11910814658676	135.917728306101	5.52747944399106e-16	6.09624906793796e-15
YDR004W	0.185634448913581	6.28934604796822	11.2732112639989	0.0014946674921696	0.00233801019844002
YDR005C	-0.0191400581949031	6.26144858739787	0.130200276727191	0.719717865297559	0.747253588384455
YDR006C	0.98533090092259	7.22665248850342	1209.61712490967	3.83548358535343e-37	5.83760601690792e-34
YDR007W	0.210039219004042	5.47707158396089	37.7777747031627	1.21766499999296e-07	3.40677597424502e-07
YDR009W	0.437780972493864	5.46291699412331	40.5507561520388	5.46156367593245e-08	1.5962553844972e-07
YDR010C	-0.00353828576515783	2.93984265223664	0.00119266449784262	0.972585938942302	0.97579156168107
YDR011W	-0.278763540973429	7.93361147938722	12.401016954015	0.000915270737259235	0.00147607105918787
YDR012W	-0.316402069182105	9.75560159830023	14.9407690670428	0.000315670115821675	0.000543034660955738
YDR013W	-0.325709327764608	4.4295638556673	16.2939686372895	0.000182743445203855	0.000323131598722356
YDR014W	0.149436835230256	4.87135303636461	3.77859377223085	0.0574509995473097	0.0727457748011692
YDR016C	0.0706954829181781	4.71154344367027	0.359928603813025	0.551207950526897	0.588212796285319
YDR017C	0.182433711575322	6.81512929313684	3.98786551303239	0.051189816407364	0.0653203945269403
YDR018C	1.1366993644136	4.8242796347763	130.41557616116	1.19413145718616e-15	1.24484114920366e-14
YDR019C	-0.972548851283348	9.1831223027468	28.5995081371154	2.12143878716127e-06	4.88291846360598e-06
YDR020C	-0.104609976881129	5.21500321452544	2.48426369470897	0.121186423870651	0.146095633371193
YDR021W	-0.90365811412509	4.68083058261376	48.6403531600897	6.03888079713212e-09	2.05964741136921e-08
YDR022C	0.211954493642585	4.86235230660644	17.6062094065386	0.000108885322471027	0.00019888804176526
YDR023W	-0.202690404963792	8.93291403236529	15.1285377818713	0.000292372023937189	0.000505240102676584
YDR025W	-0.629244854611748	9.44261111328469	32.5925222970198	5.87241802151708e-07	1.46222007832295e-06
YDR026C	-0.105313006854988	6.21241393114953	8.02641982226218	0.00659122640392701	0.00950009447154594
YDR027C	0.140198366678388	6.55520661023725	13.9851348437723	0.000468301786333234	0.000787792560153835
YDR028C	-0.255142140173397	7.7328693619	44.1472107568652	2.0021292355976e-08	6.26359855412033e-08
YDR029W	-0.269797971820768	4.26072079263621	21.0120271463084	2.99249203208116e-05	5.85608855394088e-05
YDR030C	-0.186573659417116	4.85101478729656	4.43140153281724	0.0402401835911952	0.0518700482115597
YDR031W	0.29721768301921	5.4038318396383	12.7404849117985	0.000791467705934431	0.00128663695426671
YDR032C	0.327740260410127	8.19244917687855	30.0302585230994	1.32851590611309e-06	3.14830861674444e-06
YDR033W	-3.06608697690534	9.88409663512786	44.9290402843219	1.61832901225097e-08	5.15022845090638e-08
YDR034C	-0.53495725931156	7.49625479173761	66.3278843665269	8.77743699764761e-11	3.93498059217074e-10
YDR034W-B	1.67570030300091	4.90888418455524	36.2043107374307	1.94265547812514e-07	5.26575536546119e-07
YDR035W	0.157170743069517	8.90812214023031	4.82865390375566	0.0325673766133842	0.0425381224677715
YDR036C	0.182467457596916	5.11435188069179	6.53666824438127	0.0135934730234174	0.018812699196764
YDR037W	0.193517232557047	8.13942281371237	7.66513601113142	0.00783383542616318	0.0111665628832783
YDR038C	2.87491802790158	4.15723495792775	95.4016074331904	2.93634045796189e-13	1.97748237921151e-12
YDR040C	2.96917234843027	5.73925430299178	106.364852418661	4.57220574690649e-14	3.47199858096301e-13
YDR041W	0.134346307954838	7.00376092295269	0.935322389522851	0.338056985050764	0.376113107636888
YDR042C	-0.102087420521637	3.13490668483591	0.468862389453101	0.496618658425813	0.534360974283554
YDR043C	1.09936280723918	6.84628510778775	18.3502058064593	8.16002679414982e-05	0.000151181506764407
YDR044W	-0.584092134931229	6.65503361578135	64.7986830422802	1.23187686664921e-10	5.41883407815059e-10
YDR045C	-0.199953623034709	5.20866618507248	4.53897363760308	0.0379858454150997	0.0490889040303814
YDR046C	2.08198665238921	4.69951774196171	863.790768788419	1.36374498670511e-33	9.22497719895637e-31
YDR047W	0.212462327924967	6.90079772099029	13.4494148813439	0.000586040465624462	0.000970833838019516
YDR049W	-0.15688110803124	6.31061118768265	8.77280073210188	0.00463742178455319	0.00683764200154028
YDR050C	-0.383469285022957	10.2191684067723	8.72419922386313	0.00474383280781905	0.00697932676027124
YDR051C	-0.198234070328643	6.82676953740444	20.7968452125882	3.23966227039317e-05	6.30734374869e-05
YDR052C	-0.149703915430768	6.88234389188958	4.51445106232458	0.0384871639318363	0.0497261999187222
YDR054C	0.562677403871378	7.66461155575192	233.080281868032	1.22477322839738e-20	3.25607834693591e-19
YDR055W	-1.79210568926558	8.88817000483695	15.7336602011737	0.000228773086717057	0.000399532573704373
YDR056C	0.129315167019206	6.71393516154811	13.6130876461104	0.000547093970455802	0.000912522764968471
YDR057W	0.207060031119968	6.50466020125838	37.808214453333	1.20666161124e-07	3.37754293757662e-07
YDR058C	-0.195879595552919	4.82181478866297	5.93216781151469	0.0184089955160001	0.0249053254892019
YDR059C	0.547362081978765	7.18140518760106	54.8733197899242	1.25154408707725e-09	4.73906661194891e-09
YDR060W	-0.641465697212943	7.92674380877491	36.0690368818496	2.02244363428828e-07	5.46499638062453e-07
YDR061W	-0.383858067607925	7.01864104021312	57.701348568271	6.32332039475554e-10	2.51281818298118e-09
YDR062W	-0.312607494512689	7.78420878540456	21.6552853148893	2.3627358214461e-05	4.69462652772972e-05
YDR063W	-0.132583130075763	6.10212133404917	2.60652232056148	0.112608268406194	0.136619995627125
YDR064W	-0.711384218818897	9.61097406330578	41.4435408271167	4.23974378057562e-08	1.25910049444607e-07
YDR065W	-0.18238954111345	5.32265429080786	11.6151925411293	0.00128655621016334	0.00202810828779763
YDR066C	-0.124789911005147	4.62108784112106	6.10362547202919	0.016881444481831	0.0229817160119381
YDR067C	0.305306905192728	5.80654317883081	52.0335826196006	2.53186136058678e-09	9.13691284128767e-09
YDR068W	-0.329393164916663	6.88858320549087	46.9701038541674	9.36336527101714e-09	3.09805259619306e-08
YDR069C	0.423224533351799	6.12262096778922	39.8253423767537	6.71706476573134e-08	1.93991889439148e-07
YDR070C	2.39566253208393	4.31137284371792	1307.44027288912	6.0549038559436e-38	1.84311273374923e-34
YDR071C	-0.158980807173351	7.76794542559532	11.6531327316086	0.00126539517028918	0.00199889096956942
YDR072C	1.43909713593757	7.12999052920845	209.203797353515	1.15585166341534e-19	2.47775525594104e-18
YDR073W	0.316993077876118	5.44048960547404	71.1885348355938	3.07837176003359e-11	1.50049057446633e-10
YDR074W	2.82355566832595	8.92343501510453	100.956327201986	1.12173681091172e-13	8.07226206244746e-13
YDR075W	-0.380732856471147	6.3864950187798	10.834967574655	0.00181429165018038	0.00280736627174297
YDR076W	0.101645373517043	4.9837505537232	1.6245384141036	0.208248988575156	0.241489493799153
YDR077W	-0.234729283389159	12.3734780794067	1.51180438691496	0.224517743589183	0.25892480071433
YDR078C	0.299481091042592	4.63501285126742	16.1523140544888	0.000193386256866138	0.000340664216377619
YDR079C-A	0.0750160200382631	4.88148705628602	1.04617706422972	0.311226562266283	0.348940572942382
YDR079W	-0.126258722610185	5.84545990490149	2.08582200572887	0.154800458759455	0.183920671942063
YDR080W	0.0899638824486292	6.38052246977316	3.21042612612064	0.0791162951405602	0.0984184725818819
YDR081C	-0.0232848911849238	6.8740572876342	0.26787926407013	0.607000307499626	0.641231627981559
YDR082W	0.0719794824986457	5.37045427055002	1.61626064880006	0.209393596252315	0.242724336249828
YDR083W	-0.61948335779575	6.34143230462817	27.4660236024148	3.09381772618411e-06	6.97082247113577e-06
YDR084C	-0.0197972825767197	5.76346378839699	0.201302874795858	0.655575754678646	0.688009859417962
YDR085C	1.65818392007623	6.69222794716177	45.4263942539907	1.41476127446398e-08	4.56442323208093e-08
YDR086C	-0.350660374781508	7.75577380546523	46.0034027150414	1.21152508421909e-08	3.94848218026006e-08
YDR087C	0.0541720927520415	6.7443438497288	0.253129292789959	0.617050650133492	0.650945132214989
YDR088C	-0.14513068926281	5.78201285888008	5.4704000308827	0.0233058748603428	0.0310881170354441
YDR089W	-0.446810264097861	6.63527706619208	32.4348777118535	6.17012358385783e-07	1.53258720434625e-06
YDR090C	0.158854923566965	6.10064512892798	6.66168940011632	0.0127763812872289	0.017746431502772
YDR091C	-0.334791503953011	8.20911656282635	24.3016678199518	9.16167690673447e-06	1.92864069876208e-05
YDR092W	-0.175895757502018	6.79731660141186	14.6993083088696	0.000348516854638379	0.000595835611075105
YDR093W	-0.433860724927134	6.31514867906007	53.8762152581607	1.59913448446736e-09	5.96905624858202e-09
YDR096W	1.15860083496097	6.79894970552222	62.282077855238	2.17373831083413e-10	9.273804370258e-10
YDR097C	-0.185378049160803	6.66585664921016	0.519688517983935	0.474272939569027	0.513402143687098
YDR098C	0.165625877561137	7.61622093501889	16.7441632931358	0.000152782781505375	0.000272848804284167
YDR099W	0.110987563210743	9.70334089059994	5.22291969114681	0.0264897997681899	0.0350739236600131
YDR100W	0.126119194606802	6.14928447313715	2.56013838495138	0.115778862742084	0.140103700332699
YDR101C	-0.334603993237017	7.27542399407688	6.91094461668093	0.0112991944100077	0.0157774072403961
YDR102C	0.657503771456626	1.68794620353764	36.6710024104678	1.71470431033514e-07	4.6833198031944e-07
YDR103W	-0.0611839865887882	6.21591384408476	2.77957403397361	0.101616220838332	0.124374658718087
YDR104C	0.160051677670172	5.61204727143841	8.3464636743365	0.00566414326205887	0.00824762118617899
YDR105C	0.098086397487358	6.69498589170835	3.88582687323685	0.0541440165676977	0.0688172795435651
YDR106W	0.598568764847108	3.11455931099253	34.5072880494047	3.25063610635562e-07	8.48622324849614e-07
YDR107C	0.568211107808882	4.73283073913474	80.0397840163121	5.07363704238232e-12	2.79532147638222e-11
YDR108W	0.0525595180784105	5.91560959378727	1.30062090714937	0.259438089887011	0.295005433551013
YDR109C	0.1617654884106	6.17631143206883	8.48797186026889	0.00529901237727886	0.00775117427988316
YDR110W	-0.56535007174668	6.17356056720646	56.7893597249682	7.86455033884589e-10	3.08133372113183e-09
YDR111C	0.482318688459608	6.31221563573952	13.5860282988783	0.000553341566737387	0.000921680836743424
YDR112W	-0.506813837675098	2.66820593788861	17.9129094230606	9.67969432599351e-05	0.000178089994127073
YDR113C	-0.72772081431431	5.89944050555211	6.16464944613314	0.0163706192914276	0.0223512738834293
YDR115W	-0.123200039807605	5.68453609132783	2.12922166595483	0.150658904091097	0.179369381287105
YDR116C	-0.453542647644182	6.46393477198089	13.1670810354123	0.00066019493453184	0.00108599480179136
YDR117C	-0.10168439610576	6.30939201223216	2.75137074707296	0.103322074501694	0.126284840306427
YDR118W	0.00474468098104583	5.38563348433281	0.00573592896102836	0.939926129534526	0.946768741993083
YDR119W	-0.0215915592225569	6.91929072115106	0.0716279272517536	0.79006271572411	0.812483414413579
YDR119W-A	1.38555942961661	5.26704900921977	28.6138450737698	2.11403886050011e-06	4.86772639286108e-06
YDR120C	-0.210390870408001	7.49739345718873	2.34846310696251	0.131599439101988	0.15774313550953
YDR121W	0.380243106169702	5.59401426412003	5.93975962638887	0.0183381225275851	0.024814956645463
YDR122W	0.414774800224565	6.89373478154785	36.50002750245	1.77769057316951e-07	4.8401521509195e-07
YDR123C	0.229981664928961	6.16049573602933	5.75876243331155	0.0201046983413389	0.0270192943713181
YDR124W	1.59153232608466	5.25025893554811	219.77617217955	4.17966047079409e-20	9.76404996177452e-19
YDR125C	0.89337538810949	4.84740836844161	228.111143988852	1.92686454866549e-20	4.86753168974088e-19
YDR126W	0.544460821234854	5.71282915450828	112.73523681523	1.64844198486802e-14	1.35985295445481e-13
YDR127W	-0.387239830431565	8.9154565076601	56.1272936268817	9.22476152186389e-10	3.57481528613032e-09
YDR128W	0.573836063040313	6.66767261153734	49.6861033906466	4.60339649096136e-09	1.59689332404403e-08
YDR129C	0.763409929492271	8.61737273018671	313.100992375292	2.16076551297993e-23	1.02771409711108e-21
YDR130C	-0.259346919036577	5.47654494517626	8.32014592301678	0.00573489221855331	0.00834664686267094
YDR131C	0.0115814883327186	5.13577023747557	0.0384722048082693	0.845279077559395	0.864157686680369
YDR132C	0.13998537886164	5.76758152106396	7.49374644980611	0.00850790998171416	0.0120736960299944
YDR133C	-1.45093353855337	4.96779831156831	75.7503317241766	1.19635092051661e-11	6.20390494387147e-11
YDR134C	-1.93202731554646	9.83957124969747	201.078009834092	2.60202711079592e-19	5.24541094388263e-18
YDR135C	-0.0591329677400415	8.09462880738208	1.54656316615214	0.21934124937133	0.253435097015119
YDR136C	0.648102977017173	0.761620480655082	19.9556518886353	4.53674371285786e-05	8.65821182566729e-05
YDR137W	0.304711568959695	6.55294848070816	51.2392459509909	3.09457364388029e-09	1.10109668871673e-08
YDR138W	0.0922220181865963	6.45942416437682	2.62990196756615	0.111047531194396	0.134887743398141
YDR139C	-0.0547612385016134	6.31163960640939	1.37233271223674	0.246866540227779	0.282186161642268
YDR140W	0.171008001748816	5.67761919773479	11.6519886578443	0.00126603162320045	0.00199934582461018
YDR141C	0.109583359371299	6.61821530543325	5.50161837760773	0.0229343341428572	0.0305992168007265
YDR142C	0.560565681749724	5.94637992297098	183.157440114415	1.71789770372119e-18	2.99672241268041e-17
YDR143C	-0.444890428045455	6.64806086800361	52.4966404785541	2.2539387173479e-09	8.18245611879191e-09
YDR144C	-0.596357980170335	6.89310913303427	44.1925953959739	1.97745668740052e-08	6.19596310493792e-08
YDR145W	-0.587892688400095	7.38939712789595	63.8769845284817	1.51444094317647e-10	6.59507615311755e-10
YDR146C	-3.55407877362045	7.62343138105137	220.569439516595	3.87562510505817e-20	9.21672095296647e-19
YDR147W	-0.543553075629068	6.20630226393417	81.4377028670704	3.85728941931442e-12	2.19879943677773e-11
YDR148C	-0.245634696805608	8.95662131736973	6.79889429227639	0.0119394467444817	0.016621850395702
YDR150W	-0.415052126839557	6.90375262739201	93.9116951706672	3.80171428200398e-13	2.51574310313481e-12
YDR151C	-0.526239345932507	6.63308745320816	26.9148497217803	3.72478831076763e-06	8.27609899122384e-06
YDR152W	-0.356336805493613	7.13501743884953	53.3594915410655	1.8174991121665e-09	6.73052463433071e-09
YDR153C	0.289925424446245	7.59567480457984	20.7971271868446	3.23932200246617e-05	6.30734374869e-05
YDR154C	-0.20382289986969	4.07061490294781	2.46024142292976	0.122989051925415	0.148117992485174
YDR155C	-0.0774148678244942	9.66175727676718	2.44627406498128	0.124001261108044	0.149223102910807
YDR156W	0.298795347457018	5.89362322606164	22.5282149702958	1.72137870583761e-05	3.48280277871033e-05
YDR157W	0.406518612344814	0.653171503615433	3.7582684248521	0.0582039280955938	0.073592007112352
YDR158W	0.171417684884567	9.73756645788571	5.42508713811145	0.023856652044738	0.0317810279318085
YDR159W	-0.0970807974144539	6.30187885041491	4.98600443087083	0.0299787512754882	0.0393003095962903
YDR160W	0.207857157315485	5.76168550537074	21.9542111564125	2.11890622870674e-05	4.23086294534818e-05
YDR161W	-0.187382521550211	6.71440377639015	6.06183886359104	0.0172405488407639	0.0234369277724682
YDR162C	0.247140754394083	6.21885318771519	20.628716167798	3.44799085693788e-05	6.68514915192287e-05
YDR163W	-0.219735772360914	5.94136335884279	11.7319435300638	0.00122263935088648	0.00193637574614904
YDR164C	-0.265896081539923	6.91133547500098	48.4768341690089	6.29924456725586e-09	2.14244697907562e-08
YDR165W	-0.472913444226091	6.51863011695531	24.6104754155414	8.22270015300507e-06	1.74242250370675e-05
YDR166C	0.0971675220998929	6.54078980700648	8.08709840390078	0.00640383999817538	0.00924290609504308
YDR167W	-0.253112991747613	6.45537733528206	28.7612919275466	2.01117617007755e-06	4.64493191328988e-06
YDR168W	0.0397152026638339	8.01024780557899	0.676754635201194	0.414544187189825	0.453992626661567
YDR169C	0.21410948951951	6.83538672371879	15.7964794629848	0.000223055513317398	0.000389994820527376
YDR169C-A	0.626559834080251	1.66323071161187	33.1472664482262	4.98758224530402e-07	1.26150397629459e-06
YDR170C	-0.0487747370924172	7.3839828921816	1.87178570910021	0.177280665671743	0.208275702935078
YDR171W	1.55942476128051	7.63938486788707	37.5461180459775	1.3034281458651e-07	3.62838159672004e-07
YDR172W	-0.137280396793932	8.74154982827462	4.30231812946421	0.0431371470336684	0.0554165332646072
YDR173C	-0.125571241392696	4.79967891263914	5.17123869077118	0.0272121851049945	0.0359366123468995
YDR174W	-0.200481989597887	7.16712649579816	10.2719229893381	0.00233370546790941	0.00356616437967684
YDR175C	-0.363740920123782	6.88938608173501	15.5978564694511	0.000241663568076413	0.000421319531056472
YDR176W	-0.407349283242037	6.87328140182674	69.662934872857	4.25646346357336e-11	2.03241957382232e-10
YDR177W	-0.15708080612138	7.63439103278402	15.5232503322653	0.000249065792738821	0.000433603816469529
YDR178W	0.171944303458232	8.84050993545652	2.21100484017068	0.143198601267865	0.170839326772245
YDR179C	-1.09843460490884	4.52729180064699	25.1986186665266	6.70280438611453e-06	1.43533848408953e-05
YDR179W-A	0.719100086445063	5.91309014658977	13.949132681427	0.000475390129937311	0.000799275092808161
YDR180W	-0.0337271884750711	5.63181917605052	0.0283851945100212	0.866874194077225	0.883416487034173
YDR181C	-0.00151964867840123	6.02614827578003	0.000723572746318233	0.978645241341999	0.981224016681503
YDR182W	-0.00545022781821336	7.14210724634804	0.01786342230446	0.894203173518436	0.907318153396706
YDR182W-A	0.498975959470288	1.46258931251865	12.880923970584	0.000749599221523344	0.00122183669628758
YDR183C-A	-0.538825699994089	2.7567443036111	18.8791423306496	6.67204287785835e-05	0.000124905894958185
YDR183W	-0.283469575107941	5.13616030973826	23.5874036151504	1.17884155929496e-05	2.43942468150501e-05
YDR184C	-0.512535236431266	5.50944777180144	33.7223050412284	4.13239807259377e-07	1.05973207522961e-06
YDR185C	0.675030445228591	4.26305916480082	80.6311518849961	4.5220735447645e-12	2.51648845891465e-11
YDR186C	-0.168920223564345	8.06638749191477	19.149042085554	6.01085029652957e-05	0.000113084229311718
YDR187C	-0.082700423306433	1.56795563839305	0.346154965745224	0.5589165599125	0.595648793143782
YDR188W	-0.0817662673619974	8.45745530664672	4.91466525530535	0.0311238077028045	0.0407049927593284
YDR189W	0.0067830134914501	7.67074723192877	0.0390437493979625	0.844149062230771	0.863147378377718
YDR190C	-0.579779498518219	7.6601685948791	109.193938885282	2.88923671739753e-14	2.27550752076535e-13
YDR191W	0.234166821765126	4.57199568786651	1.00655403190539	0.320476321044641	0.358321366853953
YDR192C	-0.198322134777677	5.37111235097742	14.1202146187251	0.000442724200160382	0.000747035734638693
YDR194C	-0.823254293259374	8.31024553826012	65.0101087009869	1.17515481946397e-10	5.18430618905554e-10
YDR195W	-0.0247958957381803	6.39117774008091	0.147257802435127	0.7027682125158	0.732159897777963
YDR196C	0.702865886795146	6.15214014197598	369.68583959494	5.41051130528627e-25	3.76555317876499e-23
YDR197W	-0.119147299891503	5.80279338351427	2.88893726987541	0.0952943692709922	0.117243192652189
YDR198C	0.0214796818621597	5.79041148371798	0.0917028092629565	0.763257704197947	0.787979125514177
YDR199W	-0.079334957031393	0.589587532057158	0.138799058903422	0.710837641164584	0.739378021426617
YDR200C	-0.0619069441366072	6.103872188961	0.925929872125675	0.340472350395062	0.378661978298345
YDR201W	-0.232655860071723	4.9330883332236	7.73813986573618	0.00756425030173108	0.010815208040615
YDR202C	0.614465401036065	5.38923357352832	145.60632770196	1.51018690017117e-16	1.83880356964842e-15
YDR204W	0.619422371993344	5.94264641048749	61.4778908778849	2.61372956247247e-10	1.1042599289613e-09
YDR205W	0.239797909763591	6.39582769232605	10.9418966699919	0.00173020333803417	0.00268505682435688
YDR206W	-0.159966731646064	7.33256658581325	29.2271201293996	1.72577953970144e-06	4.0224141798248e-06
YDR207C	-0.445285855521886	6.30493002168968	32.4189785231479	6.20101557850301e-07	1.53963225293337e-06
YDR208W	0.0902406846284242	7.45751933579464	6.20531318056108	0.016039527774136	0.0219336579265364
YDR209C	-0.320250609697371	5.21204380521756	10.1214356778142	0.00249755681297423	0.00380223202735362
YDR210C-D	0.0984313940194496	4.49583054064086	0.984163969312457	0.325866426101451	0.363680073713223
YDR210W-B	0.511545874138863	3.30639640666008	19.8553148446281	4.60455287135699e-05	8.77936670241821e-05
YDR211W	-0.199591757782305	7.76697770549561	35.9439244141696	2.0998766148437e-07	5.65916282920251e-07
YDR212W	-0.106955168575271	8.20361010443866	6.33949361777305	0.0149967532672978	0.0205770191325916
YDR213W	-0.376606869094972	4.21282148452797	19.116775744821	6.08596718663635e-05	0.000114426708561588
YDR214W	-0.812594990288874	8.94524900187865	31.5488540668195	8.1622105108556e-07	1.98766150360356e-06
YDR215C	-0.524567452159444	0.972518332304422	7.96929637159992	0.00679654289734463	0.00976802482507888
YDR216W	2.17071328931805	7.61503999043549	71.7746790504804	2.72113439381044e-11	1.33814751126962e-10
YDR217C	-0.219580434707634	6.27802526019925	7.70548816593956	0.00768351192401137	0.0109702674937573
YDR218C	0.786812592952646	3.77623597878355	37.3275705001546	1.39291921364684e-07	3.85985078410649e-07
YDR219C	-0.291114630323864	6.22601022677417	12.5205324876732	0.0008695014821855	0.00140598274197751
YDR220C	-0.442458682350473	2.43740235064651	21.4106710596648	2.58754990974693e-05	5.11129261860457e-05
YDR221W	0.143160650215025	6.44159913899099	10.194927744479	0.00241605541161299	0.00368552877622146
YDR222W	0.28612261584314	5.73864660876886	2.75514128323245	0.103092232770662	0.126029219499556
YDR223W	1.97029794999327	5.75205397088207	120.680636048202	4.88669069755759e-15	4.46699293794754e-14
YDR224C	-1.28047026610637	9.23520515386108	16.1414111777053	0.000194212308597024	0.00034202040345348
YDR225W	-1.00877809253874	8.17663292332493	7.22196069338436	0.00970568173210079	0.0136588512216897
YDR226W	-0.335055917057431	9.2363928511605	26.2504622028514	4.6676725324991e-06	1.02071804518156e-05
YDR227W	-0.571061128350152	6.47337936518676	67.0425399632099	7.50332400311987e-11	3.40643076293764e-10
YDR228C	-0.198470129726947	6.56486581919214	13.4664034849554	0.000581866453603956	0.000965495494560066
YDR229W	0.178929589068533	6.32977661655347	14.0344659952798	0.00045878309558244	0.000773512076445417
YDR230W	-0.00879919063359617	0.845485433293242	0.00382106536800438	0.950955240057713	0.956453907396557
YDR231C	0.00843206727353569	4.84889857453245	0.0165640509270329	0.898101203742547	0.910643620729941
YDR232W	-0.0854450771231317	7.37740718615273	3.16762861187856	0.0810820278463467	0.100678642775558
YDR233C	-0.0418739680309731	9.60319340928283	0.236767863853251	0.62863916317727	0.661222395546514
YDR234W	-0.686704734714353	9.22420992153783	59.8932931124935	3.77207198974732e-10	1.55796297649808e-09
YDR235W	0.380196559684832	5.99390013380856	81.8961640598028	3.52875077337827e-12	2.01908220942922e-11
YDR236C	0.338713117168148	5.3356532822349	48.6340995266111	6.04686460183285e-09	2.061215660468e-08
YDR237W	-0.584377801368164	6.88427774862143	34.1083431318133	3.66857499514549e-07	9.49183364659827e-07
YDR238C	-0.163916288583765	8.27597564140342	24.2291774850627	9.39787652917566e-06	1.97358648877618e-05
YDR239C	-0.101260957067673	5.82632680441533	2.70894788645738	0.105949088583047	0.129158600579414
YDR240C	-0.067673925185242	5.19496453576088	1.73934979560418	0.193124939880677	0.22523843563095
YDR241W	0.561242715904802	4.13371497562658	44.164898811585	1.99386420182899e-08	6.24094872017217e-08
YDR242W	0.236859099098275	5.29729502061001	18.5068556221052	7.6831971036792e-05	0.000142868979740987
YDR243C	0.117876690419587	4.89922339371631	2.02223620553039	0.16111067041142	0.190602751936402
YDR244W	0.389842256931697	6.90527214888107	33.7067842788775	4.15187623102776e-07	1.06383091306805e-06
YDR245W	-0.517465377513766	7.66771189349911	34.986663241052	2.80459844303451e-07	7.43011110582858e-07
YDR246W	0.613694354844333	6.35404314591179	163.993518842448	1.52778874765553e-17	2.19367403201106e-16
YDR246W-A	0.858386326685109	1.70395075279413	59.526904822671	4.20609300502759e-10	1.72203727065286e-09
YDR247W	1.02143773650781	4.991376721109	38.7921162669057	9.0538289233369e-08	2.57088201890275e-07
YDR248C	0.112229440840818	5.93447107502822	1.39944078308084	0.242313791656616	0.277816640980316
YDR249C	1.86302521858062	4.99372928020849	96.3822455199788	2.46335959119668e-13	1.66632591013393e-12
YDR250C	0.075036439988409	2.42306778581723	0.231279840860344	0.632639234942704	0.665314849253961
YDR251W	0.790422539968653	7.33010603900016	23.1001184263255	1.40201228582083e-05	2.86616883682915e-05
YDR252W	-0.186643914626445	4.00802352637078	7.37830700482011	0.00899672436949105	0.0127199391457179
YDR253C	0.625768350418613	6.33425736652721	19.6198663343085	5.02928966706807e-05	9.54138843661901e-05
YDR254W	-0.149832987415245	5.76581699475677	2.19209047986166	0.144885192693815	0.1728176044514
YDR255C	0.560685901991372	5.47900052631306	66.9176066307749	7.71345160590652e-11	3.49141214697092e-10
YDR256C	1.5388571287792	9.04393804334612	49.9920657601839	4.25561477948655e-09	1.48606943005996e-08
YDR257C	0.343005355007269	6.28475605414534	53.057343136437	1.9593644759301e-09	7.20547506474798e-09
YDR258C	-0.38523703778443	9.2151426317159	4.60557188755241	0.0366589984825983	0.0474649048834663
YDR259C	-0.536193795652658	5.68830046254311	22.6898834083207	1.62408967260986e-05	3.29801798760801e-05
YDR260C	-0.208049081764897	5.82869398363473	11.6650945797246	0.00125880784427354	0.0019900343173039
YDR261C	-0.284779742523393	6.40660548047743	8.47772377755377	0.00532459550793075	0.00778485529593718
YDR261C-D	0.743730445699512	4.3255106428097	78.7087113824331	6.60251204546075e-12	3.5857353552868e-11
YDR261W-B	2.47926352040768	5.12839537899453	301.284807697277	5.03526526090759e-23	2.20537373441766e-21
YDR262W	0.515627709633898	7.10327670129793	142.963600439839	2.13490354120666e-16	2.51885518582677e-15
YDR263C	-0.999117688727048	3.98735901155215	32.3403770832297	6.35923646979118e-07	1.57570336296657e-06
YDR264C	-0.149352980290796	8.18270607909505	3.46166673249697	0.068589011981078	0.0859551059985185
YDR265W	0.261294915401437	5.80203865721213	26.5069228524951	4.27734877806453e-06	9.41790211965891e-06
YDR266C	-0.48718834253538	6.90232032907184	211.328107984546	9.38848482853054e-20	2.04864142064853e-18
YDR267C	-0.0848774250122598	6.20097323470839	1.89438962215248	0.174733147971273	0.205481051738287
YDR268W	-0.332236995242648	5.39869982420953	33.3941718135349	4.574131201525e-07	1.16224168426061e-06
YDR270W	-0.723882338703812	6.85550016352458	12.9722773672257	0.000717040064631697	0.00117347847136499
YDR272W	0.261318636198217	7.39091706939946	37.1947101010295	1.44600806428979e-07	3.99786425767315e-07
YDR273W	-0.0510928361665136	4.79045641738935	0.283728499039511	0.596586322561232	0.631530277710629
YDR274C	0.121923893827929	2.70206887408893	0.867038134621248	0.356176350130719	0.394972972603974
YDR275W	0.176730245137138	6.38288203995074	2.61283855390536	0.112184562985378	0.136160211215108
YDR276C	-0.588095074060703	8.82174283220605	46.9064346653278	9.52281968274432e-09	3.14739013184296e-08
YDR277C	1.03455693698424	6.49889611334346	23.8332565070569	1.08048869964628e-05	2.24735743199404e-05
YDR279W	0.119414692813394	5.67202566379248	1.06960294004789	0.305924425545619	0.34331205580124
YDR280W	-0.245168213607975	6.38250037902932	24.1308387145795	9.72850831157804e-06	2.03734024360091e-05
YDR281C	-0.0849365300891885	2.94288317431574	0.161052541041163	0.689870057565143	0.719905538302467
YDR282C	-0.187224209857898	5.44283311704169	16.0154384036642	0.000204273744700101	0.000358701631881804
YDR283C	0.165890996565516	6.18287098805991	13.0018285196773	0.000708097685320219	0.00115977904445238
YDR284C	0.261165798402095	6.58427468180163	35.1387582226207	2.67796451293718e-07	7.12563284736082e-07
YDR285W	0.347956009095995	4.49204362372946	28.6876628110431	2.06105940993789e-06	4.75472894569984e-06
YDR286C	0.0967585091228469	4.42513871932431	1.97933883169038	0.165538512526394	0.195537148673008
YDR287W	0.360116156884405	5.96775060519494	55.3561629639474	1.11231243982498e-09	4.26859260707078e-09
YDR288W	0.388000804440005	5.48238526352933	59.6766594351899	3.96830650301039e-10	1.62796832818917e-09
YDR289C	-0.392543594122745	5.61432033599279	43.2566226019213	2.55717097050163e-08	7.87175434150092e-08
YDR291W	-0.254923684809746	5.85070231211346	52.847990772659	2.06438186026126e-09	7.53926620592113e-09
YDR292C	-0.0347911123623936	7.87851842263207	0.834813754537513	0.365192411811856	0.404014429058801
YDR293C	0.222861248149596	8.79008912906851	12.2056080092498	0.000995623148171477	0.00159509308580736
YDR294C	0.764725546027573	7.85988422161129	125.841236738846	2.28341687072297e-15	2.25672758262361e-14
YDR295C	-0.493288346688807	6.29787267016638	82.5892717302679	3.08619649604587e-12	1.78092552302628e-11
YDR296W	-0.682862500057858	6.70480338708187	62.8747494812965	1.89941627415072e-10	8.16641686230902e-10
YDR297W	-0.672500634586191	6.39733035829474	14.4637673216429	0.000384014549048126	0.000652674643943325
YDR298C	-0.422042334713272	9.30724382025351	43.8345074102821	2.18112560657841e-08	6.78869769573075e-08
YDR299W	-1.24852798709255	6.64922038210991	120.24818377311	5.20914943607917e-15	4.70523765086795e-14
YDR300C	-0.422404724909188	6.9411633891495	70.9379976971231	3.24504810279763e-11	1.57794351835719e-10
YDR301W	0.0307113789963073	6.19267764487479	0.516083178878119	0.475802336158239	0.514790789849568
YDR302W	-0.191379966956791	5.83065712676144	3.80296578869447	0.0566801893502589	0.0717996239626251
YDR303C	-0.380049511078511	6.49525306158307	30.1670799517615	1.27096291566165e-06	3.02250868380786e-06
YDR304C	0.421586475245771	7.96774919750889	55.2086109639998	1.15300582360365e-09	4.40370103770329e-09
YDR305C	0.129384952671558	5.84554415121184	4.39775153238949	0.0409740093528144	0.0527601034136916
YDR306C	0.541955281421881	6.24370061791035	228.880060155987	1.79243054389434e-20	4.55315861686838e-19
YDR307W	-0.535361725822862	6.49463989319594	39.908659854929	6.55840405030998e-08	1.89679638281649e-07
YDR308C	-0.319501318189754	5.89520406184133	33.5322568429566	4.38219202711629e-07	1.11673441025885e-06
YDR309C	-0.881830139248208	7.76741707951606	14.7720875792431	0.000338255980297215	0.000579595386447916
YDR310C	-0.150426628394009	7.21502430833487	4.41082028663598	0.0406870230910853	0.0524127373208903
YDR311W	0.198766721147135	5.98127716589337	17.1842094373149	0.000128438298463104	0.000232027406837797
YDR312W	-0.707538954367078	6.75984492195083	219.404788175384	4.3235396124172e-20	9.97034437893785e-19
YDR313C	0.120169579863295	5.61322988528863	2.97765347061605	0.0904892449099165	0.111653531214344
YDR314C	0.0783521173501569	4.76151971630488	1.03444888582057	0.313926953528161	0.351709108038175
YDR315C	0.164557193463356	5.29326586621187	3.1537794073448	0.0817299970161554	0.101421162216542
YDR316W	-0.862023944320987	6.88301787887164	60.8113411807104	3.0476510955101e-10	1.27695112659776e-09
YDR317W	0.406941399163904	4.83432949880935	28.2054951952291	2.41751558193311e-06	5.5226397233804e-06
YDR318W	0.163542379261761	5.26682723892492	6.61720051072558	0.0130610457551739	0.0181129035438494
YDR319C	0.491118729667245	5.59059607420539	84.4044725038718	2.18052008074689e-12	1.28384973419604e-11
YDR320C	0.581011660494844	6.35988058365798	85.3658399686756	1.81694181630959e-12	1.07812298028195e-11
YDR320C-A	0.12700187025787	5.59630822128359	1.33538186240768	0.253246234296109	0.288503569310387
YDR321W	-0.196955842407622	6.83090422578349	9.0423951824984	0.00409110048659975	0.00607429035139706
YDR322C-A	-0.243041651382163	8.09763468909281	6.21482087137777	0.0159631550525271	0.0218439397527051
YDR322W	-0.791433878253945	6.86018196556202	48.4363177556554	6.36623357307959e-09	2.16281417371142e-08
YDR323C	0.00848614176396036	4.86506907411159	0.0336516521672	0.855178656096134	0.873105426515724
YDR324C	-1.2575391655571	7.41664995484229	168.848054028811	8.6247984519079e-18	1.30225337010213e-16
YDR325W	-0.670985698038186	6.24997178627188	39.4883550308208	7.40056482746774e-08	2.12622173995392e-07
YDR326C	-0.187850009646725	6.6172003544635	5.06972164425741	0.02869251556122	0.0377360196017946
YDR327W	0.402338361162353	3.62468844106206	26.4680386849196	4.33638461129979e-06	9.53753956415936e-06
YDR328C	0.119108832469662	7.09700144910743	9.61924766210609	0.00313740612509279	0.00472668361533405
YDR329C	0.542031909440474	7.17499834480222	154.649758646787	4.76774288353331e-17	6.35142640589733e-16
YDR330W	0.572479973715449	7.04972197959582	109.861438554675	2.59658114086441e-14	2.06640339680817e-13
YDR331W	-0.107286095076899	6.11388608311724	4.39670230847856	0.0409971173679453	0.052778616614229
YDR332W	0.272198271970803	5.47145629392435	26.0455783635468	5.00651653224753e-06	1.08817110490264e-05
YDR333C	0.239367035182848	6.94511486660928	36.4786283572183	1.78908339588109e-07	4.86899406085117e-07
YDR334W	-0.0820595965865126	7.0178637439163	3.3001323696527	0.0751651699407797	0.0936564786327194
YDR335W	0.392599027073948	7.5433403028209	82.6900635112968	3.02678338967051e-12	1.74995795596525e-11
YDR336W	0.174218631516146	4.64708029152951	8.53762315835449	0.00517702999735733	0.00758550147386556
YDR337W	-0.554559291093868	6.53578605479562	25.9576687400755	5.15920371846037e-06	1.11935966635733e-05
YDR338C	0.183571571529841	5.4827849424497	11.5710322174358	0.0013116297455427	0.00206549453979927
YDR339C	-0.481937407804562	6.43689505210454	62.733025180611	1.96156141911907e-10	8.41577584185827e-10
YDR340W	0.110476164497533	1.39861794257312	0.501709505804656	0.482024793039174	0.520405557726989
YDR341C	0.331274384106152	9.03694240467804	46.1126410590303	1.17660064450908e-08	3.84288880030646e-08
YDR342C	2.28135446071131	4.77883110704167	41.6221682690086	4.03405202451644e-08	1.20211985928811e-07
YDR343C	2.10199456190173	2.56005494777962	25.2491028110483	6.60990077341969e-06	1.41743839058045e-05
YDR344C	-0.746634142114429	2.82697442588066	55.1325920148901	1.17881777117571e-09	4.49664322739206e-09
YDR345C	-0.671209575925409	9.06668795919323	14.4350073273641	0.000388602499677342	0.000659551719552735
YDR346C	-0.0553662762495557	8.43516866802571	0.36679020775228	0.547450452697591	0.584510409684836
YDR347W	-0.638097186152314	7.17650285524481	40.0787709495458	6.24647146258468e-08	1.8143377034454e-07
YDR348C	0.0337397696047083	7.36194302333213	0.58417408842324	0.448209966628463	0.487631496283755
YDR349C	0.250123171471134	7.4480362647293	78.7081738251846	6.59672690497137e-12	3.5857353552868e-11
YDR350C	0.365740026712907	6.25551447096122	63.3315125531212	1.71270518039114e-10	7.41603779389847e-10
YDR351W	0.115277825707377	6.59299946675315	4.94367368414751	0.0306526168292972	0.0401318561842498
YDR352W	-0.145087577410992	5.97187355983404	5.95514656738786	0.0181957144262022	0.0246441622751321
YDR353W	0.0824369609592491	8.42227924807572	0.788843457023171	0.378628344043785	0.417891471816273
YDR354W	0.213162551554217	7.92787289272188	19.2983717057027	5.67954000072247e-05	0.000107115983656748
YDR356W	-1.00334804688892	5.49120487601948	31.0224888734666	9.65343421375878e-07	2.33122203464353e-06
YDR357C	-0.223995469466208	6.43851250700044	6.8386695067426	0.0117078751212921	0.016318118987735
YDR358W	0.639234398939834	6.07815407543406	27.0420022411271	3.56821875478078e-06	7.94401404489655e-06
YDR359C	-0.664319687139756	6.25578270400159	106.486566149537	4.47662292245447e-14	3.41097376118934e-13
YDR360W	-0.378045376686372	1.41761066386905	7.69049713415542	0.00774901233946411	0.011058541864917
YDR361C	-0.165123097879894	6.66257524909241	3.42319977803096	0.0700953173628803	0.0877524762708648
YDR362C	-0.262699387702289	6.17771634423533	31.5190589830215	8.23987110977311e-07	2.00336802381384e-06
YDR363W	0.0705840737212548	5.28235013740368	1.74885395868527	0.19193311391254	0.223977151140415
YDR363W-A	-0.301349030180481	7.75185312536825	24.0788102922791	9.90828396329746e-06	2.07290834256203e-05
YDR364C	-0.0186831838530536	5.73605023396083	0.300464968083977	0.585987371175805	0.62173076258597
YDR365C	0.425020838047164	7.74466120818642	19.2298281458279	5.82918424972977e-05	0.000109870197251873
YDR365W-B	0.743752818101214	3.2413708434727	47.1649732958031	8.90774497910975e-09	2.96017202144215e-08
YDR367W	-0.0254753442616202	5.36938224638305	0.279147370021724	0.599557036217184	0.634028701839537
YDR368W	0.68338980289414	7.38347436740173	68.4283778262835	5.55076167923029e-11	2.58356552776407e-10
YDR369C	0.20563040291282	5.33351186280306	9.90749539894114	0.00275152939260279	0.00417114316288989
YDR370C	-0.00399771980686349	5.68998812039807	0.0083889059805247	0.927382570802606	0.935371950140203
YDR371W	0.481272185408348	5.76341517710733	33.627672631947	4.25488046430932e-07	1.08839127171072e-06
YDR372C	-0.17239098741947	7.5671638891702	11.6617758567483	0.00126063043483642	0.00199239825734271
YDR373W	-0.0380188432002753	6.53305059830259	0.708650740254088	0.403830265593317	0.443056164521916
YDR374C	1.77080151811502	3.0297110842043	142.234000711692	2.43989922151254e-16	2.83475314132984e-15
YDR374W-A	0.226240196107556	5.23573856148562	7.48279988811984	0.00855306932427374	0.0121321262922131
YDR375C	-0.444637761343848	6.43109133109209	26.422914721451	4.40124936699374e-06	9.67670861186633e-06
YDR376W	-0.14636939820161	6.40309783690374	8.2958795634873	0.00580092499052029	0.00843348202943284
YDR377W	-0.119533199648776	8.55343974987778	3.07089972809754	0.085727990745387	0.106015033040405
YDR378C	0.018319049162816	5.90465390666547	0.179550462196827	0.673545322010005	0.704197822496464
YDR379C-A	1.0126557076966	4.56168584479666	36.3829842969053	1.84223078783923e-07	5.00245362906567e-07
YDR379W	0.262053689345888	6.56077718534139	9.67715004303733	0.00305554657818054	0.00460791864452889
YDR380W	0.692966490919695	5.73940607691838	30.7889066011269	1.04036936885593e-06	2.49951409534133e-06
YDR381C-A	-0.218599091496778	5.78485256129479	6.13615336747184	0.0166070201818365	0.022638499522396
YDR381W	-0.797612730356888	8.09314222350234	80.8815789377501	4.29891903720457e-12	2.41437445558131e-11
YDR382W	-0.347429788634576	9.55745044987614	8.21393659331248	0.00603008104657049	0.00873242945088514
YDR383C	0.626858308861672	4.37993586276723	42.4175640516259	3.22860417653789e-08	9.75471078251248e-08
YDR384C	1.88692655667537	8.36241132048542	56.1198729919865	9.24294392250686e-10	3.57958286260953e-09
YDR385W	-0.295865884169541	9.28496318669083	11.0283402176153	0.00166521711345255	0.00259186767741465
YDR386W	-0.098395843619078	5.57624093432096	1.32088360286063	0.255805954861952	0.291256153581366
YDR387C	0.222647230432682	5.76839254696324	22.2638249153163	1.89385792781887e-05	3.80898812836513e-05
YDR388W	0.0762890565458269	8.06366545895972	2.89584422400024	0.0949101437291343	0.116847918103735
YDR389W	-0.188975764402697	7.06705801906427	4.9775636585694	0.0301118330367795	0.0394577786327838
YDR390C	-0.159492231648421	7.12661987668159	15.8426238186842	0.00021895071602141	0.000383368409300646
YDR391C	1.42858399571829	4.97083962099231	257.352901594557	1.51002715144055e-21	4.90543707904646e-20
YDR392W	0.148969483776721	6.05707916419508	10.6631199788788	0.00195853914682652	0.00302168938821081
YDR393W	-0.492924948030437	6.11783835605843	86.4690122374615	1.47657145621311e-12	8.90036339151031e-12
YDR394W	0.111711856285102	8.83746219731927	7.30204006846549	0.00933521992066935	0.0131740423915241
YDR395W	-0.411834122558868	7.61127181946429	51.0105860871019	3.27960001683796e-09	1.16421019839706e-08
YDR396W	-0.239883371477706	2.27873145049788	1.85705458436548	0.178997462186428	0.210089945978595
YDR397C	-0.0233773042677627	2.810434146534	0.0321845319068086	0.858337041974989	0.875742569388928
YDR398W	-0.823029440340485	7.16417759471463	68.5735181637238	5.37941238807686e-11	2.51922020143169e-10
YDR399W	-0.861382830154242	9.34569679486699	92.9046983858926	4.54862350072522e-13	2.96806215138426e-12
YDR400W	0.0796062543303809	5.89311234451262	0.466693759825936	0.497610268803083	0.535238748493492
YDR402C	1.21741241548161	3.54261741881197	93.0375230525158	4.46890983517816e-13	2.92231182347633e-12
YDR403W	0.952553665071839	4.95699191697259	37.3709835457198	1.37295758949085e-07	3.80800264456505e-07
YDR404C	-0.0264444268408535	6.45802488196149	0.186126910698109	0.667981873500488	0.698981376052075
YDR405W	-0.0968237352043003	7.24966729328386	1.64633717564954	0.205270227684077	0.238353070024921
YDR406W	0.518280576360023	6.11319741983336	111.366554628606	2.04451165283707e-14	1.66403568749627e-13
YDR407C	0.0476837095837971	6.78248638080069	0.663428940993958	0.419146850580081	0.458785693335407
YDR408C	-0.234423178125444	7.51590990698021	14.5515677328433	0.000370359437945988	0.00063087528209714
YDR409W	0.114042671794283	6.49634117314287	3.35259537846359	0.072955985918827	0.0910902465696921
YDR410C	0.432903676277882	5.23225564231825	53.0570693129814	1.95996496504971e-09	7.20547506474798e-09
YDR411C	0.27431787500731	6.7782969333717	34.0509795590312	3.73386682526012e-07	9.64846402045146e-07
YDR412W	-0.717015876083842	3.99804643531699	39.762617842416	6.84588967402132e-08	1.97244563821305e-07
YDR414C	-0.0719918676224047	5.83647095810713	1.52778653904178	0.222119221110275	0.256401558232718
YDR415C	0.0956282714523395	5.88830558001716	5.57619247229844	0.0220722547948149	0.0294942684791117
YDR416W	0.0712449418841068	5.67205906881861	2.57758152512907	0.114574777903584	0.138812188632243
YDR417C	-0.311366523651935	0.223541831228168	1.2057199830637	0.276563559728177	0.313133522712505
YDR418W	-0.486757671963751	7.85284358191421	20.8337682594036	3.19569428889673e-05	6.23770017018381e-05
YDR419W	-0.325946889210083	6.0060635865183	36.7572112547461	1.64652385287536e-07	4.50721097855449e-07
YDR420W	0.0302495152166532	6.84400030728101	0.382743189986723	0.538897898269633	0.576288495462063
YDR421W	0.0489308818514291	5.90701979284779	0.650873835864634	0.42355445200197	0.463027384411563
YDR422C	0.189206755986302	6.47039524124047	27.9901276937314	2.59661624570831e-06	5.91402906991103e-06
YDR423C	0.0236864114250874	5.81463099253614	0.125565028491861	0.724539389536747	0.751831566984782
YDR424C	0.178595182752909	5.71851640111861	16.3556856948962	0.000178283787873603	0.000315796246893947
YDR425W	0.815577956126161	5.96405482749541	293.1275652715	9.12776086694606e-23	3.75471676743025e-21
YDR427W	0.0147734854913804	8.43728041840826	0.10247370512617	0.750191537995021	0.776069003111927
YDR428C	-0.142005779350933	5.21694965162427	4.16824266049641	0.04638852354125	0.0594417520009956
YDR429C	-0.213146461974075	8.10793119259882	15.3965091602733	0.000262189091997404	0.000455538582214667
YDR430C	-0.257191888272275	7.36122628226558	11.4092496899922	0.00140793180548152	0.00220857738515112
YDR432W	0.62212276290899	8.16552009478123	93.7934641518755	3.88234873776656e-13	2.56075180016499e-12
YDR433W	0.749042823735877	3.18486629105887	58.7903402882658	4.90434255480565e-10	1.98126326965208e-09
YDR434W	0.271379429656174	7.04569792821565	52.643496128986	2.17258389908319e-09	7.89182027304204e-09
YDR435C	1.00566484512338	5.71507913806174	119.439586309142	5.88419236934741e-15	5.25263389216818e-14
YDR436W	0.978386670256908	6.53251755975779	160.660206809735	2.27959228120458e-17	3.16852917990263e-16
YDR437W	0.0746717956231781	3.52204133838795	1.21332358676575	0.275858117618628	0.312451017685992
YDR438W	0.233522867545844	5.06046003828017	32.2952206783796	6.44777186033943e-07	1.59504409125341e-06
YDR439W	-0.117067009897549	5.31512552296481	6.16755775759552	0.0163467682498448	0.0223237158154004
YDR440W	-0.554576581567109	5.79223084090334	19.4127324174029	5.43878521363848e-05	0.000102638947243122
YDR441C	-0.669957077967113	6.34003700465684	219.708252690352	4.20138643307833e-20	9.76404996177452e-19
YDR443C	0.28247380702813	6.10185475484449	24.8657806679851	7.52227018535346e-06	1.60180415839216e-05
YDR444W	0.00727264264562884	5.83756687170623	0.00628646686923834	0.937115088618791	0.944406002236584
YDR446W	0.161663793158893	0.581266259194132	0.523889371227301	0.472568339146266	0.511829932169092
YDR447C	-0.503043024661469	8.89527993512925	18.7448374357263	7.01276098667171e-05	0.000130922075703335
YDR448W	-0.572895168455867	5.14968506373019	55.0114715992347	1.21015705258899e-09	4.59889896139936e-09
YDR449C	-0.850486508724542	6.09140058203759	75.9447179287724	1.14937441489251e-11	5.97556911858719e-11
YDR450W	-0.533630636286009	9.42338336517029	27.8181162384985	2.74989709856044e-06	6.24445115107645e-06
YDR451C	-2.60983212388161	6.29869883412518	76.9007749171058	9.47469825795068e-12	4.99843700124816e-11
YDR452W	-0.318338189451335	8.16543306644354	32.6745608615506	5.72345308139808e-07	1.42980641606695e-06
YDR453C	2.7973054811995	5.29211506838608	809.821521536838	6.41730330902169e-33	3.55168568593855e-30
YDR454C	-0.290302736682905	7.49494914131441	22.1367116363452	1.98304641986377e-05	3.97392580781127e-05
YDR456W	0.120111573211692	6.85474966053268	3.14439355192699	0.0821719166032358	0.101928000872147
YDR457W	-0.244793420507649	6.77358958761328	20.5175383297249	3.59337697641175e-05	6.95595517723202e-05
YDR458C	-0.0572551002116935	6.74568128048527	1.60895846863231	0.210409496417547	0.24371632690069
YDR459C	0.251652101735028	5.63862913362672	35.9062052917364	2.12395570861229e-07	5.71899263778489e-07
YDR460W	0.262643369485916	6.23123382454704	27.3282766470867	3.24025373865527e-06	7.27921208890528e-06
YDR461C-A	-0.231711105037529	4.68109778899863	7.05846166779955	0.0105117038988606	0.0147284817804978
YDR461W	4.32820657834917	8.15681776408	378.855679378404	3.12045413551641e-25	2.31674692402731e-23
YDR462W	-0.447068745210803	6.40223035204642	18.5482088764291	7.56174926689285e-05	0.000140782659134078
YDR463W	-0.117130456106315	7.91022340333792	12.1075367445695	0.0010387044196667	0.00166149041170017
YDR464W	-0.426859409831496	6.6939682481457	19.5650480254804	5.13441442539229e-05	9.72870059812894e-05
YDR465C	-0.331971673204729	7.03542332303359	7.41570867049625	0.00883488446649491	0.0125029441790568
YDR466W	0.0189290715637741	6.48269498957097	0.189504654437055	0.665169751268864	0.696278102772497
YDR467C	0.229415666333498	1.9965001365267	4.4577768543887	0.0396816867948212	0.0511826502556931
YDR468C	-0.203553969506931	6.86877892778598	26.3840937489713	4.45980609134965e-06	9.79484108374339e-06
YDR469W	-0.225442638667505	6.03646977858323	17.3898742136237	0.000118484192252002	0.000215258657842492
YDR470C	-0.262487181708149	6.39188891087805	15.8130497361926	0.000221572534011577	0.000387624593983471
YDR471W	-0.959990042788335	8.9039015559135	62.0365550083571	2.29915162511463e-10	9.78827628929919e-10
YDR472W	-0.250379680271722	5.96386647129024	37.9193392957151	1.16792350831012e-07	3.27664438644793e-07
YDR473C	0.275676857681339	6.09949886661845	50.9375224017733	3.34115145898156e-09	1.18398894541791e-08
YDR475C	0.573776454882171	6.58102649846708	26.4871566645343	4.30608838161182e-06	9.47432817753985e-06
YDR476C	0.377923600632305	6.67656388737889	17.2116138501282	0.00012706282245026	0.000229678878585861
YDR477W	0.0112524674987391	7.51029360312037	0.0268594202180807	0.870468060125244	0.886782053219961
YDR478W	-0.201708808666443	4.07653634309964	8.4931600389409	0.00528634750687839	0.00773450699876847
YDR479C	0.52803985450253	6.36527994518906	202.892536350907	2.16595150077242e-19	4.4699365209161e-18
YDR480W	0.527371517452617	6.02779945974586	23.3103768710021	1.3007089719537e-05	2.6716316535945e-05
YDR481C	0.496573074983547	7.94419970124492	110.59661895024	2.30960796803074e-14	1.85744957851666e-13
YDR482C	0.293308873868758	5.27530828914481	20.832571408872	3.19727765712501e-05	6.23879050531316e-05
YDR483W	0.472768324280856	8.37935087380588	216.568142020916	5.66160524233532e-20	1.27658713760509e-18
YDR484W	-0.101883037254957	5.92907200331757	3.52963013890373	0.0660141168660528	0.0828818196495215
YDR485C	-0.210800470095946	6.64987191914192	16.4742747003444	0.000170057285377933	0.000301751312556356
YDR486C	-0.0400383468403247	6.82550819334729	0.625308787763063	0.432750731419195	0.472402089453121
YDR487C	-0.0740091017221343	7.76208497060273	1.20670350758195	0.277155432726838	0.313686981677076
YDR488C	-0.912566182391437	4.92665096173869	37.8910879824694	1.17789286530804e-07	3.30157079373636e-07
YDR489W	-0.172174820127642	4.93847619073407	5.05180114547463	0.0289630435462441	0.0380589270687533
YDR490C	0.420902539195266	6.68359262579489	48.9251377002849	5.60522972940254e-09	1.92251485028748e-08
YDR491C	0.273320777049558	2.9464661142408	3.81214502286575	0.0563955257727101	0.0714538940487532
YDR492W	0.271220754548537	6.63797430934995	3.86414531088383	0.0547954281048622	0.0695568320063388
YDR493W	-0.403311396172009	5.45926404022544	9.15037604833305	0.00389175779248402	0.00579291477766325
YDR494W	-0.452695510625888	7.4590569670596	16.1847933744254	0.000190870946061364	0.000336330627965727
YDR495C	-0.298771173070742	5.71464821115882	23.2894218920267	1.31046970290617e-05	2.68921173698431e-05
YDR496C	-0.391149265528007	7.37874785139071	11.7816585749421	0.00119644738076118	0.00189866807222976
YDR497C	0.0981021030534462	9.87717338480318	1.04255447890274	0.312057073355432	0.349807302999055
YDR498C	0.270472459855009	6.1882325271756	22.9955717664907	1.45541728281803e-05	2.97035883935506e-05
YDR499W	-0.00244888275396922	5.82863782094123	0.000896947823794033	0.976224790279654	0.979119690810961
YDR500C	-0.533359398699248	8.86654566282337	25.6639179174553	5.70673033029866e-06	1.23507196057086e-05
YDR501W	-0.155895141533042	5.23792079533969	0.72641065187326	0.398042133965403	0.437178515529745
YDR502C	-0.28541342892814	10.3428171486141	5.2265761989884	0.0264394980081091	0.0350225552378957
YDR503C	0.541785733999152	5.16488960840832	26.3256188399748	4.54997625189495e-06	9.97847817778692e-06
YDR504C	0.00143737754778703	3.69666372146421	0.000160117884471051	0.989953503785073	0.99125607418479
YDR505C	0.621840519030373	7.29769614878744	77.1540568429536	9.00051094449741e-12	4.76893913229767e-11
YDR506C	0.332225065358525	5.2549619985309	24.9465931915739	7.31433182271824e-06	1.56080098621481e-05
YDR507C	-2.06870848027413	7.65218292660075	90.2841681870737	7.29860237518389e-13	4.59502494934018e-12
YDR508C	0.99116109260463	7.62896479812611	45.5066436090157	1.38448385227357e-08	4.47147888203794e-08
YDR510C-A	-0.00712581593677712	0.723491462212476	0.00139141701571217	0.970392997867535	0.974072971313694
YDR510W	-0.431704641261653	7.49729627802125	57.2057587345818	7.11734107717785e-10	2.81001118533455e-09
YDR511W	-0.0171194476863716	5.74543590642023	0.0178664281421931	0.894194348759506	0.907318153396706
YDR512C	0.190134043868681	6.13798781744484	4.15889742678682	0.0466246682577022	0.0596952640069171
YDR513W	0.828563524747604	6.86575076646043	80.1855087538063	4.92698279642908e-12	2.72686102406002e-11
YDR514C	-0.453908877676209	5.94435794340673	39.5163672030085	7.34110480964085e-08	2.11113113278666e-07
YDR515W	-0.98191982385988	6.62870021579317	161.005319111821	2.18641002992869e-17	3.05295051885456e-16
YDR516C	2.00899623023777	7.36696248250314	64.9611407311903	1.18805003642167e-10	5.2336097118199e-10
YDR517W	0.270036524143294	6.95701191721615	9.32623886010619	0.00358854956402733	0.00536915452096299
YDR518W	0.0648099421727116	5.4483910649302	0.329110689458016	0.568709782556702	0.605298104231678
YDR519W	0.0826086694400725	6.50217953866349	3.94417958743503	0.052432491110789	0.0668080799251745
YDR520C	0.141196482869065	5.58587366697781	9.27743427253163	0.00367014695318236	0.00548450040524649
YDR522C	0.739221293024317	3.44885600981724	56.6728566038294	8.10339241728199e-10	3.16646040028323e-09
YDR523C	0.796670666975973	3.46335069376955	14.3100262272137	0.000409681389163004	0.000693780333024859
YDR524C	-0.535299884186754	6.38416692157094	76.6938130876746	9.87534025023836e-12	5.19180236990079e-11
YDR524C-B	-1.01521584680146	10.103777117713	103.739921245414	7.03519263670474e-14	5.20416194073614e-13
YDR524W-C	-1.25772500305798	9.2166681293586	220.005947885015	4.08481232022855e-20	9.62057783751577e-19
YDR525W-A	0.414926202250464	4.23049306668814	44.4988207972494	1.8202340324658e-08	5.73580993253198e-08
YDR526C	-0.458113798604937	0.680305816278239	3.28218050600309	0.0739383724269439	0.0922411498637776
YDR527W	-0.282320928851622	6.80679486138285	20.1422501441636	4.13319926900456e-05	7.94284000937492e-05
YDR528W	-0.69885959528343	5.74098886434818	39.3819484001038	7.63183842041e-08	2.18853661344588e-07
YDR529C	-0.352166956501392	9.58416390563803	17.4041731227866	0.000117822513011882	0.000214184371220167
YDR530C	1.0214125439651	5.62489484492407	288.081285464429	1.33223497098428e-22	5.33595164694229e-21
YDR531W	0.178292933173539	7.64089204587445	22.2649334086015	1.89305876319026e-05	3.80863904504372e-05
YDR532C	-0.589809577442995	5.37455867674242	91.8339110868744	5.51386497120023e-13	3.54471065941573e-12
YDR533C	0.285193465214234	6.31872976592027	16.2794337091246	0.000183788371440226	0.00032488490282465
YDR534C	1.51060087656164	4.46668778553473	67.168084162423	7.30874513393267e-11	3.32305006537581e-10
YDR535C	1.65824764918123	3.02627891430428	144.078746003566	1.87355890864641e-16	2.24090896578376e-15
YDR536W	5.32964726835762	8.7616592367486	78.1502431272941	7.37627987208617e-12	3.95395094780621e-11
YDR537C	0.613422468532642	1.14698728250163	14.0496602693766	0.000458796338377858	0.000773512076445417
YDR538W	0.584857036880078	2.85770348328422	56.4312303186898	8.60128938726972e-10	3.35026550158017e-09
YDR539W	0.669065975304098	5.10439963213435	74.2477225394925	1.62716880816438e-11	8.31755138883689e-11
YDR540C	0.498347353979441	4.23055055299709	32.2317400537229	6.57922940306305e-07	1.62426393373268e-06
YDR541C	-0.0230506722912075	5.07701939435293	0.0853946802440013	0.7713035922667	0.794803024664805
YEL001C	-0.0643895460685571	8.26066716972258	1.62963446996364	0.20754770175891	0.240813876178434
YEL002C	0.164140077167052	8.1330496040553	18.718533435018	7.08372411660646e-05	0.000132125344429841
YEL003W	-0.422338251112754	6.41360450842487	19.4597519589552	5.34283276674528e-05	0.000100953339180463
YEL004W	0.27381013261012	5.2237070953223	26.554273720466	4.2093375413665e-06	9.28158165586354e-06
YEL005C	0.35801075573049	5.02660838804368	31.0757551779529	9.49118138990791e-07	2.29477014701189e-06
YEL006W	-0.0401785591836905	6.15505235591138	0.915053689944028	0.34329891278161	0.381551474800467
YEL007W	-0.812171250679883	7.57152554164769	74.0591258285425	1.69057431682142e-11	8.62717220520437e-11
YEL008W	-0.584939745755183	1.97832738955121	9.59780474186837	0.00317164176570262	0.00477471688170068
YEL009C	-0.44225257375458	10.522916441688	42.1252247656492	3.50148020212105e-08	1.05321202917554e-07
YEL011W	2.16997271117389	6.89668182609919	179.087627862262	2.6904329309129e-18	4.52468389044136e-17
YEL012W	0.447018510426886	7.20324125225061	59.7691411739538	3.88303155856521e-10	1.59729027895574e-09
YEL013W	0.0100732283108139	7.24616328077463	0.089776014061978	0.765682345211534	0.790080358923359
YEL014C	-0.161946977159453	2.54292699246873	2.93594627525404	0.0927179354514851	0.114287667752306
YEL015W	-0.230362801456973	7.51149180174275	55.2523428729377	1.14077664754244e-09	4.36520944703859e-09
YEL016C	-0.47560126208433	5.88686624562926	46.0581626479377	1.19390553582619e-08	3.89522877926572e-08
YEL017C-A	-1.92810354797512	7.13229883681854	547.461625977218	6.73694902318221e-29	1.17184416151809e-26
YEL017W	-0.74360846613874	6.28506198904017	38.5069559077367	9.83503932362231e-08	2.7823289685043e-07
YEL018W	-0.202829678160033	3.79831914426316	9.63572796216285	0.00311411931167291	0.00469276197263978
YEL019C	-0.18818402517923	3.70537548879095	9.02104664852434	0.00413211984022368	0.0061267281021144
YEL020C	0.181728817055068	5.8791461390897	16.2485876392485	0.000186072751306569	0.000328732127090654
YEL020W-A	-0.23158680073008	4.83122379852231	7.43749872602913	0.00874243349646706	0.0123949546172547
YEL021W	-0.117245885923814	7.27196804606309	7.23711862088512	0.00963438119790311	0.0135679187445834
YEL022W	-1.01162645811612	6.81790854579887	370.935204336941	5.01553039632057e-25	3.59229988856466e-23
YEL023C	-0.50817850186192	5.12021277826709	41.3336193711604	4.37397745260747e-08	1.29454422612904e-07
YEL024W	-0.34038843683037	9.27874220826365	18.2351874933635	8.53004843466381e-05	0.000157653111324327
YEL025C	-0.229037761007659	6.8008682852702	21.2205215787744	2.77084928525143e-05	5.44334638548264e-05
YEL026W	-0.286063516522331	7.02712567408397	6.61599434007919	0.0130687258715525	0.0181194268061971
YEL027W	0.00733936273651376	8.80096658868571	0.0180935797637258	0.893527949785596	0.907086569667285
YEL028W	0.247770277422829	3.52231890765795	10.4902378251095	0.00211615281585241	0.00324839595131353
YEL029C	-0.282655827270179	5.97523269933111	53.1335402509754	1.92254849566183e-09	7.08503343921867e-09
YEL030W	0.676305061876945	4.81180514111482	90.17257157802	7.45433872224013e-13	4.68822460134276e-12
YEL031W	-0.0936145394353594	8.79600298260747	4.59218920294075	0.0369215096991597	0.0477540155191171
YEL032W	0.1434302366205	6.93995313812057	0.768338911494756	0.384849962542317	0.423836210556734
YEL033W	-0.361348195912458	4.3686856928657	23.7222531609552	1.12410580126268e-05	2.33329564203451e-05
YEL034C-A	-0.294792525705734	7.93889829860788	13.9487627002756	0.000475846331803535	0.000799821222534489
YEL035C	0.781704255938591	0.875184147891323	26.627866763988	4.25822014016551e-06	9.3791766328971e-06
YEL036C	-0.0147691345466488	7.87059652057947	0.019972414935876	0.88817204582253	0.902251195556076
YEL037C	-0.272576955308438	8.29537525283355	34.6379638283753	3.11903107754031e-07	8.16014662658591e-07
YEL038W	-0.0876576348271146	4.42516757384814	1.89678306352087	0.174466619093881	0.205246913438367
YEL039C	0.883733499208722	3.58139648692934	13.993150704593	0.000466842938493058	0.000785989991577915
YEL040W	-2.72814728670347	9.26631312375766	375.92486370746	3.71631569951437e-25	2.69344404507661e-23
YEL041W	0.0997187144016024	5.33364324385895	1.11173183479941	0.296685756241781	0.334052687997034
YEL042W	-0.423564271776227	7.70640389964241	13.0683101506935	0.000688402168408877	0.00113025685039731
YEL043W	0.144305625132498	7.25401667992063	6.46130841628282	0.014112467300847	0.0194778283671631
YEL044W	-0.613685252502181	6.72829192526304	172.917056140965	5.39314466494095e-18	8.5727061932534e-17
YEL045C	0.454344487308696	2.93208835557865	12.6582603630941	0.000820239443892258	0.00133021250250828
YEL046C	0.32028875705358	8.09489866587615	11.0106572037452	0.00167829905648766	0.0026104968461668
YEL047C	-0.0277735295203064	6.20700948222108	0.0254727032958739	0.873826538137376	0.889756809530079
YEL048C	0.0178791166059201	3.98767817974397	0.0260205122492549	0.872488959442513	0.888543456856143
YEL049W	0.620291874656568	3.12593271091076	16.5768248791398	0.000163882142720149	0.000291303499235114
YEL050C	-0.736811869760028	7.25249739356888	44.8095392356568	1.6716425080979e-08	5.30326190166753e-08
YEL050W-A	-0.725339179613525	1.8169995758733	13.969253594888	0.000472943875319655	0.000795381854404989
YEL051W	-0.017408487815008	7.63305476991172	0.191697826275717	0.663359802321143	0.694861403394893
YEL052W	0.350994471840186	7.07966522543055	32.7445267334053	5.59953107092745e-07	1.40230132290442e-06
YEL053C	-0.13152121018925	6.81574456986308	4.98030227383991	0.0300685846244581	0.0394095894927235
YEL053W-A	-0.131631596178532	1.20960197983818	0.315867158557479	0.575730212078438	0.61172134243725
YEL054C	-0.488551962114052	7.7423412234199	16.8842695676625	0.000144547804782019	0.000259054175894299
YEL055C	-0.461425676313325	7.31870507841092	61.6577674424405	2.50762181177022e-10	1.06311988788698e-09
YEL056W	0.335463791780152	6.52254126422849	66.1281279027066	9.17246857365992e-11	4.10602857915012e-10
YEL057C	2.09583596166273	4.62637026636482	428.592122821552	1.93784772169323e-26	1.84337764526068e-24
YEL058W	0.526317382270422	7.87509178506451	90.0372195891242	7.63464457656898e-13	4.7867884842587e-12
YEL059C-A	0.424499124438534	4.14115306350439	25.4425399198372	6.1611838324357e-06	1.32541650783988e-05
YEL059W	1.77960630215024	2.19329803986618	167.605076198365	1.07783616094769e-17	1.59533151349259e-16
YEL060C	1.70921913796777	9.84840453109602	401.375312849678	8.47848175217202e-26	7.16902734822545e-24
YEL061C	-1.06803173790129	5.97592029210439	22.3595204136902	1.82943931389129e-05	3.68795580893052e-05
YEL062W	0.0985507283780515	5.72661674733356	3.82105050063543	0.0561157796503168	0.071143870577078
YEL063C	-0.137862708952519	8.18016947582406	9.05222897764672	0.00407250188743129	0.00604957670562685
YEL064C	0.0482605094014188	5.17660829880774	0.193133888175327	0.662181444238275	0.693746451991502
YEL065W	-0.06996666740479	6.94638807852543	0.0194462039900357	0.889645199261179	0.903596925776119
YEL066W	-0.165138855525401	5.52015122640163	4.87563416509306	0.031770360803518	0.0415327370779081
YEL067C	0.422465311436978	3.72448354066758	11.3438305960154	0.00144916070853913	0.00226799238909672
YEL068C	0.0950565569709607	5.05949361031043	1.40227804875999	0.241843597656468	0.277382031373884
YEL069C	0.825453679321734	1.91666352217519	55.8577307621319	1.01532116171594e-09	3.91467715802826e-09
YEL070W	0.824993944417701	2.63583910225815	31.7055559971299	7.7889244907439e-07	1.90514151465042e-06
YEL071W	-0.232373723143128	11.1289445059008	4.31922649727978	0.0427450325258162	0.0549243896194953
YEL072W	0.381792766856917	5.84705798934676	22.6577795332389	1.64292667372693e-05	3.33293488492153e-05
YEL073C	1.40997972583433	4.09407499722981	298.462642183423	6.19597392404995e-23	2.67525455671036e-21
YEL077C	0.00204875769986023	4.16101722344939	0.000239842504960739	0.987704333486157	0.989166636332246
YER001W	-1.47484872799249	7.75787708081312	33.5924210845742	4.30131384476707e-07	1.09842276371401e-06
YER002W	-0.681974973531553	7.54584570678735	68.385384857479	5.60260291738098e-11	2.60570256386673e-10
YER003C	-0.68214032200882	7.86556104173361	12.9818878121371	0.000714118507411363	0.00116901142057553
YER004W	-0.489519644512876	8.3512747547187	26.9942489507644	3.62618579021088e-06	8.06584548440039e-06
YER005W	0.215688813175488	6.36075106223536	45.7034064014984	1.31309798288197e-08	4.25899867862837e-08
YER006W	0.00084989181872907	7.37162095199095	7.42564824871721e-05	0.993158226730746	0.994137994793946
YER007C-A	-0.29192766651624	6.80751908804598	57.8708749878865	6.07334033948401e-10	2.42138153155067e-09
YER007W	0.157911733630629	4.81177242574825	10.3811073837146	0.00222201566860354	0.00339975656960501
YER008C	0.0898105550885186	6.90748126063483	5.36189822518722	0.0246481445439615	0.0327565824020165
YER009W	-0.0702401708824876	8.12240825803766	2.05366729271919	0.157954422117583	0.187232578242182
YER010C	0.124638184989467	6.51206831514723	8.53601600105461	0.00518078587180978	0.00758917814908036
YER011W	0.1565991049719	2.51251226103621	2.49283923132711	0.120567592238381	0.14540719127323
YER012W	-0.011809793523819	8.48153717211654	0.0656621294833002	0.79879363061312	0.82090743132557
YER013W	-0.0780624249100518	6.06617230685232	3.95306282176295	0.0521771655569273	0.06649666818308
YER014W	-0.0351579104105099	5.4650127464149	0.169469951371487	0.682311895358577	0.712643550252545
YER015W	2.14119073162444	7.80971300583575	245.754459245161	4.017343274568e-21	1.17584547382548e-19
YER016W	-0.396296410782226	6.04981936799267	31.2015189508835	9.11648911810762e-07	2.21032201318356e-06
YER017C	-0.304094258063653	8.20333959149102	50.1771639612242	4.0573948862607e-09	1.41880643696469e-08
YER018C	0.0833358196423833	5.21752719662999	0.446969318177765	0.506798819264533	0.544256696363111
YER019C-A	0.379862560059032	7.4006875350774	80.0121459023735	5.09771912727856e-12	2.80605009465388e-11
YER019W	0.548616428508409	6.51951069462979	43.1802339717525	2.61161732437803e-08	8.01791541644653e-08
YER020W	1.38228585490208	7.86724237698678	906.601909021632	4.22055784392976e-34	3.67067945054919e-31
YER021W	0.0830282587798565	8.98108691776769	4.07445075618267	0.048820674061191	0.06241500707361
YER022W	-0.128421634924893	6.2526637891142	16.3089109698715	0.000181638850157372	0.000321271737291714
YER023W	0.297284003800343	7.47161787517139	26.1107526247082	4.89582162096181e-06	1.06563325092655e-05
YER024W	1.43457107802859	11.3780171850997	114.321532328431	1.28644945448255e-14	1.08026265915721e-13
YER025W	-0.221977121209118	8.3828767698826	24.9189940446311	7.38424748363687e-06	1.57461641612544e-05
YER026C	0.339662546926006	8.69314537018754	15.4132422512412	0.000260415843598876	0.000452586827242352
YER027C	-0.0537169479120114	6.82233193368477	2.10219073024375	0.153222879798863	0.182196756891485
YER028C	1.66271077168885	4.58043026524342	37.1532251578818	1.46448811995527e-07	4.04528297381475e-07
YER029C	-0.191037363329548	5.8893654010642	3.3730114933725	0.0721157665689505	0.0901336043670234
YER030W	-0.182123942339115	7.22031412947737	6.37825864150744	0.0147091181643552	0.0202133588289264
YER031C	-0.453242593984172	7.18482579111403	175.207214772128	4.15631425453564e-18	6.74763764843013e-17
YER032W	-1.05933177219653	6.72550874601251	56.0600022151792	9.37614937238999e-10	3.62655637732594e-09
YER033C	-0.151310141386768	5.99964996598298	4.69687664603141	0.0349209308545322	0.0453495364851519
YER034W	-0.134381495636454	5.40517185331838	5.58383961329084	0.0219859826753462	0.0293918890047228
YER035W	0.130322047861234	5.4594733202504	1.08883352505127	0.301660996697446	0.339027533301468
YER036C	0.136185829464843	8.56419758004732	5.17195021771947	0.0272017773382789	0.0359306618432289
YER037W	0.619961144848841	4.07243082112731	55.0713189268149	1.19335418963273e-09	4.54639568616025e-09
YER038C	0.0347598153698154	4.56608057789611	0.438214913381412	0.510971826634289	0.548351221672757
YER039C	0.859713268224538	3.57159808328945	134.028932059245	7.22571053799708e-16	7.78586296554446e-15
YER039C-A	0.620181287917416	3.17732151599871	68.9411882054555	5.01122591563722e-11	2.36498785848057e-10
YER040W	0.0777258807139826	6.41396439092792	3.11812669034112	0.0834236713142322	0.103333328781495
YER041W	0.352103963771564	5.45930464111007	43.6798243262433	2.27595494919966e-08	7.06939476057526e-08
YER042W	0.694179705906704	7.35603573633501	53.0445770772053	1.96559424413393e-09	7.21948059620672e-09
YER043C	0.406664925278213	10.141375409446	60.773082866394	3.07472770461016e-10	1.28652524162657e-09
YER044C	0.141838697531997	6.7838634336908	2.5073516790004	0.119510957323148	0.144247166570842
YER044C-A	-0.483532518519611	3.00296898977743	13.5284288765481	0.000567071230877878	0.000942744307368793
YER045C	-0.116496008965528	5.61499765616674	2.1746253392121	0.146463019460884	0.174562815676951
YER046W	0.803966275022209	4.77392615461658	128.857026864939	1.48180785906508e-15	1.51872832424044e-14
YER047C	0.119326314259006	6.63791443231728	8.61372092136397	0.00499542338290458	0.00732646050472732
YER048C	0.192413166652983	7.39861842564874	33.5081390310485	4.41501496798235e-07	1.12462808054714e-06
YER048W-A	0.176719033265824	7.3145775442747	4.78025218035995	0.0334113265595471	0.0435377046435195
YER049W	-0.254496709192393	7.94765873317294	11.366097772291	0.00143485762809744	0.00224791900150726
YER050C	-0.556899118235189	6.91078088397604	49.3538769045659	5.0156766096116e-09	1.7300532124258e-08
YER051W	-0.0891941196089698	5.50985432798918	3.52924993568066	0.0660284288680175	0.0828826958656681
YER052C	-0.224005999815413	9.76545363771921	2.82922968041805	0.0986892393808729	0.12108425823272
YER053C	0.0113975771664005	6.43957036895315	0.00280025175883279	0.95800488335105	0.962907995681227
YER053C-A	-2.60787960479746	6.93688515888997	93.8596681358217	3.83754089652806e-13	2.5366937001154e-12
YER054C	0.904398862822815	5.06607090832797	230.493888262999	1.5494417830392e-20	3.99703456573842e-19
YER055C	-0.674354516675916	9.58239822790572	92.567903313842	4.83124401540383e-13	3.13567308803609e-12
YER056C	-1.10109243060339	9.41475504004355	80.9746153756295	4.22151157340788e-12	2.37528303686758e-11
YER056C-A	-0.850654395335335	9.09637706884984	40.71191974948	5.21472868419231e-08	1.52777999178839e-07
YER057C	0.0991048362648442	7.35238287180412	6.29383523808172	0.0153432396643191	0.0210240024929946
YER058W	-0.800913474980462	5.67423537571214	58.3041562147131	5.48075096511875e-10	2.19807719865896e-09
YER059W	-0.0832925827902254	5.83885709470967	2.79861141512932	0.100482681220794	0.123061469175658
YER060W	-0.435822974169459	5.72416760137995	21.2965517159722	2.69453722841333e-05	5.30369953009388e-05
YER060W-A	-0.748496137834681	5.38279941476402	53.0290303070457	1.973500115438e-09	7.23775223059432e-09
YER061C	0.130334038756287	6.28657820527633	3.70943295483926	0.0597002489689114	0.0753899845929751
YER062C	2.81664613447588	8.1611752489572	155.269226298583	4.41421615714593e-17	5.91932774552961e-16
YER063W	0.138486214380443	6.90863973735605	2.86432368527777	0.0966777163014805	0.118831806348357
YER064C	1.32510884622138	5.52709617799732	105.466063689815	5.29332193386339e-14	3.99327681949942e-13
YER065C	1.71423818756844	12.8861798516976	81.0484813124649	4.16121180177973e-12	2.34786445312651e-11
YER066C-A	1.04314943937471	2.57841771734435	91.7496928408943	5.71544509365198e-13	3.66655740043765e-12
YER066W	1.02259367711179	4.92821846058593	271.768658812817	4.70732444343775e-22	1.69575095926917e-20
YER067W	2.38489555794359	1.24163709336072	52.6085034222929	2.44913801832679e-09	8.85412841779898e-09
YER068W	0.0697168508224481	7.21694865002552	2.80924743201004	0.0998555579145688	0.122342651757677
YER069W	-0.797633640755307	9.92639202772365	171.572419472557	6.29219831062539e-18	9.87291322553798e-17
YER070W	-2.55093263743545	7.9644191623441	45.9772772670754	1.22005248201359e-08	3.97202112860896e-08
YER071C	-0.0520873633525274	5.02743092468146	0.509059267419488	0.478805515309461	0.517572439134232
YER072W	-0.052232898735832	7.10432643209287	1.38391618478251	0.244908157552991	0.280263320147107
YER073W	-0.0988581885191448	8.84170135080884	1.61193012012796	0.20999525097581	0.243301970437503
YER074W	-0.513768133211652	8.98523244118996	19.0008380146877	6.35964411156258e-05	0.000119351150897636
YER074W-A	-0.0191122283063288	6.09289465414547	0.118846125873203	0.731709879592808	0.757722358727848
YER075C	0.457676500742438	6.78738401388819	29.4726147121649	1.5926723217781e-06	3.73217440145691e-06
YER076C	0.193130965380478	4.95601484487423	13.6029571382248	0.000549444322630565	0.000916192012099391
YER076W-A	0.194972114900218	2.04306732176228	2.89192177660695	0.095137094444969	0.117079973919744
YER077C	-1.02158981872459	6.34694421972265	227.445325905953	2.04408867054637e-20	5.07935176583113e-19
YER078C	0.531742120509341	6.27045715303956	53.799631878156	1.62970316198959e-09	6.07199072839204e-09
YER079W	1.58475011500837	6.59728496174112	94.7782491079367	3.26237156691288e-13	2.18256242850171e-12
YER080W	-0.041954865392886	7.27514534996114	0.591359061888206	0.445448060880324	0.485305618224662
YER081W	1.38897050234426	8.58529225067124	76.3316983308232	1.0625393790732e-11	5.55733654621792e-11
YER082C	-0.431762331840627	6.81888842900657	28.2232045398642	2.40296904617515e-06	5.49353193883377e-06
YER083C	0.218496356203413	6.56449206054594	28.4298854283647	2.2438338732337e-06	5.1490616736701e-06
YER084W	1.14582658572224	2.45591290681262	56.4734324940025	8.68038100779557e-10	3.37891045878897e-09
YER086W	0.0301720445926577	9.02241524660878	0.179107257420112	0.673924562540468	0.704473340787494
YER087C-A	0.07387784720175	0.806122419258868	0.198850287422482	0.657568138769232	0.689625293510264
YER087C-B	-0.76266537311572	7.5088702301452	126.777672121238	1.99408329495462e-15	1.99746403275397e-14
YER087W	-0.315976641520854	5.60106355213284	10.9677161385031	0.00171053779003201	0.00265792599941676
YER088C	1.09799876817021	7.31237481863308	239.012922636624	7.22144350663781e-21	2.01670403983537e-19
YER088C-A	0.122189920720636	3.22400070886868	2.01629337731025	0.161717257644756	0.191208907465775
YER089C	-0.196395030320055	7.15058659960465	23.455245597524	1.23536525718599e-05	2.54428406148454e-05
YER090W	0.210858016813126	8.77129791366912	20.6061086632194	3.47704220298932e-05	6.73718425582399e-05
YER091C	0.459903009760768	11.9639424392821	31.7685283908994	7.612906531835e-07	1.86433527617906e-06
YER092W	0.0201978844780359	6.68853217047139	0.0926826570983987	0.762035354342939	0.787050111302689
YER093C	0.163160410530306	6.44774809559984	14.5743835842162	0.000366895232348621	0.000625849866780164
YER093C-A	-0.178664852820773	5.40063352520452	4.68217468932885	0.0351948811431256	0.045666333418446
YER094C	-0.218347818486597	8.33639589151873	24.0361425829389	1.00583129365789e-05	2.10285058921333e-05
YER095W	0.712162740295385	7.03407528942413	22.5161609564474	1.72886752561719e-05	3.49345107790382e-05
YER096W	0.710087685446266	4.57718872503873	60.7253085125343	3.11397600281347e-10	1.30115895024903e-09
YER097W	-0.0449890266990536	0.788641819446947	0.0765245134921677	0.783202728336469	0.805973328281342
YER098W	0.26346970516084	5.53459472809821	21.4954683353626	2.50506047591381e-05	4.9531692683869e-05
YER099C	0.101323208666288	6.46134053804921	3.39328682532273	0.0712918923127621	0.089158800410866
YER100W	-0.288504818382807	7.19389632464114	31.6159430612318	7.99021533868207e-07	1.94967659246078e-06
YER101C	-0.419520806859517	5.48455973444136	31.6909590871982	7.80321330349307e-07	1.90710407834869e-06
YER102W	-0.489246592598736	8.83853613099952	25.6508210939013	5.73250885530399e-06	1.24021016030884e-05
YER103W	1.85082740151031	6.84742109442379	82.3081305574594	3.25830016968348e-12	1.8749084530277e-11
YER104W	0.142733402690637	4.8510028603737	2.1439563001801	0.149282310420146	0.177783784397075
YER105C	-0.289394876186341	7.27399095320027	108.279935127527	3.34668480581412e-14	2.59880320124954e-13
YER106W	0.137631331048767	1.78528400604908	0.716855788968135	0.401217474338752	0.440348293451293
YER107C	0.0861853164283595	5.87131522964102	4.04606421423824	0.0495839623230289	0.0633110659862836
YER107W-A	-0.0278618691147051	3.19189121396214	0.152853953028133	0.697455196460211	0.727446845305767
YER109C	-0.534392632275474	5.620581740441	35.1132283460538	2.69889807548606e-07	7.17217121398081e-07
YER110C	-0.249234399092657	8.39466997149275	8.08807095687762	0.00640088072218118	0.00924082566673916
YER111C	-0.948988722249874	6.49475006844365	16.9135619242306	0.000142885499954731	0.000256376930069084
YER112W	-0.826152464370404	7.17637804119422	254.809612856978	1.8619973129702e-21	5.90408314654302e-20
YER113C	-0.273585736255938	6.45533830407607	28.6571298936088	2.08146550409519e-06	4.79816811394606e-06
YER114C	-0.230536766419445	6.72370585785635	9.1164384204932	0.0039532415281443	0.00588155777696541
YER115C	0.225868313121536	4.10896549503338	12.6802606756302	0.000812133027385727	0.00131741696528758
YER116C	-0.014080316747785	5.04414269390177	0.0574180887315896	0.81158674574669	0.832929890105504
YER117W	-0.516614401537019	9.39647574700039	22.0489852948209	2.04717313562759e-05	4.0916579283325e-05
YER118C	-0.418447649694572	6.84720491571966	14.165058322822	0.000434548344029855	0.000734461498737856
YER119C	0.130924476984866	6.40035392085952	5.13081252284473	0.0277914152454802	0.0366300359416504
YER119C-A	1.74096002045849	0.364182177626036	49.7521923958106	5.05634619811088e-09	1.74112192613682e-08
YER120W	-0.219100246359131	7.53445965446612	10.9586353589599	0.00171741404530105	0.00266724916015122
YER121W	2.20536331970845	4.88027570049597	859.464767941303	1.6233129478126e-33	9.88272922628311e-31
YER122C	-0.566510504231147	8.52069242196343	73.10781545326	2.05861553079075e-11	1.03236007837348e-10
YER123W	-0.321505659119787	6.64592049793572	115.815448651765	1.02115386347641e-14	8.71178336623975e-14
YER124C	-2.33036924014324	6.3541768221065	17.3226946768877	0.000121647118879301	0.000220609967154359
YER125W	0.117993993048303	7.96631063893716	12.3551251372105	0.00093351022211141	0.00150309712568481
YER126C	-0.569714520914563	6.99358502893537	33.8581989829457	3.96229095509952e-07	1.01868358676714e-06
YER127W	-0.806815912608121	6.10733883688608	72.9373989243835	2.13305659798341e-11	1.06791656592572e-10
YER128W	-0.259566487219214	5.54168766430283	23.5733384795731	1.18467807818784e-05	2.44900514091938e-05
YER129W	-0.27685156506455	7.12388561753566	31.0008624925497	9.71996278925091e-07	2.34635739337667e-06
YER130C	-0.0539074708497477	6.2579071217999	0.337110200847832	0.564064132629908	0.600878817051773
YER131W	-1.04784297712381	9.3804546872199	40.8851521359502	4.96454561867857e-08	1.4615161376458e-07
YER132C	-0.36311522886306	5.6123684078343	54.9021170655966	1.24267836083281e-09	4.71345738728486e-09
YER133W	-0.0712179930808072	8.40020045669712	4.6089200019127	0.0365936389847015	0.0473903582511939
YER133W-A	0.259558150779852	2.24066185928101	7.62807029687898	0.00797735999044005	0.0113631650963498
YER134C	0.264762706738942	4.59374785792157	19.2049012713571	5.88520136070114e-05	0.000110823092743423
YER135C	1.73183714084349	2.53989853085803	153.135288696714	7.48097605257738e-17	9.64919114578201e-16
YER136W	0.403660576975158	8.43090851124883	148.427584360131	1.04753681456425e-16	1.31492868599322e-15
YER137C	-0.163747225253495	2.30931022372859	1.64660836504993	0.205239368673093	0.238353070024921
YER139C	0.0682193464816654	5.75859337835504	0.840455810041841	0.363590161579313	0.402388093745657
YER140W	-0.112832124303525	5.3431374891512	4.1773161684943	0.0461602409294829	0.0591628519534088
YER141W	-0.441110973432683	7.62142152441943	15.9163973994207	0.000212551353181337	0.000372592179144249
YER142C	0.563037860674044	6.28703885269871	36.7133050511112	1.66819247426668e-07	4.5644745093643e-07
YER143W	0.407575329050217	7.4638048062088	57.2086121936468	7.1124864630075e-10	2.80991678045358e-09
YER144C	0.805298141283988	6.95359791330586	147.18766662689	1.22908757195726e-16	1.53020145972921e-15
YER145C	-0.829075248028815	9.23906844184839	21.8187953220335	2.22592909267385e-05	4.43582858140701e-05
YER145C-A	-0.420187347825672	2.2652989430934	6.74966751583525	0.0122368665621348	0.0170242330050906
YER146W	-0.384470575366248	2.06515021385847	8.41920163502773	0.00534700600002001	0.00781199244735344
YER147C	0.199072227207819	5.78961971616488	12.7830010213277	0.000777203639049961	0.00126446171954467
YER147C-A	-0.462467403913275	5.11452462182991	103.553363586844	7.26083249833662e-14	5.36455682644094e-13
YER148W	-0.38668112413252	6.20167099914413	92.7352779125265	4.68865813887205e-13	3.04963149032618e-12
YER149C	0.0909504972493182	5.29927848530159	1.59540732887691	0.212311303967056	0.245833771436487
YER150W	4.11907130092027	6.02918914759833	603.176092583402	7.01305548960757e-30	1.58131414150855e-27
YER151C	-0.375667683471752	7.91827020190431	124.223743184213	2.89047303917433e-15	2.77996838270037e-14
YER152C	0.25763813140939	5.89125989444965	5.25380520688485	0.0260681421239523	0.0345532003593777
YER153C	0.208689988996861	3.82823993841053	2.08395915296788	0.154982253854665	0.184067881675224
YER154W	-0.415077599315323	6.96312836382835	11.6346113736665	0.0012756696909625	0.00201273719787042
YER155C	0.147750961750332	7.22874526823826	5.05125280893907	0.0289710780563877	0.0380612695742962
YER156C	-0.612660143295936	7.10571670755783	80.1644679935702	4.94735496627388e-12	2.73316670006129e-11
YER157W	-0.23082797513297	6.03331574213559	30.9929497391427	9.7446403860704e-07	2.35138211139107e-06
YER158C	0.48587362251148	6.30253380581787	14.559635107856	0.000369134411779384	0.000629140621196218
YER158W-A	-0.522649974862882	1.79016663828912	7.74980620787853	0.00754963945033291	0.0107993902663597
YER159C	-0.758131894088364	7.10419322048186	190.392355765986	7.88077266167275e-19	1.50401705217128e-17
YER160C	0.887071941186327	2.3348628579286	17.4307119652993	0.000116763523421645	0.000212386116101276
YER161C	0.0594696064206666	7.09282322424523	1.4800096968193	0.229384685069615	0.264137310895369
YER162C	0.431567151907922	5.78405550147426	105.445027506059	5.31052815621689e-14	4.00129893750599e-13
YER163C	-0.108644535955462	5.98851156196902	3.18122359234232	0.0804517908113462	0.0999776490017301
YER164W	-0.526432070002568	7.12204723611304	155.550285860098	4.26285001648838e-17	5.72896929368239e-16
YER165C-A	-0.318286785266191	1.97529364222338	5.52759985012676	0.0226368577904602	0.0302288199667299
YER165W	0.0932871406905205	9.55148902257972	6.20716742333628	0.0160246016012164	0.0219215756501439
YER166W	-0.354794470190982	6.85011623539556	47.9809675131951	7.17200291230256e-09	2.41366245053057e-08
YER167W	0.273645232959223	6.70898073644786	17.5542411099217	0.000111109118212224	0.000202645989118041
YER168C	0.110113143708915	6.57271749624688	3.94315434379888	0.0524620467469291	0.0668177699990177
YER169W	0.33589558702266	6.22817119182868	34.8513473496802	2.92252084946865e-07	7.72235543904737e-07
YER170W	0.212825085672197	6.87761798394071	2.69657663356838	0.106729407529547	0.129979722552487
YER171W	-0.428462867060311	6.78248620136489	120.403868867942	5.08870294613805e-15	4.62388410986395e-14
YER172C	-0.0796657342411064	6.28695084704091	2.34883487473039	0.13156957491379	0.157738395446072
YER173W	-0.00207381342586878	5.48935447412153	0.00161503929852693	0.968100835758343	0.971932369409101
YER174C	-0.388110264794157	6.35760871478887	30.4468023255287	1.16122818260004e-06	2.77128858317093e-06
YER175C	0.426770941840714	7.48681561714372	10.179574006362	0.00243283788296334	0.00370927048121233
YER175W-A	0.600791124724998	2.49044732271879	41.8114899567004	3.83692194571369e-08	1.15013199436263e-07
YER176W	-0.217392101462652	6.94634693134336	13.5501318129651	0.000561743714615422	0.000934397741688166
YER177W	-0.641423567633134	9.97573708371649	46.5783507297139	1.03905694772037e-08	3.42304042084503e-08
YER178W	0.215594907483777	9.35908852089923	33.49305742538	4.43568588339457e-07	1.12942098110021e-06
YER179W	2.03282413810782	4.55276129620935	114.072868446763	1.34281870019895e-14	1.12236472324753e-13
YER180C	0.128520867958074	5.09923984968478	6.4919756282981	0.0138988647541158	0.0192114339063122
YER180C-A	0.581942951285515	3.01702625453199	85.811650861298	1.67968501063827e-12	1.00155948528558e-11
YER182W	0.15827669961699	6.78892259791817	2.04550992755488	0.158766490362941	0.188085307127765
YER183C	-0.0245570070860668	5.15962399554998	0.214810083088677	0.644999208796853	0.677610903046633
YER184C	1.78214916629666	4.87965924996648	753.899107136979	3.54529911811083e-32	1.54237837152411e-29
YER185W	2.24581891234878	4.24725774135792	630.691808040089	2.48757048746745e-30	7.21158529890563e-28
YER186C	0.117343896955266	6.08849390840713	6.05739645974574	0.0172792491873858	0.0234812654135725
YER187W	0.747524633966003	3.70718282243643	70.5868921146631	3.50442835025404e-11	1.69190799336611e-10
YER188C-A	0.447248965240811	2.41561949955098	19.5467895861013	5.17744196253611e-05	9.80107794400492e-05
YER188W	0.617360259501735	3.24698706484445	24.9180945762202	7.39341755137423e-06	1.57601981977473e-05
YER189W	-0.24400494753757	1.43977765996275	1.79860145163077	0.18586175943726	0.217392198166002
YER190W	-0.289360900626414	0.787809965172034	1.42792978706961	0.237713335758351	0.272953373839465
YFL001W	-0.19582269136665	5.80386341571356	12.4149153249045	0.000909822459462865	0.00146806231996022
YFL002C	-0.069970914161521	6.74209722741867	1.09539256476994	0.300224582017114	0.33753781261684
YFL003C	0.931331227679816	3.58543568507398	134.495981572481	6.74091410427514e-16	7.32833661907626e-15
YFL004W	-0.160875827583389	7.46254933537489	21.604234742524	2.40722262397038e-05	4.77522689303737e-05
YFL005W	0.178148614034608	7.89549177424499	27.737994771893	2.82448670601087e-06	6.39712614069724e-06
YFL007W	0.592021381698672	7.74814879125526	47.6857520410956	7.75047053882602e-09	2.59400025510571e-08
YFL008W	-0.273672655545696	6.37764302817693	1.83732563652471	0.181249562779102	0.212364768706538
YFL009W	0.422359256997668	7.04601201122844	78.2345902538928	7.24892104926876e-12	3.89509544112518e-11
YFL010C	-0.033659692497307	7.05559018060497	0.769712778915208	0.384428506719864	0.42344866092103
YFL010W-A	0.374508755714166	4.05763045205713	24.6495260624541	8.11598892052512e-06	1.72160768460477e-05
YFL011W	1.36664538856632	2.467555688629	63.6327867772645	1.77620941593726e-10	7.67463656793898e-10
YFL013C	0.160361858249827	6.77416575600178	8.47574748535728	0.0053295434056337	0.00779021854825881
YFL014W	2.13996829005011	8.90910516739711	60.0151436307609	3.66643782222011e-10	1.51639086016821e-09
YFL015C	-0.440985178182498	1.66552879223328	7.24964462504102	0.00961473705974463	0.0135433871401493
YFL016C	-0.877380669664027	8.34190952137107	36.7608144759274	1.64474737550127e-07	4.50437337924055e-07
YFL017C	-0.348217048209144	5.81298108993136	18.9276130609489	6.53981354675312e-05	0.000122543505302041
YFL017W-A	0.0482070918535771	4.79910084160382	0.867371206821632	0.356081239022391	0.394939439454968
YFL018C	-0.281943087819099	9.58555131389521	21.1237968000549	2.87125064868911e-05	5.63149933931034e-05
YFL019C	1.09403173900652	2.61981802229284	113.672026629701	1.45026115084099e-14	1.20782351386046e-13
YFL020C	0.178595398561792	1.66044550974192	2.08116433668007	0.155288050331831	0.184395094679186
YFL021C-A	0.65833994611473	0.917376709063677	11.6752533140923	0.00126633993096203	0.00199934582461018
YFL021W	-0.722488608054357	7.18103107836141	15.1995154149152	0.000284039976836889	0.000491958856040677
YFL022C	-0.417895618884377	8.46129616940827	43.0873797120661	2.67951010980249e-08	8.21392625804508e-08
YFL023W	-0.507610398184156	6.54210692715981	22.9573672060663	1.47545503103364e-05	3.00923625759892e-05
YFL024C	0.362380896044433	6.93137044243198	14.0211135410702	0.000461339124241102	0.000777368554768842
YFL025C	-0.211301417093896	6.39730972552651	11.4946602769657	0.00135618893706388	0.0021323549196397
YFL026W	0.880949117990142	8.78308329624561	14.5791772740328	0.000366171236570098	0.000624789935044494
YFL027C	0.652338052391893	5.56388423936352	45.8493172755539	1.26273485748136e-08	4.10439392009957e-08
YFL028C	0.357906563100974	6.79046936223948	60.7065145011973	3.12248917802065e-10	1.30382126994443e-09
YFL029C	1.02350343439594	6.34463568883287	257.289814441592	1.51481959734023e-21	4.90543707904646e-20
YFL030W	0.777782684861762	8.99467068896007	54.7804579919296	1.2805288278918e-09	4.836141131641e-09
YFL031C-A	0.232508353433173	4.38674484515722	4.9426827563641	0.0306694173744921	0.0401452188724807
YFL031W	0.29627698492736	8.04490215757503	5.89648956160672	0.0187447544702741	0.0253201830963011
YFL033C	0.113075639164174	6.10112017592544	2.99214618572641	0.0897300264218173	0.110784100761716
YFL034C-A	-1.18603300680516	6.88452438861183	80.3653849025354	4.75605917785494e-12	2.6370572199254e-11
YFL034C-B	0.334338311530157	6.07267420280106	34.7719502384867	2.99409878974968e-07	7.88752636607359e-07
YFL034W	-0.0706680069643957	6.34460839134699	5.28748427833774	0.0256165116060447	0.0339841627059491
YFL036W	-0.273958092829571	7.21533017959844	5.01311782764437	0.0295555135282601	0.0387872313774623
YFL037W	-0.586579501660512	8.81547455964571	22.8973286904533	1.5075277084969e-05	3.07156247969516e-05
YFL038C	-0.0911137343146436	8.88040910840295	10.1494582471361	0.00246611463105239	0.00375624365120014
YFL039C	0.0669042527378536	10.5783176345365	1.00355157411111	0.32119176207735	0.35905535209822
YFL040W	0.756330175058178	4.03671630043909	57.856338055821	6.10230043846192e-10	2.43133541029818e-09
YFL041W	0.315070198405512	7.32763943217178	14.699943113309	0.000348425916009235	0.000595835611075105
YFL041W-A	1.13904616166326	1.82274637632715	86.9648014046653	1.53266554564735e-12	9.20203929181565e-12
YFL042C	0.480320669095732	6.21118968986579	50.7737589224194	3.48344812768074e-09	1.23226218485301e-08
YFL044C	0.364854454502663	6.68371789052186	19.6981237768212	4.8830812366528e-05	9.27846397276599e-05
YFL045C	-0.581174383685612	8.44451387668755	15.379760443152	0.000263976625434904	0.000458513465234721
YFL046W	0.0904497545446877	6.38132776552124	6.39881495676984	0.014558981244872	0.0200260004109311
YFL047W	0.0291244140818205	7.11178756243749	0.0807003680810003	0.777503057034108	0.800920238785727
YFL048C	0.262472353458073	7.22867004595481	28.3127981168598	2.33258701272207e-06	5.3426597943762e-06
YFL049W	-0.254019708085051	6.42402930766861	31.9474161258107	7.19409281766791e-07	1.7661175057944e-06
YFL050C	0.605019266651659	5.30287790484782	34.8340707923947	2.93825100261168e-07	7.75718651513438e-07
YFL051C	0.0820852056672225	3.42400751806962	0.169029553708498	0.682702293047006	0.712914504300201
YFL052W	0.33984759239059	4.23506156514296	6.15867022296571	0.016420749266888	0.0224146909275367
YFL053W	0.799174666442159	3.752335185765	41.2482631275942	4.48439155531959e-08	1.32400464543092e-07
YFL054C	1.66365274799898	5.64565449368236	456.027913831241	4.62669422704302e-27	4.94163411477858e-25
YFL055W	2.11208728931287	6.46035038840329	349.663727175223	1.88199987166118e-24	1.10169377102628e-22
YFL056C	1.22370127202128	5.19095790852361	169.277031239274	8.22357821229536e-18	1.2454015959317e-16
YFL057C	1.1014477198986	4.8058247205548	96.5084025142493	2.41093382358745e-13	1.6344950020045e-12
YFL058W	1.06948922503282	3.40937144811901	60.9216353651815	2.99421809051199e-10	1.25629219400668e-09
YFL059W	0.95947532180517	4.73334013296121	116.718631360374	8.90912427037695e-15	7.71532696416144e-14
YFL060C	0.561592364884972	2.94558978580431	25.8348364515508	5.38869765086571e-06	1.16831877843556e-05
YFL061W	0.748349427983333	2.02440676406903	21.3748576141213	2.63336765226871e-05	5.19337294039906e-05
YFL062W	0.219156047999591	3.37996095289988	10.6779183896246	0.00194607371534174	0.00300397991353968
YFL064C	-0.448133574884324	1.93501193983582	3.66587695302009	0.0611791605006996	0.0771136085151675
YFL065C	-0.608098491603523	1.95018478366749	6.07299124592804	0.0171508944484055	0.0233276687671788
YFL066C	-0.208948197210653	3.88996984401023	2.10216023807939	0.153227233128187	0.182196756891485
YFL067W	-0.326860639709595	4.77807319274653	3.76691608902361	0.0578242857385742	0.0731575751405736
YFR001W	-0.0560332128554779	6.85802741286789	0.317230961005425	0.575749555217714	0.61172134243725
YFR002W	-0.195179626202561	7.23129774500429	28.3138306681681	2.33178842023908e-06	5.3426597943762e-06
YFR003C	0.256324560439061	6.48045746960039	23.928704635485	1.0446690374344e-05	2.17806339037693e-05
YFR004W	0.311096905892596	8.29099891023126	37.2461681541146	1.42415321524571e-07	3.94102035200721e-07
YFR005C	0.170544765011046	5.33662473888918	5.12956443500809	0.0278096050785706	0.0366460769953112
YFR006W	0.0806133004087459	7.63548586399989	1.39307869721243	0.243372807712289	0.278820785350473
YFR007W	0.20413997910153	5.75734779328752	7.50152556109995	0.00847603892953702	0.0120312718589465
YFR008W	0.639667399700499	4.58217351106699	161.743077014345	2.00386347145255e-17	2.80448754349497e-16
YFR009W	0.295723622233685	7.40565359357244	113.480223020159	1.46650194624085e-14	1.2196808536495e-13
YFR010W	0.290405393333049	8.27633162252524	46.0197425488093	1.20623287238028e-08	3.9333399716396e-08
YFR011C	-0.375979809732555	6.52331768231303	24.981502266162	7.22562302524232e-06	1.54241209599142e-05
YFR012W	0.924698240727185	2.74830796307086	91.6225960487548	5.79386046586034e-13	3.70514942396615e-12
YFR012W-A	0.439936424270441	1.10903252117634	10.9020090587591	0.0017713741783221	0.00274544959206337
YFR013W	-0.163892432834864	6.94220401439578	15.728499917804	0.000229249631857681	0.000400250002509194
YFR014C	0.794107339273878	6.97507838765547	75.418770022136	1.27915638706796e-11	6.59399160412338e-11
YFR015C	1.66091977410215	6.38081975289623	67.7402163163509	6.44511435858033e-11	2.95911434502542e-10
YFR016C	-0.524325436355319	7.44915718688461	37.558377959692	1.29872584439613e-07	3.61694553553689e-07
YFR017C	1.70875717148304	5.76032252821082	50.5823952318745	3.65949513281013e-09	1.29078831799236e-08
YFR018C	-0.0614755103196309	6.72405231892469	1.77792685531948	0.188341392826243	0.220123324923434
YFR019W	-0.349913126713142	6.64056832187108	42.5342528925219	3.12394614108992e-08	9.44318972539992e-08
YFR020W	0.701341549825296	7.31247918373673	244.541148478115	4.45687729592506e-21	1.28594639704226e-19
YFR021W	0.432525734169304	6.10856844811958	117.419159048108	7.98782975682311e-15	6.96703546698268e-14
YFR022W	1.43402648265891	5.70988936571554	258.031121266213	1.42569989013694e-21	4.69170861143444e-20
YFR023W	0.538211786844729	3.07464090917342	27.2565205167969	3.33109379088539e-06	7.46675220872983e-06
YFR024C-A	-0.0765130244281436	7.99435990569473	1.47388675355698	0.23033680746579	0.265033166481143
YFR025C	-0.12389048373327	6.91916007421256	5.79537287757895	0.0197332066123748	0.0265493396367156
YFR026C	0.437868325346734	3.50525692195788	10.4619722963297	0.00214311617238252	0.00328729938459682
YFR027W	0.121471840056169	5.00007054486042	0.863262036244721	0.357213430212906	0.395978762406441
YFR028C	-0.566127807948863	7.11433050451566	66.7919136313338	7.92666690516843e-11	3.5799368040553e-10
YFR029W	0.0743039669263445	6.39337642012917	2.92953934970582	0.0930605621691067	0.11468678187966
YFR030W	0.579184549790164	10.2959198546232	33.5677346782906	4.33429044086679e-07	1.10591618625302e-06
YFR031C	-0.55530740704144	6.46333539823742	114.834573730699	1.18808336563467e-14	1.00042206500468e-13
YFR031C-A	-0.571635435930886	9.66631383312626	31.2114621490839	9.08756396319445e-07	2.20418682900111e-06
YFR032C-A	-0.484601471429666	8.17913420319879	15.2615925007461	0.000276955888442833	0.000480098931902041
YFR032C-B	-0.58798231240537	2.6916073194596	15.2935190669526	0.000273732516760384	0.000474916945579144
YFR033C	-0.782339445200056	9.94555136382262	67.7527321266402	6.42647871093178e-11	2.9527850862002e-10
YFR034C	-0.840338729410368	6.40563395330084	261.501900348109	1.07095843778072e-21	3.58241481824671e-20
YFR035C	-0.613411213437626	4.16020869137261	28.2270058532105	2.40063796472504e-06	5.49026443623067e-06
YFR036W	-0.339071218618023	4.86212191468931	23.0194157993779	1.44318158672072e-05	2.9463747484761e-05
YFR036W-A	-0.191861881689291	0.546912434645343	1.20020151606963	0.278510576632485	0.315045037260975
YFR037C	-0.441355266506725	7.15535394947007	176.376110879444	3.64259551108047e-18	5.9773912321989e-17
YFR038W	-0.215077370140832	6.53496862963222	9.48578165940566	0.00333501266034244	0.00501198644190688
YFR039C	0.541730615272601	6.67404736302743	49.1089320884948	5.34413090087355e-09	1.83710157676557e-08
YFR040W	-0.498244627094307	7.21637476004742	68.1757143122358	5.86275231667877e-11	2.71425369611714e-10
YFR041C	-0.424090211190564	5.90733686192349	36.6938528482364	1.67787692999605e-07	4.58684991011045e-07
YFR042W	0.137113858006904	5.84671514195986	12.8830167707596	0.000744779498876165	0.00121528211984939
YFR043C	0.213894855184214	5.43504345845778	18.4641791711398	7.81021343504725e-05	0.000145009391255162
YFR044C	0.465251070504703	7.66353551633344	167.082975679534	1.06019026799626e-17	1.57425325647835e-16
YFR045W	0.0235214462172996	5.44689043283043	0.0647928978521383	0.800100644096759	0.822111851689632
YFR046C	0.0110814542459996	4.99383246602529	0.0185410310586132	0.892227669566076	0.90591762046669
YFR047C	0.286821318411137	7.08349788332498	29.41859844395	1.62101268345141e-06	3.79712397724209e-06
YFR048W	-0.0117428740440368	6.13362236839553	0.089396927176676	0.766162717675102	0.790442064939167
YFR049W	0.249174034214313	6.854881048932	6.49145278857247	0.0139023783077594	0.0192114339063122
YFR050C	0.0448419344050003	8.67179209304691	0.770405187236147	0.384216349729032	0.423291555763726
YFR051C	-0.109797432238758	8.00890136670953	12.1138985111088	0.00103585137744869	0.00165774240960434
YFR052C-A	1.77022733405955	2.44456299882607	79.2554218194266	6.35907256651567e-12	3.47211065335851e-11
YFR052W	-0.134528079325813	7.75483771369804	8.21452594071115	0.00602839957153903	0.0087320715183273
YFR053C	2.79214125123211	7.82742456867738	50.3868815506127	3.84518430041496e-09	1.34924968420324e-08
YFR054C	0.0556757884203351	1.72375929359383	0.206417676581021	0.651526923405131	0.684232518490674
YFR055W	0.778575413814336	4.46627091449277	91.5985656710814	5.75703873266089e-13	3.68935282151994e-12
YFR056C	0.420314249378404	2.11578120049403	15.8402736613248	0.000219529575537586	0.000384271436421168
YGL001C	0.347932473450275	7.5874894973308	33.6187620414366	4.2663992846166e-07	1.09042144604307e-06
YGL002W	0.995447686728503	6.0642240844914	268.632859597746	6.01940136136789e-22	2.11827257156114e-20
YGL003C	0.623909105082447	6.01908357031985	85.3875222133116	1.80953388511483e-12	1.0747748578126e-11
YGL004C	0.468896288922243	5.98131900255233	62.9662204250272	1.86041352606568e-10	8.01004069779904e-10
YGL005C	0.213106230943511	6.34286810592372	27.2094992373038	3.37234094340666e-06	7.54531850917301e-06
YGL006W	0.825940460555458	7.6700293539604	101.551687696206	1.01447485650588e-13	7.33506285796649e-13
YGL006W-A	0.0873811687155239	1.85648301038154	0.558762886835549	0.458208323239021	0.497249959336749
YGL007W	-0.154721725212436	1.46273256077681	0.989051567228955	0.324705549621483	0.362583893267716
YGL008C	-1.66598062951718	12.1157106712299	91.2792320160522	6.0926548329576e-13	3.87992496056965e-12
YGL009C	-1.02169671494796	10.4858738378853	129.106326911767	1.42811548460313e-15	1.47112809987544e-14
YGL010W	0.840737269501606	5.85858459431186	181.855290482574	1.98148898756342e-18	3.39811407219327e-17
YGL011C	-0.188770036954088	8.66253862565516	20.0023732024026	4.35546614735063e-05	8.33838927832411e-05
YGL012W	-1.0060457742368	8.47643885363207	275.367428278593	3.53253297906818e-22	1.31939023169123e-20
YGL013C	-0.266664475380553	7.6409603655994	22.6824743447144	1.62839395007498e-05	3.3056560080215e-05
YGL014W	0.111948473617053	7.55867126471568	5.73924450593221	0.0203057895546024	0.0272654712854917
YGL015C	0.725415083450073	0.862298433880618	17.8372219640513	0.000101240878195688	0.000185816842464681
YGL016W	-0.206900003639953	6.42810788104049	9.87922207134589	0.00278702958678462	0.00421970557680795
YGL017W	0.776357285475024	5.29009467133711	313.004990967145	2.17772174798263e-23	1.0277496125363e-21
YGL018C	0.0574771866369053	5.25779554361784	0.506466260358491	0.479922062622842	0.518503197382052
YGL019W	0.102262895341176	7.04615088013328	11.5127882449834	0.00134546481678386	0.00211639323962052
YGL020C	-0.189456100805989	6.28160647663762	13.9336967215058	0.000478447686058209	0.000803749865541495
YGL021W	-1.69535252836127	7.72808857570062	121.719335236297	4.1821137147954e-15	3.88120553287719e-14
YGL022W	-0.185187636103538	8.38913374239216	11.6343523923251	0.00127581354247404	0.00201273719787042
YGL023C	-0.332900353437593	7.47615566221374	108.411903304159	3.27623773068609e-14	2.55060553764922e-13
YGL025C	0.0220285405284419	5.69525717736047	0.152636384926979	0.697659124779452	0.72753490093479
YGL026C	0.412304651294157	9.09752829685076	78.8319569804621	6.43651651611393e-12	3.50810318264114e-11
YGL027C	0.0105554681694705	7.24777076517349	0.0137369509019587	0.907159103948409	0.918168682433569
YGL028C	-2.70979212310922	7.14802744018462	25.0480120531579	7.0607133251153e-06	1.50985678690909e-05
YGL029W	-0.703660858390815	5.75553540333301	42.8454694731211	2.86532165368407e-08	8.73514182655415e-08
YGL030W	-0.160763115105449	9.19763788274614	1.94860002801313	0.168797507791173	0.198923582546005
YGL031C	-0.422390829917821	9.4292986069213	19.5346337490918	5.19372279994564e-05	9.82578757180518e-05
YGL032C	3.08260814837742	7.53333073903609	123.273644033792	3.32325375100546e-15	3.15631339097056e-14
YGL033W	1.40566187703693	2.85946414397945	93.2987029950414	4.3488853119704e-13	2.84688320207267e-12
YGL034C	0.419228473041767	1.07938909148282	6.48820159535048	0.0139527360687361	0.0192661050547664
YGL035C	0.0952243955912811	7.05959891574187	0.601638252716155	0.44154296006222	0.48139569141454
YGL036W	0.411483713798736	7.09945040012643	36.6042139727075	1.72328577171679e-07	4.70464743417571e-07
YGL037C	1.33976564897871	8.04675854040229	34.2154015669966	3.54987288287864e-07	9.2239121258921e-07
YGL038C	-0.139332820964151	6.3979524898007	1.28052400688235	0.263105288502007	0.29895203366932
YGL039W	-0.100126495357436	5.78851545574206	1.87422262583078	0.177003930799805	0.207990722005253
YGL040C	-0.587405880591744	8.03015873831917	32.9491193558827	5.25287935832735e-07	1.32256118831666e-06
YGL041W-A	-0.143191985174537	4.44779151953642	5.09188047062701	0.0283624883860514	0.0373423073733307
YGL042C	-0.215986126076894	4.08332062798996	12.2984107109127	0.000956682500097173	0.0015387802009489
YGL043W	-0.41112394606844	6.43968885602748	127.739306884076	1.73639150440616e-15	1.7589270347462e-14
YGL044C	-0.260065843445016	6.41878491632899	35.3814388312695	2.48807808107959e-07	6.64360498140902e-07
YGL045W	0.508422708379906	5.47977469180938	22.3016993749424	1.86814444115522e-05	3.76224391589578e-05
YGL047W	0.399850031188146	5.19213140430867	22.5945184864348	1.6808645588873e-05	3.4042260261164e-05
YGL048C	0.170145942246761	8.7646548016838	12.4618617153508	0.000891661965042207	0.00143914052046049
YGL049C	-0.134648731636836	7.21913775077937	15.7755959029184	0.000224939483904708	0.000393063024687677
YGL050W	-0.233864149626816	6.13349175147196	17.2248301045777	0.000126405191269861	0.000228625907442339
YGL051W	0.927003303476643	3.62033352590714	123.975366730495	3.01247842407048e-15	2.88364286882722e-14
YGL052W	0.888722059951946	3.21657502224854	106.782697587407	4.28677764129051e-14	3.27451722461438e-13
YGL053W	2.00059132832074	6.33866700393791	139.487304591	3.39454508489853e-16	3.87003566982439e-15
YGL054C	0.069922697406877	7.41491017299337	1.65658131620911	0.203888342288997	0.236838814702426
YGL055W	0.743509373903344	10.074397159976	8.24758727788694	0.00593483885189905	0.00861294372595028
YGL056C	0.426833953011049	8.13497991228379	57.6874373448033	6.34428852815301e-10	2.51786366097754e-09
YGL057C	-0.175199074855912	4.95323807961083	7.36478995721945	0.00905553593769605	0.0127971454941257
YGL058W	0.149302980770752	6.67594661579334	19.8166727189283	4.66998601335485e-05	8.89298556437421e-05
YGL059W	0.724292140508781	6.74734748826887	221.337781294063	3.60370449160722e-20	8.63754052949005e-19
YGL060W	0.374862937227197	5.97508287020393	34.3121086080451	3.44611200216881e-07	8.97345161214873e-07
YGL061C	-0.966754433664474	5.5252749328813	71.9446669457267	2.62508233524966e-11	1.29509734659643e-10
YGL062W	0.59892576474412	10.7233442242838	10.1784733123262	0.00243404541998184	0.00371018240281658
YGL063W	-0.272194960463969	4.38575576296523	28.2156844412009	2.40950437360705e-06	5.50640488983473e-06
YGL064C	-0.792329624625068	5.65787364537459	116.963144788191	8.5647830604189e-15	7.45957071127757e-14
YGL065C	0.00774848504614871	6.37784302216148	0.0130181284567228	0.909609794823662	0.920190167977144
YGL066W	-0.234904534668223	6.61657085914272	25.9997278069861	5.0854015840417e-06	1.10452817851038e-05
YGL067W	0.14026742264008	6.16389296633247	12.6972627991524	0.000806165251210994	0.00130878241316601
YGL068W	-0.526203125384356	5.00752031484297	32.660177185165	5.75009513207343e-07	1.43469586737963e-06
YGL070C	-0.49120034541316	6.06587137797975	72.3335446123612	2.41936016797251e-11	1.19845929232031e-10
YGL071W	-0.321187635952101	7.04039176244409	11.8938448227682	0.00113948427328774	0.00181269408303522
YGL073W	-0.174181393838708	7.24401320746662	16.2125799888459	0.000188762342042185	0.000332904153636391
YGL074C	-0.295822210726937	1.70381186424345	5.50749843918134	0.0228769449985067	0.0305293382619265
YGL075C	0.169727001798588	4.28312101771766	0.989741076234668	0.32451265635973	0.362434975585771
YGL076C	-0.613594980321582	9.65016526304597	32.7656334319768	5.56267834266609e-07	1.39479348229618e-06
YGL077C	-0.160094950028238	8.69293732248605	3.16939345345759	0.0809999007368891	0.100597183942509
YGL078C	-0.289279929221607	7.62648324696283	5.86874968237238	0.0190105455697674	0.0256621289198989
YGL079W	-0.101069998600568	5.27642459108112	4.82080322760925	0.0327028689989675	0.042687621454913
YGL080W	1.55884912299323	7.4554552556258	265.329992202125	7.84639119537142e-22	2.6988039320577e-20
YGL081W	0.461174016049443	3.8616553094619	16.017691407299	0.000204193643458067	0.000358664426247175
YGL082W	0.102168003222724	6.76180671683549	4.80691965149317	0.0329434671592127	0.0429740364399586
YGL083W	-0.557499629631927	6.13614604918608	55.8247666178984	9.92582897955584e-10	3.83186092755460e-09
YGL084C	0.0660367181312125	7.08760080999027	3.57450411901419	0.064372379422909	0.0809708772575765
YGL085W	0.303503795056252	5.64226762662398	39.4253651452801	7.53665476454341e-08	2.16327931195381e-07
YGL086W	-0.560017757748944	6.27387049429297	164.445034893932	1.44787605780347e-17	2.08878422746624e-16
YGL087C	-0.124519778201172	6.4751214054196	3.78723720995002	0.0571761128779761	0.0724127678804074
YGL089C	0.161097900015668	2.89149250946511	4.69988454278007	0.0348686375439224	0.0453009529166452
YGL090W	0.237941921296865	5.3790539769769	34.7171704845497	3.04489077674839e-07	7.99710744126153e-07
YGL091C	0.410155485214399	6.49753766912186	76.172373568811	1.09740918322311e-11	5.72986887432443e-11
YGL092W	-0.154987359698764	7.33878238859261	14.5611580789142	0.000368899034266021	0.000628915519633586
YGL093W	-0.337353275444574	6.34513208167083	8.03086799306078	0.006577294454604	0.00948426542861893
YGL094C	-0.387895278778631	6.73726798768584	19.3587004547171	5.55115137652509e-05	0.000104727020701223
YGL095C	0.0333671089139904	6.93342511081488	0.251785399406297	0.617984525105553	0.651817357734339
YGL096W	0.113911657292346	4.91197868501017	0.895566814859003	0.348444928136577	0.386963283928399
YGL097W	-0.66044290832483	7.35318818847616	109.5557205764	2.72659062329883e-14	2.16139110867751e-13
YGL098W	0.394963602064711	5.93540326445583	46.0899152068761	1.18379282439273e-08	3.86430601335277e-08
YGL099W	-0.402010537548995	6.64205602324862	23.6373510933024	1.15805085511928e-05	2.3980875287119e-05
YGL100W	-0.500518543669277	7.13838127333125	137.60887722112	4.3755991760582e-16	4.89681025438278e-15
YGL101W	-0.505199008902137	5.95622001798317	22.8708019800204	1.52193645882454e-05	3.09988262339371e-05
YGL102C	-0.951220229986552	3.04881650324263	42.3292280797479	3.38181399531862e-08	1.01822371926309e-07
YGL103W	-0.827398902626029	4.66301542296554	65.7408921802564	9.99862613452992e-11	4.45008426359059e-10
YGL104C	0.385708026104771	5.03195037387037	35.0747092374701	2.73110842611988e-07	7.2480331727192e-07
YGL105W	-0.186264285144004	8.97352455499671	11.9990272415	0.00108865612452984	0.00173682874374677
YGL106W	0.197730190225327	7.56923608035645	19.6950051182061	4.8888157683656e-05	9.28646190259275e-05
YGL107C	-0.448556742716399	7.11535548253294	24.4288643643901	8.76206048858031e-06	1.85220223105823e-05
YGL108C	-0.581814087188874	4.79864021818482	90.0456462001269	7.62824513988763e-13	4.7867884842587e-12
YGL109W	-0.358922060841855	1.7336825473272	11.6324220359909	0.00127866474850407	0.002016712691423
YGL110C	-0.0101752189370032	6.45420127488166	0.0519762786480409	0.820572846187712	0.840735019789766
YGL111W	-0.241080723660244	6.87504358156631	8.7687723996149	0.00464614423810568	0.00684884409723665
YGL112C	-0.111326972153727	7.16793688711481	7.63850230840749	0.00793475826520529	0.0113077734828113
YGL113W	-0.194255506237011	5.86462094102569	11.7488005015037	0.00121369235100005	0.00192320641147535
YGL114W	0.342155018913536	7.05864611006274	84.2848169487529	2.2302057870572e-12	1.3080436253954e-11
YGL115W	-0.325140096767914	7.02849995403414	126.133410625146	2.18873983859645e-15	2.17636449552413e-14
YGL116W	-0.53548013102742	6.40966592804319	6.83313262748162	0.0117398231242404	0.0163589020783647
YGL117W	1.00154514300256	7.84719617866461	92.5230570903449	4.87027018465791e-13	3.15763630289642e-12
YGL118C	0.425319508046754	0.551660262905807	3.22799711531289	0.0780776210800503	0.0971859654744114
YGL119W	-0.369507579608978	6.28204722286966	45.2235119141667	1.49438130879391e-08	4.78831231996702e-08
YGL120C	-0.803434918172703	7.36196630023879	34.1843189976746	3.58392337446139e-07	9.30841531728709e-07
YGL121C	1.03230172954968	5.31899858019739	96.7534600707977	2.31385981582363e-13	1.57218510700159e-12
YGL122C	0.646620541368822	7.70220880016016	123.991533581111	2.99051613286103e-15	2.86712790816661e-14
YGL123W	-0.563923756149999	10.1157430582204	23.192727326478	1.35641300080701e-05	2.77667866473204e-05
YGL124C	-0.0588981198735115	5.939736307074	1.67283630568915	0.201718609857801	0.234542188085235
YGL125W	0.484098764204421	8.65842593101821	48.6759772991126	5.98050888831367e-09	2.04088218116892e-08
YGL126W	0.529806086535568	6.3399131048094	52.3515499286566	2.33743374653791e-09	8.47545958839952e-09
YGL127C	0.852458859856942	5.7533239684723	142.463659246777	2.28110511674252e-16	2.68095906384719e-15
YGL128C	0.486503800935574	5.10526484069748	74.7674502502115	1.4619481592003e-11	7.51717938615830e-11
YGL129C	-0.517168451600054	6.9502232816116	28.9995141623759	1.85955078143457e-06	4.31109868902271e-06
YGL130W	0.183441641589695	6.74075447609673	11.3877250898761	0.00142129620071018	0.0022278195854592
YGL131C	-0.163560051808999	5.72578076170055	8.29567767242888	0.00580148205309867	0.00843348202943284
YGL133W	-0.521248040189718	6.80431248439955	141.254392450234	2.67856224168508e-16	3.08846343321568e-15
YGL134W	0.253901727168552	5.53397992258136	14.8424112811371	0.000328652207278622	0.000564251166923929
YGL135W	-0.591907384677187	9.6044087407972	26.2248048663011	4.70872571297281e-06	1.0285870879289e-05
YGL136C	0.398769590331376	5.63799222311923	45.6824344542108	1.32062982464779e-08	4.28114716318196e-08
YGL137W	-0.214082109274263	8.20298834622244	46.9470442830756	9.42077765420207e-09	3.11535547847812e-08
YGL139W	-0.215712332054887	7.21641980858691	4.73628089185384	0.0341984949027664	0.0444777690596116
YGL140C	0.247467116615183	6.73592095096855	42.6973406947286	2.98545126456794e-08	9.05150761886934e-08
YGL141W	0.314114890655492	6.83179264539009	30.0572915351865	1.31693423523903e-06	3.12329397122526e-06
YGL142C	0.424074368892876	6.32705990211543	30.4992796301882	1.1417639629115e-06	2.72697489454892e-06
YGL143C	-0.725254834951255	5.93993363518062	50.9619827757643	3.32056351538449e-09	1.17737860696918e-08
YGL144C	0.881334870326827	4.93633310838439	122.992544468164	3.46707116564302e-15	3.28266395901006e-14
YGL145W	-0.252532649170034	6.71692801607782	23.4919073455908	1.2193792434853e-05	2.51476315526373e-05
YGL146C	0.439944764710192	5.29939879668978	58.3708644398111	5.40040772190554e-10	2.17157742476624e-09
YGL147C	-0.230674177216918	8.79094193506176	4.36231407896028	0.0417631807901772	0.0537081209654835
YGL148W	0.0109958023347205	8.87582067001862	0.0350844947993558	0.852163425656794	0.870610997717496
YGL149W	-0.298022406716822	2.28467464483753	9.76950988875326	0.00293107678815167	0.00442683780208549
YGL150C	0.250952576527468	7.39688842415818	19.9920169781143	4.37241230040181e-05	8.36557073690955e-05
YGL151W	-0.0973058904017663	6.9412714597813	5.65480023233569	0.0212009503229401	0.0283798121297404
YGL153W	0.661400114321032	4.91105624361265	105.720744378827	5.07750728390166e-14	3.84475924681509e-13
YGL154C	0.899506098176296	5.5754567738249	87.5930271751649	1.19769091054166e-12	7.31348271151218e-12
YGL155W	-0.038693688273631	6.37554037763466	0.845453465864842	0.362179146505277	0.400972293857816
YGL156W	1.57640672057753	6.93426497200285	194.497615243704	5.12210851069683e-19	9.96274652176431e-18
YGL157W	1.05286919389318	6.50876469918109	92.4099090578023	4.97602077999819e-13	3.21592510707314e-12
YGL158W	1.5485757628374	2.1598013781394	165.175398767629	1.39805979975603e-17	2.02652096688446e-16
YGL159W	0.0283837007060996	5.60491909292939	0.498503195061723	0.483378058856029	0.521576856744867
YGL160W	0.119063953867143	7.31053901068455	8.76308707471413	0.0046584850989794	0.00686205112087747
YGL161C	0.31365674789639	7.30806443832138	81.263771656765	3.99007364536831e-12	2.26206089087285e-11
YGL162W	2.10462247347991	5.0977193622795	227.512921700493	2.03547845801902e-20	5.07868559525402e-19
YGL163C	0.406635418381264	6.41867561064231	12.2850541940433	0.000962098540275868	0.00154667438954304
YGL164C	0.0418875118549752	5.84829955846473	0.473821667956505	0.49435990510817	0.532306880491429
YGL166W	0.585557710913267	4.07146672138329	32.301608565348	6.4365743845009e-07	1.59356912780974e-06
YGL167C	0.369094680332326	7.41621166037872	46.8382225930035	9.69682421304811e-09	3.2014243931148e-08
YGL168W	0.277762380365308	2.4248520963094	5.28913088014241	0.0255996104938728	0.0339691431313639
YGL169W	-0.482011657603924	6.2923755271851	48.1350294760241	6.88815203077181e-09	2.32327255198553e-08
YGL170C	0.584197264826622	2.08899951317282	9.17219039774515	0.00386267117062341	0.00575383951229638
YGL171W	-0.465014172065708	6.18287402018237	18.9480343530156	6.48897762745784e-05	0.000121665832448301
YGL172W	-0.056534008776532	6.95925318674816	2.55487503535532	0.116144930493319	0.140462919515956
YGL173C	-0.349225777848741	8.48600358529965	125.201529405821	2.50589476856574e-15	2.44877806597564e-14
YGL174W	-0.43352435131272	4.90030431119005	53.0158368152284	1.980423069806e-09	7.25876920468329e-09
YGL175C	-0.227766247355458	3.96154492956301	5.05333530494748	0.0289401888207627	0.0380371048231441
YGL176C	0.243849955277313	5.51721662937539	16.1901704704159	0.000190465003681637	0.000335712490565664
YGL177W	0.592465474250193	1.56843559128476	21.2742725956678	2.73079533978537e-05	5.36812464598429e-05
YGL178W	0.592666879568534	7.00713137356196	72.3539211228466	2.40904194015543e-11	1.19431981528227e-10
YGL179C	0.9763011270742	5.48927593443059	184.937742006578	1.41529047071071e-18	2.51938256891426e-17
YGL180W	0.767739589359695	6.52853176681026	84.3811660006223	2.18971821968619e-12	1.28689973748419e-11
YGL181W	-0.304352186367485	7.12216598899947	27.2025999964937	3.38017567883379e-06	7.56006962995596e-06
YGL183C	1.21510674231554	2.71469412142352	69.5016066853382	4.44670967165311e-11	2.11993488496665e-10
YGL184C	1.41383447975508	7.37191614442488	56.1786968129843	9.11089838295456e-10	3.53519116350716e-09
YGL185C	0.118458396383064	5.84515459631077	3.92884031105941	0.0528766139894895	0.0673316933628973
YGL186C	0.320115837724202	7.14201769235397	26.7308989085694	3.96408407899999e-06	8.761825351861e-06
YGL187C	-0.584234028740307	8.95818841804186	81.2155244473607	4.02774502847289e-12	2.28101504496214e-11
YGL188C	-0.415035413676824	5.5524259930735	20.4058835229165	3.74628316818434e-05	7.23125298919032e-05
YGL188C-A	-0.659552343960762	2.76144346336717	14.4256910423879	0.000390403919515801	0.000662239916971913
YGL189C	-0.498652681637674	9.98292994380661	21.5926374468117	2.41744888294041e-05	4.79082968728555e-05
YGL190C	0.338691227865331	6.95238832302542	58.9147201778526	4.74435617100172e-10	1.92173255948493e-09
YGL191W	-0.0743316556940715	8.78890797351401	1.47793874799298	0.229706174001802	0.264457486256235
YGL192W	0.262437273518328	6.42519642644601	41.4338836371214	4.25132278590216e-08	1.26143087221776e-07
YGL193C	0.256550895014143	3.97583638898667	15.2222966481845	0.000281459118130354	0.000487766328260062
YGL194C	0.144381650266338	4.0380965320988	3.94382338105164	0.0524435368986479	0.0668081717177167
YGL194C-A	0.908684561516861	4.37976700532069	44.8429107303022	1.65736021890207e-08	5.2661842446116e-08
YGL195W	-0.128985343821563	7.17571421699759	3.77225117778281	0.057653049166191	0.0729864344611709
YGL196W	0.367463018812279	6.55775497721928	35.9560136576154	2.0922712280865e-07	5.64116352373367e-07
YGL197W	0.324874902358547	7.30955582823449	7.68732616320331	0.00775078813035497	0.011058541864917
YGL198W	0.351324409710389	3.71047649353556	35.5164432756028	2.39050695422984e-07	6.39991483612633e-07
YGL200C	-0.329451448094489	8.07034299250659	9.76837107584214	0.00293110761829938	0.00442683780208549
YGL201C	-0.915412335259816	6.84791857495466	50.4147811758825	3.81783133694028e-09	1.34042428946323e-08
YGL202W	-0.00773210125400399	9.75301031705895	0.0138462727471986	0.906792139288611	0.918102535171972
YGL203C	-0.43769384312088	7.21663107615233	55.3312960718339	1.11903831189077e-09	4.2901166516316e-09
YGL204C	-0.117481640177276	4.77873267812156	5.41258452751451	0.024011324075509	0.0319800789699625
YGL205W	1.75461704251732	7.84852684784641	91.5850219214952	5.77565522765125e-13	3.6973910647677e-12
YGL206C	0.258586162659094	7.62898947290022	30.1197310512625	1.29057851087537e-06	3.06556456270357e-06
YGL207W	-0.114192125490332	8.56953489662975	2.56254765927961	0.115611644337803	0.13995692616452
YGL208W	0.0540024956095155	7.07233315374154	0.406013611047285	0.526855917973758	0.563906263822827
YGL209W	1.4139324453055	6.21511052020316	350.377273328397	1.79542612887642e-24	1.06121886141744e-22
YGL210W	-0.472130829219324	6.21010160799488	65.6503214253467	1.01940952967123e-10	4.53004760338574e-10
YGL211W	-0.118566769902527	6.00299084098231	7.87662111909479	0.00707908139051451	0.0101549122303139
YGL212W	-0.0881181213741921	4.78107741111593	2.15605912870228	0.148162440186935	0.176519165529953
YGL213C	-0.262214715737431	6.1131039894114	38.8971403513923	8.78012770996884e-08	2.49782324758366e-07
YGL215W	-0.160485671639653	8.2052561559873	19.2163930702134	5.85899352484004e-05	0.000110372508360329
YGL216W	-0.203116856639654	5.54343261565294	4.15497378184158	0.0467244050549446	0.0598103822486339
YGL219C	-0.117213964172041	7.18149279125229	2.04639131080976	0.158678507038735	0.188054263354451
YGL220W	-0.23360523931292	6.46857830921036	38.1587093368003	1.0887939256638e-07	3.06594700251675e-07
YGL221C	0.00259699078554772	7.40520198143691	0.00478152718393337	0.945142310408573	0.950921564331084
YGL222C	-0.155249247812765	3.96149455079392	2.72696015670972	0.10482548381117	0.127891291671824
YGL223C	0.530410220284831	6.49065583394173	163.402600626344	1.63934732739157e-17	2.33185666569155e-16
YGL224C	0.0867476783761195	7.10236810571998	1.74732669769093	0.192123809378569	0.22415671741984
YGL225W	-1.16249932375495	7.62837772341878	49.4050804301906	4.9497025282195e-09	1.70826468207485e-08
YGL226C-A	-0.151090826962394	6.1748442521565	8.13863388156043	0.00624911171214975	0.00903672021462416
YGL226W	-0.032917966583309	4.99706075810147	0.149577133455315	0.700552240626845	0.730301719338396
YGL227W	0.723265622736014	6.36576360340033	71.8092093010541	2.70048054547179e-11	1.32906431372936e-10
YGL228W	0.0726891316503172	7.99178990367376	5.09127929391844	0.028370996419589	0.0373454326924233
YGL229C	-0.346688647335718	4.58908117370766	8.46245671245347	0.00536310644603141	0.00783363532712073
YGL230C	0.897469407529492	2.31291126002745	43.6653585944097	2.38074268142908e-08	7.37606180383727e-08
YGL231C	-0.142214901309655	6.62806356258524	14.7965824164375	0.000334874242502614	0.000574447559412768
YGL232W	-0.562356380548119	6.24012297083316	153.390200543544	5.5804969980169e-17	7.36964549325963e-16
YGL233W	0.0235450177099204	6.25042297313857	0.425114860275232	0.517329573037625	0.554294692124791
YGL234W	-0.120499725541633	10.5340941045599	2.68188468753878	0.107664268716617	0.131039597750253
YGL236C	-0.709917219620344	6.58705085914285	40.3852850117275	5.72281228308101e-08	1.66780666248909e-07
YGL237C	-0.207721471034599	5.66576321171424	11.1915207848733	0.00154944553535599	0.00241934455482106
YGL238W	-0.144150240893474	7.71592259360933	10.6438412997061	0.00197545485119685	0.00304547205218699
YGL239C	1.00118574515107	0.504108808347309	34.9293748657402	3.08264875064884e-07	8.08232799050395e-07
YGL240W	1.00490685188517	3.7424912423638	149.307843518331	9.39817469833134e-17	1.18917073311762e-15
YGL241W	-0.330545307661404	6.33676079139861	23.9033951318829	1.0540435252276e-05	2.19610437425929e-05
YGL242C	-0.298726520825804	6.52246880070827	31.194390839883	9.1372210029359e-07	2.2144666188644e-06
YGL243W	0.0659748366413019	5.33845185988365	1.15059468201582	0.288484582282177	0.325360158750258
YGL244W	-0.416417698376449	7.86836245551155	73.5486352784423	1.87868554680048e-11	9.51533910891959e-11
YGL245W	0.105590918531875	8.77870274478211	8.02572007819093	0.00659341746341987	0.00950076343604738
YGL246C	0.0630593632378192	6.21627991081043	1.32484565758376	0.255103102521842	0.290564581506637
YGL247W	0.310624315162991	5.1433135273982	38.1558999194436	1.08985588894469e-07	3.06751856305839e-07
YGL248W	0.735776211402886	6.78047350889844	139.907754649805	3.20742917027613e-16	3.67045653921824e-15
YGL249W	0.468056489922473	5.08093161677205	67.7302003146315	6.46035380315478e-11	2.96387595731773e-10
YGL250W	0.638381257476286	5.2439168468068	100.535249161096	1.20539673592222e-13	8.64364585193693e-13
YGL251C	0.520507318718669	5.34289476801222	41.5745528919632	4.08673099050882e-08	1.21662681027959e-07
YGL252C	0.195169902839124	7.56342581440437	20.3675869293654	3.79966837008754e-05	7.32733007193314e-05
YGL253W	0.0520302208108406	9.68522278778684	0.183388461277186	0.670284108544788	0.701149424883276
YGL254W	-0.186155135109322	5.3492277679352	5.32837492715898	0.0250796221619415	0.0333009246939803
YGL255W	-1.00273786635344	10.5549742316151	24.7773676071	7.75748981486121e-06	1.64843273971641e-05
YGL256W	0.967368903101385	6.74504843833093	93.4226501291117	4.14712005935687e-13	2.72065376307808e-12
YGL257C	0.271745328971221	6.53403294240328	24.5162347401408	8.49812490980868e-06	1.79765755562596e-05
YGL258W	0.322345458346231	2.47966392071603	6.63079992307152	0.0129760981101672	0.0180074048996348
YGL258W-A	0.74188314537875	2.39648968595347	30.5012421829859	1.15037073317751e-06	2.74645373473909e-06
YGL259W	0.802148730796182	3.36507167937305	31.5290300248292	8.23060811562294e-07	2.00271551590377e-06
YGL260W	-0.83753956524065	0.666918277256857	13.5466613451218	0.000524798599463247	0.000877740075146222
YGL261C	-0.847822230487401	0.66566355050238	17.0151439378354	0.000134183789927541	0.000241618134598897
YGL262W	0.441001332357637	3.77912347728097	10.102867905833	0.00251876311842711	0.00383355746624606
YGL263W	0.151050582712651	4.28136900508525	2.3601036726171	0.130668462984165	0.156750660620216
YGR001C	0.0166100221228759	6.49763496106721	0.0947287224152102	0.759505522243693	0.784904026382551
YGR002C	0.0241487782988145	6.19503590275767	0.346050546133253	0.558958862554275	0.595648793143782
YGR003W	0.0104591785758368	6.30031705123192	0.0742655613167552	0.786327056437804	0.809051735608138
YGR004W	-0.128936138617734	5.0673078729672	5.1387562187768	0.0276767254780917	0.0365104885613482
YGR005C	-0.00972830317270175	7.08664777791371	0.0505792196806026	0.822958951896526	0.842896046289712
YGR006W	0.10180648418964	4.49382466907497	3.30995267199451	0.0747466201443339	0.0931731006221755
YGR007W	0.0809290341232256	6.68440128427877	3.13477777521136	0.0826277189620587	0.102451640130553
YGR008C	2.60282951544521	6.91195995857893	319.312877686579	1.40432513616231e-23	7.00781264668534e-22
YGR009C	-0.107153541723767	7.11253600263031	12.7100469326877	0.000801774437579187	0.00130200127393494
YGR010W	0.386111331311709	6.2607695674514	22.5948097145223	1.68057668500171e-05	3.4042260261164e-05
YGR011W	0.431702782932671	3.06809390241835	17.0962982097887	0.000133013973229059	0.000239582564798376
YGR012W	-0.294718126415809	6.38382584187638	46.5737440367443	1.04033855487362e-08	3.42540893567908e-08
YGR013W	0.169814103116408	6.61048065657535	13.6960713786351	0.000528391774664966	0.000883264449247752
YGR014W	-1.07854568601813	7.99980162677555	34.2791041764808	3.48114864335601e-07	9.06080929489157e-07
YGR015C	0.333854978450857	5.29884434583303	23.7907798856429	1.09691112532393e-05	2.27995729975147e-05
YGR016W	0.502186906651672	3.8507803952107	52.9961175905133	1.99252199108193e-09	7.29872074711598e-09
YGR017W	-0.396815133872644	6.37486345878037	54.072130550059	1.52363578942712e-09	5.70473227923265e-09
YGR019W	1.33798417406181	7.12234220131899	296.823929422847	6.94738052555356e-23	2.92622502482367e-21
YGR020C	-0.161545767539693	7.55381741868746	6.82409684689745	0.0117921555928727	0.0164280648167985
YGR021W	-0.912272503309541	5.94203761876441	32.7148521076671	5.65190897422053e-07	1.41367386339583e-06
YGR023W	1.15544911949046	6.64744768485406	81.2909328764549	3.96906907301048e-12	2.25407579444849e-11
YGR024C	0.332596026693073	5.87858064410156	80.8400084889319	4.33418539886154e-12	2.42969803943545e-11
YGR025W	-0.17550221433151	3.18425097358008	2.40545623314307	0.127117233912615	0.152821824656399
YGR026W	-0.229856522708321	7.3829119077293	13.1716538777326	0.000658918112474968	0.00108418742398584
YGR027C	-0.484078788249947	9.62043442136071	43.2268313560448	2.57820408842034e-08	7.92332483104647e-08
YGR027W-B	0.273189665571617	2.55754360965306	6.42748514743525	0.0143547462469489	0.0197718767310916
YGR028W	0.354487399752439	6.36713348166978	27.4176450197757	3.14443112330079e-06	7.08224072462272e-06
YGR029W	0.0713758850025912	6.80589814597626	1.77024987281029	0.189281904866171	0.221118076999219
YGR030C	0.681771631384142	5.36059805032856	118.98524626892	6.30212120386005e-15	5.59290289928571e-14
YGR031W	0.352835408468317	5.79504939785659	23.2708921530221	1.31915947386639e-05	2.70496560353607e-05
YGR032W	2.53800047730895	8.11682746913958	154.914251743508	4.61333411581141e-17	6.15920572303944e-16
YGR033C	0.149235733566036	6.97318074782666	6.55648800663824	0.0134601861005282	0.0186409492675195
YGR034W	-0.689460596068736	9.08411423809904	27.7941305879174	2.77200910609983e-06	6.28762721234566e-06
YGR035C	-1.35223572320512	3.63271773029613	80.7546121603608	4.43562344762696e-12	2.47516732806168e-11
YGR035W-A	0.0180843912278014	3.88900929491195	0.0421376097450578	0.838176612404695	0.857184481155683
YGR036C	0.294266886630143	5.29707384557791	12.4709739348945	0.000888198992810283	0.00143431179528621
YGR037C	0.348564613432941	8.69383242029007	48.7554581811301	5.85802870178769e-09	2.00470369513679e-08
YGR038C-B	0.157333883746686	5.04682524498849	1.07169549124604	0.305459931599265	0.342853994022184
YGR038W	-0.266303423337588	6.39902513454527	43.2559916983216	2.55754436391078e-08	7.87175434150092e-08
YGR039W	0.978451639758782	2.79513411145423	53.4147874864447	1.79928716444213e-09	6.67116946231651e-09
YGR040W	-0.182349187544571	5.68535033051361	5.50859245007939	0.0228522148238246	0.0305030221108187
YGR041W	-0.471273679636073	5.90945942614071	2.39584867017456	0.127853889793754	0.153616435970865
YGR042W	-0.221387097448029	5.54938834350192	11.5518127636042	0.00132268979000382	0.00208237275447201
YGR043C	4.49452819385458	8.13274997067807	169.494123978627	8.0032060512218e-18	1.22114081302853e-16
YGR044C	-0.269042086468008	6.96382011655192	0.478283746092388	0.492343513750178	0.53041714947993
YGR045C	0.0727561309726499	1.32977556627015	0.259765266689079	0.612520749458194	0.646502483131325
YGR046W	0.158925687353767	7.34356777385142	5.85488129681901	0.0191449330848169	0.0258149175238904
YGR047C	-0.362069098797671	6.15472525312163	41.7819333709751	3.854937963311e-08	1.15496369688176e-07
YGR048W	0.136306382637364	7.02275070339695	5.80022828148431	0.0196844917870696	0.0264896520777364
YGR049W	0.695775696882149	7.3503173847098	77.4062068231372	8.55580398192549e-12	4.55312365751419e-11
YGR050C	0.11288570432622	3.77787485607019	0.782132683200147	0.380649290983975	0.419665498643688
YGR051C	0.366685465047293	4.18924433284251	10.1019021820962	0.00251979309879932	0.00383416655473388
YGR052W	3.75046068182824	6.9449687353605	108.81504106063	3.07232171263022e-14	2.40724512052675e-13
YGR053C	0.305654432432404	3.76612060824749	9.37669100470985	0.00350700106889574	0.0052535980579324
YGR054W	-0.44773414591381	8.32747492723207	67.5885495173762	6.66023318395906e-11	3.05097815078576e-10
YGR055W	2.75253012080361	8.29511364631151	157.70768743055	3.26667485415729e-17	4.45908441975551e-16
YGR056W	0.131990159661081	6.53942269349441	19.8902990754849	4.54254511649001e-05	8.66618708838163e-05
YGR057C	0.286671256212947	5.48839814443673	31.4851242373877	8.32988031875108e-07	2.02444356808609e-06
YGR058W	-0.234773398752454	6.09426593187769	29.5764006568845	1.53966074713627e-06	3.6121212441486e-06
YGR059W	1.14000743866105	3.06897767840485	131.39545575873	1.05479869533915e-15	1.10717490641806e-14
YGR060W	-0.972935714854333	9.64589144771522	62.6893187876628	1.98113274504376e-10	8.48778054315722e-10
YGR061C	0.0164741800441154	9.71217786241762	0.0545649355621239	0.816239211217621	0.836858254949962
YGR062C	-0.160711166088693	4.72604151700893	1.47396737136598	0.230324652978911	0.265033166481143
YGR063C	-0.262708441361567	3.50722028077085	14.1317761377811	0.000440914311561456	0.000744202730588099
YGR065C	0.397178181874945	8.81254477021245	6.96454393853113	0.011005909274154	0.0153749370493459
YGR066C	1.23205534414378	4.0350448136837	99.1722351017174	1.52294119577063e-13	1.06816428569719e-12
YGR067C	3.43836360017282	9.60296526526797	97.6548769722235	1.97482268663947e-13	1.3600362574956e-12
YGR068C	0.380020990272893	5.50628085751118	37.9841790904916	1.14598732266186e-07	3.21806772157075e-07
YGR069W	0.468150174934135	1.04365461407013	13.8635808632516	0.000498953689318629	0.000836351888923958
YGR070W	0.602157652813195	6.06322906734415	11.4369387675984	0.00139094393495955	0.00218305405414637
YGR071C	-0.161670969535746	5.6332681427108	12.0686210035143	0.00105634084345503	0.00168881382745646
YGR072W	-0.249262270330215	5.97149652148744	29.0524914987265	1.82748718595404e-06	4.24160960277857e-06
YGR074W	0.187302513355657	2.80744770888194	5.16833090827053	0.0272563669439606	0.0359871528854548
YGR075C	0.266997448890847	5.16597425933794	30.5952299870252	1.10717306967567e-06	2.65268384422883e-06
YGR076C	-0.709071425806417	6.11773831666626	51.8897442351791	2.62534471392904e-09	9.45186198604375e-09
YGR077C	0.433168580596461	5.94601691648376	66.0979513560952	9.23449848695982e-11	4.13075876477674e-10
YGR078C	-0.572167380796554	5.92195261247663	100.461000127453	1.22000737002823e-13	8.72785530990816e-13
YGR079W	-1.42864355130336	5.15424489541542	64.4578341476731	1.32984454994312e-10	5.81615920980868e-10
YGR080W	-0.0276368948102703	7.14229703836092	0.283589094557939	0.596675781437507	0.631530277710629
YGR081C	-0.561818832019217	5.43009540683457	48.8984918955458	5.6447834814524e-09	1.9339021854295e-08
YGR082W	-0.415408532165133	6.96233513757582	29.3382506451499	1.66414517522321e-06	3.89067428062939e-06
YGR083C	-0.343511635380445	7.41782818693388	35.0262329606328	2.77106340255941e-07	7.35086448574365e-07
YGR084C	-0.940272185936004	7.07746625154732	75.0351371222275	1.38344163291378e-11	7.12554370658132e-11
YGR085C	-0.602769166286042	8.77718143474802	28.6339185533681	2.09746867176301e-06	4.83322833977791e-06
YGR086C	0.435786038486589	10.5637254534246	8.60155658257955	0.00502397078651104	0.00736655446731195
YGR087C	2.83713389136113	6.22016692566423	354.87170103669	1.35368495917514e-24	8.15963765490918e-23
YGR088W	4.5584758144458	6.79419092415552	337.495936794088	4.13993908048042e-24	2.312288910272e-22
YGR089W	-0.43269295225457	7.23263470167201	49.6134361313412	4.69044330516341e-09	1.62431278963793e-08
YGR090W	-0.756153961236531	7.6626833968399	101.111641326676	1.0926685720275e-13	7.88171358590455e-13
YGR091W	-0.282448357667871	5.83434595668034	18.9179210009575	6.56396061814702e-05	0.00012295812997932
YGR092W	-0.38833360767493	7.19816177855715	3.33966360022431	0.073493784379008	0.0917240998973761
YGR093W	-0.557059636085863	6.22575453412148	90.5119051012564	7.00236304013319e-13	4.41308345634895e-12
YGR094W	0.0548370187061079	9.60585898637329	1.67346675621822	0.20163500398089	0.234489762031644
YGR095C	-0.141723074779083	5.67406394150756	9.8902604679947	0.00277309864050548	0.00420070279258457
YGR096W	0.174162714058404	4.36285163492214	12.4652684435225	0.000890426001287996	0.00143752678224379
YGR097W	0.317767529059143	7.27894267933478	21.3597994911178	2.63265608698049e-05	5.19337294039906e-05
YGR098C	-0.608365432336063	6.06041262627611	25.6153330907452	5.80299464805573e-06	1.25456787703705e-05
YGR099W	-0.653517588839308	5.68142118255512	20.5832503841292	3.50673697087003e-05	6.79255955413832e-05
YGR100W	0.400157473235145	6.8622686472195	33.0284113140279	5.12461737373953e-07	1.29347722103343e-06
YGR101W	-0.01495437842793	6.46765930244343	0.0245231616011804	0.876180640367501	0.891832796006528
YGR102C	-0.182559650294901	6.04687652065105	27.3055327676727	3.26513024900673e-06	7.32698597712974e-06
YGR103W	-0.643271596832836	8.27241884603148	29.3325154590411	1.66726751014933e-06	3.89647777419927e-06
YGR104C	-0.184979822631266	5.91054343528049	18.8136911281507	6.83051964924172e-05	0.000127676400443916
YGR105W	-0.202179484458328	5.89677288405723	15.5844324679612	0.000242978720767119	0.00042349111137424
YGR106C	-0.211821480344091	8.10189196934654	28.0851667400847	2.51575799954258e-06	5.73415750700683e-06
YGR107W	-0.302635575946935	1.08504542993903	3.88830683180296	0.0541450014805645	0.0688172795435651
YGR108W	-3.42448968939584	7.42033348883649	181.40929463723	2.08082872861664e-18	3.54848327725998e-17
YGR109C	-2.16481366725836	4.95190961023525	21.7215962169985	2.30710344485685e-05	4.58708222478396e-05
YGR109W-B	1.93741686040433	7.2279163931501	116.0740227456	9.81347817048939e-15	8.41471198618865e-14
YGR110W	0.933041374911774	6.60486465471998	261.703847924554	1.0541849607939e-21	3.54578897310125e-20
YGR111W	0.395756121529208	6.40270010071864	168.115768585185	9.39410362831683e-18	1.40865278052199e-16
YGR112W	-0.142372727441897	6.07862972594945	2.06297928975804	0.157033389532236	0.186358533230459
YGR113W	-0.264356499909765	6.0448710173998	8.52134620589092	0.00521658776200031	0.00763978501204183
YGR116W	-0.388447973476493	7.82947107665898	146.085197810521	1.41795393308314e-16	1.73692224237628e-15
YGR117C	0.130987819107829	6.54427459570942	9.02404606371392	0.00412604132553508	0.00611920574661573
YGR118W	-0.529359916017697	9.28912834071897	25.2034224467483	6.69007766433749e-06	1.43311727024935e-05
YGR119C	-0.181830797504909	7.78048314780054	13.4909814016605	0.000575882191885417	0.000956086933242001
YGR120C	0.00986996895453122	5.46187956637267	0.0286272386215947	0.866313274254908	0.882992669289114
YGR121C	1.39695737786743	7.37738821813423	34.6486204452182	3.10890334714018e-07	8.14064669995243e-07
YGR121W-A	0.560068622458346	0.960735475516858	9.90986101328719	0.00276538691010792	0.00419110667382052
YGR122C-A	2.22421900392018	3.98595572065289	361.5520623998	8.99299279106512e-25	5.77839457837099e-23
YGR122W	0.737817833292357	6.08825618385221	110.442412415512	2.36700025134002e-14	1.898589924922e-13
YGR123C	-0.594252219788962	6.03973805799129	58.9827015193604	4.6692098614247e-10	1.89748072465897e-09
YGR124W	0.362900916317829	9.91149512176343	83.2819842959441	2.70123459852789e-12	1.57219084472637e-11
YGR125W	0.00679581178685004	6.79974829640729	0.0244735834691086	0.876304826825074	0.891832796006528
YGR126W	0.833104116388636	3.19974044884189	154.080858609533	5.15767103182472e-17	6.84093708970564e-16
YGR127W	0.847467931295734	6.00270018409077	128.227157347141	1.62003711946494e-15	1.6465419003844e-14
YGR128C	-0.838867474299297	7.21511082452654	85.8124797346714	1.67021795075421e-12	9.96890870999179e-12
YGR129W	-0.349270464507774	4.98098336836373	32.9535566529861	5.24636274249096e-07	1.32146695805896e-06
YGR130C	0.567394199873836	8.10863498409993	45.2864044148995	1.46920262571995e-08	4.72005571788023e-08
YGR131W	0.983917995830532	3.02328792309859	171.226366167398	6.66435690463468e-18	1.0403232009081e-16
YGR132C	0.025303077306379	8.53252936439779	0.200625177761926	0.656117517285927	0.688459745818118
YGR133W	0.482421732353972	5.29482030764458	48.1963240458189	6.77989119652193e-09	2.29056479491817e-08
YGR134W	0.427695990664854	6.00091660281192	44.2959177588712	1.92245211640039e-08	6.04227593425171e-08
YGR135W	-0.144031520856651	8.31644973370859	9.17422092039176	0.00384905980666628	0.00573637113904145
YGR136W	0.219159115679944	6.72429833112942	7.38036254322058	0.00898735320871768	0.0127096414250112
YGR137W	0.547533097934974	3.81631793173914	36.6536369728697	1.69923959974436e-07	4.64316457955281e-07
YGR138C	-0.634228334260888	6.57550759260929	12.3357374449155	0.000941330392970105	0.00151528805721893
YGR139W	0.311493750818503	0.85959079019334	2.0564206216871	0.157757202088337	0.187071649067743
YGR140W	-0.498612935710522	6.36506198272748	10.6358517796554	0.00198251203863551	0.00305403170324215
YGR141W	0.43206635762689	6.30899764765639	88.9942049064607	9.24184441142342e-13	5.72165329051774e-12
YGR142W	0.640325764605254	7.2059763548578	5.37428350382315	0.0244908187428815	0.0325617175161962
YGR143W	-0.06688335999403	6.48409183906943	0.242372645826254	0.624614699091302	0.657557373001529
YGR144W	1.52136040969754	4.50924806071374	122.017936523198	4.00946318417918e-15	3.73807226114592e-14
YGR145W	-0.754261179609519	6.97923200584364	40.6434597680431	5.31719882688885e-08	1.55480818722859e-07
YGR146C	1.15928987845278	7.08771028760006	66.6034035121687	8.26146923690602e-11	3.72285897218978e-10
YGR146C-A	0.0546331154453442	1.38858708932464	0.0905197476773095	0.764751385464731	0.789387323619749
YGR147C	-0.214719873704716	6.74604891302014	8.08473345675931	0.00641103640552643	0.0092510997006032
YGR148C	-0.920203366418643	9.20290779154929	77.660828333859	8.12984011313915e-12	4.34161987796413e-11
YGR149W	0.815536074845714	7.05328427289924	26.3180780109462	4.56126501718836e-06	9.99603363018097e-06
YGR150C	-0.505101842929081	6.97066127058271	37.2055776433321	1.44136515768619e-07	3.98683829168265e-07
YGR152C	-1.07567439746828	5.87719751506984	47.4451590014287	8.25837550570727e-09	2.7564139297558e-08
YGR153W	-0.196686668056664	4.5054743530068	2.03468864274215	0.159851741029765	0.189281711807838
YGR154C	1.49305204660916	4.70943910439512	646.647620941575	1.35899263429765e-30	4.86679244564946e-28
YGR155W	0.315387867096886	9.23924491410478	29.9884953035435	1.34661884789304e-06	3.18872638894314e-06
YGR156W	-0.451632003332386	6.31468801326187	41.8058635875739	3.8291321450749e-08	1.14836238912394e-07
YGR157W	0.0559006703441341	8.2977168526654	0.555915456437136	0.459340331830839	0.498389581213001
YGR158C	-0.788601218903129	6.33656501612616	348.244759691174	2.05601800456261e-24	1.18085260488464e-22
YGR159C	-0.365702158889667	7.4784612923489	4.65598076164076	0.0356881546413189	0.0462866394240199
YGR160W	-0.931781982205684	1.03065348557716	23.454387237572	1.21349117481944e-05	2.50346806923102e-05
YGR161C	2.25979132706551	7.60433632743751	80.7499497076595	4.41098295205892e-12	2.46593794418133e-11
YGR161C-D	0.131709311743839	3.65884244773192	1.34537546969287	0.251501740516307	0.286730823270277
YGR161W-C	1.63662390781678	6.03869295274766	151.019689290717	7.52879402909816e-17	9.69033785394284e-16
YGR162W	-0.223217479403068	8.84353394117274	11.6228942707811	0.00128221410012526	0.00202178695715167
YGR163W	-0.0677480695055038	6.45417484471655	2.45953887108881	0.123009949080986	0.148117992485174
YGR165W	-0.523002445299422	6.98278800248732	24.6996081760364	7.97073149963218e-06	1.69256412172168e-05
YGR166W	0.0689591159957946	6.33346096882621	1.01930637377197	0.317459433416045	0.355209158360023
YGR167W	-0.24321937826423	7.9406296552854	36.9753992970364	1.54313170915365e-07	4.24902118739368e-07
YGR168C	0.153030513204534	5.50955766009063	7.13803336241313	0.0101107994764642	0.0141928861454264
YGR169C	-0.48484370479058	5.77691462193756	66.5762959250272	8.31101501203604e-11	3.74241563559729e-10
YGR169C-A	-0.118916783438749	6.93378202173099	4.71968127171241	0.0345008429733153	0.0448518325905496
YGR170W	-0.0462681903283641	7.00759602188326	2.46859427729629	0.122338397634216	0.147455190021205
YGR171C	-0.257002319230727	6.08702290218739	12.0289079004819	0.00107465589719401	0.00171539200370139
YGR172C	-0.178660328502167	6.19846270281508	7.18265620121768	0.00989318709012578	0.0139034448302599
YGR173W	-0.58794765074728	6.15685664988408	82.6155105888914	3.07063467190595e-12	1.77362655432291e-11
YGR174C	0.220867623734411	6.51368579979469	5.34571829572821	0.0248553845249572	0.0330175825851929
YGR174W-A	2.05222790253459	4.04326553708302	229.599038678212	1.79493769390343e-20	4.55315861686838e-19
YGR175C	0.23174674547617	8.96857027157724	8.31638719747344	0.00574502229336057	0.00835939190295869
YGR177C	-0.482535247497872	5.15956920348748	13.5129289928647	0.00057061325413196	0.000948373871459287
YGR178C	-0.021796935063946	8.50307155136582	0.694028544624465	0.408689955794949	0.447984236744625
YGR179C	-0.340939946714403	5.57440045440729	24.3554925808493	8.99052133671394e-06	1.89654518010792e-05
YGR180C	0.118458196368635	8.99054223019554	0.928652423473404	0.339769790163237	0.377949658781982
YGR181W	-0.0129779350184831	5.8638620894175	0.0550772758787881	0.81539445784709	0.836273830756922
YGR182C	-0.223376268109102	7.315908537635	5.78506395713327	0.0198370648408981	0.0266831751549685
YGR183C	-0.220718827207769	8.65453126566497	6.25734159994537	0.015626305034669	0.0213926118846559
YGR184C	0.0360531332201735	7.33263786672044	1.01837719140361	0.317677935955669	0.355388326736147
YGR185C	-0.304604210762634	8.6714198541445	76.8202926964931	9.62637540377084e-12	5.06966898426963e-11
YGR186W	-0.0151977874684431	7.69917659904739	0.12159203800035	0.728752559927681	0.755538182554709
YGR187C	-0.350293247957216	6.79626148199206	24.2879170819293	9.20601406842743e-06	1.93730430862724e-05
YGR188C	-0.663517260303519	4.90736009006021	11.3672624015697	0.00143417624413132	0.00224742985180732
YGR189C	-0.742121542288632	9.51684190470506	5.16639602289556	0.0272805949448998	0.0360113317486014
YGR190C	-0.104104696491832	4.38541505535349	2.03451244202694	0.159869671832441	0.189281711807838
YGR191W	0.182191717254671	7.0385032215131	8.17466988630568	0.00614326385428376	0.00889210421894425
YGR192C	-0.182871365475751	12.8015400745155	4.49746097000075	0.0388388176716011	0.0501379817609642
YGR193C	-0.0865790864654271	7.61351742408087	4.86394952350294	0.0319664501870399	0.0417711416052155
YGR194C	0.3029693309303	6.66940348842236	7.21347702883112	0.009745836827092	0.0137090237068706
YGR195W	-0.353715911016355	5.86594995693992	41.1819767818372	4.56452622362925e-08	1.34570632685012e-07
YGR196C	-0.295844537305165	6.44502732969195	36.5063631603046	1.7743348263477e-07	4.83317692295517e-07
YGR197C	1.57451585611089	6.20134852356007	153.015309935175	5.85217837587223e-17	7.67846162765305e-16
YGR198W	-0.0313851786761519	6.57683371398612	0.434391379551421	0.51281301618791	0.54985268339258
YGR199W	-0.0673303325445728	6.90103275492915	1.42570297340882	0.23800242755043	0.273233788219313
YGR200C	-0.29318675114992	7.28645660991621	26.7400300359667	3.95183518400381e-06	8.73911100625325e-06
YGR201C	0.356858548278537	4.66923260035778	23.7942048659528	1.09573856092506e-05	2.2782979367868e-05
YGR202C	-0.00809845109115446	7.30694538237018	0.0512974924414781	0.821727906919917	0.841776795781332
YGR203W	-0.55923608543569	5.86231913916028	37.2966730948445	1.40308626422994e-07	3.88625531238939e-07
YGR204C-A	0.945858126008153	0.629983637127852	47.6287056530617	8.67869874362883e-09	2.88878720345611e-08
YGR204W	0.152059394634368	10.3062333985534	7.76556601323554	0.00746532471527866	0.010683802742505
YGR205W	0.394154736829985	4.60104509689617	10.8556242259595	0.00179781425325549	0.00278359439822468
YGR206W	0.207801729399978	4.30916917791544	10.893574530052	0.00176780042085306	0.00274130640910683
YGR207C	-0.298360484531618	7.50972439454078	37.9429452291109	1.15985227523346e-07	3.25550053094573e-07
YGR208W	-0.810267036648032	7.2160535191193	201.995652978418	2.37113289418477e-19	4.84411310731438e-18
YGR209C	0.30564674402897	7.05489382838429	24.8323280933247	7.61037819074617e-06	1.6199993854987e-05
YGR210C	-0.541073185734284	7.19938207135084	102.719833851683	8.33867018631586e-14	6.07973941248994e-13
YGR211W	-0.443656108248199	8.20601298902374	14.6056782858331	0.000362197837007949	0.000618356823248568
YGR212W	-0.119956599564106	4.84022645265433	3.39858737151863	0.0710785349380577	0.0889102364296066
YGR213C	0.202575376285016	3.70645214790212	7.04670466418129	0.0105725135300895	0.0148034642068042
YGR214W	-0.682285458258264	9.84881990627267	59.2901723475969	4.34366204299097e-10	1.77716495414846e-09
YGR215W	-0.597196919968775	6.46094095299729	42.105441855024	3.52092384594208e-08	1.05853749995533e-07
YGR216C	0.187445539505445	6.09743669651906	11.3541783264896	0.00144239143756386	0.00225914048672209
YGR217W	-0.239894968888795	5.73139915172287	11.7514307886383	0.00121230289941296	0.00192150482989484
YGR218W	-0.0724120101406423	8.18001414539221	6.00558124284545	0.0177373390473502	0.0240854719745879
YGR220C	-0.432151325668731	6.26749821567015	20.0693422496848	4.24754435955003e-05	8.14971637596615e-05
YGR221C	-0.32923745143711	5.32181543240548	1.35566224876869	0.249719622827354	0.28501932204217
YGR222W	-0.308737173422866	6.14724820883001	9.25459084692999	0.00370894048382299	0.00554111157435936
YGR223C	0.87776454762895	6.17634756891981	321.571223492316	1.20125176626618e-23	6.04398409341201e-22
YGR224W	-0.00581351805096962	4.27924524591439	0.00575305879895535	0.939836692951327	0.946768741993083
YGR225W	-0.288783217289336	2.38423772651215	5.46129106865308	0.0234442352905254	0.0312658279186679
YGR227W	-0.117501122850048	6.55390884396238	1.67813818011126	0.201016926194307	0.233860318492441
YGR229C	-0.727852450903844	7.79320514408065	124.470407904651	2.78800937264253e-15	2.7027708695299e-14
YGR230W	-0.362658955530416	5.58100218967145	4.7429048915436	0.0340789955346999	0.0443412961776562
YGR231C	-0.131797756851759	8.23266208194177	3.64692904968424	0.0618165536758014	0.0778847638200081
YGR232W	0.297334005857081	6.0643424509676	15.3132123006	0.000271207166626393	0.000470669677999282
YGR233C	-0.256844295816352	6.37737319900089	9.77149437212284	0.0029269442881624	0.0044231944989419
YGR234W	-0.978118579386104	10.1046652064622	10.6368423757116	0.00198163436698804	0.00305345229719646
YGR235C	-0.0570012620609043	7.24148130658643	1.82836426192795	0.18229888097159	0.213470972755346
YGR236C	4.14794502227573	5.42656063022324	260.718227095348	1.65150497292019e-21	5.26406401839691e-20
YGR237C	0.302267906335009	6.58431783544291	23.4424408338652	1.24100147678546e-05	2.55502772765298e-05
YGR238C	-0.723103708343611	6.04448195650972	30.0882878396951	1.30380996145126e-06	3.0945789650352e-06
YGR239C	-1.42598210127266	7.87263645146432	109.063598089357	2.95029412371468e-14	2.31759879034516e-13
YGR240C	-0.501635613763302	9.91917370794435	30.0370550447446	1.32559293604282e-06	3.14260506021366e-06
YGR240C-A	-0.251301138734141	3.63352988073439	3.46601086557265	0.0684225530806077	0.0857641554776076
YGR241C	0.799529589521106	7.33389620060063	74.7090682320131	1.47901741204553e-11	7.59521316477272e-11
YGR242W	0.613245626168601	2.89569987823749	62.9730620594	1.86445263201183e-10	8.02175803794208e-10
YGR243W	3.00020768760154	8.33708821702831	134.256283441333	6.93335231474133e-16	7.51072044344221e-15
YGR244C	0.443709536614285	9.2788979344475	60.2556914572925	3.46677620149828e-10	1.44066440373526e-09
YGR245C	-0.886692151054198	7.13334959524696	66.503160128248	8.4454559995595e-11	3.79733649374581e-10
YGR246C	-0.346921870390258	6.45099452902437	50.8004326066385	3.4598329426877e-09	1.224619939249e-08
YGR247W	0.115751157237472	4.82957316210435	6.42073842443918	0.0144008502983212	0.0198308926976203
YGR248W	1.44501548509304	4.32603242933993	39.1764618001151	8.10338756329783e-08	2.31286561112786e-07
YGR249W	1.58576753268024	4.63126381323545	49.4538441925289	4.89029333739593e-09	1.68871842530155e-08
YGR250C	1.1616746201754	8.43752395740427	102.847270593052	8.16293351425579e-14	5.98025742897584e-13
YGR251W	-0.0822042131647667	5.06847452032762	1.1874998254709	0.280967377003138	0.317470191387362
YGR252W	-0.455282799389321	6.35954796933389	55.9012469126811	9.74351668952315e-10	3.76625584798838e-09
YGR253C	-0.109845737956957	8.24694742235353	7.01228087974266	0.0107515007990274	0.0150436995781381
YGR254W	1.85059283662441	9.30730288442304	184.257531062994	1.52281551454387e-18	2.67945111345175e-17
YGR255C	0.0758294271722807	6.9223618831055	1.31683130336661	0.256527066676489	0.292022584503827
YGR256W	1.52721143724478	5.12611312352893	495.228562019449	6.95186418785797e-28	9.00488280333603e-26
YGR257C	-0.0604878674868911	6.76859738664422	1.05925264679978	0.308252059419608	0.345732965686546
YGR258C	0.56527027492323	5.95579126726376	96.5098949586243	2.40711848052588e-13	1.63372768221199e-12
YGR260W	0.13698462712302	7.84666251937056	5.99895005374063	0.0177968962792694	0.0241523639206849
YGR261C	-0.125199257645034	7.12972603796082	6.88430513067108	0.0114480358154628	0.0159705870862827
YGR262C	-0.367249309425298	6.27056262805083	114.049990735718	1.34192456349242e-14	1.12236472324753e-13
YGR263C	0.0131629448078325	5.40996347317487	0.0570029473837649	0.812255958579787	0.833335739102417
YGR264C	-0.304094477679575	8.16817703621569	35.7389423786015	2.23347734310366e-07	5.99004848670269e-07
YGR265W	0.147743226689773	1.65095288838146	1.39412718629418	0.243215785167885	0.278745801977049
YGR266W	0.299296882989724	7.26433438476749	22.6045038360926	1.67471756491764e-05	3.39403479867464e-05
YGR267C	0.291235954075996	7.84950187710521	68.0331798199293	6.04672971438164e-11	2.79517771459039e-10
YGR268C	1.31914126886972	5.90721766209867	396.124474936265	1.1428017166462e-25	9.15444322492375e-24
YGR269W	0.514959895425531	1.88279717906156	27.5045800361474	3.07010480903131e-06	6.92764939858512e-06
YGR270W	0.0508815729546487	7.17316055555084	0.565682692639422	0.455443949920445	0.494602705514746
YGR271C-A	-0.670880341529711	5.804483327827	38.2537737585681	1.05897097168732e-07	2.98749549380556e-07
YGR271W	0.0808732784097326	6.327763867985	1.38048898483932	0.245485558649915	0.280818504520985
YGR274C	-0.240550672288235	6.72968087011206	17.492878481997	0.000113804668102223	0.000207189838339214
YGR275W	-0.350696338583338	5.90723771330598	55.4116712289754	1.0973628663157e-09	4.2176421276073e-09
YGR276C	0.0518354889390021	6.77799080767895	1.08026972369959	0.303549740865702	0.340898509941043
YGR277C	-0.118280313473646	6.26930549050397	5.97766898618159	0.0179894768381546	0.0243811075224144
YGR278W	0.0555516693858662	5.63950892368001	0.734880876815319	0.395324332215959	0.43450704721624
YGR279C	-1.32212183702286	9.05879766868552	102.310326869979	8.930350365969e-14	6.48009213683186e-13
YGR280C	-1.01971128921581	6.59069707512507	50.6578570457753	3.58794212832686e-09	1.26628357549298e-08
YGR281W	0.142713639677004	6.19955375918658	2.59078184599654	0.113673029273797	0.137835767643369
YGR282C	-0.0856085177564418	10.240207043552	0.72420957242321	0.398752685927038	0.43787993360819
YGR283C	-0.0892618324227778	5.43769470911823	1.33998206231958	0.252440812074744	0.287747549880368
YGR284C	0.143854378291468	7.9500468970749	6.4596026886343	0.0141244584415981	0.0194899598804283
YGR285C	-0.273968770276215	9.33455909631336	29.1346824418358	1.77885550857978e-06	4.1382011219846e-06
YGR286C	0.669225539480422	8.80076871640149	25.6788571654374	5.67747355479143e-06	1.22917706264475e-05
YGR287C	1.17022872557225	5.36893258499111	217.117311896317	5.37789769655671e-20	1.22166571554616e-18
YGR288W	0.758422268163344	5.37074552347431	90.134642783895	7.50307394399226e-13	4.71400559040504e-12
YGR289C	3.91119002337064	6.61007742144425	570.562653437706	2.57255520276256e-29	4.60638708071132e-27
YGR290W	0.296547985202825	0.588034088795412	2.73159847387531	0.104568216843007	0.127654161648332
YGR292W	3.24976058742937	4.9811261179105	252.27833481716	2.31862500871066e-21	7.12918639041944e-20
YGR294W	1.34670458602848	0.885070409172755	34.0335869500518	3.98077106072788e-07	1.02300271075185e-06
YGR295C	0.381947369305427	7.63974723470484	40.4976188314666	5.54249081783587e-08	1.61757833648058e-07
YHL001W	-0.464752776102925	7.80499932038232	24.5784198336338	8.31530607355715e-06	1.76082029133273e-05
YHL002W	0.472731692476359	6.38929675381098	98.4664263086966	1.71533534288876e-13	1.19075958580465e-12
YHL003C	-0.345263376246191	7.06064740987254	28.6893986147124	2.05941745308014e-06	4.75274202211975e-06
YHL004W	-0.490109279639711	7.59894801332754	23.3963273530743	1.26151586121116e-05	2.59463127130188e-05
YHL005C	-0.151939351299295	0.414389347058908	0.577796477624806	0.450659897976394	0.489844216904176
YHL006C	0.297407389880606	3.53092447743165	19.0642297517202	6.21011108090361e-05	0.000116688753890559
YHL006W-A	0.0619151292689742	3.40960998769193	0.427658700412852	0.51608494635775	0.553155836870771
YHL007C	-0.109126351953402	7.58417615329339	7.10629301071514	0.0102685375246965	0.0144010265953357
YHL008C	1.06278619259963	3.99575422077911	121.333702304492	4.44007203726235e-15	4.08325658049142e-14
YHL009C	-0.0640731017707831	5.42515041207415	1.3137016244986	0.257085938240201	0.29244005829715
YHL010C	0.294502690951212	5.02042308943897	16.1190315302776	0.000195969519196494	0.000344815732042849
YHL011C	0.0189245281643988	7.64587749710911	0.103633971211447	0.748830062592471	0.774923919949509
YHL012W	-0.1549989252457	4.05928571928918	2.72562943109868	0.104908373912571	0.127966776273238
YHL013C	-0.462691695581762	5.83206063192475	27.2622725045256	3.31298472406571e-06	7.43163264558292e-06
YHL014C	-0.470531299569417	5.47510076085725	53.4782171914923	1.76503162933015e-09	6.54814903068981e-09
YHL015W	-0.610649517174945	10.7671746232247	27.5287402882037	3.02939520350913e-06	6.84593838120401e-06
YHL015W-A	0.280319814293291	1.34997443785664	5.93068865593	0.0184416359655197	0.0249439412926203
YHL016C	0.829115031460282	5.1595191152743	39.1818135357378	8.08825502148688e-08	2.30962929506624e-07
YHL017W	0.0045686282602606	5.8555292926128	0.00917881938899647	0.924050765759522	0.932693713794755
YHL018W	-0.000375853124543657	2.71474032590316	1.06006119082147e-05	0.997414943120645	0.997906684259406
YHL019C	0.295592802449199	5.30882638851035	47.7341075767389	7.6535100008738e-09	2.56719387797905e-08
YHL020C	0.17563276330492	7.59108303668311	1.95005710788508	0.168641277349696	0.198777947048393
YHL021C	2.83760964696881	8.35018120875717	181.88175538796	1.9745292275258e-18	3.39574405005001e-17
YHL022C	0.293288619236932	3.14562229092436	10.3545963006878	0.00224907108944313	0.00343855971685831
YHL023C	-0.256121919175231	6.95347392528533	44.4609226644073	1.83785914321349e-08	5.78536011576201e-08
YHL024W	0.221225892215789	7.64748261782258	1.95426999315981	0.168190529030114	0.198285038872063
YHL025W	-0.246268581291717	6.37107232648621	29.1569516926611	1.76592058630491e-06	4.10968063051388e-06
YHL026C	0.179161710580111	4.6710641090899	2.05807999141504	0.157517607563867	0.186860326354018
YHL027W	0.484787000693657	8.18232102664543	145.222691021836	1.58663520247001e-16	1.92036483352633e-15
YHL028W	-1.55998284886801	5.31739885402918	42.7384482726775	2.95238715065325e-08	8.96047336923685e-08
YHL029C	0.334378437258404	7.39949261688225	65.7507151675887	9.96994241985493e-11	4.44341211215789e-10
YHL030W	-0.199129902287054	7.25580484704693	7.85548819027365	0.00715091608759709	0.0102531269762815
YHL031C	-0.122676817554394	4.55475176515708	5.40417838915135	0.0241158020441828	0.0320981641550032
YHL032C	1.00873483073254	8.05413176339184	216.343616397553	5.78503073635123e-20	1.29960395287477e-18
YHL033C	-0.726746209083928	9.19023294810834	33.9637610048978	3.83545655701359e-07	9.89417776232998e-07
YHL034C	0.0942786064860276	8.43454823716291	5.21788318854195	0.0265592542720999	0.0351505956540314
YHL034W-A	0.227436820197313	1.69116181938677	3.56851305436859	0.0646050838288094	0.0812467982544498
YHL035C	0.117082526806023	6.66188345203339	0.360613588801132	0.550830464609012	0.587913020431217
YHL036W	1.07365914321611	6.8656763112996	92.4337323866528	4.94890836374002e-13	3.2018017129064e-12
YHL037C	1.73004216630597	0.798892556726612	81.5495892663738	4.40430053469493e-12	2.46446522566385e-11
YHL038C	0.0664424228270491	6.39043330052469	1.08164545050321	0.303245254513552	0.340619392892713
YHL039W	-0.290024186322549	6.65615352271875	20.7142060227173	3.34036792662705e-05	6.49302679990596e-05
YHL040C	-0.342437234522858	6.6657062289322	1.57708133604953	0.2149161314905	0.248652491165747
YHL042W	0.129443608154851	4.37569243156778	1.14531882714326	0.289580769743131	0.326535974476048
YHL043W	0.408365878474154	4.37352593833379	8.37536516927528	0.00558759405553978	0.00814589861353597
YHL044W	0.128721667777643	3.21524917295983	1.62817154270602	0.207750823559976	0.241003623062716
YHL048W	1.13362333517747	0.894671724458711	57.3220316871168	7.73753129704246e-10	3.03910261525126e-09
YHL050C	-0.202633793168236	0.926609970554505	0.80071129878417	0.375178286620095	0.414534556976976
YHR001W	0.181602553983606	7.26357945112622	21.5786480852584	2.42984745845283e-05	4.81226783573872e-05
YHR001W-A	0.0980054833033416	8.30211073744046	0.864987977129893	0.356737010170706	0.39552265851744
YHR002W	0.859041338919135	5.51801553290766	317.454534271248	1.59686467534995e-23	7.90383101100043e-22
YHR003C	-0.0645414796090196	6.24008848970142	2.06503894482491	0.15683047102321	0.186154008108657
YHR004C	0.69270213588208	6.25898434774474	184.520407795741	1.47997010598559e-18	2.61920290850008e-17
YHR005C	0.646442167584318	7.20915961623888	12.9282614596091	0.000730580050154165	0.00119339182863927
YHR005C-A	-0.575832642090314	7.88870381390639	36.5452752807303	1.75384394934953e-07	4.78163992997758e-07
YHR006W	0.260768835165894	7.28820310805299	35.1185240250791	2.69445786813161e-07	7.1663868506707e-07
YHR007C	-0.397813357353433	9.60605426284832	11.035800338364	0.0016597302586005	0.00258491629940134
YHR007C-A	0.515363760232853	2.88308952828288	24.2207126138693	9.43924685405609e-06	1.98159085681012e-05
YHR008C	0.169621488972561	8.92671017372281	3.67103026275162	0.060990917492959	0.0769241155370074
YHR009C	-0.0998058351683001	8.07615243604668	1.91688324451851	0.172240863473717	0.202706819413878
YHR010W	-0.656133265804316	9.48604464487101	27.9004376414302	2.67539386746897e-06	6.08662102584121e-06
YHR011W	-0.858617149449104	5.41555062004711	40.1410568073452	6.13725149381081e-08	1.78431648014901e-07
YHR012W	-0.0037184235627534	6.87500368263575	0.0078165830176318	0.929896633003214	0.937752311035873
YHR013C	-0.296750506491507	6.1850702906858	31.6921105023639	7.79952838278429e-07	1.90696902788718e-06
YHR014W	0.24664635496247	3.34348663756505	5.72069882059944	0.0205006904436935	0.027496850280063
YHR015W	-0.0395093397277339	4.56280218102941	0.145435908601456	0.704523259708438	0.733436662979646
YHR016C	0.303785851597141	6.48179756789266	4.76476080171986	0.0336864026237583	0.0438773682442107
YHR017W	0.16003336827844	6.43003946222288	10.45703105161	0.00214756498154575	0.0032932936039422
YHR018C	0.177835606420606	10.3411957469127	6.98760315142754	0.0108822293460491	0.0152196214699625
YHR019C	-0.000495831014497084	9.52804145644435	0.000139081067269634	0.990636661690193	0.991777009763179
YHR020W	-0.0594735045927021	8.56114628738209	0.94558228459019	0.335445265697356	0.373480390922733
YHR021C	-0.562890261741254	8.88707696660661	25.6104220989032	5.81279189737927e-06	1.25553763050937e-05
YHR021W-A	1.54702831721727	1.4889790885547	69.0476227184066	5.11415850464279e-11	2.40424687075408e-10
YHR022C	1.63427300345745	2.6638028747794	98.8997725576576	1.61178568769132e-13	1.12529257645238e-12
YHR023W	-1.02116300273109	6.37920897397394	80.9224644812257	4.26478073786202e-12	2.39741321626076e-11
YHR024C	0.259578826725334	7.7276686871661	16.0419854848068	0.000202102983665201	0.000355110577252118
YHR025W	0.101728382105595	8.19137003238438	4.1082179462997	0.047929343320724	0.0613269949845666
YHR026W	-0.0704604770444761	7.5040257803952	2.60899005399004	0.112442353892893	0.136445894060182
YHR027C	-0.126928046304941	9.45253957565359	15.3570436053141	0.000266421476229547	0.00046262805113676
YHR028C	0.465109640390971	7.59575961195919	109.220119591261	2.8771356929824e-14	2.26891218897368e-13
YHR029C	-0.0215946260604262	6.2970270587648	0.0851402213946678	0.771634767232253	0.795009724642064
YHR030C	0.291614163137401	7.67639920311637	2.79698360048322	0.100579033806869	0.123154697871324
YHR031C	0.240725623188447	5.83034631383563	3.391438313031	0.0713665963848196	0.0892155726469777
YHR032W	0.20770212331306	6.72835223575907	9.19620212910653	0.00381019209146645	0.00568261868026647
YHR032W-A	0.333616714695013	1.98883882053822	7.32959513715205	0.00921545572959677	0.0130140789797692
YHR033W	1.70543345507473	6.17151748878386	53.3059185183996	1.84222196430968e-09	6.81790110560325e-09
YHR034C	0.384542306524593	5.03821281863008	62.2700435989757	2.18037649815033e-10	9.29561072880895e-10
YHR035W	-0.11000370293261	4.32324164542065	2.62877471798673	0.111122929834702	0.134952403118625
YHR036W	-0.427911764702302	5.68497016817594	92.5052140872801	4.88635005972579e-13	3.16469140038411e-12
YHR037W	0.283829115239253	8.27987868471065	30.5710659607289	1.11568318704545e-06	2.66992108597985e-06
YHR038W	-0.461104831078424	5.59674496203294	15.6363119655375	0.000237944445119161	0.000415192256201047
YHR039C	0.0460104004880209	8.49119679692529	0.122470464464637	0.727814435025894	0.75471542845131
YHR039C-A	-0.172933331678933	7.28214824872751	13.9856279537113	0.000468205385506072	0.000787792560153835
YHR040W	-0.62937509732516	5.61764661600264	65.6325676147197	1.02351381035e-10	4.54496869249511e-10
YHR041C	-0.330953715417354	5.15461081802124	45.4099811526993	1.42129581358032e-08	4.57580587682549e-08
YHR042W	-0.295065325119033	7.87384866966114	22.3826438602573	1.81419283186759e-05	3.65964412207088e-05
YHR043C	0.404120021831652	6.3382124599411	12.6203002643504	0.00083313112247128	0.00135075959350337
YHR044C	0.798542738611001	4.02750523847764	174.095930183214	4.72891254056986e-18	7.59620568522145e-17
YHR045W	0.0220988863041699	6.54598650687525	0.181720089404355	0.671696736986375	0.702506396628251
YHR046C	-0.453787890535261	6.0852303364741	49.6411905593858	4.65703038633165e-09	1.61457864419061e-08
YHR047C	-0.137600501147122	7.11584341166684	4.79010054453851	0.0332377154031623	0.0433207474576005
YHR048W	0.763558596929449	5.01488684340691	78.3132935041653	7.13975924571274e-12	3.84662427326541e-11
YHR049C-A	-0.0186174745990815	2.80864041140945	0.0426402003940786	0.837228524217713	0.85664659755251
YHR049W	0.184667045830678	7.05863669756843	1.63605658563601	0.206668424610601	0.239839376482909
YHR050W	0.0158140859654852	6.99780330071382	0.0607820024949109	0.806255862680961	0.827877499072641
YHR050W-A	-0.235794787593194	5.7231347941906	10.1666839797662	0.00244706554042053	0.00372909512142182
YHR051W	-0.320093408142688	8.33804446188486	16.8021062686539	0.000149319178897691	0.000267290550170286
YHR052W	-0.470448088029727	7.22397419705372	21.8103705068056	2.23277416864048e-05	4.44801346161102e-05
YHR054C	0.670978612751552	1.03804741238793	17.9789756627851	9.52433628464265e-05	0.000175390681490939
YHR056C	-0.0991037140943263	5.94176768854711	4.29194059263533	0.043379751476856	0.0557164402934809
YHR057C	0.308983305694081	6.88931178409543	47.3193333068076	8.53669841372952e-09	2.84307548921145e-08
YHR058C	0.205775963101555	5.14845971283405	17.2002193503991	0.000127638805449781	0.000230651542765885
YHR059W	-0.63571436531487	6.1751488829144	29.1030281118136	1.79745379576946e-06	4.17508535240156e-06
YHR060W	-0.548038069448371	5.61054281745277	99.3483868423505	1.47472030405635e-13	1.03673177957218e-12
YHR061C	0.0350930081547899	5.01466146931632	0.0343290571419387	0.853745047159301	0.871934213572526
YHR062C	-0.906805933592263	5.71917663265737	88.0208725567918	1.10612170331626e-12	6.78153970774358e-12
YHR063C	-0.256715430932167	7.25374609898625	55.1679878707736	1.1644899613374e-09	4.44477422233361e-09
YHR063W-A	0.179032886686003	1.44489208919272	1.39126043392166	0.243368913403356	0.278820785350473
YHR064C	-0.299439178212341	8.54457511604037	29.2344241780006	1.7216553562144e-06	4.01433849430611e-06
YHR065C	-0.678760260440895	6.99506454161593	80.138370927395	4.97279371067183e-12	2.74224348827628e-11
YHR066W	-1.11351576267782	6.66779529730329	78.1270213660118	7.40669107135702e-12	3.965869414461e-11
YHR067W	-0.0718037488764761	5.80252639430334	0.687726973788459	0.410811218352412	0.450147353731008
YHR068W	-0.402976045014686	7.51188007266396	62.8625415598343	1.9046787070856e-10	8.18326321011793e-10
YHR069C	-0.438999360488007	6.40229941921916	44.0667054770852	2.04670932546299e-08	6.39977728475537e-08
YHR070C-A	-0.0615573169412156	2.76636349846667	0.363123834408174	0.549453882890299	0.586546596359134
YHR070W	-0.00754923950489488	5.26578980476082	0.0135121854284044	0.907918279879785	0.918781089787352
YHR071C-A	0.263751864396124	0.326638699082142	1.38643842898079	0.244433422723944	0.279772641012102
YHR071W	1.08149220853363	7.49882103734286	55.3887658324887	1.10348517924579e-09	4.2384970165605e-09
YHR072W	-0.050243208680545	8.21683615831346	1.863915601746	0.178177943813067	0.209289469792389
YHR072W-A	-0.0749794687654949	7.34105291707891	1.16259100970721	0.286012618068363	0.322811423581794
YHR073W	0.246962715066157	7.44285206044799	93.4377646645528	4.13592829773182e-13	2.71623856273909e-12
YHR074W	0.4333951548173	7.6541057682895	126.0716585974	2.20839718419389e-15	2.18969414615185e-14
YHR075C	0.501796400702286	5.02137021313471	31.1688688700397	9.2133468311555e-07	2.23113983723447e-06
YHR076W	-0.298476106152893	6.65498435741396	41.7417130181105	3.89869720056484e-08	1.16635226324515e-07
YHR077C	-0.4206416963471	7.35761236241669	130.391800702409	1.18999070172138e-15	1.24265238286102e-14
YHR078W	-0.0467345049969684	6.31907628051846	0.884816820801736	0.351328996353199	0.390095008170395
YHR079C	0.681587477014109	6.49498904875509	224.135180255911	2.77510259766548e-20	6.75792984583499e-19
YHR079C-A	0.388577523410444	0.620756573840985	3.66396413845289	0.0606450411151776	0.07651958762885
YHR080C	-0.227137127796167	6.36757856757735	7.83611016159439	0.00721746912719227	0.0103412454804299
YHR081W	-0.772413429546791	6.24306175110148	110.06482524899	2.51370116377883e-14	2.00832187468314e-13
YHR082C	0.0433278139447688	7.50939740694055	0.787896914990492	0.378912355027942	0.418053355819158
YHR083W	-0.310345888194624	6.59894421546675	41.4059428705812	4.28491857695554e-08	1.27065680937678e-07
YHR084W	0.435117046767472	6.87883008885621	8.92967892012428	0.00431077154577274	0.00637299105649937
YHR085W	-0.397852661825341	5.13543334945057	18.7344676906267	7.04107341021038e-05	0.000131370073310943
YHR086W	0.00584364148430867	6.48876159378459	0.00322561089844211	0.954931308311494	0.959977180482228
YHR086W-A	-0.130335652643932	0.622254994583324	0.284974759106883	0.595828730736182	0.630962830530854
YHR087W	5.30134231541172	7.08550314477645	232.842818192792	1.25566173514747e-20	3.32368201894687e-19
YHR088W	-0.602894539297883	6.80547918406699	26.1864027359268	4.77088334639391e-06	1.04104436605183e-05
YHR089C	-0.359847835219953	7.6186215856119	16.4892380532911	0.000169047951429541	0.000300047792508177
YHR090C	-0.0585632695266473	5.86383999255015	1.54099440442604	0.220160811400206	0.254237295107067
YHR091C	-0.495354749630763	6.81468684650186	49.9900253907968	4.25707142908108e-09	1.48606943005996e-08
YHR092C	0.644818285614217	9.36550523288792	17.8487155726236	9.90731164036932e-05	0.000182057691719192
YHR093W	0.108624572170656	1.74030386290278	0.424037542071441	0.51786757667411	0.554675898450384
YHR094C	0.960814687262607	7.59998316199201	24.9115249757321	7.40377673077441e-06	1.57767562957489e-05
YHR095W	-0.26085399675512	0.626750911182703	1.26554744052049	0.265975168094519	0.302026864171983
YHR096C	1.18421276979909	8.93027978583254	27.8871495655035	2.68739049940968e-06	6.10719953843864e-06
YHR097C	2.71536918415808	7.47538177251324	114.768770116992	1.20025486019727e-14	1.00927508133716e-13
YHR098C	-0.163144083201189	7.33598130443451	4.75277181107853	0.0339009558294071	0.0441334890463836
YHR099W	-0.858963164099341	6.74509802450951	274.986735365953	3.63951695460818e-22	1.35105970851552e-20
YHR100C	-0.0488499694386156	5.93755577500515	1.1397802649724	0.290736620753681	0.327698875843745
YHR101C	-0.0466743208535743	5.41969147010619	0.799860494252453	0.375345149220703	0.414643670559905
YHR102W	-0.0497563357082322	6.74786707114497	1.51485690706991	0.22405719300401	0.258442628080412
YHR103W	-0.148674512149032	6.98503016362337	1.46733227422031	0.231361445663458	0.266111558888935
YHR104W	0.915692389673524	7.88075827022421	42.7904670232617	2.9092413982789e-08	8.85130516377908e-08
YHR105W	1.01257227001241	4.56082784326453	188.764956966099	9.39254607436387e-19	1.75944063079161e-17
YHR106W	1.2124103666449	6.34750056767742	545.577839559258	7.30235225089077e-29	1.23490890287286e-26
YHR107C	-0.468189229892706	7.3060732298028	34.22077245808	3.54402637952204e-07	9.21265268938094e-07
YHR108W	-0.224402203059756	8.16210996037812	14.1967842904871	0.000428865301462826	0.000725258876473801
YHR109W	-0.433951316498152	5.30870542087036	18.0911175853188	9.01882158599982e-05	0.000166333189383723
YHR110W	0.471332022070181	6.42543797197082	9.19446907518643	0.00381324265143956	0.00568577547439726
YHR111W	0.106192986315005	6.32178359114973	6.13902433351375	0.0165829577760882	0.0226158259276042
YHR112C	0.403666384312129	7.47591591506405	18.7402409809588	7.02510963938912e-05	0.000131112407984675
YHR113W	0.906096727138476	6.97631802819838	123.420784796491	3.25203175418509e-15	3.09349520616857e-14
YHR114W	-0.10717525327117	6.86440276536098	14.3358691946503	0.000404854422000017	0.000685796806103534
YHR115C	0.428805281105216	6.94004695219135	34.1487510856029	3.62329536980902e-07	9.39864602104701e-07
YHR116W	-0.406127554685651	5.62067563681354	13.6770207987438	0.000532640093274905	0.000889633165393038
YHR117W	-0.232192417947636	7.22286770316597	26.922850196611	3.71472251658545e-06	8.25976284914983e-06
YHR118C	-0.121993422475995	5.35492431951276	6.38341129330211	0.0146714188170922	0.0201669897851564
YHR119W	-0.468531167810618	6.58428174362462	87.8464337019012	1.14229925226447e-12	6.98926416862923e-12
YHR120W	-0.562719062611931	5.54535031188396	46.1210842242688	1.17401545985012e-08	3.83650355317634e-08
YHR121W	-0.481894813236067	7.15168191244423	178.901920113248	2.74540258004915e-18	4.59176123828001e-17
YHR122W	0.148816107953396	6.60458482998492	5.80434741868585	0.0196432683604315	0.0264400216180206
YHR123W	-0.24496903516715	6.51305485187284	10.6319871589425	0.00198593444612295	0.00305775642589695
YHR124W	0.870952353033834	4.90349473772277	159.902818672779	2.50232004864757e-17	3.4623010127651e-16
YHR125W	1.39113061445808	1.09669023322694	64.2171976652629	4.25368387536444e-11	2.03241957382232e-10
YHR126C	1.14525299787581	1.87110213433393	64.477043256224	3.52939848400052e-11	1.70261315139423e-10
YHR127W	-0.901320082206429	5.46831259098954	86.9033293027021	1.36160326140442e-12	8.23181792992064e-12
YHR128W	-0.243151616594057	6.65334886088042	10.3711086646306	0.00223194808703514	0.00341409546579647
YHR129C	-0.143865248808997	5.18077739846598	7.15296528082499	0.0100374766199903	0.0140964608217996
YHR130C	0.317307449910895	1.82973093111776	8.28677542893196	0.00583126902134841	0.00847071481793584
YHR131C	0.329118573237525	6.09613883038441	52.422707746594	2.29610093508461e-09	8.33054975732725e-09
YHR131W-A	0.961582277888041	0.925005180574059	40.1837268420845	6.3723423989224e-08	1.84825252618578e-07
YHR132C	0.992232386266238	7.74886641541189	196.45651718521	4.17718558473667e-19	8.20345349673447e-18
YHR132W-A	0.376996095277539	6.458860829813	56.8706543006393	7.71254262050211e-10	3.0312433488455e-09
YHR133C	-0.0972560571653151	6.11916508836139	2.84129493491135	0.0979924409467232	0.120326337330305
YHR134W	0.251364444073976	4.85084828611205	21.8945111722221	2.16561351674083e-05	4.3212897705402e-05
YHR135C	-0.406746108633483	7.98492247090416	54.8723747492558	1.2517114178735e-09	4.73906661194891e-09
YHR136C	1.47362184327108	2.30580112202452	171.587457371195	7.18435570928063e-18	1.11577442750256e-16
YHR137W	1.3734685979669	6.34783516642152	57.1266481117718	7.25892736178981e-10	2.86034626398553e-09
YHR138C	1.83390185776293	6.79090249147666	583.264783372792	1.53213134465531e-29	2.82655018977623e-27
YHR139C	0.726514958203185	3.07299007805015	37.5079873987043	1.32160340755665e-07	3.67729503894191e-07
YHR139C-A	0.789122542239153	1.27626822491422	27.1441799766711	3.55527194276424e-06	7.92258257230918e-06
YHR140W	0.298098810757821	3.43416057887188	5.3142482880487	0.0252667055446686	0.0335420199206155
YHR141C	-0.482229605230145	9.23999544500961	17.4299448261635	0.000116640136835985	0.000212225090573066
YHR142W	-0.217284776132446	6.86528605498562	7.20899611716415	0.00976711008537414	0.0137357741279182
YHR143W	-2.51933146064345	7.50670342388167	20.0766880823344	4.23590595076275e-05	8.12994811735296e-05
YHR143W-A	-0.600956539832104	6.39826541161443	122.328734851332	3.82075268207895e-15	3.58962072970628e-14
YHR144C	-0.592404958038588	5.5989134282336	116.106266418588	9.76756218234845e-15	8.38715353542135e-14
YHR146W	-0.462175129137114	7.95355172109046	21.0223804905512	2.98060856321688e-05	5.8365856972867e-05
YHR147C	-0.341003047716753	6.55495161916842	12.9327393508499	0.000729190809040835	0.00119176205246728
YHR148W	-0.511353069345921	5.67363588729059	28.6612791033018	2.07869443031936e-06	4.79359533779707e-06
YHR149C	-1.9452700892438	6.73848143917883	120.293566604004	5.17449028742451e-15	4.6878417961072e-14
YHR150W	0.920884794230048	5.95241368572171	103.804727046364	6.96262267923453e-14	5.1567453614574e-13
YHR151C	0.298924045557175	5.65430365033866	19.9256094665254	4.48279412966461e-05	8.56599204689208e-05
YHR152W	-0.895857694815909	6.82411123957934	13.5420987246096	0.000563642446370194	0.000937299976373051
YHR153C	-1.5615205382489	2.33966445780365	16.9994046891765	0.000138425170510069	0.000248813828776292
YHR154W	-1.31255737850411	6.49580985752131	24.4848263025611	8.59209017760412e-06	1.81690326506613e-05
YHR155W	-0.169929012739131	6.47230821072037	6.53138942142212	0.0136290184300294	0.0188533206548555
YHR156C	0.31496288932536	5.02006101398023	24.6920909071304	7.99245987400372e-06	1.69599497082379e-05
YHR157W	0.0688571288247392	2.5876853591276	0.287508214716117	0.594160308369012	0.629524531387147
YHR158C	-0.730127523508134	6.8062084344095	77.1716505481968	8.96873989831774e-12	4.75999262501323e-11
YHR159W	0.12085824180111	5.05307180010802	1.01172193223237	0.319249118450148	0.357014811374817
YHR160C	1.01735544322176	4.16341371108353	38.6954314476092	9.31834696899053e-08	2.64106593795225e-07
YHR161C	0.747931987139346	8.26596481454517	59.7761161449366	3.87666535341014e-10	1.59682940944255e-09
YHR162W	0.357650400798851	9.54645731473456	15.4602538634594	0.000255500655441854	0.000444171327906912
YHR163W	0.0793001348689751	7.46572356258804	1.8468024633695	0.180147668140842	0.21123632581692
YHR164C	-0.0183392667216252	5.86031175119227	0.132574998446449	0.717285306132159	0.74519333510795
YHR165C	-0.163941839678096	6.36479861975512	16.8887900757113	0.00014428999864702	0.000258820716488821
YHR166C	-0.00530486069357689	5.43538004121998	0.0108630360121119	0.91739973986641	0.926684854207185
YHR167W	-0.527833281842172	4.47052131270025	49.9767101603499	4.27355997871907e-09	1.49011644618796e-08
YHR168W	-0.573816221529394	5.52023293072084	44.6246568163974	1.75795754061619e-08	5.55971195182929e-08
YHR169W	-0.480590016377511	6.28861338322555	23.1044614707551	1.39984179889551e-05	2.8626929364044e-05
YHR170W	0.120891666848596	7.90563786760546	1.3640829330952	0.248273243923916	0.283527951417895
YHR171W	0.78827366134433	5.62678442084358	182.751718448899	1.79613007242256e-18	3.11533899740984e-17
YHR172W	-1.83974116066791	5.67028178686768	98.2581178249819	1.77853363547094e-13	1.23322468937894e-12
YHR173C	-1.25226030023316	2.59365973497207	45.2975232834185	1.47140407253867e-08	4.72463501772965e-08
YHR174W	-0.330962438380061	12.2370278432446	4.04859356674347	0.0495154127525307	0.0632368015182309
YHR175W	-0.0965774887986168	6.36629139450231	2.18182623797864	0.145810035822897	0.173818581963931
YHR175W-A	0.0247625606806562	3.12380095260118	0.0714107043249678	0.790374068442365	0.812666328099496
YHR176W	0.298650262546877	5.98243701759665	6.4552226316461	0.0141553303438603	0.0195237089110606
YHR177W	-0.542251872546071	5.44582782510014	34.6092198534373	3.14682123658601e-07	8.22931601732631e-07
YHR178W	-0.552242765722335	5.21260876093289	33.2686966938413	4.75601996307597e-07	1.2064437306336e-06
YHR179W	-0.0661416070486206	8.80420377255279	0.222967508202004	0.638806436458965	0.671220846593403
YHR180W	0.816452383348407	4.59424230497646	122.249465042036	3.87215430414462e-15	3.63230745818682e-14
YHR181W	0.0224725779407921	5.91130152773156	0.318977562709238	0.574703700737361	0.610930003507779
YHR182W	-0.2723610813856	5.55808156556467	25.6324683543885	5.76898825144544e-06	1.2476589866714e-05
YHR183W	-0.613135693704584	9.18493392889606	80.153110145152	4.95839382441147e-12	2.73678165031886e-11
YHR184W	-0.456603174498917	4.31228134926147	29.247364830026	1.71543781284946e-06	4.00137371824809e-06
YHR185C	-0.873038967669877	0.982857899285804	23.9745405982744	1.04619049498253e-05	2.18048878242166e-05
YHR186C	-0.150246038580004	6.58148303171891	17.2481001242563	0.000125255587475579	0.000226748741168993
YHR187W	-0.188426391283269	6.23998012034576	13.103852330457	0.000678109775083876	0.00111425973298533
YHR188C	0.323476487011024	7.18832809439947	29.7037527976168	1.47710037321961e-06	3.48010335609946e-06
YHR189W	0.462850067767777	3.86119200134678	24.2810207432097	9.2319181635513e-06	1.94180181872732e-05
YHR190W	0.262501852071584	8.62853945784627	30.1677049920918	1.27070254778897e-06	3.02250868380786e-06
YHR191C	0.0423976421664402	4.74563941980261	0.453789080941689	0.503589083725401	0.541000589680649
YHR192W	0.0629952082538715	5.84147644326955	3.02547876324972	0.0880112777447619	0.108794448509667
YHR193C	-0.183753814084112	9.15622189742207	11.98435341775	0.00109560196899275	0.00174699444400939
YHR194W	-0.0237300061893117	5.6424339066695	0.12697763755448	0.723059547643153	0.750551837348937
YHR195W	0.806160488794159	6.18044750007278	230.781256232484	1.50760361881704e-20	3.9391806143168e-19
YHR196W	-0.878367134648805	7.17579850674457	109.781764694498	2.62984398631763e-14	2.08741723451131e-13
YHR197W	-0.625207489834337	6.41049876673621	43.8313662140739	2.18304366088832e-08	6.79119560934496e-08
YHR198C	0.0352978536826961	6.48406482500302	0.38597993706612	0.537192864999947	0.57456608610676
YHR199C	0.745472790860481	6.6461803710073	118.219910178565	7.0721064457615e-15	6.23985275968058e-14
YHR199C-A	0.391300894517737	4.52416544629233	31.6120960418916	8.00219847464612e-07	1.9518182817967e-06
YHR200W	-0.0600671350062148	7.99032885973693	1.38284102409595	0.245089110148759	0.280417685131675
YHR201C	-0.37393239205844	7.15622213936792	73.4541616087821	1.91582776590513e-11	9.66326382670291e-11
YHR202W	0.243223563475	6.11328578543896	16.4537690960419	0.000171457598624358	0.000304147395228757
YHR203C	-0.446639923898105	9.79697289025948	19.2033353507045	5.88811830140111e-05	0.00011084373598927
YHR204W	0.09425615874077	6.21131238094784	1.18513251632229	0.281441684581005	0.317829155208525
YHR205W	0.0447956072644208	8.19104334679853	0.386205983506348	0.537074155610786	0.574540056116405
YHR206W	-0.0632152620258454	7.21427136275986	2.23890184465705	0.140752288644645	0.168217497697016
YHR207C	-0.0154341814042238	6.12090517291067	0.0603607056076502	0.806914778041633	0.828274687020311
YHR208W	-0.668328906212203	10.2753232280895	40.6515542175289	5.30495913411799e-08	1.55197458954879e-07
YHR209W	0.48251921923845	5.51107761043919	18.2070649636126	8.62348464697405e-05	0.000159283296513283
YHR210C	0.578041676989057	3.06390598147532	78.1647332640517	7.37793737961212e-12	3.95395094780621e-11
YHR211W	-0.139909696884768	5.57536657150837	3.8591260918009	0.0549476463127467	0.0697355161042322
YHR213W	0.871557235654985	0.624719469284673	12.8939858336097	0.000673225450771959	0.00110653254435737
YHR213W-B	0.309030465955783	1.5216306925687	2.27960403156043	0.137289671071928	0.164208156676994
YHR214C-B	-0.235823160185976	1.81236137765815	1.75705048824136	0.190924522537404	0.222971128564688
YHR214W	0.0126261280137331	3.5145491743563	0.0223910067437776	0.881643193647182	0.896965869472601
YHR214W-A	-0.0329454451820092	4.1273562849724	0.118924143532185	0.731625530546865	0.757722358727848
YHR215W	-0.11421770731048	3.75359567098703	1.09730840915259	0.299808106509238	0.337184179846021
YHR216W	0.329083179473804	7.84104154679249	23.1970766086913	1.35431045355184e-05	2.7733071110742e-05
YHR219W	-0.673595616664778	1.22994704410083	7.61283669598372	0.00805017649642959	0.0114534878500265
YIL001W	-0.175939303205616	5.42837111088851	12.3678040156366	0.000928449738698352	0.00149574014532828
YIL002C	0.0697637417302839	6.86980556696969	0.744859888342143	0.392157277030921	0.4314155226896
YIL002W-A	0.0864239771854641	6.14540544610523	3.66759861324929	0.0611077430188679	0.0770395401737146
YIL003W	0.303804276277194	5.53881188559728	16.2222694791493	0.000188035542045933	0.000331910808923062
YIL004C	-0.360028076365822	5.62677163401888	19.6012287456774	5.06491617830248e-05	9.60299274167098e-05
YIL005W	0.105412275426257	7.08948573488936	9.970855539874	0.00267355402853945	0.00405697829654739
YIL006W	0.0236500529369939	5.00950018181387	0.0900787697349081	0.765299549683317	0.789819233509414
YIL007C	0.643387767972025	5.72160787842401	123.629868669319	3.15501735454158e-15	3.00590698817671e-14
YIL008W	-0.44040110534546	6.42949128409006	46.2901476408128	1.12207392106066e-08	3.68258007084491e-08
YIL009C-A	0.667825882305689	5.2855357139731	159.841474366011	2.5190783559877e-17	3.47758481434311e-16
YIL009W	-0.923829560094184	6.95632898061706	24.2525510800627	9.32104228176606e-06	1.95880239597486e-05
YIL010W	0.26080962134347	6.30901418834772	17.3317326457647	0.000121213702899138	0.000220020579382812
YIL011W	-0.855393084557512	6.35054509227755	38.1882805542111	1.07945267219459e-07	3.04104945317939e-07
YIL012W	0.889684120671088	0.768183464686081	23.4183743114849	1.27204149381679e-05	2.61539635743215e-05
YIL013C	-0.182226698054058	5.99250246038725	2.56221703824049	0.115634582557086	0.13995692616452
YIL014C-A	0.0250941424848155	5.91205003217189	0.135109930455374	0.714715795998798	0.742904177230781
YIL014W	0.211536092390905	6.77237553566408	14.6610363385237	0.000354042704712378	0.000604773284592861
YIL016W	-0.607205122214977	5.37164584610151	79.556062849992	5.57823721716016e-12	3.06224600343292e-11
YIL017C	0.844477840041216	6.18819685409974	190.340086657639	7.92506611543432e-19	1.50774382846138e-17
YIL018W	-0.35431548321591	10.1811492830737	8.96304115904495	0.0042444844683624	0.00627956778697212
YIL019W	-0.741542117629586	5.96368056711222	25.5427356768491	5.950010140534e-06	1.28316194599968e-05
YIL020C	-0.800035747761676	5.94014872731982	200.440433245394	2.77651228604835e-19	5.56033118337578e-18
YIL020C-A	-0.796447213406379	1.20983777597864	21.2138977237098	2.59086256714797e-05	5.11617622731003e-05
YIL021W	-0.513842755890952	6.15721839708943	73.6970594425326	1.82187387187612e-11	9.26613879029393e-11
YIL022W	-0.359381084768551	8.43192104521924	41.8430890748843	3.78933279704399e-08	1.13698659775277e-07
YIL023C	0.180403156316136	6.45441671679313	18.4630876864241	7.81313277583203e-05	0.000145019366888004
YIL024C	-0.166336401628375	5.13536913617088	8.46182367672148	0.00536477775141785	0.00783419691787764
YIL026C	-0.31743899727672	6.7117917611823	2.21150514361426	0.143154299829689	0.170839326772245
YIL027C	0.11001887222091	5.76820133933864	4.83655015017855	0.0324319495243301	0.0423703237562493
YIL028W	0.469907425471843	1.85810845212229	20.6325148104377	3.46232993688724e-05	6.71081332561908e-05
YIL029C	0.721472732194107	3.22227221261773	84.6506129383213	2.08941431090499e-12	1.23259247333232e-11
YIL030C	0.0688934389379511	8.00863883841069	1.61792790419887	0.209162184774367	0.242502262598809
YIL031W	0.4614215838638	6.06464433932126	94.658324587721	3.33103274993821e-13	2.22605130423971e-12
YIL033C	0.531101797994187	8.00631539780112	115.411906413467	1.08665451684415e-14	9.22671227133498e-14
YIL034C	0.511876847964408	7.40548383751123	131.979902112389	9.51592202190976e-16	1.00578009148241e-14
YIL035C	-0.372297866857255	7.44010960119309	105.491703030636	5.26809675651811e-14	3.9791777982236e-13
YIL036W	0.379382598959335	6.76590077028226	67.0495789117982	7.49173848061151e-11	3.40370924402708e-10
YIL037C	2.37320288851283	5.61046101411304	89.9628051844322	7.74360803709659e-13	4.85011170060124e-12
YIL038C	-0.408886389873974	7.316262457002	63.0552665597248	1.82320448493619e-10	7.85539200586801e-10
YIL039W	0.203695060866485	7.76399652716587	47.1552651185854	8.91515101226838e-09	2.96101687739716e-08
YIL040W	-0.292534691855458	5.93383795086033	37.4672055164754	1.33412999074137e-07	3.7087595359057e-07
YIL041W	0.220219970810266	7.95168739164303	35.2841018475416	2.56249077605099e-07	6.82732772192491e-07
YIL042C	0.664373419854324	6.30306641082456	151.68257425299	6.92235586085737e-17	9.06307580234401e-16
YIL043C	0.157595247776131	8.25073304593571	18.3911254884949	8.03244765193934e-05	0.000148908469260069
YIL044C	-0.0799257612010852	6.60249881755055	4.50103151884723	0.0387646323728504	0.0500528275473835
YIL045W	0.441980274694116	5.31787423961496	25.5116466403938	6.01458036414278e-06	1.29616868166022e-05
YIL046W	1.06690948499953	7.69106733058873	346.489349969827	2.30068982622899e-24	1.30902800580207e-22
YIL047C	0.642106433324118	6.78685124627223	38.3390624590415	1.03287388513625e-07	2.91522309351391e-07
YIL048W	0.31952098624588	7.16090994903431	66.8668114478652	7.79759240090125e-11	3.52425705543332e-10
YIL049W	0.207972017356609	4.95316389807327	8.27176015870743	0.00586753131234582	0.0085193252157313
YIL050W	-0.458801010628569	6.87365930703706	37.6154865513509	1.27705717985541e-07	3.56148607923028e-07
YIL051C	-0.321151530311877	8.01668717215299	26.7588320921921	3.92673595923805e-06	8.68991949103645e-06
YIL052C	-0.492243265705546	8.78305490410522	21.8382805152861	2.21018596142057e-05	4.40734101969487e-05
YIL053W	0.148684517592361	9.92231544905929	0.855621815859478	0.359331929330825	0.398254648783191
YIL054W	2.24806396674796	0.583889404842723	118.907172858864	4.32672814133975e-15	3.99713519339551e-14
YIL055C	1.86730270098484	6.45673156156243	458.99541115169	3.98443927713475e-27	4.49208635540673e-25
YIL056W	0.335404229984344	6.92367796480927	11.5915835301257	0.00129987724066849	0.00204804674979032
YIL057C	1.65979727626248	6.04144179568495	102.401191958332	4.04247111590207e-14	3.10347593362066e-13
YIL058W	1.32425447958551	1.99764719440161	77.3160955125831	9.09365952302003e-12	4.8141042761866e-11
YIL061C	0.168914765935918	5.48677814932155	14.0303186358887	0.000459589101971523	0.0007746341231458
YIL062C	0.224627238778964	6.73482743439237	21.8721593501691	2.18309183390088e-05	4.35473888754539e-05
YIL063C	-0.432675516253916	6.60465480359281	70.0660315637418	3.90537598172215e-11	1.87064744112702e-10
YIL064W	-0.513202348750234	6.11490175777789	32.8679551892607	5.38767015454301e-07	1.35369937684102e-06
YIL065C	-0.0190834651255405	6.29146981338467	0.0890991596585336	0.766540833704865	0.790698169365506
YIL066C	0.279122379262126	3.75064300292861	7.15603687300495	0.010022929606928	0.0140792790602163
YIL067C	0.247569880117199	5.45484286020917	36.5944515435581	1.72840151151308e-07	4.71438548480808e-07
YIL068C	-0.0624568074959033	6.36921911883228	1.78671145509838	0.187272020876319	0.218915526707955
YIL069C	-0.769531793503312	8.7923794135172	45.845509048049	1.26391986394233e-08	4.10605343206024e-08
YIL070C	-1.25440989109127	7.59502049581837	75.947046352484	1.14874621101368e-11	5.97556911858719e-11
YIL071C	0.263095601811684	4.2562726563146	34.4693417753125	3.28534564441114e-07	8.56948769630465e-07
YIL071W-A	0.00747899610960055	2.15906742297613	0.00699461526808104	0.933676305887305	0.941407974534931
YIL072W	0.508721037736108	3.95947981138368	25.0192920798298	7.1344612401011e-06	1.52348649700931e-05
YIL073C	0.969766794096636	5.49545673659802	503.774979464516	4.66107731155702e-28	6.30591970505759e-26
YIL074C	0.369900234527812	9.36339354519506	13.0293220484771	0.000699881437244224	0.00114817520612849
YIL075C	-0.00107173053000672	9.48067985044795	0.0010767921142399	0.973950856990563	0.976999969905841
YIL076W	-0.150344122883135	7.30028841448457	12.7241315887397	0.000796966746861416	0.00129488485585596
YIL077C	0.206237441837688	5.94023736368357	10.7685413068627	0.00186869569309678	0.00288746684760741
YIL078W	-0.0674395705451059	9.11305598060804	1.20712793437273	0.277071942243996	0.313650796649581
YIL079C	1.46616425554444	6.58258886984914	280.959532552038	2.2889370911461e-22	8.70940563181092e-21
YIL083C	1.05348437965071	7.71442078980231	49.5120247887113	4.8148330091179e-09	1.66454874273196e-08
YIL084C	0.0481875205721216	4.60058749911148	0.628143925548376	0.431716110939313	0.471357188557844
YIL085C	-0.0206429446941025	6.73174830693435	0.278475837487859	0.599995097856362	0.634381756816522
YIL086C	1.00888564245462	1.20478437731937	35.6505443723996	2.40095416551279e-07	6.42505888335907e-07
YIL087C	0.61686698198993	5.6837025337929	82.097012503126	3.39533435842856e-12	1.95007505416161e-11
YIL088C	0.243272955629755	7.29819798496212	23.4065481450246	1.25693865643045e-05	2.58609075375079e-05
YIL089W	0.318762656951144	4.5204949336091	41.2061550704102	4.53538484615834e-08	1.33776273950639e-07
YIL090W	0.22210726929044	6.69455228830889	18.8565243569401	6.71962154128476e-05	0.000125719286857227
YIL091C	-0.826665075424409	6.72579765905038	89.6423698291961	8.20590574776098e-13	5.11350367454248e-12
YIL092W	-0.386233566523042	4.96456027801055	40.7648995176153	5.13791971537236e-08	1.50890763276348e-07
YIL093C	-0.79963677928953	6.6650576116918	62.3810078544221	2.12523055301408e-10	9.09234266110312e-10
YIL094C	-0.982535732928752	9.77961099445072	55.3545228438774	1.11272281002321e-09	4.26859260707078e-09
YIL095W	0.113365525900899	6.28542216852007	7.72973807501148	0.00759464287730902	0.0108561131338477
YIL096C	-0.562540677078667	5.66129786907051	18.5266586284818	7.62466803722756e-05	0.000141910666495388
YIL097W	0.676454950897073	5.69707448047154	50.4483047223171	3.78585015146062e-09	1.33073069988985e-08
YIL098C	-0.910225395769092	5.45391420370356	43.0313101783849	2.72177975692101e-08	8.3351082294442e-08
YIL099W	1.09655732564667	3.69067861747983	112.95386927828	1.60305266720521e-14	1.32600334754692e-13
YIL101C	1.45030568669027	6.43556924209184	610.328710932121	5.28732039896825e-30	1.2380464072661e-27
YIL102C	1.13914390273068	0.999830205811916	69.3504597853887	2.21900782959338e-11	1.10641438710602e-10
YIL102C-A	0.633657126084546	4.12080034653653	89.1842834413889	8.9396404901291e-13	5.5478625182371e-12
YIL103W	-0.237685959551916	6.31178598568975	12.2936667228262	0.000958535937563945	0.00154135414365803
YIL104C	-0.517303777240323	5.43060817965766	56.512842016281	8.40695266292673e-10	3.28086716742935e-09
YIL105C	1.08098626671394	7.02052718348874	239.762572858758	6.76034311564724e-21	1.90541522629909e-19
YIL106W	-0.338644761872598	6.72357317735148	6.28220469339324	0.0154328573198681	0.0211420421609715
YIL107C	0.24784100899963	6.57779570373759	14.1435393404352	0.000438448152342842	0.000740436158519618
YIL108W	1.40067641174924	7.36678958635313	135.819370897031	5.5871421302772e-16	6.15090800888383e-15
YIL109C	0.112620022607808	8.64515268925897	6.56995999690343	0.0133704799040862	0.0185251437542278
YIL110W	-0.309731482686806	6.08248622764717	36.7930579044756	1.6290560748599e-07	4.46742945213833e-07
YIL111W	1.41368771893221	3.90906295415217	96.9288053804195	2.24328222871864e-13	1.52764006805806e-12
YIL112W	-0.408836602695598	6.82367310833704	99.5466973559508	1.42540905315831e-13	1.00438545319766e-12
YIL113W	0.351079015096649	3.0470497145912	11.7458197557108	0.00121563008968498	0.00192577569242835
YIL114C	-0.320656339337602	4.81088256272494	22.6141396284164	1.66911466683232e-05	3.38380622433405e-05
YIL115C	-0.154625127786364	7.29835702448206	12.869548701091	0.0007490592639748	0.0012216107149956
YIL116W	-0.154418875232765	9.21306129544163	3.8720618929545	0.0545565842139381	0.0692849473564945
YIL117C	1.30540111003628	6.67684427264579	59.2491171159201	4.38574451225926e-10	1.79317747418632e-09
YIL118W	-1.10424818344218	7.03189008553238	229.797218688918	1.64856944252822e-20	4.23480623042693e-19
YIL119C	-3.0868906083984	6.08637693304272	500.529424280969	5.41782875001223e-28	7.17037857175532e-26
YIL120W	0.270234353792623	4.89753826924603	16.3172188245683	0.000181047795728896	0.000320398513878796
YIL121W	0.238051586160465	4.26511632503055	11.7287492744606	0.00122442729493167	0.0019387030875277
YIL122W	-0.0845767271698064	5.36496254497567	0.260175269895948	0.612204796351276	0.646281047370655
YIL123W	-1.42299290616087	8.27006245660275	32.2604830869608	6.51780029794082e-07	1.61105839276751e-06
YIL124W	0.384055139714985	7.00934729288636	18.9971537652464	6.36858946336308e-05	0.000119482196157024
YIL125W	-0.108418587341503	9.52416171474531	1.83891729295416	0.181063933033942	0.212228961168779
YIL126W	-0.575905590572228	7.4958977595078	143.561212035607	1.97299675816037e-16	2.34601645775007e-15
YIL127C	-1.16601120359178	6.20959754855703	108.587121636197	3.18545471078672e-14	2.486288240932e-13
YIL128W	-0.195771114520704	6.74042245024425	20.6669240542075	3.39944813706523e-05	6.59733511586009e-05
YIL129C	-0.0715120653388125	6.36875938933171	3.49010884214861	0.0674982213253659	0.08465784331043
YIL130W	-0.639488516272152	6.76257048586384	243.097318621435	5.05116814330518e-21	1.44373294161699e-19
YIL131C	-1.34155393963838	6.84451089805618	39.8387707497398	6.69120481993997e-08	1.93428560986679e-07
YIL132C	-0.15707731477675	3.47145798077971	1.10903368590153	0.297267402342012	0.334583831661707
YIL133C	-0.866584386654651	9.04217533632871	78.6957378373829	6.61303536010517e-12	3.58824948951161e-11
YIL134W	-0.506469756442035	5.49639863485226	73.9134327240363	1.74243986739524e-11	8.87696561732405e-11
YIL135C	0.0406025272253146	7.07172196927873	0.718392743726282	0.400639903548464	0.439872990586663
YIL136W	1.4793549790297	9.95087187031184	120.656390712885	4.90005361831559e-15	4.47249271788685e-14
YIL137C	0.190743621973036	7.27700238098597	34.9958055159092	2.79681415754111e-07	7.41271423208982e-07
YIL138C	-0.608971267433397	7.8221342243692	172.708684885727	5.52316227826674e-18	8.75651352866873e-17
YIL139C	0.202293376827247	4.91398087935946	14.5056278231211	0.000377458005956652	0.000642427827862483
YIL140W	-0.00810503564564247	6.77252624793822	0.000603648792729142	0.980494612202956	0.98291638384515
YIL141W	0.160837793131786	2.05934469001756	0.29864394182558	0.587129902321185	0.622834438984384
YIL142W	-0.0981035036865867	8.35840537075827	4.64278626859392	0.0359395565852866	0.0466027732675665
YIL143C	0.0315286460874432	7.27783448207447	0.374857243504298	0.54309425419586	0.580368232323046
YIL144W	-0.401221781202222	6.27163698697926	29.1032667920784	1.79728541623688e-06	4.17508535240156e-06
YIL145C	0.131962775692546	6.51935421763656	13.3184896191837	0.000619280033582499	0.00102367006365741
YIL146C	0.556322952535106	6.08751931596635	94.2559832701863	3.5781309826632e-13	2.37812897625039e-12
YIL147C	-0.143048393363018	6.33583355654815	7.62418757194059	0.00798957067598387	0.0113752353310079
YIL148W	-0.353920518174792	9.60715128272666	16.7891526309283	0.000150086268834592	0.000268505790380546
YIL149C	-0.899522965991525	6.88758785013564	331.372192453489	6.19036239596595e-24	3.30587072514392e-22
YIL150C	-0.0619864035862535	4.14880986548413	1.37366662742517	0.246640670688187	0.282033884889122
YIL151C	-0.0284823392917317	6.32176140628321	0.323765111089356	0.571856235203949	0.608540597783891
YIL152W	0.572430907045742	5.17429231628715	119.608053087132	5.73779730346096e-15	5.14458173541537e-14
YIL153W	0.937582531137248	6.49917216490475	615.722155059985	4.29107419218178e-30	1.13906802517576e-27
YIL154C	0.39320539344651	6.61325222478731	37.716664965111	1.23958381656337e-07	3.46491564519641e-07
YIL155C	1.20026646372757	9.30075302457675	61.515560645161	2.59088254191167e-10	1.09682014869864e-09
YIL156W	0.0927696546259064	5.94829820358069	1.56242534879999	0.217027522084763	0.250952242061165
YIL156W-B	0.272089076755316	5.1640428079404	31.9747767876168	7.13315904596578e-07	1.75393823384394e-06
YIL157C	0.0505948383176369	6.2660192062384	0.28332860736033	0.596843947864274	0.631598462471354
YIL158W	-2.57875193013706	5.98224189913764	263.810474500458	8.88331874711465e-22	3.02132092359966e-20
YIL159W	-0.0653576802883578	5.1621905837862	0.320772431002729	0.573632974848947	0.610111382054575
YIL160C	3.03719429835468	7.66932078745801	186.422115045316	1.20911807189913e-18	2.18430588181659e-17
YIL161W	-0.305484225995584	5.52656196439994	34.8269280646364	2.94451646425159e-07	7.7669914360328e-07
YIL162W	1.45877149681989	7.66333998527568	60.4771491533616	3.29297021556602e-10	1.36937176723811e-09
YIL163C	1.06098425979684	2.78396479136566	118.394798907812	6.96978340561821e-15	6.16744787404123e-14
YIL164C	1.54868647947993	5.85564473920409	520.156201376159	2.21875992099872e-28	3.14135125559074e-26
YIL165C	1.57497887861903	5.28337946002015	610.926837720705	5.16927467593086e-30	1.2380464072661e-27
YIL166C	0.0189074394560791	4.96212600794881	0.0542469853568376	0.816765614838888	0.837256956245016
YIL167W	0.365597091268862	3.56180950934044	13.457479207849	0.000584196187299465	0.000968305578077632
YIL168W	0.447376510472804	3.82973141408664	18.6007068959261	7.41256413205975e-05	0.000138089628017074
YIL169C	-1.35110569321471	7.28758551224293	69.4330122545483	4.47152971857958e-11	2.13009960302915e-10
YIL170W	0.910120493768109	3.73137261342353	38.7355225243531	9.21115828030449e-08	2.61311890076858e-07
YIL171W	1.08453743203066	2.03836550331166	48.3336180042711	6.6497392516102e-09	2.25535446037899e-08
YIL173W	0.124956500707219	1.03999048121603	0.55887600452962	0.458196184585775	0.497249959336749
YIR001C	-0.0615240172225232	6.93566793184506	0.80060121342854	0.375125701066452	0.414534556976976
YIR002C	0.00802764098540079	6.55066856856735	0.020909895010951	0.885595783198738	0.8999344229868
YIR003W	-0.0247801675921177	7.17705267707022	0.404703832228631	0.52752053002995	0.564518366465518
YIR004W	-0.489282964474474	7.20116251816962	94.412408247155	3.47893050179465e-13	2.3172569906921e-12
YIR005W	0.589244458322942	5.35953134748964	69.8752250173669	4.06864348807333e-11	1.94578959586727e-10
YIR006C	0.0233929425114367	8.07350101173947	0.333977002829336	0.565874808724695	0.602702210552125
YIR007W	0.265048337373921	5.63347181810773	33.477163746895	4.45777603735729e-07	1.13457109178224e-06
YIR008C	-0.34375009599977	5.84562795880961	28.1943697604367	2.42609810376818e-06	5.54016701265591e-06
YIR009W	-0.157565104671345	4.55732435641157	5.43086524130996	0.0237859569708198	0.0316937855194464
YIR010W	-0.63967529711818	6.15102848959525	31.0601200386883	9.53756305298046e-07	2.30506883154208e-06
YIR011C	0.477232447635332	6.76466040366081	123.789523383779	3.08049757658262e-15	2.94412390050784e-14
YIR012W	-0.225428685534879	7.29754369193155	23.847151520766	1.07518798057305e-05	2.23709652280543e-05
YIR014W	0.492013632180261	3.91407057014979	33.6251125615233	4.26126511412433e-07	1.08956665328807e-06
YIR015W	0.0839064283301373	4.67753523997034	1.45757527025804	0.232897575025201	0.267726668571266
YIR016W	0.90381284502894	5.33134155394426	267.532835642622	6.57935179115983e-22	2.30201687957362e-20
YIR017C	0.821890988095912	1.7146472215387	16.6449652694153	0.000160408726666127	0.000285713378567402
YIR018C-A	0.349075418378399	3.47035411405207	14.5504959832806	0.000370610856294986	0.000631126963111573
YIR018W	0.315445931749065	5.3785146070378	18.325169416836	8.23938911066926e-05	0.000152559005187818
YIR019C	-0.853340424707248	4.12810391782546	60.2017891097602	3.51353781292788e-10	1.45711295675102e-09
YIR021W	-1.0837100388446	3.9074737777701	46.9008521008062	9.54524298101422e-09	3.15308948824821e-08
YIR022W	0.162276051717915	6.60704671966598	20.2072926261463	4.03390613973903e-05	7.76428092909618e-05
YIR023W	-0.638279904504604	6.23038372059013	189.288641717584	8.86142991365445e-19	1.67022864750242e-17
YIR024C	0.0682692163108075	5.43790942819269	0.513483785524735	0.476910150385178	0.515706748764647
YIR025W	0.468332158834468	5.34558929445959	114.042969223682	1.34396170047216e-14	1.12236472324753e-13
YIR026C	-0.235963136923943	6.24154682141197	4.72300916656313	0.0344400034986796	0.0447823027125077
YIR027C	0.574944478017909	4.2445524103835	42.9247038207608	2.80469623177922e-08	8.56318488418852e-08
YIR028W	0.346800909927991	4.48237575545547	14.8296984648925	0.000330389700143214	0.000567074286572282
YIR029W	-0.154032767914487	6.12514962654643	1.49047741547583	0.227768711969862	0.262375765084678
YIR030C	-0.991984428817307	4.82978365744032	92.0258644218724	5.3285763765187e-13	3.43284370161332e-12
YIR031C	-0.0504036174582388	5.26585756782236	0.477140229143624	0.492859033424595	0.530878590850838
YIR032C	-0.578674785249669	5.28622888165132	12.5372468236034	0.00086349095006103	0.00139737716745655
YIR033W	0.513204594477565	6.75738692849268	21.1193252615797	2.875987078212e-05	5.63897240971164e-05
YIR034C	-0.181695019069075	9.4939587475439	3.83614110498896	0.0556494979831024	0.0705821132752349
YIR035C	0.160459012748969	6.21434749177065	5.3390227330734	0.0249415838557977	0.0331248609323945
YIR036C	0.667121685106171	5.11991872322425	86.2193536965591	1.54811647528626e-12	9.26738751380803e-12
YIR037W	0.527984122754332	7.32550931818967	83.6302011618117	2.52694810474922e-12	1.47498178923425e-11
YIR038C	0.580364592363285	5.80447761761116	53.538324680354	1.73891698914388e-09	6.46308097063977e-09
YIR039C	0.549656068961622	5.76620175163955	22.3807162860777	1.81558573913731e-05	3.66124080154619e-05
YIR040C	0.0117947269645644	1.16023591169993	0.00569500562741012	0.940146119494701	0.946833676672248
YIR041W	-0.539995093572381	0.738991443186498	7.67274679765033	0.00777514578452757	0.011088097338066
YIR042C	0.316443523854956	5.05953889918644	20.7955915154944	3.24141590870836e-05	6.30874042590041e-05
YIR043C	0.349351722710776	3.66513905401673	20.0180444814341	4.33123515227825e-05	8.29982990464903e-05
YIR044C	0.878049865045669	2.11185922807365	65.1893073982695	1.15236591381571e-10	5.09114926219885e-10
YJL001W	0.00813648984226341	8.11679611102593	0.0378782578866798	0.846462596791075	0.865077100766168
YJL002C	-0.0287604097519408	8.45856233042239	0.284103694861065	0.596343861292074	0.631398509138461
YJL003W	0.305506218924689	5.20116896799625	37.4391858742725	1.34546059875954e-07	3.73514095998543e-07
YJL004C	0.522614677091404	5.97292862445358	124.733043066715	2.6837513997869e-15	2.60584984400362e-14
YJL005W	0.0855062779198748	6.67129417107757	1.20169071221586	0.278143962790613	0.314747294696887
YJL006C	0.11478206119492	5.47260449821575	2.9932101897388	0.0896746673262198	0.11073820987465
YJL008C	0.00684064135421556	8.44494333873126	0.0167202379157352	0.897624581030194	0.910334574264837
YJL009W	0.137737049562745	2.3827348384003	1.52206649656257	0.222981801560937	0.257299698237867
YJL010C	-0.598534405210148	6.53024038172534	69.9943080889169	3.96558648982973e-11	1.89799454010089e-10
YJL011C	-0.752786537620796	4.87263274071537	34.8112748405774	2.95907116526505e-07	7.80200314167762e-07
YJL012C	0.16621152219467	7.61506254055502	12.0515097242453	0.00106418908911978	0.00170002182486519
YJL013C	-0.502802066009902	6.19403010268686	65.9639896674963	9.51088290526722e-11	4.24503336710167e-10
YJL014W	-0.205312537980701	8.78692184118968	29.1067097736876	1.79525017926298e-06	4.17315123763002e-06
YJL016W	1.41548097281945	6.46660110493072	273.968748385611	3.94265400597215e-22	1.44595648122641e-20
YJL019W	0.889071485765429	7.01184825010745	16.6184497026791	0.000160589351674209	0.000285951439892537
YJL020C	0.369150630111986	7.7033690412686	26.7557752506569	3.93080547898742e-06	8.69576444624834e-06
YJL023C	0.636436536765551	4.77633392071337	185.339544585586	1.35640376275606e-18	2.44313198451446e-17
YJL024C	-0.0482695608216879	6.40068157361376	1.35576160683765	0.249702343969434	0.28501932204217
YJL025W	-0.399559761780576	5.3472281247921	27.5864616733029	2.97151340837065e-06	6.72012393393778e-06
YJL026W	-0.0850212303386021	7.60236364155083	0.312251665700716	0.578752163129352	0.614482589663672
YJL029C	-0.248114745452393	6.82890953364759	24.715917309899	7.92550817038431e-06	1.68354828127354e-05
YJL030W	0.168184236962326	5.70279003531162	13.0072922597101	0.000706462821951569	0.00115741271798739
YJL031C	0.377017375845335	6.06691025577707	45.2626403291388	1.47867362064334e-08	4.74547443462132e-08
YJL033W	-0.860920028922129	6.91245000350479	45.4123268738156	1.42012876074228e-08	4.57572638462314e-08
YJL034W	-0.35834511391825	9.43888278492958	7.41150354545973	0.00885287775669512	0.0125252892825377
YJL035C	-0.0841888775457713	4.38953863275068	0.846714634146627	0.361824673788093	0.400701716808228
YJL036W	0.334998637983617	7.1763488403909	67.879665298353	6.25164096695542e-11	2.88114990210633e-10
YJL037W	1.0683377444327	3.96320730196471	209.385535992401	1.16600190764159e-19	2.49074372411297e-18
YJL038C	-0.0528987622272821	3.47824175628727	0.276875072502215	0.601044156248796	0.635270281812964
YJL039C	-0.264522201737968	6.92543006074362	36.1945462803895	1.94774826864321e-07	5.27721026234973e-07
YJL041W	-0.165082657003879	7.49292477365522	22.049904377937	2.04649099792471e-05	4.09163783099036e-05
YJL042W	0.425462150896724	7.32460137946442	14.3522399126442	0.000402122119755662	0.000681358047612711
YJL043W	-0.0834410837028884	1.96021850454649	0.561193400991151	0.457265788762936	0.496404087373173
YJL044C	-0.0166168875081811	6.58629617699189	0.0368255432865208	0.84858425427382	0.867099855659452
YJL045W	0.520288162899071	5.49034277084451	56.7914884543281	7.86529665348039e-10	3.08133372113183e-09
YJL046W	-0.348331283917094	6.46910429783601	15.9678993120571	0.000208200169641468	0.000365280297630333
YJL047C	0.267192116954348	5.90250447102071	24.3113508703722	9.13064151714774e-06	1.92476958297768e-05
YJL048C	1.10939402100423	7.49548731517654	161.995647509991	1.9404020541782e-17	2.72821425077064e-16
YJL049W	-0.246565897843345	5.9571748465177	30.1719326396522	1.26897393410482e-06	3.02013811994924e-06
YJL050W	-0.76346844228319	7.20429196443438	48.2370350713364	6.70661376271622e-09	2.26958669190752e-08
YJL051W	-1.42262060158721	6.8180167820497	71.7379285848403	2.74134025180455e-11	1.34699592033786e-10
YJL052W	3.75613849916456	7.61391323073788	481.071287599015	1.35262068940567e-27	1.71557390772952e-25
YJL053W	0.22423343747655	6.37289404474497	27.2284741213447	3.35086785340486e-06	7.50278907375092e-06
YJL054W	0.0321163898971201	7.3256919110928	0.41356302025615	0.52305347455644	0.559934860752524
YJL055W	-0.406264678494453	7.75608477255367	61.8552197858558	2.39660551214584e-10	1.01960407812326e-09
YJL056C	-0.0188501062931485	6.98478139335002	0.0158423219422219	0.900333657654842	0.912625925375071
YJL057C	1.11118385651208	6.52045150565355	129.550831059506	1.34068451740722e-15	1.38811009217264e-14
YJL058C	0.434933273411735	5.30238686178899	73.4937176529669	1.90071786894236e-11	9.59500032016675e-11
YJL059W	-0.110299155030601	4.84985178778087	3.16482101703548	0.0812131882372804	0.100820940046607
YJL060W	0.766346923797283	8.36507690636099	47.1676238100371	8.88603732014031e-09	2.95457101065069e-08
YJL061W	-0.259065042501594	6.65936951734144	23.0729890523064	1.4156716527995e-05	2.89190469445146e-05
YJL062W	0.262355936162037	6.53239137544957	14.7841033904948	0.000336592805598769	0.000577070402840131
YJL062W-A	-0.350013400288882	5.92851900011618	9.39828260084557	0.00347167443802638	0.00520323830101048
YJL063C	-0.651468070281402	7.0425410748561	26.8138624114836	3.85423550252524e-06	8.54189506347785e-06
YJL065C	-0.0526065046232885	4.07218647354337	0.873888059377681	0.354296003635562	0.393245956268606
YJL066C	0.601870210880474	6.16897568970252	19.534805696208	5.19362880426507e-05	9.82578757180518e-05
YJL067W	0.431144696432359	2.48730616851808	6.1225762022753	0.0167339971054022	0.0228064863169215
YJL068C	0.290392033921091	7.11353258812961	29.6837422818924	1.48675210224614e-06	3.50013410613863e-06
YJL069C	-0.773932574196391	6.79968698997716	95.1708489989248	3.04326558142504e-13	2.04046264974842e-12
YJL070C	0.81142078923876	5.99639566583111	98.9542854537286	1.57754872470655e-13	1.10265403398548e-12
YJL071W	0.218392551387476	7.02437970947591	25.2970624587095	6.47671467870399e-06	1.39034693102785e-05
YJL072C	0.157219260260374	5.84809351570812	16.6960988972148	0.000155719937723168	0.000277768233477482
YJL073W	-0.211019710272489	6.20950723133022	3.23503193770172	0.0780101010454268	0.0971217781522615
YJL074C	-1.21197574813454	6.03933597596384	23.0723305601186	1.41602626382388e-05	2.89190469445146e-05
YJL075C	-1.32653845164715	0.615753689321106	55.3721911219133	1.18460995083336e-09	4.51590819077865e-09
YJL076W	-0.682249246659643	7.7417170021634	395.358725499711	1.19313231064867e-25	9.43349286653127e-24
YJL077C	0.126884149085565	4.53835689549102	0.980057060479598	0.326868336896001	0.364530946148169
YJL077W-B	0.345401076747305	2.59593269650887	7.2878161467387	0.00940368355242021	0.0132645100711618
YJL078C	-0.891039450991257	7.63697797654012	8.48614808147189	0.00530355273512434	0.00775595221028993
YJL079C	-0.801175124983906	8.05280261344975	7.35493049522688	0.00909877840685672	0.0128552710468656
YJL080C	-0.378935699007041	8.188783901548	36.9980734722584	1.53278274748996e-07	4.22434647655902e-07
YJL081C	-0.0834752615493652	7.17219414405184	5.72210627162204	0.0204841423799483	0.0274867663233691
YJL082W	0.86469427886593	6.66894164851451	51.8155294437394	2.67481417466222e-09	9.61290950138348e-09
YJL083W	0.788223434276126	4.86741471185548	176.333559948127	3.66490357741269e-18	5.99783144604528e-17
YJL084C	0.234714682362617	6.18216749423714	9.09388102714575	0.00399471598224761	0.00593890864466996
YJL085W	-0.0488739382757044	6.26055997536445	0.603614066332704	0.440798483213282	0.480756210283494
YJL087C	-0.34145702228638	5.81947198639987	34.2770107756259	3.48341330670411e-07	9.06282915009171e-07
YJL088W	-1.26015309518229	9.52274977611055	115.46973565659	1.07700255728841e-14	9.15753012398302e-14
YJL089W	0.552342654025842	7.73154818068194	42.7940326099133	2.90716474029454e-08	8.84940946945658e-08
YJL090C	-0.0533648999997411	6.22245673007799	0.375602403312913	0.542695139313675	0.580043540755206
YJL091C	0.169173694237227	6.06169263352511	3.08260525770033	0.0851503254695753	0.105322060434534
YJL092W	-1.5390118813792	6.2107710076518	97.4412813917292	2.04757341855762e-13	1.40854542058517e-12
YJL093C	0.481291000706962	6.41368022015189	78.4933459253224	6.88472720701571e-12	3.72239957693709e-11
YJL094C	1.04085668111773	7.17988105961373	335.624243267787	4.66776889310838e-24	2.58339791102216e-22
YJL095W	-0.286731942279909	5.81947216837384	17.3015948417636	0.00012265453334316	0.000222304495085787
YJL096W	-0.696749511228922	6.69897579303441	32.7447733386681	5.59910058078631e-07	1.40230132290442e-06
YJL097W	-0.136974515731841	6.52919966608149	3.95865891830473	0.0520170084671387	0.0663064379287983
YJL098W	-0.631640530037514	6.78010665560824	23.6372845585064	1.15807774875378e-05	2.3980875287119e-05
YJL099W	-0.0199863707313822	6.03743421244855	0.0923304888517699	0.762473863734247	0.787303406108225
YJL100W	0.332303195703148	6.51713717425033	53.8864218158511	1.59510528755847e-09	5.96132657498831e-09
YJL101C	0.422440689873966	7.96526803694303	16.7833526178093	0.000150431112140846	0.000268964643381343
YJL102W	-0.721581305658881	6.79035543034598	52.0214258300776	2.53959246788539e-09	9.15518226461218e-09
YJL103C	0.656222599022141	6.62676221123519	30.2707963685361	1.22907835637267e-06	2.92862193095766e-06
YJL104W	-0.770827283491104	6.9956462357792	75.7503234578941	1.19561511954793e-11	6.20390494387147e-11
YJL105W	-0.284799002938298	4.78395606416746	12.2082897072312	0.000994516974359347	0.00159374028425894
YJL106W	0.927804731587175	5.78500589836203	9.60983573675846	0.0031510080210144	0.00474600119543188
YJL107C	3.21356548446376	7.94137724153448	153.1554880039	5.74718606306986e-17	7.55699109113809e-16
YJL108C	3.24235994777432	7.51180335909107	169.903133845883	7.63002473811473e-18	1.17598963558589e-16
YJL109C	-0.365952362912705	7.25243381670603	20.7028737189365	3.35442740959728e-05	6.51411613066292e-05
YJL110C	0.0454148989484094	6.58052161318286	0.949538103395482	0.334445645801753	0.372435538986844
YJL111W	-0.107824799096998	8.71194893163949	6.31481019452358	0.0151830201891011	0.0208185195746053
YJL112W	-0.488501290364695	7.06400412946582	91.2723528122452	6.10028098553518e-13	3.88072211493607e-12
YJL115W	-0.649428370084456	6.57446188267052	8.01486977770602	0.00662754599095707	0.00954316461517186
YJL116C	1.11637377041127	5.4481221481147	141.848961191308	2.47614273542627e-16	2.87138228062384e-15
YJL117W	0.213831036843096	7.32062712249871	28.1092871277595	2.49565984755104e-06	5.69474405992907e-06
YJL118W	-0.773693396142702	3.74693212801951	44.5880536241188	1.77685485908701e-08	5.61655886922208e-08
YJL119C	0.0211174831634466	0.43455169099078	0.0201595138703274	0.88766366056464	0.901885241241243
YJL120W	-0.0479838714873336	0.819087577218128	0.0606903681238622	0.806417362686759	0.827903693766778
YJL121C	-0.23421367577576	7.27382822148191	34.0749842989034	3.7063933901244e-07	9.58153841149781e-07
YJL122W	-1.02943074532397	6.65441570318796	53.6159683370132	1.70550722753012e-09	6.34277825363677e-09
YJL123C	-0.111883502124717	7.59066067105013	3.18702852298344	0.0801843280222113	0.0996859687562227
YJL124C	-0.401039437197553	6.91606068729939	125.304135816158	2.46876430787662e-15	2.42026362421141e-14
YJL125C	-0.430373163573212	6.53831224047703	20.9250976759075	3.08959795885969e-05	6.04029299085993e-05
YJL126W	0.301595475877755	4.97552567204214	22.7358842919061	1.59756748586201e-05	3.24632538515619e-05
YJL127C	-0.146746728145072	5.63132292199508	10.8901616567336	0.00177036645552281	0.00274458644798138
YJL127C-B	0.485170439287864	5.93267137665603	102.9558702466	8.01833885335006e-14	5.88849782137457e-13
YJL127W-A	0.193790191075479	3.25149609147268	7.61390689175537	0.00802993433967645	0.0114273586395396
YJL128C	-0.0543198001698969	7.15703509210967	1.66621248822815	0.202599377603844	0.235431382105784
YJL129C	0.50691747447006	7.05063835751068	141.653312366854	2.53995208360083e-16	2.93977724048705e-15
YJL130C	-0.488603939161811	9.08537279455462	53.5305357353817	1.7419670817976e-09	6.4704671104233e-09
YJL131C	-0.577154415978595	5.7897614658006	32.3317461568787	6.37354886104055e-07	1.57860721993551e-06
YJL132W	0.0808735254872699	5.37357338459104	0.516066831922294	0.475809424192431	0.514790789849568
YJL133C-A	-0.85450684046099	8.42640385295328	25.3372186287918	6.38739205782357e-06	1.37310885762817e-05
YJL133W	-0.149617321710389	6.20884488748348	15.5429956668799	0.000247084228275079	0.000430400223673442
YJL134W	-0.349782592601403	6.22797353132527	12.9339230595124	0.000728824163421037	0.00119148268176887
YJL136C	-0.683880773056513	9.05395605472681	25.4591537580258	6.12395543306744e-06	1.3178734774307e-05
YJL137C	-0.429110307091921	6.3792214850347	13.194551310359	0.000652575513068685	0.00107491334511963
YJL138C	-0.151643829030076	8.23586123170697	8.73656635733259	0.00471651305652202	0.00694248827081868
YJL139C	0.515724517799418	6.25958152389722	68.8237336360883	5.09681768343091e-11	2.39980093246151e-10
YJL140W	-0.315550906691684	7.62982363520645	104.929802816114	5.77819696446706e-14	4.32158023583236e-13
YJL141C	0.983808897783471	7.16933177345595	105.90082936404	4.92630852657269e-14	3.7349148580043e-13
YJL142C	-0.274415336190212	2.1336201593452	6.06211087424785	0.0172427725842453	0.0234369277724682
YJL143W	-0.416528536098725	7.4083919093188	68.6042933733934	5.34377268685816e-11	2.5044563600918e-10
YJL144W	1.58608245574599	4.42487996274719	34.5299634014416	3.22509689984261e-07	8.42316170151944e-07
YJL145W	-0.192194533316384	6.76792975907924	10.4488627667576	0.00215544003741238	0.0033045376347939
YJL146W	0.34696250465613	6.05744766419894	33.9031021356568	3.9078384478896e-07	1.00553340958377e-06
YJL147C	0.173505973593232	5.27838504318388	7.27374310043884	0.0094645033951494	0.013337939043905
YJL148W	-1.05758922500431	6.9341995663245	93.8139468236043	3.86829249206771e-13	2.55424779736532e-12
YJL149W	0.00855665490099773	6.78194022084556	0.00861098284056107	0.926430431756244	0.93472132391979
YJL151C	0.279975945387304	6.68024011366719	24.197087902735	9.50446848616577e-06	1.9932209488039e-05
YJL152W	0.620309661179542	0.637265302099959	11.8023870039768	0.00119939749956091	0.00190204010870717
YJL153C	0.978226690869697	9.12538064659497	82.79174119778	2.97065633268929e-12	1.72241483365833e-11
YJL154C	0.389422059197331	7.06609871247404	59.7717774944536	3.88060525263906e-10	1.59729027895574e-09
YJL155C	0.609294373996164	6.4105401034178	51.8868048912271	2.62718649845942e-09	9.45290272022514e-09
YJL156C	0.208650917623719	6.82217271915413	13.402425370722	0.000597750064018894	0.000989155311157115
YJL156W-A	0.963532511722823	3.47691860488691	111.377826600496	2.05102294568683e-14	1.66710650111367e-13
YJL157C	-0.207520465367849	6.96215695538278	0.612721572731504	0.437391960099316	0.477297410482997
YJL158C	-1.72854789179103	8.7462546283202	28.9184308730146	1.90977287441641e-06	4.42247898799814e-06
YJL159W	-0.337278830422107	10.7459325552516	0.910609256637535	0.344463235530677	0.382750899417916
YJL160C	1.4742767551966	3.41517799690368	41.5218022273855	4.15927475966364e-08	1.23701342143782e-07
YJL161W	0.704434834919909	3.77791925246527	44.5585073322367	1.79307239333531e-08	5.66108454211409e-08
YJL162C	-0.334729104981277	5.0693508574448	45.178619188379	1.51299051158489e-08	4.83775537527775e-08
YJL163C	1.35246373858535	5.41692137278631	151.329214310468	7.24161536222151e-17	9.39295229511505e-16
YJL164C	1.08111778787988	4.39194463475587	58.5156185899326	5.21625936307658e-10	2.10030337317528e-09
YJL165C	1.00654526500331	6.67769702561379	73.515469347382	1.89165074875854e-11	9.57154481529128e-11
YJL166W	0.0188333732365443	7.54545078899702	0.0381593037963274	0.845901366510238	0.864648676849283
YJL167W	-0.0431312286587655	9.35638966219574	0.717273557509916	0.401004521231254	0.440193928102393
YJL168C	-0.671241260335601	6.33465699796917	227.808733968782	1.97704321425684e-20	4.95318481003935e-19
YJL169W	0.267612868148173	0.519653714833762	2.04712634561232	0.158731023116168	0.188079888814953
YJL170C	3.55028890407329	5.07614862286556	89.6550214348113	8.20613188243758e-13	5.11350367454248e-12
YJL171C	1.29722403058079	6.76331611369673	33.0663930616092	5.06433986422976e-07	1.27932369682285e-06
YJL172W	0.551046113486677	6.89541912832406	29.0350454598034	1.83797816660981e-06	4.26433349021362e-06
YJL173C	-0.811048658239527	5.9705042402773	43.9761266607121	2.09816694298892e-08	6.54387312956791e-08
YJL174W	-0.0528117632455771	8.07809886678894	1.40014822595553	0.242196373185286	0.277734322838956
YJL176C	-0.520817103215935	6.64752560959837	100.802098220905	1.15141159309304e-13	8.2760257128104e-13
YJL177W	-0.752510485903378	8.8888857358512	45.9795953131968	1.21927781458882e-08	3.97162297229359e-08
YJL178C	-0.0246988964998781	6.88754031525673	0.356789510232857	0.552942960918769	0.589857498873921
YJL179W	-0.441531742557655	5.97875229574654	109.338872308023	2.82297204730916e-14	2.22908609909444e-13
YJL180C	-0.547389130835421	6.26107504832195	36.787210470074	1.63189801185654e-07	4.47320805771392e-07
YJL181W	-0.993073582419425	4.56585854794934	24.0032784124568	1.01772650064522e-05	2.12552965211942e-05
YJL183W	-0.541393295563456	7.17591153557794	42.3153278419619	3.32043590063846e-08	1.00073335460826e-07
YJL184W	-0.380585117530026	5.86793921374753	78.3160593987081	7.13226169935576e-12	3.84598841680052e-11
YJL185C	0.801314968199874	5.42367679320285	187.320994679582	1.09537766608828e-18	2.00260036971335e-17
YJL186W	0.56932213713106	7.17849645470451	27.6719918334589	2.88751667108372e-06	6.53501914258651e-06
YJL187C	-1.09165762427647	6.2564177533603	15.4864227481658	0.000252808333501576	0.000439742038387884
YJL188C	-0.193653705580697	5.05146463947223	1.71129788293907	0.196697527919675	0.229010240959071
YJL189W	-0.606416486570537	2.57197399829849	12.5785540497919	0.000849218774408417	0.00137537746703869
YJL190C	-0.893113755172585	8.95199081537992	40.4372802268889	5.63858561242147e-08	1.64483513217163e-07
YJL191W	-1.06593436835774	7.58862215712857	68.2193965069808	5.8075415943815e-11	2.69278851687697e-10
YJL192C	-0.0537661860281157	7.38378810940033	2.51940708092671	0.118646706099436	0.143317687843922
YJL193W	-0.301672273409613	4.99239213246578	17.1133407979672	0.000132076352588724	0.000237964141627746
YJL194W	-1.85454825812137	4.79435979641358	99.4656068440806	1.44716962771707e-13	1.0185397333574e-12
YJL196C	-0.725563881644628	7.38831834663765	47.3429629483332	8.48354595109062e-09	2.82691996443567e-08
YJL197W	-0.312586249687036	6.2693074895907	58.0716291129107	5.79057399036304e-10	2.31622959614521e-09
YJL198W	0.154103933980262	6.27184795029097	2.86640803448104	0.0965597070045127	0.118710722181638
YJL199C	0.5551215644607	4.06465027965946	38.4144991180973	1.01105685538014e-07	2.85762030434277e-07
YJL200C	-1.09766120842883	9.7985243516574	112.648633068567	1.67034145184516e-14	1.37605395924673e-13
YJL201W	-0.19771013637782	6.49951473084482	10.5326733251471	0.00207605068097621	0.00318924969613504
YJL202C	-0.258158751259755	0.970406026159675	2.79439546841793	0.100789742159628	0.123387884630568
YJL203W	-0.0664702244268902	4.96116511723521	1.50705554860463	0.225236916624003	0.259639602734539
YJL204C	-0.327813595930975	5.44045615703498	34.1090447780224	3.66795267230384e-07	9.49183364659827e-07
YJL205C	-0.328770532149555	4.88200624948451	18.2341957298125	8.53393214320125e-05	0.000157677022421272
YJL206C	1.74346592600203	6.15729280410298	630.973011924472	2.41428686810685e-30	7.21158529890563e-28
YJL207C	-0.259790786708296	6.27804013933154	66.964789565486	7.63209100739751e-11	3.45715550989851e-10
YJL208C	-1.01202428434915	6.72019183597714	146.014093400613	1.43114673913224e-16	1.749562519646e-15
YJL209W	-0.429924074378911	5.8360901608479	55.572238149718	1.05534182506514e-09	4.06383366919456e-09
YJL210W	0.352458777434481	5.07325524349186	24.7906450487855	7.7223614617752e-06	1.64154108167903e-05
YJL211C	0.3335505196477	2.11131947113018	7.72519240980322	0.00761470080064175	0.0108796757743034
YJL212C	1.66909018028147	5.80510588787679	190.069080933412	8.16164032315757e-19	1.54791483761319e-17
YJL213W	1.9973719944862	7.66024569348838	229.428950348842	1.70481484207318e-20	4.3608877136729e-19
YJL214W	0.418128228337888	3.74569161319837	27.0427622749579	3.56880394428253e-06	7.94401404489655e-06
YJL215C	0.128576379279427	1.34107045127951	0.821673206753258	0.3689819131471	0.407910275511085
YJL216C	0.953260477253791	3.4651418632716	115.413680304822	1.09078834970034e-14	9.24891291500789e-14
YJL217W	0.0195553922792336	8.03638353025826	0.0139561445408956	0.906424806402053	0.917883270355239
YJL218W	-0.193336831571922	3.98184031002749	2.81439086302285	0.0995547434134029	0.122047780487474
YJL219W	1.34566713864287	4.07572551134053	110.589757604666	2.31870981262897e-14	1.86230941151519e-13
YJL222W	0.100902845198215	1.36062498258952	0.589037565408992	0.446361395589663	0.486072821706674
YJL225C	-0.0756448729500969	2.31377957839864	0.203366192629406	0.65393598934566	0.686407293644203
YJR001W	-0.172430888707765	7.69031902448359	5.20649363293791	0.0267170409004057	0.0353363773629524
YJR002W	-0.148902957038474	7.15809648276671	3.08298280440513	0.0851317559180736	0.105320489743798
YJR003C	-1.05364932249374	6.36095170530589	269.547864876187	5.59392245319347e-22	1.9799883659908e-20
YJR004C	0.185819722396752	5.9694644709611	6.14548677543801	0.0165291309353219	0.0225474678768182
YJR005C-A	1.11258482816378	1.65348338835324	9.4479415276391	0.00340208994232869	0.00510649003177936
YJR005W	0.106224602587818	6.71286661404927	9.8808842852394	0.00278492620935145	0.00421756984142578
YJR006W	-0.541614418857098	6.6669264207045	45.6669853466493	1.32601556551275e-08	4.29403338449024e-08
YJR007W	0.0134156816853968	7.98083399644152	0.0609973013362855	0.805920067750381	0.82767229629965
YJR008W	1.67505070206406	7.08415150090729	173.313603179746	5.15777202594828e-18	8.22003039109244e-17
YJR009C	0.08761777308131	11.3490628314415	0.762847702858195	0.386541166244821	0.425544777594661
YJR010C-A	0.00696666546528124	4.8480467402102	0.0172416861173727	0.896049679314061	0.909040234571572
YJR010W	-0.309498624893241	10.3250172922032	3.53575806194349	0.0657872199770203	0.0826310285166287
YJR011C	0.199693611085699	4.61782817388919	11.1195911865017	0.00159947302400106	0.00249553863918977
YJR012C	0.217744688957836	4.91801258540377	17.7847087223381	0.000101571691119304	0.000186367828672188
YJR013W	0.0582821986520674	5.88598130127782	0.936621266431721	0.337724825689616	0.375812235203506
YJR014W	-0.36574770519589	7.32197198279518	82.2993476489068	3.2638026016225e-12	1.87630125011121e-11
YJR015W	0.0236919740447877	7.21343992556402	0.371363833530331	0.544972700854985	0.5821712235138
YJR016C	-0.0942035348601043	9.83101356440343	4.05852536686959	0.0492472964826969	0.0629339926504322
YJR017C	-0.0930727777920307	5.33773939876518	1.84822403687028	0.17998322769317	0.21108416301214
YJR019C	1.68561423748289	6.64746872451947	258.72642706675	1.34626994202596e-21	4.45439750383373e-20
YJR021C	0.287042308074206	5.20280468310847	26.7166032597773	3.98372572193103e-06	8.79685244654194e-06
YJR024C	-0.20009477250792	6.43467480040454	20.0481864434326	4.28133265745844e-05	8.21195753579299e-05
YJR025C	1.01948394404106	7.85793905850395	105.020569139258	5.69244066481856e-14	4.27319097008821e-13
YJR027W	0.575262653096422	5.40860323159628	56.6882480544801	8.05934065344981e-10	3.15126948607594e-09
YJR030C	-1.1906763842931	5.60440950661115	16.9792964154112	0.000139229878218907	0.000250186392738107
YJR031C	-0.664023278811277	6.15365478515611	64.588316780525	1.29114695624861e-10	5.6631863614132e-10
YJR032W	-0.253574958232699	6.37397802334652	44.8723841513889	1.64338854275635e-08	5.22451668318571e-08
YJR033C	0.311775859039954	6.16975661529518	14.6535695561345	0.000355131748128711	0.000606463417281232
YJR034W	-0.0708175267740501	4.95398775908479	0.467091716029992	0.497428056842299	0.535137305187474
YJR035W	0.367537251909415	5.95114212231415	23.2319528532362	1.3375736661446e-05	2.74087798030573e-05
YJR036C	1.10929712167224	4.29136280973976	174.971960550735	4.27969970566266e-18	6.92947122555167e-17
YJR038C	0.646069752107231	0.861103465395444	12.8654571831183	0.000760583405905346	0.00123907727459239
YJR039W	0.878556092229581	5.50401848419653	122.606461576364	3.66854900189379e-15	3.45195151831984e-14
YJR040W	0.308036931736722	6.06989148257588	34.7133992326468	3.04804831248998e-07	8.00048795037865e-07
YJR041C	-0.53938794870743	6.23432236790305	56.8384495326768	7.77239381089023e-10	3.05082743524821e-09
YJR042W	-0.371342881278323	7.50529822931412	149.1733559965	9.51991431228606e-17	1.19994282263349e-15
YJR043C	-0.503296281280986	5.99116097374436	23.5241930394169	1.20550673787959e-05	2.48783898990201e-05
YJR044C	0.386001860198831	7.00941463731758	71.3151407562423	2.99647749610681e-11	1.46644332767671e-10
YJR045C	-0.600190991495376	10.427044766704	31.0225723885253	9.65269380775869e-07	2.33122203464353e-06
YJR046W	-0.109061086237662	6.37718195270828	1.41032700370916	0.240514950630507	0.275962122020077
YJR048W	-0.835496786600097	9.48838237565881	78.5462288726152	6.81257624502609e-12	3.68666348264167e-11
YJR049C	-0.0816019232154092	6.14882091003188	6.54749081484557	0.0135204549577951	0.0187201568758373
YJR050W	-0.0735727239517337	5.06948901384453	2.09248805650432	0.15415590429044	0.183229430948887
YJR051W	0.265877230680819	6.39967302971432	32.6370009195818	5.79118588291039e-07	1.44376493264367e-06
YJR052W	0.0655542504415237	5.83749685387946	1.82014855785025	0.183267249179601	0.21452240203911
YJR053W	-0.746659527009294	4.33071568030441	26.5587198774289	4.20359829790991e-06	9.27486125190605e-06
YJR054W	-0.165001037643896	5.58682320113169	1.89590246902524	0.174564244961474	0.205322087195799
YJR055W	0.252831495736622	4.248234597523	11.6814497901775	0.00124994541338611	0.0019770505785125
YJR056C	0.0611733463478845	5.36082747018636	0.922673183767435	0.341315536038662	0.379530407927557
YJR057W	-0.212798216474992	5.74032762153184	6.14962135806542	0.0164947890790926	0.0225107096869571
YJR058C	0.123690400907369	5.30113306307411	9.93515453982362	0.00271722212630107	0.00412221487787712
YJR059W	0.328976188493379	7.71664084669895	23.4772659946158	1.22573649985343e-05	2.52616242759231e-05
YJR060W	-0.583548545544705	6.05072178237244	54.1307465017999	1.5017821114467e-09	5.62636891968463e-09
YJR061W	0.0455587265310357	6.17174084992267	0.641540997414396	0.42687670820267	0.466525141536326
YJR062C	0.318820943131801	6.07710867795394	39.9421311476329	6.4957938555408e-08	1.8804751779616e-07
YJR063W	-0.891291355138443	5.86771306269887	134.5916784458	6.61771230560551e-16	7.20950931781925e-15
YJR064W	-0.339974335274674	8.36196644620077	68.4557929799736	5.5179525146994e-11	2.57199934918326e-10
YJR065C	0.251475572908626	8.16781048683143	20.6619005569396	3.40578564699184e-05	6.6075280493583e-05
YJR066W	0.244069998425081	5.97454678804085	34.9398017811408	2.84487964802548e-07	7.52373036367467e-07
YJR067C	-0.504196500968714	4.88696807170949	72.6876957587352	2.24792379327777e-11	1.11991489799305e-10
YJR068W	-0.0103565312461381	6.56632214800742	0.0331854151034371	0.856174014790391	0.873828566981374
YJR069C	-0.556105621604262	6.40855318600839	197.846815184439	3.61948858202293e-19	7.15436574264792e-18
YJR070C	-0.479116883508353	7.41500702178065	20.3690369401009	3.79761685960254e-05	7.32569437302291e-05
YJR071W	-0.208488964499632	3.11318781844714	3.28834282372331	0.0756779247066727	0.0942760805431192
YJR072C	-0.0882540199247649	7.38777208307029	2.70762074828885	0.106032460379242	0.129234358115881
YJR073C	0.468195400648669	8.23771062216543	13.5964808372268	0.000550918844617192	0.00091821626038278
YJR074W	0.0594093678366975	6.72345821622681	1.03682355182935	0.313377367788791	0.351158000202128
YJR075W	-0.207458090449145	7.50776632273329	21.595201775295	2.41518454546657e-05	4.78790085079794e-05
YJR076C	-0.583239553442549	7.78668502862706	50.4920605564906	3.74311201078539e-09	1.31722924402667e-08
YJR077C	-0.274383508614231	9.85973007903568	13.206264188905	0.000649341634533452	0.00106987601381317
YJR078W	1.05825481621839	6.79245875333896	419.355023875569	3.13667797161158e-26	2.89334780169262e-24
YJR079W	0.96075869682015	1.71990773312824	84.4367864226135	2.25056457231808e-12	1.31618031856604e-11
YJR080C	-0.644793735647202	7.07210789501626	45.4113053132519	1.42051952479266e-08	4.57572638462314e-08
YJR082C	0.0151581130472249	5.99550209237154	0.0926312751262896	0.762099278273546	0.787050111302689
YJR083C	-0.094222546562244	5.49077361277786	2.03030572098224	0.160293249779099	0.18970942936531
YJR084W	-0.0464393769538294	5.57268983140763	1.07696997679625	0.304281751909547	0.341594561243836
YJR085C	0.192510286601602	6.81204798581546	12.775065199786	0.000779832243912741	0.00126806055046495
YJR086W	0.224376530237533	5.22452627106712	5.71829976658131	0.0205241445441147	0.0275222449305221
YJR087W	-0.0760149681655951	2.55941138652982	0.434582821525596	0.512745443184316	0.54985268339258
YJR088C	-0.127484263850526	6.16044186269027	5.18600375806875	0.0270034456268183	0.0356996692673333
YJR089W	-0.127894491107007	6.57331768701351	9.03845713098367	0.00409857340358158	0.00608291440297529
YJR090C	0.325189839646927	6.92284299433795	73.5602834726128	1.87416594667134e-11	9.50035160977111e-11
YJR091C	0.387118707352656	7.68802569678218	48.2503630506636	6.68325777544188e-09	2.26338072047177e-08
YJR092W	-2.06141314565863	7.48888523245726	257.379302775286	1.50357575457296e-21	4.90543707904646e-20
YJR093C	0.0996162233345161	6.0802095197606	6.46160590133261	0.0141103820750177	0.0194778283671631
YJR094C	1.34226560612248	5.36381474733581	43.9607776640903	2.10765201666203e-08	6.5700898501989e-08
YJR094W-A	-0.542020445046061	8.02761498811921	15.571058617499	0.000244295455146706	0.000425664204617385
YJR095W	0.933115754362916	10.2556690410635	77.5761635529064	8.291651932123e-12	4.4241522316183e-11
YJR096W	1.55363566290531	6.21289368508702	315.272533311171	1.85825901238569e-23	9.05046469392326e-22
YJR097W	-0.707405487907014	5.75077254643367	138.892814241998	3.67759461279649e-16	4.16156059529833e-15
YJR098C	-0.658471257394422	5.43001983383708	102.886468531247	8.11237783428072e-14	5.95038027169892e-13
YJR099W	0.165195132781225	5.99418549421308	8.58237356644686	0.00506934796003708	0.00743130035653882
YJR100C	-0.139111463171583	6.12249777597382	9.46363832237027	0.00336904612125193	0.00505938647907788
YJR101W	-0.692646538256186	6.53081195513841	38.8259024756971	8.96355288392093e-08	2.54762418101357e-07
YJR102C	0.153577082380066	5.6431136820493	10.2192385892458	0.00238974307439364	0.00364630472102969
YJR103W	0.70590920535119	6.97670566911096	324.885841198183	9.58099138944493e-24	4.94314199821532e-22
YJR104C	0.514895378536761	9.67565100540113	30.3971409953205	1.17996022673569e-06	2.81488944371743e-06
YJR105W	-0.076549485323442	9.1204374690987	3.46108793963123	0.0686114098441288	0.0859654791379
YJR106W	0.878020788885551	5.73696952056449	366.837304866656	6.43779914949433e-25	4.35481346912461e-23
YJR107W	0.495247705124602	5.48662122216247	122.071716496444	3.97039451588289e-15	3.70777064061477e-14
YJR108W	0.536964783280738	2.36888122199363	21.6435041050559	2.3808467489291e-05	4.72752609506862e-05
YJR109C	0.20208575281564	10.4299874798033	2.96613241289509	0.0910974344041627	0.11235842395716
YJR110W	0.627399038650486	6.02737707257756	78.2688448846147	7.19969398847239e-12	3.87206157259893e-11
YJR111C	0.186143616324125	6.26979580653744	13.4594783789148	0.00058356448934794	0.00096752195292763
YJR112W	-1.14734374513835	4.75093403565288	70.685690449936	3.42527701850263e-11	1.66292555730814e-10
YJR112W-A	0.182884136171269	5.20300447504876	15.1031286812884	0.000295427491582958	0.000509796646473086
YJR113C	-0.278655030510158	6.29796765554929	11.3357967992185	0.00145408881369711	0.00227512019989412
YJR115W	1.57938260495924	3.70539767696776	233.948580585776	1.14385253005296e-20	3.0950107568722e-19
YJR116W	0.577374751438262	5.27407663093524	91.4237455263533	5.93776294343263e-13	3.78524615702805e-12
YJR117W	-0.000773897817663776	8.24241361598391	0.000304282679161488	0.986150849611979	0.987935884883615
YJR118C	-0.685439825765295	6.34967968225145	117.771575338212	7.57048239594138e-15	6.650663322726e-14
YJR119C	-0.150435457778691	5.28496076973859	8.36235887342902	0.0056218440843413	0.00818798726925116
YJR120W	-0.0747081368467215	5.31882445237715	0.52735249510179	0.471049108836063	0.5103660748521
YJR121W	-0.397909428136227	11.3808176113572	40.1835106535598	6.06212122123599e-08	1.7650021040117e-07
YJR122W	-0.238054533741288	6.68168531110338	9.99237100891426	0.00264762206459666	0.00401963170305848
YJR123W	-0.465146835235562	11.122962901539	21.1554039812939	2.83803007793971e-05	5.56813635658942e-05
YJR124C	-0.925079723242662	5.72222860891919	139.198576156648	3.52939704256255e-16	4.00876290953746e-15
YJR125C	-0.1339422926041	7.5708109132687	6.45591228858631	0.0141504407707039	0.0195213875848732
YJR126C	0.383571197494622	7.23809749647321	95.182057537388	3.03724593695925e-13	2.04046264974842e-12
YJR127C	-0.0544924996154215	6.55574989785094	0.580631184217162	0.449581817072971	0.488934280518086
YJR128W	0.802975181864747	1.39231110269644	18.9523354986047	6.52771289477006e-05	0.000122354421500493
YJR129C	-0.216503330917812	4.05301915145831	11.8574323454503	0.00115776293825982	0.00183984880400046
YJR130C	0.526016629996682	7.52965142636178	147.028230528358	1.25469038794329e-16	1.5557138659468e-15
YJR131W	0.341111457192676	5.50291737650783	35.1131801500581	2.69898887175263e-07	7.17217121398081e-07
YJR132W	-0.094576000450656	6.66608662185728	2.51801196430654	0.118746360517474	0.143381166765248
YJR133W	-0.0536650114870279	6.5988599526928	0.792322243502704	0.377587156198848	0.416969092497476
YJR134C	-0.459785011122013	6.64283215497096	105.18881344698	5.53701118382192e-14	4.16164494902566e-13
YJR135C	-0.190254836815687	4.26942846547313	6.89310150910703	0.0113990056703296	0.0159058323449385
YJR135W-A	0.234048172654771	5.95466916317873	13.5915555610864	0.000552072014806543	0.000919817850613637
YJR136C	0.223986271933684	5.07413532902206	26.3604729971273	4.4962590035038e-06	9.86778111511577e-06
YJR137C	0.142406164650776	10.4430657884516	1.25256305308735	0.268317673246569	0.304363330487257
YJR138W	-0.0571658599227458	5.91763888365573	1.72536187540657	0.194894942461731	0.22712871548756
YJR139C	0.204812302279815	9.08652181941149	14.7187377635918	0.000345745952492066	0.000591430558800702
YJR140C	-0.202079749697049	5.70046199600678	13.3015081737255	0.000623734714334651	0.00103047406807852
YJR141W	-0.00962794424564392	4.97932934406328	0.0123026705946274	0.912118108113991	0.922421103355145
YJR142W	0.24068216522568	6.073593921762	18.0039547082535	9.32795723956231e-05	0.000171826334869759
YJR143C	-0.647657647768476	7.73311424229727	31.7818746544819	7.58080459197673e-07	1.85722085939454e-06
YJR144W	-0.642984321765717	6.59631573442627	150.195274859435	8.35553845253034e-17	1.06866634661775e-15
YJR145C	-0.537591787758159	10.066021731501	22.0430306640563	2.05160349468991e-05	4.09916707439193e-05
YJR146W	0.851715650399643	3.9767373376676	31.7170379347909	7.76283619089077e-07	1.89952358240125e-06
YJR147W	0.0956834132279274	5.99890279213184	0.303361148788857	0.584192581861429	0.620150730317764
YJR148W	1.58438576823447	9.27513323854438	247.877619063483	3.34538635071359e-21	9.98368240350212e-20
YJR149W	1.40454070767916	5.86750136512111	118.363998060234	6.92234174249581e-15	6.13438377413603e-14
YJR150C	0.443658113438565	1.06601801541481	6.97666152619621	0.0109906536239845	0.01535714924554
YJR151C	0.48705263725789	4.98672740066033	22.0685586005693	2.03289603114514e-05	4.0698030376888e-05
YJR152W	0.796695955418997	6.99671776923911	9.84206894427438	0.0028345295837044	0.00429055596857096
YJR153W	0.833991523007142	4.58260670124233	98.7850145732755	1.62547699881231e-13	1.13355142826682e-12
YJR154W	1.73176023382313	5.73161591312208	115.506798356744	1.07143026149318e-14	9.1228915132454e-14
YJR155W	1.72104842557349	5.82117890256439	131.324696615061	1.04377977443052e-15	1.09750108233731e-14
YJR156C	0.94558303127648	3.55979177572597	128.044971915707	1.67560630481169e-15	1.70018186394893e-14
YJR159W	2.33108752250918	2.40947736816954	300.851319769537	6.81028475131521e-23	2.91978968774697e-21
YJR160C	0.479527970945228	3.45954641346537	10.9016758635413	0.00176373658742092	0.00273570148897289
YJR161C	1.01434342154439	4.6176935246763	186.497823713639	1.19746272066559e-18	2.16968840577742e-17
YKL001C	-0.0141542522680267	9.5284981657165	0.0116235786755518	0.914568158947366	0.924591655873723
YKL002W	0.11931133711556	6.96455410677051	9.15620986856931	0.00388122041903171	0.0057800562404758
YKL003C	-0.179536196959803	6.17867368716524	5.17461876979467	0.0271640049359255	0.03588855513236
YKL004W	-0.339766780482812	7.10523017168844	12.3593944359115	0.00093179765353177	0.0015007365382808
YKL005C	0.0852775207309847	6.09507424682551	1.96906111324481	0.166619118889662	0.196622833068475
YKL006C-A	-0.196310901870381	5.07877672867397	15.1394088276988	0.000291091121840279	0.000503312340177114
YKL006W	-0.66781751143619	8.87466439810511	28.5167898058264	2.18023072177001e-06	5.00688217055294e-06
YKL007W	0.0675936223631266	7.27129674807664	1.38934409264979	0.243997156430922	0.279325815786283
YKL008C	-0.17799115493069	5.96959581540582	1.72637890955336	0.194765579214591	0.22702141417929
YKL009W	-0.942281324971812	7.65745170671429	55.0272638218104	1.20519681600914e-09	4.58290956643577e-09
YKL010C	0.114152965814581	7.3801906309805	6.89996838453174	0.0113602707023376	0.0158590525191083
YKL011C	-0.0133173301422362	5.05582849263697	0.0799363329478713	0.778530447783831	0.801707267609601
YKL012W	0.0900253048869244	6.50844527008735	8.84267058752568	0.00448882874080127	0.00662496712096924
YKL013C	0.208360087691738	7.15669049416346	41.330646433761	4.37686044860656e-08	1.2947680471874e-07
YKL014C	-0.563658036295208	6.7020769514464	65.378413900066	1.08275763771237e-10	4.80104042126211e-10
YKL015W	0.230402518316528	7.53782718820738	7.09734354981487	0.0103135064121677	0.0144607616391701
YKL016C	-0.53542949416683	9.2031414672905	51.8032244601294	2.68311454162402e-09	9.63705093180355e-09
YKL017C	-0.122847261722439	5.84252103998035	6.67535501191272	0.0126902668043327	0.0176308407815558
YKL018C-A	-0.346201602060515	5.28567726153346	28.9326969477701	1.90102141971725e-06	4.40388828129323e-06
YKL018W	0.0453491131392095	5.80646143346411	0.914968745582988	0.343321120065203	0.381551474800467
YKL019W	0.808369600676179	6.61006592729202	398.206836693433	1.01443062747972e-25	8.34357646700865e-24
YKL020C	0.4706394767169	7.42918284194034	77.1780033461769	8.95725743150668e-12	4.75844530916341e-11
YKL021C	0.0926145511131422	7.09702194194727	1.75379151472057	0.191317198280592	0.223301208422593
YKL022C	0.0931139027324708	6.61335027811377	8.03275989125787	0.0065713779719367	0.00947797893701745
YKL023C-A	-0.297963208076476	5.74513849744995	25.9897663492918	5.10304866740101e-06	1.10796577343571e-05
YKL023W	0.545499625126023	6.03600550122133	179.036552371563	2.70468587651417e-18	4.53612331025296e-17
YKL024C	0.00276822034264486	5.98759998382486	0.00276773784470451	0.958249160335146	0.962994534189562
YKL025C	-0.146590148557156	7.07643220225974	13.4127104826223	0.000595166179038608	0.000985147280583753
YKL026C	1.98796838190585	5.14047652653179	542.790289213416	8.32469141588696e-29	1.36974922540324e-26
YKL027W	-0.109352606500662	6.56632674066193	6.58979480762161	0.0132395668575857	0.0183479360411977
YKL028W	-0.0919756938347809	7.32212579418427	4.18503089756042	0.04596701629518	0.0589276048020753
YKL029C	-1.27521606043355	9.32149741118408	99.5828466563479	1.41662696015545e-13	9.99353989968295e-13
YKL030W	-0.521984198362963	1.56782138916536	5.05349476555754	0.0283253786906505	0.037309585778598
YKL031W	-1.4468112698141	3.97895662209009	27.8443787584244	2.76504482463273e-06	6.27635754360718e-06
YKL032C	-1.0472476849627	8.04512964123636	100.467807846938	1.21853487645306e-13	8.72757685628971e-13
YKL033W	-0.257814220597902	5.99684854593468	26.2341548233472	4.69374475030501e-06	1.02605091705052e-05
YKL033W-A	0.395953281362326	7.08598062653403	68.2731810247756	5.74029793497755e-11	2.66567000977447e-10
YKL034W	0.756162640253698	6.65666935721365	238.860891592689	7.31894498251163e-21	2.0253516842514e-19
YKL035W	0.675149866907396	8.43368439056057	16.5217927242005	0.000166873789904256	0.00029627519187434
YKL036C	0.436076255118396	2.33290907943795	10.7366201818339	0.00189698923169842	0.00293044162460796
YKL037W	0.61408813098341	1.80945583386251	17.1504116044236	0.000130978640651737	0.000236056235727583
YKL038W	0.349509620473144	6.24254978306903	25.9150770113624	5.2350834282128e-06	1.13541816569147e-05
YKL039W	-0.220324357345959	7.90527108846378	11.4409893238473	0.001388465368589	0.00218028815165588
YKL040C	0.16484814887862	6.96712351298858	22.1780715868991	1.95354330126768e-05	3.92255000597548e-05
YKL041W	-0.209833050107112	6.37423254929629	45.0627364216364	1.5607832327059e-08	4.97489440875052e-08
YKL042W	-0.983661455499819	5.65092097939669	41.6355786756989	4.01697130929215e-08	1.19820290695593e-07
YKL043W	-0.27062049641913	7.97189255689458	2.46557568106555	0.122561788287562	0.147695203304568
YKL044W	-0.161682235236991	5.32017270683733	0.955310257344313	0.33299441963235	0.370887308218395
YKL045W	-0.321693108433661	6.15779261784519	1.93596805828128	0.17015911378325	0.200450596887079
YKL046C	-0.0093440638252536	7.44892468910225	0.0424793527711594	0.837530977950614	0.856812064151124
YKL047W	-0.254739902839829	6.16949694280558	18.4035622647369	7.99410568178183e-05	0.000148242812642972
YKL048C	-0.446252965155579	5.5375127822933	19.7531150217646	4.78313619762038e-05	9.09991661597278e-05
YKL049C	-0.340086001913596	5.61982398391357	10.7912353503803	0.00184991944009185	0.00285990592973061
YKL050C	0.079879679017905	4.14281506193463	0.316687713388275	0.576076030193535	0.611883843082959
YKL051W	0.149208957549571	5.81025208513377	13.4602630693235	0.000583372478921499	0.00096752195292763
YKL052C	0.0541853287188325	5.3654145532402	0.501380648652185	0.482124485716748	0.520420898766589
YKL053C-A	-0.108399797681097	5.8390587933303	0.787487658679285	0.379035355469924	0.418113289382297
YKL054C	-0.915892998637469	9.1339533546213	244.905557199155	4.31866945719654e-21	1.25200284073393e-19
YKL055C	0.489091715231996	2.33803004177248	26.2979685633505	4.60355413648268e-06	1.00778272502361e-05
YKL056C	-0.0763605301757003	9.86619053787473	0.755334984981926	0.388872460495849	0.427879186607398
YKL057C	0.148425153668793	7.3854147540955	5.90900760185833	0.0186261149408022	0.0251655099333342
YKL058W	-0.133607909344583	6.41711448068292	10.0524558176447	0.00257659244116108	0.00391765603940776
YKL059C	-0.108806109930047	6.30503888248577	5.05847926312376	0.0288617414003248	0.0379503848045739
YKL060C	-0.13561467596102	12.8228717643053	3.8919535353304	0.0539614770672975	0.0686556891088207
YKL061W	0.347151564105938	5.33762249215326	28.9399574645649	1.89650891644009e-06	4.39510707395785e-06
YKL062W	-0.596962174583744	6.80166067006157	35.7050191449134	2.25643141774224e-07	6.04894516566039e-07
YKL063C	-0.442450688181394	6.36578013947344	91.7811065457268	5.56501573993113e-13	3.57382023467307e-12
YKL064W	0.180852731559214	7.19407953339018	8.40828010515532	0.00550143302049186	0.00802797800305716
YKL065C	0.749477722276495	7.72679097227715	211.822324489821	8.9472063577715e-20	1.96644737567195e-18
YKL065W-A	1.27776942005018	2.7031958091386	113.263188229639	1.56417149149324e-14	1.29560218234161e-13
YKL066W	-0.188307529185889	4.85538088288125	2.09703586812317	0.15371803848315	0.182744662816914
YKL067W	-0.261058292350477	7.76301029776712	3.77137888176638	0.0576809437066785	0.0730065665875797
YKL068W	-0.162602846008872	8.03582034505596	6.37789434455647	0.0147117925379391	0.0202133588289264
YKL068W-A	0.764883639935483	6.72390479799421	39.77209447632	6.8205161729764e-08	1.96764234862239e-07
YKL069W	-0.100390717483559	5.60099549591045	0.474085839137185	0.494240231448261	0.532272161517249
YKL070W	0.513191814759317	5.00915882308181	87.4009232829049	1.24147308822988e-12	7.55053762351998e-12
YKL071W	0.266140566829641	4.37541372694018	10.5012151534457	0.00210559311583703	0.00323300148530034
YKL072W	0.466694309544002	5.33670359235323	45.1877245056873	1.50913636581132e-08	4.82796752236433e-08
YKL073W	0.200958165902439	6.79711573580648	12.929152286026	0.00073030353054398	0.00119326030433488
YKL074C	-0.113657766800982	6.00837302276192	5.38386320473246	0.0243698767152021	0.0324079968200415
YKL075C	-0.105482319817914	5.77576161291233	5.05757692298867	0.0288753837865127	0.0379601244854868
YKL076C	0.173938820711421	1.5938902682374	1.84271872315398	0.180642029695061	0.211775212167058
YKL077W	0.160003389424578	7.55950402607695	17.3132141936181	0.000122096630589017	0.000221359227821898
YKL078W	-0.80459187266985	5.05022778259667	24.235409089186	9.37831956599304e-06	1.97015905858405e-05
YKL079W	-0.286354186979381	6.04722926748902	28.5752631475451	2.13850720788031e-06	4.91848578827932e-06
YKL080W	-0.184563938909836	8.22729044985234	12.7220852706201	0.000797663207995894	0.0012956706537564
YKL081W	-0.461521990858416	9.83586205864082	39.0574134610536	8.38151671140564e-08	2.39000813765984e-07
YKL082C	-1.07557901497865	6.35851497337482	153.303929483622	5.64189960702738e-17	7.43460710120837e-16
YKL084W	0.096431054019896	5.18785388902324	1.77280917145478	0.18896801661076	0.220813298488734
YKL085W	-0.931645492830738	9.01206755273303	37.6642944890791	1.25883230584477e-07	3.51710467094216e-07
YKL086W	-0.0276846313620628	2.70797060477721	0.0487491383697002	0.82614013997225	0.846011971766368
YKL087C	-0.758623818398762	7.20975962251442	44.7401466933572	1.70343538063596e-08	5.39849796840799e-08
YKL088W	-0.236503991453889	6.62619008324448	24.2021436875504	9.48759346658637e-06	1.99036764385175e-05
YKL089W	-0.354801862713146	5.36079813989926	7.4319713438251	0.00876571471828068	0.0124221767236715
YKL090W	0.038310607697098	5.21012054211512	0.575950984832879	0.451404380105942	0.490565845427521
YKL091C	0.427267763296658	5.89500281871928	21.4206219007358	2.57465425397339e-05	5.08747000914962e-05
YKL092C	-0.451468783847558	5.75858481853096	21.6462575083037	2.37055127438597e-05	4.70861864876403e-05
YKL093W	0.475521311475243	6.34094300120749	72.6143289090271	2.28226522525782e-11	1.13423924011181e-10
YKL094W	0.239155120439141	7.79247218586064	12.9513790017723	0.000723435464432579	0.00118330873387038
YKL095W	0.207488748498767	5.16221150857024	11.3477914987563	0.0014464786813835	0.00226495941673424
YKL096C-B	1.18519379051947	0.409240102475452	32.4829423825449	6.08060935936951e-07	1.51220383087588e-06
YKL096W	2.37354962979123	8.36673170077897	57.2513525118636	7.04016783454906e-10	2.78315206342433e-09
YKL096W-A	-0.851049269824178	9.68470114349068	17.3274140983825	0.000121418837245374	0.000220327237302484
YKL098W	0.383471460728395	5.58266047836005	123.778720498566	3.08618929444983e-15	2.94494050542485e-14
YKL099C	-0.64232562830244	5.87286936344447	48.5255662658041	6.21990006129e-09	2.11782726919091e-08
YKL100C	0.770767872222075	7.46760544167948	426.991388067362	2.07982979940221e-26	1.94800058750164e-24
YKL101W	-1.19681647916768	7.36162885380486	17.6502657898814	0.000107023862649396	0.000195781633356226
YKL102C	0.8490526295914	0.887776533542439	25.2890594418462	6.68666579110346e-06	1.43289057853706e-05
YKL103C	0.295161306172	7.20386932883758	2.72010547286866	0.10525092515042	0.128358900704278
YKL104C	-0.0827448027641842	8.97953489172168	0.29287474054635	0.590745204916464	0.626233119890551
YKL105C	0.392140465771158	7.72560898769877	31.9644357267554	7.15550127706032e-07	1.75868759688103e-06
YKL106W	0.118880507739735	7.44847823802997	0.965271219465882	0.330509800157816	0.368322105685665
YKL107W	0.801812884589223	3.65353716775308	74.6716846186387	1.4972756660046e-11	7.67937173937323e-11
YKL108W	-0.11418888436789	5.45859555706344	0.545107314901917	0.463714748562001	0.5027774513349
YKL109W	-0.905407868675826	8.51541287858226	17.916685363035	9.64898027650748e-05	0.000177578572924358
YKL110C	-0.782750561356716	6.48887240086992	107.416807656303	3.8480357161253e-14	2.96167401261325e-13
YKL112W	-1.01026590013341	7.286002314568	144.006255643926	1.86078143532279e-16	2.23000735792227e-15
YKL113C	-0.784961525280041	6.63611312421689	10.3837419959746	0.00221932522703246	0.0033973477450776
YKL114C	-0.11511755503254	6.73930055978653	8.22422423214644	0.00600079513509937	0.00869829542440118
YKL115C	-0.258156565399861	2.25722134424346	4.82459266226307	0.0326424043071418	0.0426178334595494
YKL116C	-0.402615978820641	6.54914710567774	4.92727497335186	0.0309180363610798	0.0404532571171833
YKL117W	-0.110799087831349	9.25536850619603	4.04960589366973	0.049488011664483	0.0632150681941613
YKL119C	-0.0384888848437044	4.85408246284793	0.470913235267956	0.49568193188518	0.533541655112619
YKL120W	-1.291823219156	8.38168338669785	444.839295546423	8.16376581779942e-27	8.14770595061686e-25
YKL121W	0.256212839772789	5.87923044207815	12.7390397636665	0.000791914353910104	0.00128701937709683
YKL122C	-0.726666867503922	7.04353287300763	239.366504141481	6.99999668276136e-21	1.9638700370807e-19
YKL124W	0.930385408741398	6.47279911363997	522.277232870554	2.01729969784605e-28	2.99544403914312e-26
YKL125W	-0.0940408900162301	6.43387806218881	1.1852371723858	0.281420680758178	0.317829155208525
YKL126W	0.384448818022208	7.84033638604836	42.9680895320895	2.76945421778973e-08	8.46832610643087e-08
YKL127W	0.189797577077662	7.35410697665444	3.55947312633258	0.0649172345140664	0.0816224956054598
YKL128C	-0.15239468357623	6.41741016046023	1.8895615141555	0.175273635303625	0.206076842744007
YKL129C	0.187132320800523	6.70000422202885	2.33424978243345	0.132747340735588	0.159025149625789
YKL130C	-0.567990840281892	5.77641543484509	51.5554413686068	2.85653880527454e-09	1.02297695567714e-08
YKL131W	-0.190187437250381	0.73038546247231	0.848458583598148	0.361413332512381	0.400342861778634
YKL132C	0.15433903437901	3.38124881530804	2.45992880536714	0.122982759333376	0.148117992485174
YKL133C	0.744860666606507	5.40951678130082	100.295206325873	1.25545188941837e-13	8.94987248568975e-13
YKL134C	0.141448518207148	6.79277417686949	3.51217100288828	0.0666652615045289	0.0836303548402168
YKL135C	0.257319665416698	6.89436508990171	57.9388349400696	5.97602918875367e-10	2.38570922630376e-09
YKL136W	0.100665733321703	1.2805296633132	0.376015829057482	0.542487419337035	0.579923337826843
YKL137W	-0.0278631258379556	6.04826838011772	0.0982742417650158	0.75519170988924	0.780976240836707
YKL138C	-0.552008821226038	6.2951948837868	28.5251567585989	2.17421609872458e-06	4.99495381473029e-06
YKL138C-A	-0.12863267396182	5.72698951381001	5.92589632374469	0.0184674107594973	0.0249732555983606
YKL139W	-0.263157275403593	6.15145376982482	39.0275180547663	8.4544587107242e-08	2.40967905575323e-07
YKL140W	-0.00583368334601427	6.34176267644389	0.017924588037623	0.894023299293514	0.907318153396706
YKL141W	0.0222064982380567	9.51587585059376	0.0928933418051035	0.761773451783575	0.786980616741627
YKL142W	0.750645118698143	7.55350532708729	72.134026242606	2.52253044080516e-11	1.24855002631072e-10
YKL143W	-0.551802979082371	6.64157319599386	24.0465125078314	1.00216540467259e-05	2.09590621217681e-05
YKL144C	-1.05718526895462	5.85924992751022	290.798864808198	1.08595924673884e-22	4.43712744573561e-21
YKL145W	-0.163417821670088	9.13817991816453	11.6873607934392	0.00124663574620262	0.00197232807247442
YKL146W	0.409714421557237	7.48882871023714	104.962473393222	5.7471962795481e-14	4.30368154365176e-13
YKL147C	0.928366726422336	1.53358483169185	45.4902764174211	1.49666818542604e-08	4.79311726084887e-08
YKL148C	0.453695314339138	10.8806217206437	15.9852100474606	0.000206758346588813	0.000362855236100517
YKL149C	0.466524266112891	5.78782634611117	30.0243313814379	1.33117283830382e-06	3.15337752513372e-06
YKL150W	-0.235794852152761	9.53297299368793	9.74771704979807	0.00295880773441706	0.00446756485295909
YKL151C	0.866280340387229	6.77657481967888	77.9221843191134	7.71559093144248e-12	4.12401383587549e-11
YKL152C	-0.101445797256238	10.5474138447331	0.77545623841155	0.38267380253645	0.421744770065515
YKL153W	0.436696311253728	3.86044534999878	7.62718638409922	0.00800399566498486	0.0113931086295132
YKL154W	-0.397596747766331	6.01167045877111	21.4415237535705	2.5549383251859e-05	5.05015081939343e-05
YKL155C	-0.667760303184869	6.81282551657744	102.347987943455	8.87423176718944e-14	6.44705525043548e-13
YKL156W	-1.00035404968103	7.06978398735689	148.232163548364	1.07420324164156e-16	1.3428643398591e-15
YKL157W	0.232289519353676	8.03329869795971	28.4092351513559	2.25922375225651e-06	5.17852191405784e-06
YKL159C	0.984871679144306	4.78123541603424	102.759851829223	8.29101509162699e-14	6.05224219158574e-13
YKL160W	-0.129922663772384	7.25888292109111	12.1133683072552	0.00103608900600271	0.00165774240960434
YKL161C	-0.324426442685602	6.4628389107285	1.75552378113091	0.191101757377203	0.223135308575453
YKL162C	0.466556132670817	5.40494015486408	52.8457043626638	2.06609271407051e-09	7.54099067341803e-09
YKL162C-A	0.519955065133364	2.49576636922265	19.1238298223215	6.09867498430508e-05	0.00011463023558027
YKL163W	1.15068209877452	5.11416550703207	24.6929043063733	7.99057928474015e-06	1.69599497082379e-05
YKL164C	-1.38347551354654	10.1758245597735	8.75373683003154	0.00467885679438866	0.0068903919120073
YKL165C	-0.843602471865219	6.62870482652294	43.342434817476	2.49725812350752e-08	7.70958795938832e-08
YKL165C-A	-0.0666578155658406	1.2716937744423	0.147219006668385	0.702815775725101	0.732159897777963
YKL166C	-0.585121078845757	6.12847611008999	104.303104223343	6.40830011200789e-14	4.77524248248519e-13
YKL167C	-0.390830964001471	6.02853645081508	18.7922664819534	6.88674743200228e-05	0.000128687901675966
YKL168C	0.383075004993269	5.51876784307804	53.9986802902908	1.55166899762808e-09	5.80612222345405e-09
YKL169C	-0.0836324605704811	1.43122222406143	0.238057288286	0.627738352220373	0.660503126221506
YKL170W	-0.387369444677859	3.39863627829679	6.00544107306074	0.0177396938787865	0.0240854719745879
YKL171W	0.497224308788671	6.69132497549026	129.578330625215	1.33541672615634e-15	1.38501141888242e-14
YKL172W	-0.863776636964906	7.82155892684495	73.6554709839151	1.83759308608108e-11	9.33828606682942e-11
YKL173W	0.296094739970583	6.33046987604048	69.0997469329582	4.80287333826201e-11	2.28258336325832e-10
YKL174C	0.54887399222997	6.07809668976747	151.320982228805	7.24262012059841e-17	9.39295229511505e-16
YKL175W	-0.261638295609677	8.38972817588873	3.31122092284158	0.0746921382784105	0.0931242551380223
YKL176C	-0.208552382502594	6.99907073891053	41.475039707615	4.20230079886241e-08	1.24858991036966e-07
YKL178C	0.568426750863869	4.0684044958977	61.7183885658996	2.47612437420222e-10	1.05123048745768e-09
YKL179C	0.195768749508559	6.84432358007379	22.578212475265	1.69064616834035e-05	3.42175993113565e-05
YKL180W	-0.597245360182663	9.54280744548437	30.2503170579586	1.23722008410002e-06	2.94686849452305e-06
YKL181W	0.169069189735057	8.468086396086	8.09554185305974	0.0063782126096228	0.00921558933085068
YKL182W	0.179394677523344	9.61953698216231	0.964124468657147	0.330794540929259	0.368571955559541
YKL183C-A	-1.60038449102268	2.16778411284088	157.726419552781	3.41839818008541e-17	4.65575125735123e-16
YKL183W	-1.22907780266824	5.71759282099285	234.138680927123	1.11416887165357e-20	3.02815182617273e-19
YKL184W	0.423140102690107	6.18110170954036	57.7456293073012	6.2570684823727e-10	2.48974071377026e-09
YKL185W	-1.69725874623977	7.82553583875135	17.0093917241702	0.000137585025704301	0.000247376738478377
YKL186C	-0.368660307625842	6.58331977400455	22.8093036247496	1.555876991172e-05	3.16372048171514e-05
YKL187C	0.507533002183828	7.92813804650288	33.769460835927	4.07270582070758e-07	1.04574580499653e-06
YKL188C	1.78115048799257	6.32962960504786	248.084485212483	3.29070147860984e-21	9.86886236540724e-20
YKL189W	0.976982742796184	5.97203304300188	119.010015036541	6.276182588399e-15	5.57801453987928e-14
YKL190W	-0.162587392561204	7.13761036231444	14.8707376719587	0.000324849524905653	0.000558352317229141
YKL191W	-0.0395730141317507	6.97867867959127	0.242486942638947	0.624533233014693	0.657557373001529
YKL192C	-0.278723436227204	7.86844332012786	11.4651459239665	0.00137383919576678	0.00215899148782348
YKL193C	0.588096709757069	6.22365353841071	78.0358228922341	7.54238751112264e-12	4.03497848573942e-11
YKL194C	-0.518692408789914	6.21075057288688	23.9635403793174	1.03191047517051e-05	2.15367534207682e-05
YKL195W	-0.774941024554397	8.52447874916189	70.5955269780793	3.4893339731971e-11	1.68766339432009e-10
YKL196C	-0.0782303927450609	8.06537225213076	2.37047954014018	0.129843739373701	0.155822725272441
YKL197C	0.707535125407472	6.03966910836243	66.8823352818023	7.77137945805341e-11	3.51501917835284e-10
YKL198C	1.00377145077782	6.16898436306783	103.210116524766	7.6836101329848e-14	5.65632629862291e-13
YKL201C	0.506016532422668	7.25662725285628	47.3945575957034	8.36875798157917e-09	2.79172595023857e-08
YKL202W	0.66726446130864	2.22780409271107	58.7820456351826	4.93330079242609e-10	1.99164026686273e-09
YKL203C	-0.21752804798113	6.34473286333547	7.42066998124681	0.00881370579522576	0.0124872797024283
YKL204W	0.00720686380058758	7.22005127799503	0.0278360666309388	0.868155901253609	0.884574581896565
YKL205W	-0.357773979218172	6.74461127363449	52.9854422201209	1.99478034866771e-09	7.30259937624115e-09
YKL206C	0.33437616064677	6.09930202970172	55.2378509205283	1.1448280379302e-09	4.3779604867582e-09
YKL207W	0.0549570075286897	7.30803781372288	3.5256475508534	0.0661620199149219	0.0830332667990197
YKL208W	0.0911813240453295	5.25204109615146	2.42731200005069	0.125434492793147	0.15085839433518
YKL209C	0.48562537381846	7.97579730660061	3.69312412385386	0.0602446682545796	0.0760301700526286
YKL210W	0.0639726563636143	9.23776732933501	1.56702236409174	0.216362538991831	0.250278384454165
YKL211C	0.12340399591683	8.56641549594938	4.60358294375019	0.0366978852645492	0.0475051510717787
YKL212W	-0.390197593371955	7.61192184861063	56.9190405600211	7.62342303924806e-10	2.9981524200867e-09
YKL213C	0.23832506241251	7.58973308292122	23.8913372355178	1.05853807540548e-05	2.20471426721469e-05
YKL214C	-0.186478520045132	5.87270760667521	15.5991145387544	0.000241541171039029	0.000421226768629507
YKL215C	0.0698807235604042	6.73279128942573	1.78752287743169	0.187173607132308	0.218884540956875
YKL216W	0.476244939198393	7.75863235745332	58.3533877097247	5.41651055429029e-10	2.1766149342917e-09
YKL217W	3.02511619458975	9.07421872840152	282.194918216829	2.08481417651215e-22	8.03313209278858e-21
YKL218C	1.14215897497684	7.96608009987366	73.7463941176101	1.80335467708623e-11	9.17961812215802e-11
YKL219W	0.908800117492508	5.74101668268606	158.302210461049	3.03870234784221e-17	4.15721795363223e-16
YKL220C	0.748488747644535	4.32553499264962	14.149471143648	0.000437409952501675	0.000739092920019483
YKL221W	0.498602122037528	3.54975339006747	11.5756524102481	0.00130963516217838	0.0020628871584326
YKL222C	0.0964465805920797	5.68279260876364	2.31309129034828	0.134477529190172	0.160939492374635
YKR001C	-0.152923655252948	8.36765359703335	16.955825565284	0.000140521903629429	0.000252359100087306
YKR002W	0.274695736238679	7.12398257330677	32.4440236067216	6.15242351319778e-07	1.52881446319788e-06
YKR003W	0.028413010176635	6.3048650197868	0.146184982666745	0.703800067033292	0.73293445229194
YKR004C	-0.641047190463314	5.32409013891401	65.0657011669266	1.16103303107641e-10	5.12572087976302e-10
YKR005C	0.0708647472517006	4.19082934133615	0.774816059854597	0.382870025612434	0.421884654466696
YKR006C	-0.297019266510151	7.12084331464603	7.84108797255134	0.00720030942952822	0.0103215172608825
YKR007W	-0.412009371622958	5.49235848187831	54.7400865906218	1.29306939745778e-09	4.87745135794484e-09
YKR008W	-0.165049179962014	6.77694481414896	9.185539670481	0.00382899430526288	0.00570786418473075
YKR009C	2.19656338803016	8.5498813525812	143.890090122175	1.89046955504948e-16	2.25670169630221e-15
YKR010C	-0.810944262135621	5.73631331739802	33.7016371609592	4.15864262424912e-07	1.06511637763688e-06
YKR011C	-0.0391740463818547	7.04158452971964	0.302005887369469	0.585031044912657	0.620932531629752
YKR012C	0.237983153902208	0.783104028884189	1.85526659123337	0.179281617582735	0.210382900509578
YKR013W	0.145889025642838	7.86201979971802	0.230306193398422	0.63335290913778	0.665950347293749
YKR014C	0.258912235441126	7.64989092965999	45.1536567269358	1.52285592675218e-08	4.86419038933224e-08
YKR015C	0.166241183447117	5.0115675078652	11.5426426647737	0.0013280432510544	0.00209026042203184
YKR016W	-0.657956169108615	8.16482932586402	34.1426127816045	3.63013038912836e-07	9.4123653360364e-07
YKR017C	0.623828779857949	5.44698257330834	132.334794469227	9.05953589810329e-16	9.60878999088029e-15
YKR018C	0.36159581237584	7.92734084552436	71.4646777682219	2.90346741493521e-11	1.42321333511478e-10
YKR019C	0.395288580102318	5.14612828682027	39.7921949683434	6.78238317039841e-08	1.95785437370249e-07
YKR020W	0.165045181161642	5.40044758996769	10.2525635951086	0.00235417289455382	0.00359563587105963
YKR021W	0.241335267987991	6.88015694779678	25.5145942764192	6.00795412037508e-06	1.29519917439248e-05
YKR022C	0.0072862964408436	5.45434326732278	0.0343647269864714	0.853669955735542	0.871934213572526
YKR023W	-0.226855678170158	5.75887065974017	14.587005005001	0.000364993786930322	0.000622955473740342
YKR024C	-0.791762107245626	6.33171969287783	69.0271185984972	4.87848119019822e-11	2.31490206437465e-10
YKR025W	-0.117932189309308	6.04604175554727	3.76923697212196	0.0577495130807022	0.0730781616369393
YKR026C	-0.27983949095443	6.55802211506894	39.3087674355791	7.79399626852324e-08	2.23293408389504e-07
YKR027W	0.0915134758246863	5.94645265948608	3.73581782396013	0.0588308497415819	0.0743075131175832
YKR028W	-0.245807806399332	7.4417557767876	20.172161955501	4.08721987222589e-05	7.86192561836058e-05
YKR029C	-0.236945568014377	6.13969081415511	22.5256413793026	1.72297348529135e-05	3.48487128852284e-05
YKR030W	0.0507477620962849	5.83371804760035	1.46112122491462	0.232337603674503	0.267133395877313
YKR031C	0.232488933080596	6.6858778723476	26.0459624709541	5.00554455612567e-06	1.08817110490264e-05
YKR034W	1.02415852609286	2.03109036979844	34.742795973927	3.0567026752918e-07	8.0177535058925e-07
YKR036C	0.0650888200155937	6.32189518293261	1.55074217042442	0.218728774711563	0.252823387211695
YKR037C	-0.729716496696017	5.62232928513366	62.3009625412653	2.16453082759076e-10	9.24099837193027e-10
YKR038C	-0.0772630683041788	7.17658631477767	6.62912528927297	0.0129839848725554	0.0180142433692154
YKR039W	0.982333691058545	7.96644640399071	20.8541704542668	3.17169397833953e-05	6.1928393008759e-05
YKR041W	-1.59469619399646	2.21805409203159	94.603772012604	3.46571191350934e-13	2.31098073706954e-12
YKR042W	0.59915826585878	10.6211749719003	10.4874498353283	0.0021184985475142	0.00325117699956301
YKR043C	-0.585409895932275	7.87915105421478	82.0253874330847	3.44143593459174e-12	1.97097478549337e-11
YKR044W	-0.228602971743135	5.82550772310862	9.08132875037127	0.00401799393440969	0.00597205739079253
YKR045C	-0.306244821418626	3.82498044017615	20.8260197470483	3.20571718603952e-05	6.25325415847761e-05
YKR046C	0.156040036176036	9.27338907387163	4.79916599228254	0.0330787632953211	0.0431263130500464
YKR047W	0.377775885842669	1.43041688779687	7.32293633211887	0.00926748431106475	0.0130845186655293
YKR048C	0.143887618025762	8.27186092027992	8.74898812848464	0.00468923937273792	0.00690401192290894
YKR049C	1.45312351302541	5.99791663733682	591.974607175136	1.08454166448502e-29	2.27678953564993e-27
YKR050W	0.72530815499775	6.08324062740302	65.980228785537	9.47816995022412e-11	4.23353621841265e-10
YKR051W	0.261820299372259	5.59968017389891	30.3293968509737	1.2060859694302e-06	2.87608749780301e-06
YKR052C	0.44039258744641	5.61891598918556	10.426500240729	0.00217716339584938	0.00333700170038546
YKR053C	0.260547473418409	4.76578181114981	12.0527738311091	0.00106365139444799	0.00169960884236204
YKR054C	-0.604683609451061	5.92262618527747	143.084523365319	2.10129101384653e-16	2.48401159073741e-15
YKR055W	-0.269847076236301	5.84282377729573	18.9162040918209	6.56835427959991e-05	0.000123002586447875
YKR056W	-0.170891340699863	6.86894159947557	3.73652636884658	0.058807684362398	0.0742936672335088
YKR057W	-0.534955620136921	7.68145059813172	28.8151414725701	1.97580665461015e-06	4.56670877496834e-06
YKR058W	0.895457092633599	6.28649705770221	133.179211773131	8.05156779687671e-16	8.59963942936586e-15
YKR059W	-0.134150150702827	9.45705995396795	9.41111489139314	0.00345123582023123	0.00517770420738485
YKR060W	-0.829025443446651	5.73659183535075	95.0210439829282	3.12509052303243e-13	2.0930199234567e-12
YKR061W	0.954057547410077	5.74802153779729	89.09280778682	9.07746489402724e-13	5.62765848012606e-12
YKR062W	0.472120515892931	6.34795003363089	85.3293357981126	1.82950904425368e-12	1.08452298553227e-11
YKR063C	-0.485221969664779	5.7366673073797	99.6948369482458	1.38994462951291e-13	9.82808699706688e-13
YKR064W	-0.077500951581309	6.16636558400167	4.60283090863885	0.036712608807505	0.0475141076573322
YKR065C	-0.224019784370153	6.80410608535125	10.1939556479451	0.00241711398829337	0.0036862199300426
YKR066C	0.145019885244258	7.42175961290752	3.00044279690807	0.0892987367470677	0.110296350033708
YKR067W	1.03043710378566	7.86795965224496	209.967870003966	1.07235533826096e-19	2.30689021177835e-18
YKR068C	-0.168762689641322	6.98753181837383	17.8192397621005	0.000100211320217869	0.000184038165154265
YKR069W	0.989040312752826	8.4199677121307	41.4758166771717	4.2013737154267e-08	1.24858991036966e-07
YKR070W	0.15180054723245	5.92314651663516	9.78299777521633	0.00291166465737901	0.00440184118056206
YKR071C	-0.326806407126989	8.52897149871193	52.2363521881495	2.40598935290162e-09	8.70847989326103e-09
YKR072C	0.47021701728058	6.94052060202109	100.070594930791	1.3036308789846e-13	9.28246174416169e-13
YKR073C	0.117601578342695	1.680298378208	1.00308043843272	0.321317282212492	0.359129725373536
YKR074W	0.224375856154017	6.49211772534432	11.9354303515755	0.00111909799929894	0.0017816602039048
YKR075C	2.02960053139489	5.51677253942608	182.107329972274	1.92825857528219e-18	3.32556323125154e-17
YKR076W	1.21021210337837	5.88531411337288	184.635014393398	1.46301671928664e-18	2.59674804286211e-17
YKR077W	-1.04847640181499	5.94824740757834	9.92818645745492	0.0027257966422749	0.00413419281469098
YKR078W	-0.291314694815612	5.47848800471634	25.6091372186723	5.81562222556041e-06	1.25553763050937e-05
YKR079C	-0.982607606026085	6.24530830081257	119.062946192827	6.2255363992877e-15	5.54109146182216e-14
YKR080W	-0.0936009338689651	8.86936423274228	1.10256574130659	0.298664107118427	0.336031617840876
YKR081C	-0.564762539173438	7.0472348255064	27.6329993315608	2.92543798369487e-06	6.61838217938848e-06
YKR082W	-0.559330531324195	7.1347295534023	145.288459884559	1.57307552610362e-16	1.90774577747387e-15
YKR083C	-0.571345329824918	4.90118727787229	27.0835101146566	3.5190644818371e-06	7.84764269795761e-06
YKR084C	-0.0370159626965375	6.99052199944897	1.01944365853462	0.317427161790493	0.355209158360023
YKR085C	-0.699345017537389	6.40353297217539	45.7662062542148	1.29112960008548e-08	4.19221173617088e-08
YKR086W	-0.312295750650201	6.0792080069445	36.9617003243782	1.54942905849679e-07	4.26015171480609e-07
YKR087C	0.0776938227577772	5.83702446697081	3.4589675455623	0.0686935514967037	0.0860506875538954
YKR088C	0.495913500010357	6.04004527857739	121.415797795069	4.375336187308e-15	4.03591616792895e-14
YKR089C	0.493062079727203	6.93336527149909	150.870155046441	7.6684408365122e-17	9.84925481280301e-16
YKR090W	-0.699291397203425	6.41220912790425	67.8881765711957	6.24013105643706e-11	2.87802408118097e-10
YKR091W	0.135148630287287	5.82523932605042	0.279204394844523	0.599519787163412	0.634028701839537
YKR092C	-1.26353397972075	7.39610100897436	151.311161570639	7.25145791508554e-17	9.39295229511505e-16
YKR093W	1.20245639856007	5.37765165440985	38.1991427713874	1.07613800119207e-07	3.03311488484134e-07
YKR094C	-0.779586883537317	9.496727748122	73.3059073068062	1.97563902519223e-11	9.92383695162565e-11
YKR095W	-0.62372489739275	7.09077316908555	219.267687311359	4.37993649607407e-20	1.00244561609394e-18
YKR095W-A	-0.163118357553158	5.34495881405722	5.21378475641603	0.026616034698766	0.0352180872084519
YKR096W	0.566345679377878	7.05654272349535	97.0421190938191	2.19415090917196e-13	1.49753259361423e-12
YKR097W	0.77168966238742	12.1039698041661	92.974866956114	4.49928302770051e-13	2.93901663869536e-12
YKR098C	0.56013836856795	5.25267153927656	26.3930470691947	4.44663655771424e-06	9.76944184892253e-06
YKR099W	-0.0753094378491032	5.94899179299193	1.87994307716563	0.176356285796185	0.207309725415557
YKR100C	0.0521729690519826	6.83436512758908	2.3998163349955	0.12754580995062	0.153276528025933
YKR101W	0.0830266710563095	5.68661768454299	2.56784562432425	0.115245145366075	0.139596586746651
YKR102W	-0.45583440238933	4.5581656356707	13.1645120812186	0.000660956719720823	0.00108695421654791
YKR103W	-0.27472114966559	3.85288072079133	7.87877017974891	0.00707221435471822	0.010147452508019
YKR104W	-0.652409849328067	2.33188339427308	22.6780951809314	1.63463465336439e-05	3.31721858989414e-05
YKR105C	0.130903821985186	4.0765169532607	1.13960741583249	0.290773542593284	0.327698875843745
YKR106W	0.52362781496627	4.59073163732797	66.7826305386967	7.94842479933479e-11	3.58710231121943e-10
YLL001W	0.0510234400128114	7.88104189402731	0.9879568090538	0.324944445637796	0.362784116090758
YLL002W	-0.688071240135204	5.23468347248891	25.6091417503488	5.81572949743173e-06	1.25553763050937e-05
YLL003W	-0.0428530903116455	6.3500739707677	0.498332937986093	0.483452398589239	0.521576856744867
YLL004W	-0.49167149126829	5.22163940891264	26.8539091900718	3.80265278647285e-06	8.43678941838436e-06
YLL005C	0.223195572082987	5.39992993168868	16.273358502414	0.000184242246024107	0.000325592683249569
YLL006W	0.45523119531016	5.47041808862613	62.7077248220525	1.97329421299004e-10	8.46015152724181e-10
YLL007C	-0.0122408332900885	4.82626445241549	0.0523996167324304	0.819856540014889	0.840249211847585
YLL008W	-0.509400920547757	7.42608921293846	20.7106984767879	3.3447114795478e-05	6.49939466565177e-05
YLL009C	-0.824785411236626	6.988109255705	23.6748101582616	1.1427821539171e-05	2.37044557173672e-05
YLL010C	-0.174890272998629	5.41903585588577	13.3339824240224	0.000615254851929803	0.00101756901346065
YLL011W	-0.366000685559372	6.60776140794533	19.0124266138472	6.33163230593725e-05	0.000118862095215991
YLL012W	-1.58811066450589	6.96291394697059	226.012500333944	2.33261306213522e-20	5.74937179039644e-19
YLL013C	0.0726368430216657	5.1206100338118	0.508842102691166	0.478898850527695	0.517581431211185
YLL014W	-0.0143188071692784	6.0207387921811	0.0567497428305032	0.812665381988023	0.83361530674694
YLL015W	0.451386598115578	6.93172768361436	125.144298834697	2.52688815629196e-15	2.46139121528087e-14
YLL016W	0.982336195136305	6.05632539660603	370.020862099999	5.30595182475827e-25	3.75612031501492e-23
YLL017W	0.817575238677477	2.45607278283808	104.239138264019	6.58204120817974e-14	4.89273099821713e-13
YLL018C	0.449068328618461	9.09077633283089	99.1054435640404	1.53712244278597e-13	1.07687013022796e-12
YLL018C-A	0.870195759568382	4.56083741930811	117.742139694696	7.61448271157439e-15	6.67212838272753e-14
YLL019C	1.26627031981479	7.51093650784375	118.27970829834	7.00820506467701e-15	6.19244592652448e-14
YLL020C	1.63236580123832	1.83373697803953	110.385036319901	2.55654622606338e-14	2.03720594558558e-13
YLL021W	-0.746467165651558	7.55047933500219	38.0219244126001	1.13329647241277e-07	3.18536884766802e-07
YLL022C	-0.110099863168606	6.05444852227881	0.547996991167088	0.462538622661124	0.501591580826669
YLL023C	0.959787262265274	6.10365230348435	285.925886103342	1.56778581227617e-22	6.15785808073377e-21
YLL024C	-1.09672889540309	10.8772102513371	78.5489329264968	6.80891067196723e-12	3.68666348264167e-11
YLL025W	0.0495939315011667	2.59288049193399	0.350765170067611	0.556305971076969	0.593237125926885
YLL026W	0.396740448309435	9.28174281266356	2.53967214291852	0.117209869633283	0.141638286289684
YLL027W	-0.48230795701865	8.17378558779365	30.8128621779023	1.03231883356926e-06	2.48213153979845e-06
YLL028W	-1.62465398331409	7.30490002444275	64.6632757143149	1.26968671096341e-10	5.5770942975074e-10
YLL029W	0.0640203506112893	8.02847107958163	1.424022271931	0.238275468675583	0.27349567369852
YLL031C	-0.466337086602825	7.68471716921077	16.6264724960342	0.000160078687686292	0.000285208970042185
YLL032C	-0.930046903773501	5.89495774397087	74.5926122966773	1.51491242949286e-11	7.76328861174454e-11
YLL033W	-0.62004404709732	4.25576424508711	91.1256696233538	6.27323574881571e-13	3.97827700404063e-12
YLL034C	-1.37223176586771	6.37417389578546	127.302217071971	1.84916822504371e-15	1.86695458608061e-14
YLL035W	-0.750932918645587	5.93512100093132	143.354955623194	2.02773069437487e-16	2.406398531648e-15
YLL036C	-0.533486452957801	6.35815531739009	102.369284424313	8.84267713867214e-14	6.43180626287168e-13
YLL038C	-0.267483938389052	4.56674950527958	21.5852259932775	2.42429699087107e-05	4.80283764413377e-05
YLL039C	0.796337548564349	9.53228384207239	47.6972468234729	7.72705662846549e-09	2.58901049829928e-08
YLL040C	0.0522596151767112	6.8048346968568	0.574374091689706	0.452020906821457	0.491060542599755
YLL041C	-0.186952486630383	10.0382902736507	2.82874345794683	0.0987174377668612	0.12109445116354
YLL042C	-0.5601678717724	3.54599057243023	43.1440257184435	2.64079383500033e-08	8.09932134381966e-08
YLL043W	0.343361687362205	7.42249883122866	30.2835541948842	1.22401034645515e-06	2.91768793626428e-06
YLL045C	-0.539285937588383	8.8607587054037	22.4907793298651	1.74475853900806e-05	3.52074576913526e-05
YLL048C	-0.278670153407674	7.64925565306234	58.9732930658692	4.6793908773987e-10	1.89920877744022e-09
YLL049W	-0.0328082958678059	5.22301409170079	0.244393162904187	0.623178190790566	0.656272068073511
YLL050C	0.00493448968239801	8.23917727212241	0.00845899587265331	0.927080705789245	0.935222425326416
YLL051C	-0.165127686540583	6.69690532508968	1.97231889039271	0.166275323742282	0.196293226865041
YLL052C	-1.05151711296586	4.90946033145464	35.4580233188117	2.43190709948559e-07	6.4964679340361e-07
YLL053C	-0.958974895264627	4.44210595365663	29.5500688082426	1.55349208993272e-06	3.64316634958028e-06
YLL054C	-0.370811197206815	5.61344361739222	43.3081260412901	2.5211169174096e-08	7.77142268009603e-08
YLL055W	2.34926038363031	7.27171673505482	53.3595030925155	1.81750698075553e-09	6.73052463433071e-09
YLL056C	0.909470663739553	3.82591176365704	33.0047826511061	5.16621593940465e-07	1.3028965467728e-06
YLL057C	2.09913681575655	4.6308735627358	386.285263933894	2.02706542766444e-25	1.56212333210394e-23
YLL058W	0.515569333787284	5.8253497186883	42.3826806419215	3.25868346440067e-08	9.83582792824556e-08
YLL059C	0.639014988488136	2.76250629232987	61.3027295611591	2.74169914424716e-10	1.15352207257614e-09
YLL060C	0.643141754919162	4.16175143698754	96.9017868665807	2.25193368488369e-13	1.53181813112535e-12
YLL061W	1.86947078253987	8.45475949684892	109.546544946804	2.73059195868743e-14	2.16174822425085e-13
YLL062C	0.573116600534674	7.41663830827898	10.2285794213069	0.00237969332265585	0.00363188090958355
YLL067C	-0.0659257826773786	2.11283049460982	0.131484202942116	0.718409337426285	0.746106456201164
YLR001C	0.584766582259596	6.62445396770452	81.4292102184912	3.86364963750496e-12	2.20036473275306e-11
YLR002C	-0.600271384165098	6.37179807450423	58.2771361348045	5.51523193783467e-10	2.21044977205645e-09
YLR003C	-0.392253012162463	6.50173648086943	14.5644543288907	0.000368398715106026	0.00062823848111078
YLR004C	1.79090463016077	5.48054066762516	66.3555202899852	8.73884745444113e-11	3.92056767152819e-10
YLR005W	0.251047290247314	6.78323110735305	41.6984799489384	3.94632302030245e-08	1.17886234286562e-07
YLR006C	0.371048161716036	6.56987489929713	20.0372462679393	4.29891546377562e-05	8.24049034743891e-05
YLR007W	0.0787708414631744	6.26703714339611	2.48559884878352	0.121088607017034	0.146006622998555
YLR008C	-0.704098426416905	6.91636512842978	53.4896935531368	1.75970615466617e-09	6.53237260341928e-09
YLR009W	-0.199215010881795	7.36164389809633	3.12821376662733	0.0829404736912257	0.102776634201543
YLR010C	1.177215203202	3.71541471540015	187.470855258603	1.08935665320561e-18	1.99759135684209e-17
YLR011W	0.131971275541688	5.08256042408547	5.81548228981919	0.0195324481389303	0.0262966705594445
YLR012C	2.0645265292494	3.12375505329587	138.05286868417	1.25117692905612e-19	2.6633444559768e-18
YLR013W	0.859471639444088	0.482814877406808	16.1772126378709	0.000139276346582974	0.000250196045440291
YLR014C	1.65631869332374	6.11070652257689	36.824397002672	1.61411936496932e-07	4.42846268316053e-07
YLR015W	0.221800235065898	6.12463010100504	5.13726110572618	0.0276980949233062	0.0365307629751057
YLR016C	0.304916519978066	4.91197639653494	42.9734675875914	2.76593890829662e-08	8.4618271727185e-08
YLR017W	-0.248882982439131	6.96347208599032	16.3290619691578	0.000180184343493974	0.000318977110552867
YLR018C	-0.0647736998107631	6.66783568568292	2.38138630500165	0.128983933727788	0.154913037785515
YLR019W	-0.149267481859748	6.69549891460393	7.16453014724958	0.00998094453576701	0.0140235380414839
YLR020C	-0.499985038160822	6.70290507036843	171.333489448796	6.46772815184812e-18	1.01222439559001e-16
YLR021W	-0.398935500246972	5.15951536047701	51.0846498512864	3.21916480553398e-09	1.14342329848838e-08
YLR022C	-0.122424097026135	5.84703191611136	5.97770334363449	0.0179892172630909	0.0243811075224144
YLR023C	0.0937619780085813	7.53182532479062	0.497623861596021	0.483762238636645	0.521818658543567
YLR024C	-0.220343943145437	5.6476841847947	12.0256891228229	0.00107617254880956	0.00171736264145547
YLR025W	-0.0932402257999684	7.43374748149124	5.4417199224567	0.0236528744419778	0.0315233580566464
YLR026C	-0.0425395616150797	6.35519993893416	0.702299663271691	0.405930443307921	0.445039535180736
YLR027C	-0.888023571613194	9.95744408084571	52.0208732581987	2.53993147912779e-09	9.15518226461218e-09
YLR028C	-0.00404082642958601	8.79345478011865	0.0091633960582802	0.924114402366945	0.932693713794755
YLR029C	-0.572792890186006	10.5593962538005	20.6746697188603	3.3896916426558e-05	6.58049831648231e-05
YLR030W	0.859220744219053	4.18123751884698	44.5520761231785	1.79442990614773e-08	5.66108454211409e-08
YLR031W	1.67364443877283	4.4830252009332	91.0413216040354	6.39110169932634e-13	4.04880615457844e-12
YLR032W	-0.119924444736126	6.08699486627263	0.507478134641273	0.479485698353347	0.518123701025058
YLR033W	-0.474814450293347	6.64807628841397	85.8991900860513	1.6431915743527e-12	9.81722306639768e-12
YLR034C	-0.697138026677066	7.72944272778842	35.8791887893179	2.14114703931323e-07	5.76273349926566e-07
YLR035C	-0.0422752514566597	5.49211584028014	1.19124939460848	0.280217735465758	0.316799549399356
YLR036C	0.106041016017642	3.64571741653936	1.62490303490954	0.208200571576972	0.241479344591466
YLR037C	0.84867321631328	3.47544515967256	84.7168160812998	2.07137097490367e-12	1.22313351068997e-11
YLR038C	-0.562217387237469	8.09415020047015	62.1386165635813	2.24612829594183e-10	9.56922957711256e-10
YLR039C	0.135916362098001	6.67960616037383	8.45485318396702	0.00538216319975292	0.00785770013431554
YLR040C	1.22041440330515	4.57181886363001	249.352093185727	2.95888026455759e-21	8.96202141822219e-20
YLR041W	0.719129204530088	1.78642774263046	53.6985965767497	1.69417487133629e-09	6.3044844845326e-09
YLR042C	2.71942006520218	5.89945980550119	97.2814742725176	2.10617125751914e-13	1.44233640222458e-12
YLR043C	-0.162706390974166	7.87988560341236	12.9154042441115	0.000734585359032591	0.00119896934739689
YLR044C	0.370031735808041	12.6887104964728	18.6282508006184	7.33303911610257e-05	0.000136649960633096
YLR045C	-1.49214159509384	6.86968706149197	56.3377916953735	8.76761292387027e-10	3.4106854620142e-09
YLR046C	0.0298799151918993	4.60048847454628	0.137188782696422	0.712629021941036	0.740988127340227
YLR047C	0.0742470346753059	5.82237906804727	0.764067018850042	0.386164719961857	0.425207237317379
YLR048W	-0.724453248955104	10.3456518247322	43.4364532876869	2.43335586417416e-08	7.52375342869084e-08
YLR049C	-1.84717624203214	6.55696325037702	19.2162143048951	5.85946036498989e-05	0.000110372508360329
YLR050C	-0.11122277261319	5.86309481958579	0.592319276476266	0.445080991921885	0.484992496656603
YLR051C	-0.512805195852339	5.83610466305476	39.4228476878337	7.54166071559101e-08	2.16369606204138e-07
YLR052W	-0.357403151362237	6.25216885583776	75.6635708606887	1.21692005018011e-11	6.30519937489067e-11
YLR053C	1.36669288795019	6.70497419210439	51.5059087488689	2.89500724038196e-09	1.03371284923433e-08
YLR054C	1.78290999328115	4.481652743188	230.74564872112	1.51918073973865e-20	3.95246681347389e-19
YLR055C	-0.270974305805172	6.47527394442992	60.1131619728537	3.58368550992809e-10	1.48418213499607e-09
YLR056W	-1.44050826117914	9.89316437368696	49.8099287383389	4.45886369677361e-09	1.55028910256754e-08
YLR057W	-0.749028677786965	6.64022536197328	158.868683450721	2.83401117001644e-17	3.88591441510362e-16
YLR058C	-0.177716447154446	11.5714738631475	3.64410144917996	0.0619142194658964	0.0779916755862565
YLR059C	-0.454995277307136	5.55358139610997	39.9477045820058	6.48567125518665e-08	1.87870119130692e-07
YLR060W	-0.281058690579029	8.85450373873471	52.7181321015645	2.13241002176325e-09	7.75978016287786e-09
YLR061W	-1.1974242560741	2.09758617882548	45.1519827828855	1.55236562602015e-08	4.9528918481334e-08
YLR062C	-0.543249850564588	0.528359409482761	6.12626044127702	0.0158055464970534	0.0216331310867943
YLR063W	-0.653998600616711	4.7234061460995	30.9453666973291	9.89621418661857e-07	2.38379048941814e-06
YLR064W	0.014538765872011	6.30458513860547	0.0286518519751149	0.866256356166128	0.882992669289114
YLR065C	0.0843905620608285	5.89871844518268	3.40793942422154	0.0707029754151568	0.0884768169223997
YLR066W	0.519621899020052	6.40879830202042	133.961776828357	7.21901197891317e-16	7.78586296554446e-15
YLR067C	-0.923350828565004	5.94616239899734	142.235473168752	2.35125608780541e-16	2.74749463772732e-15
YLR068W	-1.19727302674937	5.21779840831882	115.815018464056	1.0217170373678e-14	8.71178336623975e-14
YLR069C	-0.830936050726495	7.8776448023545	29.689454181249	1.48398911890291e-06	3.49498095005064e-06
YLR070C	0.730136596825238	5.45281648098732	58.9814905181309	4.67201643604433e-10	1.89748072465897e-09
YLR071C	-0.0858886580986331	6.506204910825	4.73777058467774	0.0341715044844189	0.0444521622438338
YLR072W	0.103710013810878	6.57020921224884	2.87918219589621	0.0958399464167424	0.117873453289925
YLR073C	-0.784471569312744	4.77101603152667	24.1403464326973	9.69733288537242e-06	2.0315678804593e-05
YLR074C	-0.0554776924403107	6.32813451064614	0.224177123012257	0.637900034933793	0.670478997985763
YLR075W	-0.190293965671809	9.72327832122423	5.00799405162294	0.029634997024461	0.038883159888991
YLR077W	-0.400491360157428	6.44691081404452	32.9181785343648	5.30385885016664e-07	1.33429308594275e-06
YLR078C	-0.174549499325446	5.88687098610744	10.6341882078905	0.00198398598473352	0.00305552913611375
YLR079W	-1.06619033073653	7.32316411336724	12.5004712220566	0.00087701277795554	0.00141662345242593
YLR080W	1.02310636178503	4.93773152919026	110.172386900032	2.47345434161905e-14	1.97876347329524e-13
YLR081W	0.643541512227111	3.88857014297371	88.4798288490014	1.01798577413016e-12	6.26642810202669e-12
YLR082C	-0.000988998324300884	5.05661006787252	0.000335124120297101	0.98546600562762	0.987412284769742
YLR083C	-0.298320844702179	7.54445093237927	12.0370207891223	0.00107088566429148	0.00171027070414652
YLR084C	-0.964512140410165	7.31470968957842	84.9319642148012	1.97230392024798e-12	1.16576565693881e-11
YLR085C	0.199968803154366	5.94307229288229	11.2426341590597	0.00151492427841776	0.0023672636054947
YLR086W	-0.637410642658058	6.58103069016943	187.876960968146	1.03033389010374e-18	1.91240022041207e-17
YLR087C	0.435605046832538	5.55631265327832	46.1591327239109	1.16222227337201e-08	3.80204685668394e-08
YLR088W	-0.24454953335194	6.11111282099412	13.1936516516251	0.000652815379033682	0.001075017589277
YLR089C	1.28153686570024	8.98462528550416	226.852044368182	2.15856304635332e-20	5.34200480739797e-19
YLR090W	0.0976057327198585	6.97758112978475	1.8530904085087	0.179420942519157	0.210505819629337
YLR091W	-0.0498676343335486	5.09661186342005	0.319879230183646	0.57416536920687	0.610570963795882
YLR092W	0.500828105557019	9.04275670697564	12.0352556826054	0.00107170433136689	0.00171112928648351
YLR093C	0.288440555784146	7.41083820700545	16.9538169445021	0.00014063334394066	0.000252484753143833
YLR094C	1.75859237577945	6.0861880903846	361.490795473937	8.951080034667e-25	5.77839457837099e-23
YLR095C	-0.183446427239801	6.99931778928304	20.122987206237	4.16309174282819e-05	7.99776034406374e-05
YLR096W	-0.0640551046911803	6.82812002087271	1.18356942995532	0.281755580287579	0.318124624033898
YLR097C	0.40219451755869	5.67186175848734	76.6728032941431	9.91926115210437e-12	5.21039360604067e-11
YLR098C	0.16450353303399	5.3647724460076	13.0654074170089	0.000689270486082889	0.00113137738454371
YLR099C	0.410316442938106	5.81111846840903	39.2084460795402	8.02327931358544e-08	2.29215037358555e-07
YLR099W-A	-0.0299343865554677	4.97073515152158	0.180951545524119	0.672350137120135	0.703068985707211
YLR100W	0.0351517667733853	6.89354379391882	0.268860353271667	0.606344382440424	0.640649878566002
YLR101C	1.68966698961686	1.27342263261462	100.423296689073	1.40509307217393e-15	1.44986552938897e-14
YLR102C	0.334740715136448	4.81857464680577	14.0019598957633	0.000465057139571311	0.000783199962852044
YLR103C	-0.93568626594981	5.98958546649122	20.4229460554034	3.7221611097944e-05	7.18697013524526e-05
YLR104W	0.135594237995159	5.65405386182711	11.5124173121192	0.00134568959109248	0.00211639323962052
YLR105C	-0.150691592954217	6.05375600558026	11.9662395640395	0.00110424172798142	0.00175892821558108
YLR106C	-0.391855565772496	7.23550618217027	17.5048081106543	0.000113275277329049	0.000206349457923175
YLR107W	0.567338679250961	6.03566701558947	169.723458748458	7.79066959545938e-18	1.19525667931493e-16
YLR108C	0.79762928076554	7.00391391942136	40.8567826092073	5.00508302755347e-08	1.47202635129205e-07
YLR109W	-0.169500680798921	9.55184690357455	1.87576435520111	0.176829090837602	0.207825387069367
YLR110C	-1.04894152897694	11.9875818783299	50.7197765234834	3.53168423083939e-09	1.24860009276134e-08
YLR111W	0.740371896009841	1.08355052010896	27.4639132199896	3.19776406928791e-06	7.19437829040088e-06
YLR112W	-1.49823847249843	3.93773468957436	206.957011431169	1.44979722681899e-19	3.06471024891459e-18
YLR113W	-0.57256505300145	8.30166309193691	326.507755767894	8.58342720819738e-24	4.46631665329108e-22
YLR114C	-0.278007523885598	7.40679299400477	46.1418448054385	1.16744417557426e-08	3.81707848598073e-08
YLR115W	-0.0953926220578239	6.67770770050897	7.01157145871999	0.0107552377525788	0.0150454704590303
YLR116W	0.620188217461026	5.97158464588733	327.700701933819	7.91973886379098e-24	4.15649743127237e-22
YLR117C	0.345675558193062	6.59459892964281	23.5505724176853	1.1942454679266e-05	2.46710770571332e-05
YLR118C	0.325531383828052	5.65437633852543	34.8388481794801	2.93378800312232e-07	7.7487641488107e-07
YLR119W	0.143200103260077	4.71843298690364	7.03077322090141	0.0106548323000463	0.0149152952500993
YLR120C	2.03551329903758	8.0150309619788	224.75330807951	2.62029491661782e-20	6.40656845476679e-19
YLR120W-A	1.06838201675654	1.19529668088241	23.4960172911271	1.24493187408979e-05	2.56225329596303e-05
YLR121C	0.974459209496943	6.75727815996486	24.4256358692285	8.77198429270839e-06	1.85365638229812e-05
YLR122C	0.790835381118206	1.34246420917083	28.946847626449	1.93180737621952e-06	4.47180353856442e-06
YLR123C	0.570698084815041	1.12331979765215	16.2688336373597	0.000187023897949483	0.000330316649468074
YLR124W	0.627756547615043	2.25364226885726	31.1298060021886	9.36841243771603e-07	2.26778906245786e-06
YLR125W	0.533619011745222	2.92089346696237	46.5281277918135	1.05611974164643e-08	3.4754902633208e-08
YLR126C	0.0308314351063824	5.44043748894696	0.0781955659177431	0.780891102919923	0.803866255423824
YLR127C	0.587436891628711	5.89747722426166	55.6557921882696	1.03421848779708e-09	3.98501402133457e-09
YLR128W	0.365934602076977	4.93810242436061	38.2106999522135	1.07255118494043e-07	3.02440556457496e-07
YLR129W	-0.558386416549357	7.1985573541907	49.714002265032	4.57040784367981e-09	1.58725858256262e-08
YLR130C	0.0754293277681576	8.0096368768594	0.316641278652522	0.576103513231196	0.611883843082959
YLR131C	-1.62073953186534	6.73929737100666	136.820423747	4.87231619529122e-16	5.42278994459469e-15
YLR132C	0.0333306138981201	5.97750909148172	0.119722114915869	0.730762323572731	0.757127472074674
YLR133W	0.124182459867852	7.0190224640716	3.89215754817176	0.0539554133870265	0.0686556891088207
YLR134W	0.488452853083885	4.31419774663361	60.8835176478075	2.99932885627378e-10	1.25756984001341e-09
YLR135W	0.0540431975831503	5.64436221743503	0.503972027487806	0.481000089608744	0.519575682316897
YLR136C	0.48150243846986	6.04029813179057	1.24928689858015	0.268937307755294	0.304895778326672
YLR137W	-0.166353653162972	5.49959871118258	2.07433299093783	0.155918800624408	0.185107967667978
YLR138W	0.411548366370582	7.26187759676471	137.670024171655	4.33938236489138e-16	4.86522280616183e-15
YLR139C	-0.480510396472002	5.83924574698605	53.277276015671	1.85504212886461e-09	6.85374304642056e-09
YLR140W	-0.237273901695473	1.26195688787739	3.40182803515959	0.070978287515231	0.0888030855718714
YLR141W	-0.618930426232698	5.30161149749678	119.484590274167	5.84432054427637e-15	5.23238580493449e-14
YLR142W	1.70806361397485	6.76570451125634	84.3819664469025	2.18992793698032e-12	1.28689973748419e-11
YLR143W	-0.227812077582604	6.24018079038478	32.1975325431335	6.64829365591302e-07	1.63998426974062e-06
YLR144C	0.0547927606297515	6.01868044098089	1.26189563674642	0.26656344806886	0.302598969204404
YLR145W	-0.416069618781329	4.81812211516422	107.041587271459	4.09280807834694e-14	3.13816317140757e-13
YLR146C	0.0220044047674284	5.40033253397684	0.239071208434913	0.626978207880391	0.659817343055457
YLR146W-A	-0.0078604396642915	3.81333825677478	0.0114416941923115	0.915236676007567	0.924960306031552
YLR147C	-0.19341512766209	5.32998134661588	9.46722437033372	0.00336354644272535	0.00505237373385442
YLR148W	-0.0330590473150634	6.27688627462578	0.641455545557705	0.426907287039894	0.466525141536326
YLR149C	1.97476569274514	7.28449106841617	144.048031782499	1.85145304083933e-16	2.22320436146546e-15
YLR149C-A	-0.720900652252126	2.72301515033272	49.3713211580809	5.05034032942292e-09	1.7400380263456e-08
YLR150W	-0.267463370196125	10.2991433892005	11.7261411592347	0.00122573331776184	0.00194026636467344
YLR151C	0.448501013466479	5.88041506731075	16.5927775322795	0.000162241895301319	0.00028855642962151
YLR152C	1.77747593125225	7.03421564202972	186.869041339482	1.14849274765892e-18	2.09342031369686e-17
YLR153C	-0.177050983933095	10.6496222441327	8.12167748616173	0.00629957703014837	0.00910753383033562
YLR154C	-0.133507728500494	5.47694893701531	1.81083867968596	0.184372114337368	0.21573273728347
YLR163C	-0.404915534377621	7.32670230650604	50.2671669716997	3.9648658061855e-09	1.38884367250042e-08
YLR164W	1.4010914838161	3.78584024162385	281.850256045301	2.16443298792828e-22	8.2874641701304e-21
YLR165C	0.311645228705307	4.69047502798737	21.5508972633814	2.45494479146729e-05	4.85723233358884e-05
YLR166C	-0.087059654363438	6.44434867280976	5.74758392022608	0.0202196084799526	0.0271557415455441
YLR167W	-0.427567807897085	10.953859658277	15.142552393298	0.0002907067862528	0.000502790600769048
YLR168C	-1.63367057486465	8.0706056588365	87.116899945187	1.30819530339832e-12	7.91679225356757e-12
YLR169W	-0.449587765804864	4.21624706061913	57.2903568312132	6.97944948828363e-10	2.7609414220059e-09
YLR170C	-0.57392348963155	2.36275621438245	20.8329964686865	3.25389041936268e-05	6.33099548516459e-05
YLR172C	-0.155508628658356	7.46175123169815	9.51218298788211	0.00329490800764526	0.00495416150914901
YLR173W	0.309048614248174	5.82636962701415	27.7720149732264	2.79268315583998e-06	6.32744884732185e-06
YLR174W	-0.000186922848872597	9.3218597754919	1.27486602231913e-06	0.999103523519048	0.999103523519048
YLR175W	-0.629764149526851	8.50171156040159	61.345472847031	2.69423904087496e-10	1.13512299521431e-09
YLR176C	0.140038919320459	5.08759774658507	2.44674161036932	0.123966441313865	0.149210694883118
YLR177W	0.558785860677173	6.39370535582948	30.5728565888077	1.11504511248445e-06	2.66944343091047e-06
YLR178C	1.32254016366774	6.04309278852659	131.112211774761	1.07551527204442e-15	1.12697710433846e-14
YLR179C	-0.521281893393332	7.92820676314931	29.5953606236412	1.53016863518594e-06	3.59400719560648e-06
YLR180W	-0.274639336184333	10.0259960897832	9.46167686202808	0.00337207514185839	0.00506268642752993
YLR181C	0.0420724446308992	6.50968191700102	0.445993284109177	0.507260979800411	0.544560896671646
YLR182W	-0.036668716499705	6.9491001927293	0.153429707529704	0.696914385242026	0.727007329909777
YLR183C	-2.30593423726736	6.41431265461333	36.1767993159526	1.95833247117065e-07	5.3035267279746e-07
YLR185W	-0.67352497088678	8.24409730468604	27.8869579067301	2.68744867994039e-06	6.10719953843864e-06
YLR186W	-0.684754561413937	6.52797297587128	77.4628359049192	8.45918128933432e-12	4.50564266749496e-11
YLR187W	0.100704035528363	5.31267614332519	1.34933797531912	0.250812738658786	0.286070530788283
YLR188W	-0.192896257297471	7.13175443495815	18.3771281502592	8.07585339960002e-05	0.000149667566200198
YLR189C	0.0817351217166713	6.96822378526062	2.33750078578478	0.132483771332278	0.158740641580576
YLR190W	-1.97049068691195	8.47189722656404	106.618311762406	4.38141200435641e-14	3.34261106297266e-13
YLR191W	0.171644085273644	6.18770562885124	6.81455829545159	0.0118476784161229	0.0165016394869266
YLR192C	-0.16509629510159	8.42850162725048	12.3283679126843	0.000944320110614887	0.00151969887217114
YLR193C	0.182992556535233	6.46417775973159	18.2404524601185	8.51279879422216e-05	0.000157382080349907
YLR194C	0.970408757657197	8.25358249906067	5.45515278553896	0.0234896608113699	0.0313126899539347
YLR195C	-0.285664807432019	7.20030910793142	28.1319035326342	2.47696548756759e-06	5.65420543243776e-06
YLR196W	-0.662028169878393	7.59794389104117	52.2832939618065	2.37780056715956e-09	8.61157040622688e-09
YLR197W	-0.315595187681232	8.21849389994416	11.6703563095629	0.0012559187287015	0.0019859826546324
YLR199C	-0.00261106327700222	6.99718776454878	0.0032509183009544	0.954755048814484	0.959958503250632
YLR200W	-0.330326906857787	6.01499689252452	46.4074878825479	1.08747825372302e-08	3.57289131606354e-08
YLR201C	0.242773640513451	6.13470626445002	31.8779943960603	7.35394713163379e-07	1.80454776853634e-06
YLR202C	1.17237608657589	1.48432620726968	34.935213295507	2.89539059632442e-07	7.65398955728314e-07
YLR203C	-0.243815773522641	7.52096447562591	8.92351525468346	0.00432313563780053	0.00638816741818681
YLR204W	-0.523991011337797	6.37817499629861	30.5191217627942	1.13449495388375e-06	2.71174137386898e-06
YLR205C	1.71263788461381	8.25753059996287	44.0218672130453	2.07196989860258e-08	6.47543775292222e-08
YLR206W	0.0674590724343019	7.72728342340515	1.54155432164661	0.220078119199052	0.254190018911749
YLR207W	0.33828833260344	6.45317347680971	52.7360810121887	2.12287946875484e-09	7.73434482691771e-09
YLR208W	0.115311665212597	7.98324252137261	8.32620120043094	0.00571847280385312	0.00832473994018599
YLR209C	0.0674740128676219	6.50961909108877	0.529856524078547	0.470002844191826	0.509323124855791
YLR210W	-0.0387024129531068	5.5279518066508	0.0858228259293983	0.770747412871128	0.794364355774408
YLR211C	0.278295251271144	5.89128106588424	16.0836747889437	0.000198756420839497	0.000349416427973104
YLR212C	-0.711667657803397	6.343194121127	38.9572393546113	8.62840661344699e-08	2.45580829652479e-07
YLR213C	1.01070278838533	4.28236756477384	83.9883122441445	2.36506777196583e-12	1.3818169477666e-11
YLR214W	-0.926818149724194	7.24074627082758	13.7186208442205	0.000523426061425974	0.000875685040385087
YLR215C	-0.0776680398539382	5.85505142315487	0.824162844917619	0.368244411967892	0.407168903025886
YLR216C	-0.0174429582015178	7.84928143231681	0.0297805817829003	0.863673449123886	0.880596877954482
YLR218C	-0.0278396172836175	4.07381078653489	0.0312343259537802	0.860420139481592	0.877573765984911
YLR219W	0.35339423748559	6.85517177645727	36.8716440035441	1.59142681875102e-07	4.36817244028684e-07
YLR220W	0.00430225791394849	7.23891919741392	0.00181497426596052	0.966185087200406	0.970489161999022
YLR221C	-0.803582870647084	6.72711814754067	107.200740531719	3.98533980744596e-14	3.06347837723876e-13
YLR222C	-0.402963187632995	6.78483049659102	18.8238485055762	6.80403917579945e-05	0.000127259571435536
YLR223C	-0.474362457859766	6.48299534192484	45.4136502123809	1.41962439989867e-08	4.57572638462314e-08
YLR224W	0.998693591678829	6.20797290698361	230.620474119018	1.53009759651531e-20	3.96392943301499e-19
YLR225C	0.475927460748713	6.79605915172819	31.6670545377119	7.86171730830622e-07	1.91986100974602e-06
YLR226W	0.0816721006584885	5.72105405325735	3.54181692675022	0.0655637560743791	0.0823673435783781
YLR227C	0.092117310692098	5.24067780991205	2.18441355869949	0.145576515715122	0.173574192650541
YLR227W-B	0.589717662607954	6.17040584011188	35.3233010688086	2.53226238196796e-07	6.74974316174298e-07
YLR228C	0.178293335793267	6.40121961779136	6.09433488467063	0.016960369042447	0.0230839988219132
YLR229C	0.362218092024712	6.41700912282194	48.681701552654	5.97164109704987e-09	2.03970602683012e-08
YLR230W	0.105431592144957	4.93341391514682	2.81204489498064	0.0996917451235499	0.122191130322563
YLR231C	0.40803534409628	6.34097303917039	48.1499220951429	6.86133380464695e-09	2.31550998906267e-08
YLR233C	-0.265265584951814	5.35395094698983	8.21773830188515	0.00601931936651014	0.00872099388465344
YLR234W	-0.0338382945857175	4.7702151962704	0.0571332527919566	0.812045656862329	0.833260400973851
YLR236C	-0.000441299681256938	1.6989232437887	5.55075820850844e-06	0.998129417628169	0.998293394861227
YLR237W	0.193834322719907	6.76540136236054	4.16761096555884	0.0464042623746821	0.0594417520009956
YLR238W	-0.185670389437458	5.68717745743672	10.404304396979	0.00219894345488114	0.00336868841301368
YLR239C	-0.0147511974609582	6.2251177152299	0.0337428759734429	0.854984696503813	0.873053812867362
YLR240W	0.231237605690433	6.19496839586818	42.3799069268943	3.26118873016516e-08	9.83851188763405e-08
YLR241W	0.5882034523929	7.19372605432565	172.655199846712	5.5571022835492e-18	8.78743862396041e-17
YLR242C	-0.00247404485149215	4.67667862318145	0.0013019895717288	0.971357265344386	0.974880156844151
YLR243W	-0.0172897948560316	5.7484545728319	0.0999801069489785	0.753146651082098	0.778993681921137
YLR244C	-0.142843523272423	7.81973639776829	4.27273244652437	0.0438326797867404	0.0562625668441231
YLR245C	0.102483563320953	3.9526204348328	0.982088279606667	0.326372659159858	0.364178289766352
YLR246W	0.264081916158305	4.87372515453206	21.7753812555265	2.2616423679768e-05	4.50257643435015e-05
YLR247C	0.118441586943203	7.26467146007344	5.09276182335249	0.0283490295734146	0.0373326610519031
YLR248W	0.691904087679167	7.7977409969871	68.9696661598233	4.93909650806347e-11	2.33819747597904e-10
YLR249W	-0.354945996069403	11.6213245211589	16.6013938693891	0.000161679824185462	0.000287640785985123
YLR250W	0.594124324823579	7.36761697611861	168.588424587761	8.88967352915003e-18	1.33630450482631e-16
YLR251W	1.4394253576664	4.90430268423455	207.393943978067	1.38463187116385e-19	2.93715638733293e-18
YLR252W	1.48052950525383	3.23822693858395	252.966472605911	2.20716367419046e-21	6.82306637068302e-20
YLR253W	-0.571886245221923	7.37986268527928	62.305833013447	2.16197796827852e-10	9.23657675149448e-10
YLR254C	-0.22887892707336	5.05595836017941	0.78511357107726	0.379749458226422	0.418825127116387
YLR255C	1.05311772037365	0.671252151103124	31.113590923206	9.89852555395705e-07	2.38379048941814e-06
YLR256W	0.25431942969433	6.66702046006245	26.1623028142898	4.81032519879716e-06	1.04852344469306e-05
YLR256W-A	0.267615880003765	3.47949512507921	8.76831528401222	0.00464758219481324	0.00684930535028395
YLR257W	1.40712062312962	7.79868700097646	67.8724272043076	6.26146512519877e-11	2.88349468095386e-10
YLR258W	1.1445515444231	6.97591745957496	34.4956597558103	3.25771042722748e-07	8.50104632702995e-07
YLR259C	-0.395798826878801	10.2243201408441	15.0615533963137	0.000300469992175754	0.000517910903840881
YLR260W	-0.261327639375409	6.79171338130018	21.2104949525703	2.78108472062982e-05	5.46169154167559e-05
YLR261C	-0.201935863627676	1.34967853756161	1.55273399968006	0.218491254840597	0.252596802026122
YLR262C	-0.0851002159627906	5.46758493253743	1.19880133551864	0.278715852815642	0.315218672105076
YLR262C-A	0.114255129163046	6.90616651001589	2.54230051353595	0.117024969626139	0.141471011732315
YLR263W	-0.497447699251317	4.92478490593495	92.7551553265972	4.67468952114655e-13	3.04379784007917e-12
YLR264C-A	-1.55235569256441	7.71468283603842	585.493722461294	1.40038650796655e-29	2.66423533140637e-27
YLR264W	-1.42764864611416	7.22428540169168	417.480746416174	3.47303318759844e-26	3.14610204534001e-24
YLR265C	-0.105341467048799	5.00076544797995	1.37294850727434	0.246762200832304	0.282119864538416
YLR266C	1.05563367283082	6.54430737422522	144.730802075963	1.69210655796304e-16	2.03990984651069e-15
YLR267W	3.67156425785342	8.70341263106953	1057.38796140138	1.02261966898224e-35	1.24514170895278e-32
YLR268W	-0.420784032968049	6.89624205389739	70.590782108069	3.49286444947982e-11	1.68766339432009e-10
YLR269C	0.0203695341849814	2.55891107203736	0.0214886969933899	0.884036269058454	0.898649658712284
YLR270W	0.75193914176011	7.09827060534977	87.1459814868345	1.30112868259326e-12	7.88186210908237e-12
YLR271W	0.564868274531361	4.73431896251099	90.9004223566474	6.53059112023145e-13	4.13287304989283e-12
YLR272C	-0.899472141665329	6.24829762641968	95.8607555535936	2.69618547408169e-13	1.81776048352263e-12
YLR273C	0.190790037615487	6.15686971336431	0.565316933529251	0.455588918133001	0.494671898268898
YLR274W	-0.0814317621131023	7.00148290295033	0.0976889209025266	0.755897889401803	0.781573768797245
YLR275W	1.06434672689961	5.91616624355719	68.5575638189131	5.39891713903195e-11	2.52253319588845e-10
YLR276C	-0.492058625602775	7.37348878693717	28.099354636627	2.50391639577211e-06	5.70930450092158e-06
YLR277C	-0.315295002089376	6.21320142084794	47.7231111513036	7.67470832949479e-09	2.57288680120949e-08
YLR278C	-0.131339899847786	6.71224497490776	3.08993589874702	0.0847907547146814	0.104962609740338
YLR279W	0.0395386015659061	2.84281864195977	0.148187442005473	0.701879882765295	0.731560473596151
YLR281C	0.15212348548258	2.10749292644421	1.25216377235727	0.268401867411136	0.304402117883569
YLR283W	0.00969054697576943	4.83447667885371	0.0216172356632193	0.883690814179753	0.898598576369857
YLR284C	2.28855430120948	6.62380667415081	78.8295340386447	6.44428296736776e-12	3.50919451747182e-11
YLR285C-A	-0.720668749001843	2.36457271799694	5.41109426489529	0.0240339815025962	0.0320032544592751
YLR285W	-0.11179733581536	6.67378570389619	5.55825154783075	0.0222764294346259	0.0297540373843796
YLR286C	-1.65231371001717	8.32732068088104	8.47485199219254	0.00533178632383587	0.00779162629369005
YLR287C	-0.344621910360282	6.572477781714	41.3644931184374	4.33528595592338e-08	1.2837169698279e-07
YLR287C-A	-0.407573589919473	9.7542921728228	26.325769938038	4.54931482141032e-06	9.97847817778692e-06
YLR288C	-0.124531857335484	5.68125189710126	1.25412610109955	0.268022983283333	0.304085710441471
YLR289W	-0.612555223543256	5.66756067638507	49.1004360608109	5.35647659527379e-09	1.84030640587059e-08
YLR290C	0.255187324243598	5.30796565594166	17.4530873339813	0.000115594490977973	0.000210385429319551
YLR291C	0.0935621364909519	6.59233774870234	6.34413698613333	0.0149619888245146	0.0205339467907225
YLR292C	-0.17880216790817	7.07577538501807	16.4171870287346	0.000173965688526224	0.000308506586585393
YLR293C	-0.0963902893671251	8.92613128765877	1.68218028884908	0.200483944039629	0.233329430570304
YLR294C	-0.767411675154498	7.0802972119948	104.199030814556	6.51953733160096e-14	4.8521935543749e-13
YLR295C	-0.703683733469245	8.47641857769739	76.1575906294718	1.10069368474807e-11	5.74209353277315e-11
YLR296W	-1.55354711775012	1.51862375718565	54.9010030941118	1.20324751195456e-09	4.5783567829871e-09
YLR297W	-1.30464302023208	4.86468958074061	38.8138124730489	9.00330738873233e-08	2.55772913591239e-07
YLR298C	-0.237099199257262	5.78005565810914	14.0620051181085	0.000453558516327088	0.000765105083790333
YLR299W	0.414179822332612	6.69317992675553	19.9921894638976	4.3721374889425e-05	8.36557073690955e-05
YLR300W	-1.67040694666523	10.4286863764492	45.1929505519295	1.50676375648645e-08	4.8229115402153e-08
YLR301W	-0.502299844990813	7.10786208476134	35.9104092569704	2.12114087070932e-07	5.71394054021166e-07
YLR303W	-0.193597396897686	11.4987380200905	4.21085648670499	0.0453270176278225	0.0581316375222633
YLR304C	-1.93612520105048	11.4550344894472	128.433475117194	1.57202105893952e-15	1.6004120747197e-14
YLR305C	-0.245709938195229	6.9404409897404	34.0130379026189	3.77771327140981e-07	9.75762341804961e-07
YLR306W	-0.305658878511593	4.35094847629096	35.4659430352169	2.42610105017408e-07	6.48380298220361e-07
YLR307C-A	0.886577618886767	10.7664465649249	19.8256094000423	4.66158880871202e-05	8.87977242410474e-05
YLR307W	0.718353591966173	4.17621219669814	65.6949417281196	1.03126882483797e-10	4.57606749680288e-10
YLR308W	1.11389690391787	6.2866144621513	33.1436503460606	1.54411446440468e-07	4.24980509009751e-07
YLR309C	-0.438192979036019	7.19968140992491	88.5342233668303	1.00586605411135e-12	6.19808961278332e-12
YLR310C	-0.182227709803779	7.6494847543804	17.7059568739859	0.000104726635142772	0.000191809793847531
YLR311C	1.44970198498426	3.58190811202089	167.13036796424	1.40849543160251e-17	2.03679814432211e-16
YLR312C	1.05024245918161	7.26245265265684	139.237377782984	3.52131932882872e-16	4.00706393904846e-15
YLR312W-A	-0.937555762363432	6.62468007201412	101.470040490062	1.02854277834031e-13	7.42795781083723e-13
YLR313C	-0.628651501250568	5.06009947744716	11.032906401832	0.00166190409853911	0.00258763993654887
YLR314C	-0.512538951579413	8.35891692766733	51.8836863557444	2.62922855347111e-09	9.45466239428949e-09
YLR315W	0.106807118578049	3.20969728607587	2.05515765755229	0.157808935202263	0.187096552582546
YLR316C	-0.279918348937295	4.60142880909969	34.2271898564564	3.53785116749688e-07	9.20052879441309e-07
YLR318W	-0.241123771691272	4.95168808306809	20.0112700610466	4.34131664230403e-05	8.31653106304184e-05
YLR319C	-0.329167194306572	6.03631409329267	56.8135537512304	7.81899921467806e-10	3.06714350637629e-09
YLR320W	-0.0217740539258518	5.34022887257369	0.197287021416361	0.658802583295159	0.690597627717206
YLR321C	-0.275033399439814	6.09667989641944	11.8704037046761	0.00115114808206207	0.00183029238014988
YLR323C	0.830047998541081	5.62116028572769	33.1111336004731	4.99470925658289e-07	1.26278197483707e-06
YLR324W	1.08339551347529	7.27914568740726	120.316757671014	5.15553825263689e-15	4.67763291833881e-14
YLR325C	-0.826020349905325	9.48896162785387	59.0007260282185	4.64928192450608e-10	1.89077009728744e-09
YLR326W	-1.06089115991078	5.88307022246458	165.017263893404	1.35301986206362e-17	1.97061840197209e-16
YLR327C	2.39529383183245	9.2272340556629	103.215146985298	7.67699189611679e-14	5.65632629862291e-13
YLR328W	0.77034152090563	6.98907291618215	245.800702150176	3.99789687276268e-21	1.17580657784441e-19
YLR329W	0.603132041044885	2.89306579755617	42.4164582067679	3.23694860397832e-08	9.77507098264882e-08
YLR330W	-0.0415110200990683	8.40402783301304	2.35594536237521	0.130999731458478	0.157086146369748
YLR332W	0.603974078210055	7.16460508204315	27.2573891931448	3.31841449312805e-06	7.44107087814495e-06
YLR333C	-0.527807215681498	8.15982068447309	16.7732575758472	0.000151033253806675	0.00026988272649693
YLR334C	0.879270366623502	0.892440948081886	22.3765101990656	1.87575718126085e-05	3.7756322660104e-05
YLR335W	-0.384712526201451	8.02722883905557	42.9951779614716	2.74875748426322e-08	8.41349198803142e-08
YLR336C	-0.513592585303559	6.44815383012677	52.8707686085041	2.05266406118464e-09	7.50097167136379e-09
YLR337C	0.682800689995184	6.51479321530998	80.6356838158937	4.51072267560158e-12	2.51476919863209e-11
YLR340W	-0.395627919995731	9.83991574211059	12.7869389759263	0.000775892607422578	0.00126266618390501
YLR341W	-0.682661360559984	2.79662779714145	22.1402431331114	1.98241887905451e-05	3.97392580781127e-05
YLR342W	-0.936391061681179	9.30251196498476	67.5581045250304	6.70453787990988e-11	3.06665864860191e-10
YLR342W-A	-0.465995627941227	1.73744902178127	10.5471937855258	0.00206512871737138	0.00317327199176096
YLR343W	0.482141673512415	2.71869795137136	4.70729614605396	0.0347340544910286	0.0451357361240944
YLR344W	-0.609853653675222	9.09722204994893	33.3330983991631	4.66126992658539e-07	1.18290168041067e-06
YLR345W	0.784257609538578	7.23247134604852	78.9783657954431	6.25228743123411e-12	3.41686946870317e-11
YLR346C	0.672669807560871	2.87230918785178	8.10373492023304	0.00636999625872275	0.00920715508620705
YLR347C	0.294956358855663	7.4766476387975	85.1785395084981	1.88237346565211e-12	1.11369190076677e-11
YLR348C	0.132044461495159	6.55554445168032	0.628921673633156	0.431432613771126	0.471159491229685
YLR349W	2.20777006041253	0.997873352926716	220.153515473023	4.97945542205132e-20	1.1353904348108e-18
YLR350W	1.51306154087867	7.2530143032111	196.242731859096	4.27060667063226e-19	8.35995286521195e-18
YLR351C	-0.0856386935862543	7.35026590699778	3.90418305696539	0.0535991257767674	0.0682374482912924
YLR352W	0.954770705950501	6.81628484514107	37.6545488972689	1.26245258342291e-07	3.52560152654985e-07
YLR353W	-0.386450101196829	6.0763167692598	31.1897254386923	9.15085800227593e-07	2.21688911730425e-06
YLR354C	-0.26791566601861	9.45012723919674	12.2429069814673	0.0009797334700721	0.00157170418071118
YLR355C	-1.39745011787008	11.5312983509682	289.592877246358	1.18800381570803e-22	4.78977962253673e-21
YLR356W	0.0362550331202049	6.54643316071306	0.347578434709952	0.558095304955094	0.594936826574437
YLR357W	-0.107568329740396	6.36556114942203	4.33261806301725	0.0424372256228089	0.054551906586077
YLR358C	0.0479822095144268	2.60313322555849	0.175415968253227	0.677109706847557	0.707559885905926
YLR359W	0.219267897729854	10.2216651745501	8.92416355495842	0.00432183277377739	0.00638779265034152
YLR360W	-0.121293544688096	5.4980029046053	6.17822400990883	0.0162593634263855	0.0222193051716801
YLR361C	0.120512360705449	5.81114042505862	5.29055769342726	0.0255757313516074	0.0339448555632409
YLR361C-A	0.177338439897584	4.80701511283025	5.9823770675492	0.0179469012252882	0.0243396602048462
YLR362W	0.525993000783634	6.51329770139782	84.4874043902097	2.14591478409338e-12	1.26469789018011e-11
YLR363C	0.454350174705585	5.14692120873229	66.1335154567951	9.16445369342453e-11	4.1054594617784e-10
YLR363W-A	-0.536168591515096	5.22348045848218	34.1337492345831	3.64044610041718e-07	9.43509402270744e-07
YLR364W	0.448666338191914	6.13181746667403	9.51581643640619	0.00328944795166947	0.0049481931567473
YLR367W	-0.568643466722158	8.16950315035161	18.026504411584	9.24680823859068e-05	0.000170434661085498
YLR368W	0.145901671141836	6.02910799540487	20.1574911391724	4.10971354968531e-05	7.90269617513714e-05
YLR369W	-0.11201033971638	7.02302327883085	7.24729495276163	0.00958682502670913	0.0135071952702164
YLR370C	0.142622754571151	7.11603421630115	7.28262413022973	0.00942364481020048	0.0132865098667208
YLR371W	0.145913533382672	6.11197151628286	6.75414005107268	0.0122058459382312	0.0169849577307318
YLR372W	-0.843610708470058	8.52327644775542	31.2322387056022	9.0275436569787e-07	2.19050162549567e-06
YLR373C	-0.586006924177079	6.5916114363367	31.8500994733633	7.41887980328261e-07	1.81828261845348e-06
YLR375W	0.344425758449114	6.53208363097582	61.4694766936887	2.61848271401425e-10	1.10550088508452e-09
YLR376C	-0.486766867064307	4.52930781334911	23.1321560509013	1.38625816772077e-05	2.83682007565851e-05
YLR377C	0.680329409313573	9.22471454871016	41.6212592238266	4.03991936782057e-08	1.20327931072855e-07
YLR378C	-0.128501320365748	8.19022593150074	4.41285804317646	0.0406424746885973	0.0523664308791916
YLR379W	-0.261745966977408	5.29999232140458	9.01822190948891	0.00413724232369839	0.00613282962422104
YLR380W	-0.212740367905924	6.83738790484435	13.0719398664821	0.000687343775002433	0.00112882355063793
YLR381W	-0.316595264067107	5.71945179580392	8.06332640894503	0.00647658887474324	0.00934347703067224
YLR382C	-0.426750370786563	6.79525578521685	17.7189400333023	0.00010419860123582	0.00019093374309574
YLR383W	-0.526650313688708	5.63566423263513	10.8222486169537	0.00182458604093368	0.00282217475030596
YLR384C	-0.0637102481188508	7.22317948812152	2.08658943303809	0.154725924366039	0.183871057493743
YLR385C	-0.388104299625744	2.03742812086527	8.17683192269358	0.00614019819016264	0.00888978039993107
YLR386W	-0.352826683819545	6.20201702962167	13.3841327825537	0.000602374889719407	0.000996537589296672
YLR387C	0.419899863418659	7.6933616611637	47.0476584055412	9.17283412053083e-09	3.03831415265461e-08
YLR388W	-1.03327336536011	8.06733719560355	45.9192775850425	1.23915477794612e-08	4.0320546703025e-08
YLR389C	-0.114000643524783	7.36770346110566	7.43221095408309	0.00876464034058829	0.0124221767236715
YLR390W	-0.411232363001681	5.41437993209886	14.7723749923112	0.000338226716588796	0.000579595386447916
YLR390W-A	-0.596671806548788	9.67348647199823	40.735789366283	5.17948908348625e-08	1.51818630429775e-07
YLR392C	1.29096757971914	6.39919144637973	142.383076008628	2.30541963925115e-16	2.69911437764635e-15
YLR393W	-0.0806380814443789	5.2102832612919	1.06631999602834	0.306660347267691	0.344011091609675
YLR394W	-0.150388743543833	5.8825626618555	4.37436521807984	0.0414929781851979	0.0533831891782513
YLR395C	-0.250840854459567	8.30399579542699	11.7643989227287	0.0012054726167921	0.00191117637787247
YLR396C	0.00531312668685963	6.13240841352448	0.0103883185841897	0.919218208307142	0.928213709101655
YLR397C	-0.272926367642546	6.41908925699961	28.6311363239397	2.0994025865296e-06	4.83585431206666e-06
YLR398C	-0.169861124569235	7.11280625640331	27.1112131400811	3.48586935303992e-06	7.7821681779637e-06
YLR399C	-0.679600747360431	7.81124297420586	116.041551203905	9.86246704949511e-15	8.44482410651565e-14
YLR400W	-0.649972976362217	1.76389872349631	25.5694082634747	5.9390211222134e-06	1.28124594585525e-05
YLR401C	-0.718436691473567	6.77721877126965	50.078119962293	4.16185035078579e-09	1.45449741306452e-08
YLR402W	-0.398040080068038	3.47700565267381	41.6629627954063	3.9900490002696e-08	1.1907557996883e-07
YLR403W	-0.0716376265319248	7.11584148671611	0.875252194014047	0.353923241785195	0.392903846824994
YLR404W	0.151129346733873	5.15218302299873	7.59496844172028	0.00810279740286149	0.0115229690699885
YLR405W	-0.563253116321611	5.47612656935788	113.60400573077	1.43872861747182e-14	1.1998602497491e-13
YLR406C	-0.990478124102672	8.69641240503487	48.5804571334779	6.13124048957527e-09	2.08880761614629e-08
YLR407W	0.107140876641416	6.01368801740763	1.59535628424739	0.212318326250501	0.245833771436487
YLR408C	0.179996201371081	3.91941674612884	5.58604672384855	0.0219617302646695	0.0293659156273463
YLR409C	-0.924893473554285	7.14965512561077	75.5086628102889	1.25592565487012e-11	6.49624077047521e-11
YLR410W	-0.00337922761052405	7.59830237339715	0.00541577470732869	0.941623545029614	0.948007961326325
YLR411W	-3.79912170781107	8.44412820263876	116.378382743443	9.38356253919385e-15	8.09166129442099e-14
YLR412W	-0.175035445722387	6.26305246103056	40.1781179342554	6.07150813850022e-08	1.7668901313188e-07
YLR413W	-0.405817120072362	6.74466178385578	2.02291946921473	0.161040945972633	0.190557294282097
YLR414C	2.93578627010092	8.49724419534388	143.564458445028	1.97215583619563e-16	2.34601645775007e-15
YLR415C	1.86784806453377	2.22034502115005	146.803974359172	1.34432035631961e-16	1.65337824833813e-15
YLR416C	1.42563246059755	0.727183943848222	69.4541585439938	4.76988564399989e-11	2.26867685942745e-10
YLR417W	2.06628862052981	6.67445428042331	1034.093394695	1.74791211429786e-35	1.7735481586409e-32
YLR418C	-0.149861961388535	6.41840371288206	13.5000683467789	0.000573686609292669	0.00095296154907879
YLR419W	0.187524848547682	6.89318275573254	1.82948528660497	0.182167222496629	0.213357839661308
YLR420W	0.1506882974053	7.53516898753739	13.1528378498393	0.000664186250290927	0.00109197026512859
YLR421C	0.30425696175035	7.34803769441741	32.7214999027543	5.63999912684615e-07	1.41127475068801e-06
YLR422W	0.188453118319667	6.22048219797897	17.2309240336611	0.000126103104813742	0.000228147311175649
YLR423C	-0.156593294505476	4.73325993291211	8.68145100876337	0.0048396868102989	0.007108326490012
YLR424W	-0.339313798299862	5.35068251754917	20.5058569973542	3.60916726166566e-05	6.98430079116992e-05
YLR425W	0.208500630941454	5.88243782587392	15.5031615416397	0.000251099797174914	0.000436894988625573
YLR426W	0.0458649691298742	5.26135871213803	0.551216630191901	0.461234009420744	0.50035506937874
YLR427W	0.310032933291179	6.94723312396097	54.4905568972869	1.37453639998806e-09	5.16235509138022e-09
YLR429W	-0.190293351055731	8.15807013993209	28.7728458901204	2.00352776798087e-06	4.62902354894403e-06
YLR430W	-0.490184745368163	7.0658821385481	124.888031060535	2.6230574922514e-15	2.5509862640298e-14
YLR431C	-0.0577601784172985	5.88526541843892	1.37594512578099	0.246253828825723	0.281644431690965
YLR432W	0.196845978525701	8.24795460883029	4.05107231668667	0.0494483489916705	0.0631776597400399
YLR433C	-0.113968705049311	6.07784717213744	5.82491354564003	0.0194388088620507	0.0261836834605881
YLR434C	0.592704134175995	1.3080319749199	7.71671195878577	0.00767345350075763	0.0109584764045537
YLR435W	-0.608260846794999	6.05053662074503	92.3536573399877	5.02097700429519e-13	3.24153849439545e-12
YLR436C	-0.135061942227799	6.81153982842008	4.3389475833585	0.0422925721800236	0.054377440217948
YLR437C	-0.0283268547882048	5.10573801422455	0.0434488529530679	0.835714374559325	0.855241067795793
YLR438C-A	-0.554636239507255	6.6083810076385	241.264179198382	5.92648859562134e-21	1.67816104977408e-19
YLR438W	1.59687838743933	5.13622865678982	60.5321813724067	3.2546514487541e-10	1.35436213397231e-09
YLR439W	-0.566650635673748	6.7642674562554	20.9435794381959	3.06857872934086e-05	6.00112666374146e-05
YLR440C	-0.0591080876604818	6.05390475970653	1.19661697970795	0.279149135050338	0.315650062070293
YLR441C	-0.356657009019766	10.3912841947992	16.3912851222125	0.000175769774131114	0.000311524420643441
YLR442C	-0.412726834289137	6.20711018165673	97.6868281539029	1.96220728912427e-13	1.35441246895562e-12
YLR443W	-0.147642085895817	5.84613966374169	7.89708764889726	0.007010235947933	0.0100656406724095
YLR445W	0.468100636098726	0.526845272072418	2.7685950042844	0.102328312603343	0.125170738824423
YLR446W	0.217742305417841	4.8914149992443	11.8659705720353	0.00115341156258273	0.00183341242637171
YLR447C	-0.074492189119285	8.0766956716346	2.55975973030592	0.115805096590255	0.140107596987574
YLR448W	-0.694665241901587	8.73661387466604	36.173246224899	1.96021675371493e-07	5.30626927372898e-07
YLR449W	-0.426507846585178	7.70726375681601	31.8765086350066	7.35715061070167e-07	1.80460648339854e-06
YLR450W	0.333028024982126	6.33334069422832	55.0494880258257	1.19867892942423e-09	4.56382571753264e-09
YLR451W	-0.271539159629922	6.38512149927053	32.193120754499	6.65752780666468e-07	1.64159697395604e-06
YLR452C	2.03911123384738	7.2831734646131	89.603071516349	8.26528403266609e-13	5.14509705428130e-12
YLR453C	0.105997238024176	4.35257573648386	5.45537520858439	0.0234874458753765	0.0313126899539347
YLR454W	0.162243805433889	6.08120020553505	2.45433188595974	0.123398006610193	0.148555875863725
YLR455W	-0.53717618733844	5.81388825002011	20.1561628639969	4.11176674916913e-05	7.90414776411167e-05
YLR456W	0.327706393948965	4.26991599224421	13.2600142085746	0.000634814286286857	0.00104735755417734
YLR457C	-0.0077688319435357	4.20977210934949	0.00543230864360375	0.941534699209542	0.948007961326325
YLR459W	0.180753333409005	6.67976605768452	7.74054450633482	0.00755538980974949	0.0108050770875628
YLR460C	0.963854052046421	4.01112839186938	57.6117870838619	6.46622532286788e-10	2.56124787024201e-09
YLR461W	0.170267780824174	1.73128403008933	1.8604660258556	0.178586761648949	0.20968875697566
YLR466C-B	0.379778724285621	1.22985470292486	6.49432222483543	0.0139036757212897	0.0192114339063122
YLR466W	-0.458551975109323	1.3623268008043	1.58550452368717	0.21381400096027	0.24742437518459
YLR467W	-0.41785079643597	1.93145936563482	2.6919508764398	0.107034420033201	0.130299050022421
YML001W	-0.271292531952902	6.90415442636671	38.7669677985437	9.11828421852561e-08	2.5879773576869e-07
YML002W	0.430671734671101	5.98357535324536	75.4831040800685	1.26253230754432e-11	6.52486985426981e-11
YML003W	0.535030985686718	3.86711293010573	64.531942315316	1.30910644100952e-10	5.73369785098272e-10
YML004C	0.902279570436374	8.03274943082101	280.740176601752	2.32782107064613e-22	8.80234452055505e-21
YML005W	0.701872020886036	6.55401395206207	72.6708857464358	2.25503174869708e-11	1.12253747228682e-10
YML006C	0.171270935327081	6.08528180768542	13.2297985856473	0.000642914096795057	0.00106014653881048
YML007C-A	0.103641866870902	1.19613197255498	0.246830575309652	0.621488305700059	0.654832261180678
YML007W	-0.251112366292533	8.47578144447426	20.318283077117	3.87016416278657e-05	7.4561896908369e-05
YML008C	0.414709101371186	9.42675282052912	67.442904952318	6.87498505428607e-11	3.14226043622324e-10
YML009C	-0.312884497213682	6.25053774118273	17.0679280127793	0.000134449025719958	0.000242024148013928
YML009C-A	0.805033359502571	0.791645020169582	20.1071279613244	4.28394911672496e-05	8.21438810161308e-05
YML010W	-0.279780833613405	7.96931875442185	74.4170574581911	1.57043711653982e-11	8.03430350041547e-11
YML011C	0.239780955149898	5.01886428403993	14.8700390651292	0.00032495610244154	0.000558377858217357
YML012C-A	0.234891711539529	0.830089550962804	2.3196280797122	0.133626377182302	0.159983753055232
YML012W	-0.172710920756207	7.9367162154693	3.75139119079865	0.0583241985429955	0.0737287626099993
YML013W	0.282069725397336	6.23912327542082	81.8547314872087	3.55719833522751e-12	2.03344821266339e-11
YML014W	-0.362263207075242	5.71116989113459	47.151459460562	8.92426433834463e-09	2.96242755135453e-08
YML015C	-0.402408256234693	6.1032662162441	58.1124804784527	5.73473244445481e-10	2.29540112569631e-09
YML016C	-0.350961751750171	7.76244189706933	37.6513190834069	1.2636499132925e-07	3.52732722243226e-07
YML017W	-0.451516595818261	6.17400439966788	85.6968163574927	1.70700199389444e-12	1.01685206837861e-11
YML018C	0.126494228930249	7.599405875132	1.50291592245997	0.225865444779935	0.260281814843885
YML019W	-0.123958037905108	6.00006747868189	6.40861021975066	0.014488015760123	0.0199419036734409
YML020W	0.167277617302032	6.16642946946838	3.8922862869646	0.0539515920808905	0.0686556891088207
YML021C	-0.605359098312925	5.54787694079878	27.4857754461995	3.07353242892555e-06	6.92884430202856e-06
YML022W	-0.127791631659791	6.92834404734677	2.77818310289759	0.101699597221405	0.124451688016867
YML023C	0.0387200953480998	5.53739465281836	0.313962391878557	0.577717059404394	0.613490573461356
YML024W	-0.500467768581435	9.29149004982006	30.9851438437642	9.76895243617212e-07	2.35631467636355e-06
YML025C	-0.582218265106041	7.11342740424382	54.8217052142042	1.26733421712413e-09	4.79225510177126e-09
YML026C	-0.690275930518235	9.6407760380941	34.1144225837279	3.66171683864272e-07	9.48214892116414e-07
YML027W	-2.13381970513193	6.89336533658774	49.4985806496576	4.83189467041104e-09	1.66949913470275e-08
YML028W	-0.160525396260721	9.79089900500957	5.02040003588516	0.0294429362822441	0.0386478214933812
YML029W	0.305396371757956	6.5912476387616	31.6048737777457	8.01834804588998e-07	1.95497408503717e-06
YML030W	-0.463396481615208	7.05980693886505	22.0005388483736	2.08351489034319e-05	4.1615612376671e-05
YML031W	-0.245073100059216	7.28840190936179	15.1622116183342	0.000288387643965753	0.00049920499757279
YML032C	0.179787067174664	7.50138651660279	5.39985690707186	0.0241693646339556	0.032155395955315
YML034C-A	1.39598181819697	0.943608121081933	26.4091774178666	4.57270565221306e-06	1.00138964067169e-05
YML034W	-0.438807992612889	7.05579328100776	17.5813201564272	0.000109940828286215	0.000200635420445587
YML035C	-0.0593150434447003	7.32571257107245	1.64354402939694	0.205648969077839	0.238747315741015
YML036W	-0.614342237149469	5.41052348192202	87.4840499655894	1.22205603409695e-12	7.43987713558222e-12
YML037C	-0.190369031083894	3.92275430848092	10.8348244052862	0.00181455096572086	0.00280736627174297
YML038C	0.0624193445135739	6.74302356025884	0.846555893867339	0.36186892887839	0.400701716808228
YML041C	0.163433521631068	5.29504055567722	8.50863094975476	0.00524790201858198	0.00768194938425754
YML042W	1.45418958271764	10.508027077	393.324877105572	1.34274339631869e-25	1.04802843548566e-23
YML043C	0.270024787640216	5.62067875852173	2.28350794904628	0.136940268885465	0.1638224321035
YML046W	0.102510905363513	6.23734666026372	6.17413558999847	0.0162927186338755	0.0222598902699808
YML048W	0.440296113701134	8.81168985051046	58.5300208274762	5.19492529600186e-10	2.09309763084443e-09
YML049C	0.147088822509396	7.14993298541853	16.8751911943974	0.000145067014306347	0.000259908176308722
YML050W	-0.131587785692294	5.22871249848104	2.81000437147705	0.0998114825872505	0.122313266101284
YML051W	-0.0530173071410273	6.31213007053801	1.02519702886693	0.316078841872855	0.353859505208154
YML052W	-2.21000658087653	8.45102204891838	221.762351086607	3.46291068579074e-20	8.33288547632174e-19
YML053C	-0.80563537256943	5.93373237873902	195.278702702234	4.72033430748055e-19	9.21070361023768e-18
YML054C	3.12877588024882	9.15741295686507	311.789256736951	2.36941469867775e-23	1.09280277920834e-21
YML054C-A	0.417376494882572	1.78725624134079	10.3996939830201	0.00220767875100216	0.00338036927467333
YML055W	-0.411948640111251	6.14115478326874	113.46979835332	1.46891863657498e-14	1.22002410088246e-13
YML056C	-0.046516595435218	7.33440234337932	0.204229202581524	0.65324869430555	0.685804112938815
YML057C-A	0.76032552959342	1.00196243410207	14.2751039860107	0.000413668319282436	0.000699947951025979
YML057W	0.530805369344419	7.08749133519991	63.4357126002296	1.67283477162718e-10	7.24855380047421e-10
YML058W	-0.550835658993802	8.79004943088141	10.4024254715246	0.00220079416129003	0.00337067543495188
YML058W-A	-2.54962322717791	2.31230450621371	35.8720410448826	2.14741150005009e-07	5.77703986403223e-07
YML059C	-0.550350802177834	7.193805436483	67.796871369864	6.36512244543619e-11	2.92680252627006e-10
YML060W	-1.21832460571113	5.34149835005606	42.9065440634474	2.81768803918006e-08	8.59853873810939e-08
YML061C	-0.865749093664319	6.15537964136793	36.9605187819934	1.54997306969374e-07	4.26015171480609e-07
YML062C	-0.127198473458341	6.01214862106354	4.14315468168766	0.0470257599553943	0.0601834825748246
YML063W	-0.790885469553072	10.7762244791448	43.5657702702195	2.34824341645655e-08	7.28649639112512e-08
YML064C	-0.613150718268697	6.18488644342757	41.3204298998457	4.38951577251059e-08	1.29788110845287e-07
YML065W	-0.625063286323206	6.44916714530608	45.3634389279023	1.43897968843816e-08	4.62784381574831e-08
YML066C	0.209100053320397	3.81744250292462	5.91535552762207	0.0185671276738444	0.0250913814158412
YML067C	0.236678731933095	6.44942962425061	63.2746680953681	1.73485710165747e-10	7.5066169402208e-10
YML068W	0.294880688134224	5.27907512492328	37.8425559769322	1.19471290482238e-07	3.34563577026617e-07
YML069W	-0.344352398705491	7.85754945984795	33.7892087002581	4.04752402971295e-07	1.0397184089828e-06
YML070W	0.721279541799538	7.99628485658897	172.575755754458	5.60784145315996e-18	8.84469916239323e-17
YML071C	-0.360171981685707	6.41092921358209	47.5790503995966	7.97135544928453e-09	2.66646219644199e-08
YML072C	0.0701925027951656	7.93154437569524	1.42920423899307	0.237434861406671	0.27268504739555
YML073C	-0.453161685454636	9.00054756945281	19.9345008272159	4.46777652227881e-05	8.5399759709995e-05
YML074C	0.067660029919383	8.74062956262539	1.90498787909932	0.173553593996014	0.204212269085376
YML075C	0.236563005795193	8.72908017018435	5.61893800566425	0.0215937946645107	0.0288866231416263
YML076C	0.206026683152448	6.56575317425001	26.8479218133699	3.81006378371988e-06	8.45015239172555e-06
YML077W	-0.39162303629894	5.74307460902194	58.9229069418984	4.73529830539801e-10	1.92040262674348e-09
YML078W	0.143367263547402	7.44541866934316	5.72100970066012	0.0204956115638201	0.0274960959013963
YML079W	0.179356425149757	6.46082961079768	7.89980607699835	0.00700114221142663	0.010054954891051
YML080W	-0.958665773479487	6.30735759862934	104.108656205889	6.6181188194915e-14	4.90756484446581e-13
YML081C-A	-0.71159843050931	8.22383724527274	73.0425253707552	2.08675683659388e-11	1.04561116223733e-10
YML081W	-0.356628758970237	6.64614690910726	29.5884263091062	1.53363333509863e-06	3.60075578252234e-06
YML082W	-0.169347026590559	6.11455569423271	4.01469464021705	0.0504425965645044	0.0643939039389186
YML083C	0.369013037967167	3.59043315170107	9.59037425943777	0.00317942784514497	0.00478525506087579
YML085C	-0.536210917568726	8.59072878208577	8.02213418672242	0.00660467506169476	0.00951248208554476
YML086C	0.0898593926578421	7.43570367420166	2.89206340653814	0.0951202373814499	0.117079973919744
YML087C	-1.2578089584857	6.11299689003371	29.9368148638943	1.36969046198605e-06	3.23832059517324e-06
YML088W	0.0243138282818616	6.90690169994142	0.416538589242571	0.52156831944835	0.558443181287646
YML089C	1.09867874929013	3.11094903135872	56.6454493100498	8.97328443567695e-10	3.48401502834192e-09
YML090W	-0.214424268276928	3.67814569297417	4.36853224695772	0.0416245646207472	0.0535411682677179
YML091C	-0.140690311261696	8.92472966148857	1.98807664103675	0.164624150643626	0.194494824203066
YML092C	0.00492637922940764	8.15235586823832	0.0134686626216671	0.908066001519464	0.918781089787352
YML093W	-0.918869200370995	7.31157071883088	70.2829656091637	3.72901005215896e-11	1.79039536258232e-10
YML094W	-0.271524676685506	4.92439225696137	33.0035551277492	5.16545846241303e-07	1.3028965467728e-06
YML095C	0.0398990663970348	4.27571237131712	0.433477310136068	0.5132553059286	0.550219810264715
YML096W	-0.450001161550639	6.13305157509411	51.5104496718097	2.88910953578462e-09	1.03281848818889e-08
YML097C	-0.659703082033543	6.46947213867662	220.011281404438	4.08286780367328e-20	9.62057783751577e-19
YML098W	-0.272336381632064	5.93926426052849	59.6047792916603	4.03511759583479e-10	1.6531491200163e-09
YML099C	-0.078918073265897	6.41019532375085	2.92027335083759	0.0935651345001567	0.115261946344993
YML100W	2.40958874070765	7.75425846415507	49.8765277434166	4.38312602205534e-09	1.52657158022156e-08
YML100W-A	0.497694873555449	0.603716431646626	6.2855583704553	0.0154789347899125	0.0211956264059801
YML101C	-0.288890438290728	4.8583677801898	11.8383985202901	0.00116731613440301	0.00185454609244402
YML102W	-0.74883070985223	5.62765359085441	43.2988670953752	2.52760236155708e-08	7.78747124350176e-08
YML103C	-0.176248390249383	7.22286148030488	17.2395828463123	0.000125674970561952	0.000227440315333282
YML104C	-0.525761893927079	6.14751268953688	54.8996508878893	1.24339890998349e-09	4.71345738728486e-09
YML105C	-0.155269102279194	6.79447872054159	20.5536629654971	3.5454469225843e-05	6.86535650912635e-05
YML106W	-0.419870227138087	7.81999866449353	51.2001677621037	3.12539647419121e-09	1.11141435367267e-08
YML107C	0.0173826313825483	5.08377959486657	0.146497221727299	0.703499373498147	0.732746652841183
YML108W	0.408993578062089	5.53386908390945	43.9959121643668	2.08687883995276e-08	6.51200326890434e-08
YML109W	-0.32212734099157	6.50176640947934	17.8135648462064	0.000100432671515224	0.000184389054337962
YML110C	-0.262997204552831	8.01852444382114	4.63795314590897	0.0360321245822233	0.0467029113171333
YML111W	-0.620836543061506	6.49080539748701	93.7642295775369	3.90260967896801e-13	2.57119608942808e-12
YML112W	-0.264192363866099	5.82990593919208	19.5474949106629	5.16857324245884e-05	9.78733247281164e-05
YML113W	-0.307296962364076	5.91315666007822	15.112665917461	0.000294270653768435	0.000508088411838409
YML114C	0.138891333315979	6.61708195640904	3.88614473859765	0.05413452995922	0.0688172795435651
YML115C	0.308502765511245	7.44460821178416	59.6885392807367	3.95680679651025e-10	1.62544128050974e-09
YML116W	0.462951423796968	7.78631617286709	34.5538407087601	3.20024450225402e-07	8.36184057069634e-07
YML116W-A	1.15273570374568	1.11757374201511	60.9619999438004	3.1572642395803e-10	1.31743829270493e-09
YML117W	0.679970971604791	7.45693946918206	59.0569559382943	4.58821488289016e-10	1.86863372773061e-09
YML118W	2.20088264727232	4.24495890290347	293.505812329605	8.93318831469169e-23	3.69967690203014e-21
YML119W	-1.09291366841483	6.1090578293052	43.5255193513044	2.37449692256312e-08	7.36045685568447e-08
YML120C	-0.169861822515105	9.4293816727688	1.67191546143592	0.201840765016587	0.234594611955132
YML121W	-0.0539794760637477	6.03512392886794	2.38101452609567	0.129013143496685	0.154917557713573
YML122C	-0.0533040774726323	2.53552197752182	0.357928675618646	0.552314056676362	0.589289866289115
YML123C	0.6443571329037	5.46073306247748	132.240852032821	9.17856785646923e-16	9.71810801916255e-15
YML124C	-0.291116776967986	8.10801932966684	11.3922973945611	0.00141844575688592	0.00222392422557855
YML125C	-0.117570582830815	7.12996929090749	1.07989334411288	0.303633113759784	0.340929250566132
YML126C	0.436371992492116	9.56008393617071	27.4863819496523	3.07272528504206e-06	6.92884430202856e-06
YML127W	0.0832500487320974	6.8668937639495	2.00933407684997	0.162427070524588	0.19201087482596
YML128C	3.49278452462961	7.59490768931368	878.119452920596	9.12349683555543e-34	6.94298109185768e-31
YML129C	-0.300651970244431	6.28702168393851	9.70735898722355	0.00301374802898837	0.00454713705092471
YML130C	0.0725542006244412	7.08904571562752	0.835673769348444	0.364947539289711	0.403816906433254
YML131W	1.63662088026234	8.66211159603399	162.018781398625	1.93500070840132e-17	2.72691766498778e-16
YML132W	0.804972168451991	1.39213874808333	39.8831664219568	6.82275459583091e-08	1.96764234862239e-07
YMR001C	-1.86615080943411	7.08799978454249	178.806897988798	2.77500357605718e-18	4.62855390987292e-17
YMR001C-A	-2.91041382016937	2.53511293217363	130.262221026857	1.18901653160078e-15	1.24265238286102e-14
YMR002W	-0.69205363369671	9.32200627495676	47.7396389801871	7.64135676925741e-09	2.56453032035497e-08
YMR003W	-0.830071083036615	5.70991606860314	16.6148610855459	0.000160821490220951	0.000286281062124312
YMR004W	0.296528376202479	7.07056316007858	39.2433153447742	7.94271931053713e-08	2.27126703440817e-07
YMR005W	-0.448949507620326	7.31188217775873	117.499317598058	7.89069258853704e-15	6.89218600846679e-14
YMR006C	-0.444819717618301	5.59381212486156	19.9617601105634	4.4224378633833e-05	8.45862447762411e-05
YMR007W	0.750883958916216	2.14914833060015	48.9561269390361	5.62242117497904e-09	1.9273254568284e-08
YMR008C	0.990078328732056	7.57664092095566	87.1580211607936	1.29820713938521e-12	7.87205904991763e-12
YMR009W	0.279440345054465	6.88851865120226	10.1436560468753	0.00247258143164148	0.00376515151471569
YMR010W	-0.22026928921053	6.90740663581043	25.9596883308717	5.1556271217268e-06	1.11898245693664e-05
YMR011W	1.51377899345859	10.0747042536676	58.8067637885383	4.86652661724988e-10	1.96859893992141e-09
YMR012W	-0.552929762487749	8.99933883836126	36.5995812697428	1.72566491426177e-07	4.70903092695009e-07
YMR013C	-0.310903184537706	5.98288854430282	17.1362298197527	0.000130883695094695	0.000236024862481192
YMR014W	-0.49760620155596	7.05673670201165	23.7799829237908	1.10102267286322e-05	2.28694166918844e-05
YMR015C	-0.877534950654522	8.48109817868536	39.7209830555058	6.92137091984924e-08	1.99325005487428e-07
YMR016C	-0.052620479729017	7.14212200747631	1.37088063403111	0.247113412111935	0.282362322248022
YMR017W	0.766037219629514	3.73324104123723	37.9018039892478	1.17644406852598e-07	3.29902878359565e-07
YMR018W	0.738477083699325	4.50432630124312	17.6790634432823	0.000105871041677281	0.000193844325699055
YMR019W	0.414223718871874	7.00697341148848	62.7344036665522	1.96093828347966e-10	8.41577584185827e-10
YMR020W	1.08034877344584	5.71343646125493	136.17273255254	5.3249164021588e-16	5.8941983738805e-15
YMR021C	0.417678229922152	5.89028058166041	57.1512707213723	7.21086332036807e-10	2.84324714341974e-09
YMR022W	0.266919314364387	6.32959990382379	26.3146706299337	4.56657485268451e-06	1.00040689827792e-05
YMR023C	0.239062717557596	4.85025847307411	17.6250633757327	0.00010808813511204	0.000197491166435203
YMR024W	-0.846220241124103	7.24986496645823	74.7070875498003	1.479619384596e-11	7.59521316477272e-11
YMR025W	0.325901582327215	4.05635745165233	17.6509233152154	0.000107016675895326	0.000195781633356226
YMR026C	0.673256021760768	6.53418818226096	48.4300306129216	6.37671197481306e-09	2.16516578375136e-08
YMR027W	0.305055134810005	8.05508333628753	26.0541149573966	4.99159049855197e-06	1.08570214202159e-05
YMR028W	-0.0394129453388804	5.84728239382211	0.583420775714562	0.448501111029389	0.487846125414851
YMR029C	0.20503649871891	6.7012272254231	8.62160459676931	0.00497701181081165	0.00730121636246297
YMR030W	0.983072432595994	5.77879558750729	187.655133229572	1.05598509830221e-18	1.94813250862541e-17
YMR031C	0.12325613554411	8.33306038870659	0.498857405696948	0.48322343287364	0.52151467103966
YMR032W	-3.15900028626052	6.52478664808624	92.684305617443	4.73369427299122e-13	3.07563828537573e-12
YMR033W	-0.483515310438727	7.10840906199441	148.609199018656	1.02339319135939e-16	1.28727639442066e-15
YMR034C	2.13315954547075	5.4248948044513	417.348021390926	3.5140430204192e-26	3.14610204534001e-24
YMR035W	0.855123681876513	4.71892131937766	108.045114423054	3.47999291795177e-14	2.69544489624559e-13
YMR036C	1.32011029587369	6.27445013927232	257.006222909873	1.55209733210839e-21	4.99956008353222e-20
YMR037C	0.652403992302562	7.6304133003921	63.648477379668	1.59441538941588e-10	6.93342920768848e-10
YMR038C	-0.215513288433817	6.97454694320369	17.1384636077797	0.000130768545116714	0.000235887082272756
YMR039C	0.531857729221893	7.56418867438778	32.2125557451102	6.61688390511675e-07	1.63289781979533e-06
YMR040W	1.89373920330599	4.07538358553922	47.1918729285491	8.84284877591311e-09	2.94181766927645e-08
YMR041C	0.447514400407821	6.15127975440997	26.7218225734794	3.97631102006177e-06	8.78366527218289e-06
YMR042W	0.376147100654553	5.99780433891521	38.514180597445	9.81536232940687e-08	2.77805327110316e-07
YMR043W	-0.368437406754443	6.99881894106525	32.7347480269472	5.61667664305912e-07	1.40601675176579e-06
YMR044W	-0.452285221129963	6.50350089069959	108.119228580744	3.43463246696995e-14	2.66369967629465e-13
YMR047C	-0.207986432052718	7.79203675130155	52.7267191501097	2.12783992106175e-09	7.74778076520568e-09
YMR048W	-0.838691780639016	5.53570829328475	39.2919532187939	7.83241278726989e-08	2.24288471537625e-07
YMR049C	-0.460363000619642	7.43808174694004	16.655770916095	0.000158229092042754	0.000281996110174557
YMR050C	0.0282154509445983	1.7885559928961	0.021553055827224	0.883870035203476	0.898630723834129
YMR052C-A	-0.147744325578018	0.596062156884322	0.514412979429101	0.4765788130294	0.515440009543967
YMR052W	0.132794523306517	4.05899964626303	3.11273796736334	0.0836840079932781	0.103634711282156
YMR053C	1.10380957703944	4.96702142867742	169.729465998463	7.79429864796364e-18	1.19525667931493e-16
YMR054W	-0.0715679660599015	7.95181352236394	1.7869136281011	0.187247488146046	0.218915526707955
YMR055C	-0.402728350872827	4.33004419887528	16.9352748459666	0.000141681367470172	0.000254291322275473
YMR056C	-0.082062119595958	5.97373385360312	0.437539281900172	0.511296540143159	0.548602984912152
YMR057C	1.01615346499603	0.908682615761225	43.7497342521749	1.79026343030363e-08	5.6560061046645e-08
YMR058W	-1.0975075767984	9.64546667175663	21.3740906352756	2.61888665290645e-05	5.16816270434181e-05
YMR059W	0.363703613241292	3.94941038268152	26.8455778564171	3.81475726350975e-06	8.45748077940545e-06
YMR060C	-0.294848843970657	5.81252448443684	23.5818932678035	1.18108214488573e-05	2.4432307502767e-05
YMR061W	-0.326710589591919	6.95082575073306	53.263905503528	1.86118358288731e-09	6.87136789121766e-09
YMR062C	0.298202146517516	9.21711825154218	15.8729639059833	0.000216294807053524	0.000378827038360717
YMR063W	0.178818243901015	4.26250252015698	8.94847893100741	0.00427352695725236	0.00632099905630524
YMR064W	-0.0402183643927991	6.54817959450417	1.11210455710798	0.296605455506874	0.334024049782806
YMR065W	1.68033995716664	4.88569955956797	122.831088814829	3.55108154594835e-15	3.34659202039219e-14
YMR066W	-0.320777012839469	5.77987718076527	27.8006474387375	2.76600973874804e-06	6.27635754360718e-06
YMR067C	-0.00606227619808792	6.87619286394792	0.0115192487726159	0.914950923946065	0.924825041504839
YMR068W	0.65514949651306	5.69898602237416	88.203840902161	1.06935172032905e-12	6.56933730914557e-12
YMR069W	-0.666367986224126	3.27470938384737	34.7594267662049	3.00867527787598e-07	7.91907267259357e-07
YMR070W	-0.0110766508373362	7.00987103235708	0.00870515529217534	0.926030417819806	0.934472597992206
YMR071C	0.675428392224629	6.37125287584884	134.342689120521	6.8480676362831e-16	7.43155717819813e-15
YMR072W	0.0745940104969634	7.90854037329706	1.25109376856376	0.268595192826586	0.304564636604256
YMR073C	0.126426952659907	6.25060533926578	9.82953083388199	0.00285067396751847	0.00431284868644445
YMR074C	0.0509727844931458	6.47371886281832	2.01758678572555	0.161583375127925	0.19112484705242
YMR075W	-0.221872722181599	5.79760071146518	11.7775575693406	0.0011985872672819	0.00190125046462017
YMR076C	-1.15494866768737	6.50174292038843	20.0085824508462	4.34534869023006e-05	8.32163662350445e-05
YMR077C	0.507439574594996	5.4611424663923	86.2041308588359	1.55217852760593e-12	9.28257649908141e-12
YMR078C	-0.367381348691565	6.31458174046194	4.99344060298959	0.029862029323491	0.039164160818917
YMR079W	-0.27957697471643	7.02410815877589	13.6800505504839	0.000531949437375206	0.000888967382580361
YMR080C	-0.0582999721845931	7.42888649459819	4.09932231687912	0.0481624249460487	0.0615863984607319
YMR081C	1.1003248926823	4.60348840873516	25.1471034661781	6.82424597126417e-06	1.46083015024811e-05
YMR083W	-0.251261853023665	9.89063920649843	6.32026082007357	0.0151416774275009	0.0207711879627367
YMR084W	2.67633926048848	4.10892066982882	167.930981498976	9.6605152996569e-18	1.44150042020371e-16
YMR085W	2.70151280168784	5.16189688840582	184.987968988141	1.40991720598955e-18	2.5171776979661e-17
YMR086C-A	-0.0773197744445391	2.56177970464209	0.587572308490604	0.44690287825511	0.486507382304734
YMR086W	-0.18619084876376	6.98083116140935	17.6773261509253	0.000105901154283025	0.000193844325699055
YMR087W	0.0209562593882983	4.50410242189413	0.0861558221308667	0.770316042298675	0.794054193280449
YMR088C	0.886573798756177	7.14043870262108	53.0434587652677	1.96614632531385e-09	7.21948059620672e-09
YMR089C	-0.321309194762015	7.84944209506761	22.0991250649726	2.01026155939971e-05	4.0271379972443e-05
YMR090W	1.69155073191699	5.6257512965502	270.504144704656	5.19234107679192e-22	1.84859488160873e-20
YMR091C	-0.433969767278587	6.88390061047181	80.5937909151604	4.54784924817481e-12	2.5285211162455e-11
YMR092C	0.28982849557948	7.79954852979297	32.2980553696535	6.4412070136257e-07	1.59406781703062e-06
YMR093W	-0.888031584812405	6.50060517983532	59.0441697688296	4.60223647615022e-10	1.87288874778092e-09
YMR094W	0.374924939155603	5.1757194536032	8.3153072761822	0.00574805741673548	0.00836180969010409
YMR095C	1.10183207431187	6.14221498422383	166.538131736956	1.13124817247592e-17	1.66353595991144e-16
YMR096W	1.89936967753305	9.07444672703895	302.288129268088	4.6658830321042e-23	2.05839825358336e-21
YMR097C	1.0313684061708	6.46925063836055	85.1901163583824	1.87833961205998e-12	1.11238633834836e-11
YMR098C	-0.496564156686579	6.54409051872579	86.2328705722945	1.54336396698843e-12	9.24803132974958e-12
YMR099C	0.22759346275469	7.54677311504406	19.5025795098366	5.25701097224649e-05	9.93934248417287e-05
YMR100W	-0.219586509461063	6.29783757817106	29.1811042629509	1.75199854588703e-06	4.07884020931557e-06
YMR101C	-0.0173230182929494	2.17067182598412	0.0148400335883608	0.903523909662867	0.915707268524643
YMR102C	-0.174406340955392	6.07700113981466	10.1621625628868	0.00245202099136608	0.0037357116605197
YMR103C	1.0689521427237	4.71114504634956	90.6068968400289	6.89305938521609e-13	4.35321011796635e-12
YMR104C	1.13136751980098	7.24498380914028	91.181333888352	6.20158206215394e-13	3.93693760108375e-12
YMR105C	1.98122834174352	6.31921192090048	143.267169462024	2.05212522082229e-16	2.43061057283387e-15
YMR105W-A	0.769719002102264	2.11921566884268	34.9799816603593	2.83650910100782e-07	7.50485328419626e-07
YMR106C	0.574815590616443	5.5026822533094	36.0398707431833	2.04046992901687e-07	5.50637452475829e-07
YMR107W	4.52043336365673	8.33933750699846	315.313992060628	2.02977406664442e-23	9.79886466702782e-22
YMR108W	-0.200349788444479	10.2589535778837	6.16945858812046	0.0163310599370953	0.0223072678701001
YMR109W	-0.0753188879331164	7.10144743207797	1.86359321834012	0.178214815765955	0.209292399379463
YMR110C	1.05046092330236	8.33866326443882	468.402790193588	2.49796397385403e-27	3.02160211514871e-25
YMR111C	0.412250625114973	5.40540789239626	73.6201132465051	1.85140847524178e-11	9.40064620289571e-11
YMR112C	0.312080901404017	5.04186896647143	19.1223673833533	6.07249399882452e-05	0.000114208660688427
YMR113W	-0.0277899181333532	5.77742803020407	0.199098316498585	0.65734227192083	0.689544310528084
YMR114C	0.682340208908704	5.84747476366044	173.532654160926	5.02963447767697e-18	8.03685425199407e-17
YMR115W	0.147151693492941	6.87529697994468	6.73687649198706	0.0123102825444934	0.0171185473117579
YMR116C	-0.573891158830764	9.97449998319635	22.1581010524164	1.96772985158279e-05	3.94843089533158e-05
YMR117C	-0.840696861684567	4.92300090978758	68.7648056605439	5.16447557388695e-11	2.42415784840584e-10
YMR118C	0.0412581540727494	4.27049376409309	0.285482215576733	0.59545691292015	0.630678790163165
YMR119W	0.513815495745507	6.35070621419604	64.3691199154623	1.3560544124497e-10	5.92653213423817e-10
YMR119W-A	-0.51885888160915	3.2900176314777	23.4660226558164	1.23134381680436e-05	2.5368599515076e-05
YMR120C	-0.73244799091701	11.0847436725209	52.1104666082496	2.4833216930181e-09	8.97238128610933e-09
YMR121C	-0.358215596891401	6.04091134105775	36.7807201262977	1.63504566211978e-07	4.47981907785115e-07
YMR122C	0.0527848261415353	3.03756392971568	0.105887178453534	0.746210732352988	0.772475929019723
YMR122W-A	-0.0288314273115667	9.71108435650656	0.0220228343342702	0.882612775451597	0.897652284822807
YMR123W	-0.657444215564468	6.5215068470075	122.876105697917	3.52379021056732e-15	3.32602089952463e-14
YMR124W	-0.118923210263159	7.02185627318544	2.03378092047135	0.159942655042802	0.189331301555625
YMR125W	-0.085210789897373	8.09977530109801	3.01995881071567	0.0882933341246423	0.109120953745599
YMR126C	0.282647457904408	4.8464000573313	12.8809143485175	0.000745475668879896	0.00121609214151683
YMR127C	-0.425515834920548	5.12277682203539	26.9206694553129	3.71782972557713e-06	8.26365365801883e-06
YMR128W	-0.574141129594593	6.6117997448155	42.6703952709406	3.00788876249433e-08	9.1149959114313e-08
YMR129W	-0.186763062126051	7.0098921886967	14.8007986443299	0.000334295586745981	0.000573616553582168
YMR130W	-0.246545890032802	6.58861472818721	27.8886313901113	2.68595410369951e-06	6.10719953843864e-06
YMR131C	-0.325011357520032	7.82834039360115	10.6875645256728	0.00193730474155303	0.0029912024515787
YMR132C	-0.906107506198608	5.03437354689531	105.369187456722	5.37875941521133e-14	4.04769929787473e-13
YMR133W	0.0683695258008397	4.88005590732523	0.981320978814196	0.326559532887592	0.364320035957423
YMR134W	-0.620439294380771	6.25792218928007	63.1561267041396	1.78203634321041e-10	7.6943526648688e-10
YMR135C	0.567734699655403	6.93771276176424	295.086860104345	7.89488298785589e-23	3.29205805685388e-21
YMR136W	-0.877194676629515	7.05872836857722	29.7778219063416	1.44194212651988e-06	3.40253630474924e-06
YMR137C	-0.266140854563574	5.37504241461874	21.9492417862447	2.12287099570601e-05	4.23738971208465e-05
YMR138W	-0.451042687329498	4.51458605808432	44.0212741791649	2.07313628364008e-08	6.47575869409996e-08
YMR139W	0.34149947795563	6.77749061022242	27.0983422972526	3.50103598442184e-06	7.81316241684757e-06
YMR140W	0.946228786787617	6.35020157606295	299.577246460064	5.68042321693108e-23	2.47017261033403e-21
YMR141C	1.12457294881664	3.62485983411208	202.789968219847	2.20558832231688e-19	4.53635868454903e-18
YMR141W-A	-0.495838447526587	3.29627280613214	10.5653102916711	0.00204663609358348	0.00314870386458417
YMR142C	-0.40068274167165	9.81117267873959	15.1093420870099	0.000294669062115565	0.000508632052781277
YMR143W	-0.570053839040576	9.30328102814737	29.9366560193012	1.36944830874338e-06	3.23832059517324e-06
YMR144W	-1.76034483794462	5.94551146090337	87.5322727185782	1.21108954852183e-12	7.38049366506599e-12
YMR145C	-0.692155668580438	9.96804259256797	51.9323337141512	2.59719479161233e-09	9.35604845641177e-09
YMR146C	-0.0576084428124521	8.71661349666345	1.27831439562821	0.263512481982582	0.299358833795477
YMR147W	-0.228394510440182	5.60253701892016	3.46703636087996	0.0683818488603253	0.0857307858034722
YMR148W	0.0448186759507764	5.97396679310091	0.296443319558566	0.588498471282449	0.624068749898546
YMR149W	0.0765140302117978	7.24198895457967	3.88931390531378	0.0540400404037631	0.0687269199870712
YMR150C	0.336080807081101	5.75945038311608	34.8279005849911	2.94363293619731e-07	7.7669914360328e-07
YMR151W	0.363686217182678	2.10433929100854	5.8588384593871	0.0191159498782572	0.0257872596629359
YMR152W	0.372398694488741	6.91757851518171	29.730126714046	1.46448115187806e-06	3.45170780202618e-06
YMR153C-A	-0.400640905715507	0.236697844114972	2.5286632775048	0.11811717407716	0.142706361536367
YMR153W	-0.456102070756	6.24574563339828	63.6092309247346	1.6086023935349e-10	6.99012945884403e-10
YMR154C	0.132225896149887	4.80884609501919	7.58987242259828	0.00812274160647638	0.0115486340262093
YMR155W	0.366997501515204	5.85475757687452	27.4079844765723	3.15475800700722e-06	7.10287231755176e-06
YMR156C	0.946340212373781	4.96544123072274	157.316547584491	3.43181444172634e-17	4.66359069670311e-16
YMR157C	-0.590756108752426	5.79298666485897	17.7747183735815	0.000101965092558564	0.00018703328818817
YMR158C-A	0.717713929324436	2.32225429899264	65.8079985649521	9.99953231371868e-11	4.45008426359059e-10
YMR158W	-0.850740219092994	5.93449431959722	58.798190690283	4.87665662933943e-10	1.97138682333456e-09
YMR160W	0.187545705751808	6.04937499162015	13.8103288941448	0.000503729691347759	0.000843804632703277
YMR161W	0.273294075480147	6.27243289997656	68.5585677705817	5.39683872074855e-11	2.52253319588845e-10
YMR162C	-0.103690804735555	6.57883022212127	1.71217002482554	0.196582276331538	0.228919835177201
YMR163C	-0.143961837156299	5.371731833423	2.74368664923666	0.103792652436361	0.126834537943108
YMR164C	1.97945867929643	6.60038480464872	312.349807780486	2.27790521059497e-23	1.05861732229788e-21
YMR165C	0.850565978930241	6.77447134614595	733.341247858351	6.82493363621971e-32	2.77001306515371e-29
YMR166C	-0.220361705287937	5.93857286824789	5.26360785838353	0.0259358117328675	0.0343852834994985
YMR167W	0.0637204323222073	5.7367206448828	2.70305137175688	0.106320153579713	0.129533138881988
YMR168C	-0.0394665925485316	5.56809726738389	0.986967199618204	0.325184638256406	0.362985712817198
YMR169C	2.92802711040277	5.26366756837151	467.539207818247	2.61962963730221e-27	3.06698177536458e-25
YMR170C	0.439086095781414	4.70621505528168	68.7745759232174	5.1543968563e-11	2.4212938318792e-10
YMR171C	0.371818725871197	6.69168116189505	87.5620293576143	1.20420881044996e-12	7.34591506815565e-12
YMR172W	-0.256117352709734	6.26413492757802	15.284185021937	0.00027442409364324	0.00047584559444604
YMR173W	1.06458912083502	5.01606992942158	33.2111238390582	4.84249704515219e-07	1.22633619013671e-06
YMR173W-A	1.16842746087469	1.93077054707922	37.1045838707345	1.49901506179879e-07	4.13315384793072e-07
YMR174C	1.07963708864335	4.50511701998694	135.112444890313	6.17424142133166e-16	6.77275347262471e-15
YMR175W	1.33464991318578	1.94352248387698	113.169577606043	1.88820359824273e-14	1.54028724678025e-13
YMR176W	-0.0593538114723113	6.12333602884419	3.59180290338396	0.0637515413425863	0.0802231053521425
YMR177W	-1.18252601448898	5.67425956089029	253.449083763537	2.08760679994907e-21	6.51761548619998e-20
YMR178W	-0.0497290405421985	6.34565730848583	1.3492456223905	0.250828596147808	0.286070530788283
YMR179W	-0.686735797398412	5.83106282991775	3.83076015875206	0.0558153174843491	0.0707776823254983
YMR180C	0.361625701152703	5.3237133023685	29.9656045026927	1.35679546906373e-06	3.21157496720839e-06
YMR181C	0.398174275471249	5.80166897497875	68.2033764112226	5.82908944912881e-11	2.70072272194035e-10
YMR182C	-0.47681525327036	4.82131998230283	55.8779265993038	9.80221998671476e-10	3.78654284765986e-09
YMR182W-A	0.174500070876563	0.760514004454508	1.11053800544891	0.297044509290227	0.334394780428791
YMR183C	-1.00770121469911	7.47124728905884	457.174907824936	4.36182399740056e-27	4.74192580288833e-25
YMR184W	-0.418741118673498	5.56624145958164	33.9760077677407	3.8211853119774e-07	9.86154140708707e-07
YMR185W	-0.382515891533345	6.04235998343204	33.2307500609756	4.81187585609173e-07	1.2195961786797e-06
YMR186W	-0.664007759907822	11.4476560116146	66.684444295345	8.11573561981857e-11	3.65989618173744e-10
YMR187C	0.0262066746778074	5.48089325588967	0.132184572200258	0.717683590585316	0.745479900952637
YMR188C	-0.852608015374949	7.21375716237213	68.951392513168	4.95857041384186e-11	2.34559259358735e-10
YMR189W	-0.139507540588512	9.3721851906847	0.524238582769563	0.472354291476152	0.511689132830393
YMR190C	0.0101390197940674	6.33902201720705	0.0109201902888236	0.917183520976871	0.926620191786789
YMR191W	0.564831255471161	8.46506746009575	31.3123236470596	8.80001863977235e-07	2.13614487555559e-06
YMR192W	-0.223519457485565	5.83118527798184	29.940308925688	1.36783608751699e-06	3.23645009747511e-06
YMR193C-A	-0.678477054049487	3.99877724304032	42.7403535209484	2.95248186246536e-08	8.96047336923685e-08
YMR193W	-0.795888584341569	6.35429618847994	40.0304266878721	6.33367920864622e-08	1.83791415739934e-07
YMR194C-A	0.527650374956952	1.90196106351148	15.0112628058284	0.000307254516118531	0.00052915572676934
YMR194C-B	1.38578544669127	4.64395982449741	178.327631721789	2.9715253984503e-18	4.92933150565816e-17
YMR194W	-0.648691839783211	6.88281773862431	40.6957077278614	5.2388191061604e-08	1.53336205376464e-07
YMR195W	1.61441671344059	6.38589814306155	188.559443422332	9.58251549256924e-19	1.78952007112765e-17
YMR196W	1.37119180061662	7.68772454800971	116.167930183159	9.67299671502408e-15	8.31768418094161e-14
YMR197C	0.311357274556766	6.86946582116503	34.6622966477027	3.09594995977862e-07	8.11370785842971e-07
YMR198W	0.342957822099999	6.00770232450974	3.74931874186081	0.0583913553383655	0.0737983332572077
YMR199W	-1.84089348768705	6.95678897269644	28.5551133752169	2.15279590174041e-06	4.94947939946964e-06
YMR200W	-0.128854843813067	8.08676777665453	5.91939756802604	0.0185282517129188	0.0250444041803396
YMR201C	-0.0790491008338709	5.68557167277076	3.87565990661251	0.0544484445675157	0.069174067305308
YMR202W	-0.228198452128968	8.58207565155441	8.27357783051647	0.00586236515118265	0.00851385473291984
YMR203W	-0.231256091141999	8.2209312772599	18.2836653869542	8.37199838097814e-05	0.000154873066373123
YMR204C	-0.306713794810241	4.76236039656332	24.3141781157512	9.12267201186998e-06	1.92375570517023e-05
YMR205C	-0.500120739886123	9.38807944960485	40.7024771351674	5.22873558012288e-08	1.53114681153382e-07
YMR206W	0.922260400012836	5.38841666704259	24.0892271212433	9.88394231286626e-06	2.06852666898349e-05
YMR207C	-0.25714096604214	6.07619445469063	18.4925509908169	7.72515559232639e-05	0.000143605335102544
YMR208W	0.0261315773424524	7.463122168014	0.323319952033777	0.572119814930621	0.608658539259646
YMR209C	-0.296952440926451	5.87267527770362	13.3223037233855	0.000618285001100296	0.00102230284809848
YMR210W	0.23901109133685	6.31927370652365	26.1567352501409	4.81948748745363e-06	1.04976886667684e-05
YMR211W	0.0641615024376446	5.72705707690181	1.08333271147838	0.302872384018691	0.340326148745993
YMR212C	-0.258228675659512	6.7871863542695	33.2246506125653	4.82098479866105e-07	1.22139639842898e-06
YMR213W	0.116728256767372	5.55666545718634	3.8720046492959	0.0545584818704064	0.0692849473564945
YMR214W	0.0685633721793573	6.83825398383997	1.73355674958936	0.193855487960813	0.226047157767751
YMR215W	-1.4895241925036	7.13646465654836	14.8556468419341	0.000326863928101566	0.000561497628183503
YMR216C	-0.147964276775968	6.72535056703215	6.63548131608411	0.0129431775141996	0.0179658150265498
YMR217W	-0.0753196610698262	9.31910291939091	0.658011674167442	0.42104005768795	0.460526746533281
YMR218C	-0.114959231087653	5.97356021431206	5.84121952972056	0.0192783171295115	0.025983262051022
YMR219W	-0.464716789145701	6.44986398202966	76.0337872535035	1.12869904790282e-11	5.87811788163589e-11
YMR220W	-0.0725458872158882	7.4607819145597	3.54931994153285	0.0652881448006138	0.0820549598567582
YMR221C	0.0701705656730043	7.08437453567317	2.4600852350607	0.122969307591203	0.148117992485174
YMR222C	0.287523293899549	4.92604419769255	20.4581919881361	3.67387863229168e-05	7.09824598965146e-05
YMR223W	-0.0813802519871685	5.52817252599692	2.56552642390158	0.115405381118402	0.13976287253806
YMR224C	0.206839036428989	5.8412800830318	17.2911458041973	0.000123158703287814	0.000223151840957205
YMR225C	-0.57659082022777	6.21286274288298	32.3769170949866	6.28350393784155e-07	1.55884156371554e-06
YMR226C	0.772100499005118	8.60473422783373	349.467320623457	1.90157721505519e-24	1.10255257954819e-22
YMR227C	-0.527256487823486	5.96691974827794	103.504234760183	7.31643336133959e-14	5.3990844004649e-13
YMR228W	-0.637944445172153	5.25816414898031	100.03118204669	1.31288286403609e-13	9.33515302590098e-13
YMR229C	-0.634334510194808	7.53089417090607	42.8100375480566	2.89348751390364e-08	8.81218208336435e-08
YMR230W	-0.672782968224185	8.8882236403449	48.4913817407145	6.27535830105847e-09	2.1355160054133e-08
YMR231W	-0.0682462011087721	6.03610695694564	2.22884338736611	0.141628728662559	0.169165332567718
YMR232W	4.03443353735343	5.32246090883856	169.333358423406	8.19373832956587e-18	1.24397703118197e-16
YMR233W	-1.01274681503408	4.35098678218393	60.2297309818204	3.49051492863892e-10	1.44855179860625e-09
YMR234W	-0.0102053622714295	5.34613114751834	0.0441980655663971	0.834324938828368	0.853962714792721
YMR235C	-0.233948422446759	7.76863750423538	66.546736612831	8.36492729064683e-11	3.76390815561403e-10
YMR236W	0.318963501649657	6.44889422366497	46.4611046705322	1.07203518096449e-08	3.52595903928246e-08
YMR237W	-0.0644872474740277	7.3888130863731	2.97114533433945	0.0908321303365567	0.112053902632007
YMR238W	0.824115273467373	7.34483682623324	97.9508682684323	1.87467878098221e-13	1.29693686575224e-12
YMR239C	-0.636510921830823	5.50232642694979	58.5515018172291	5.16923963482484e-10	2.08412787396117e-09
YMR240C	-0.247500965983204	5.92057439305055	17.7228409473059	0.000104040668128886	0.000190783008303813
YMR241W	-0.937388463157834	9.48382010261776	176.442116991412	3.61560331466437e-18	5.94913323775045e-17
YMR242C	-0.775094324165594	9.54178781258707	51.5117076563725	2.88816190862706e-09	1.03281848818889e-08
YMR242W-A	-1.11402175155914	0.25314101513958	12.0042552199063	0.00109116049277652	0.00174036811108815
YMR243C	-0.485228695302159	8.31688116876665	54.547327063529	1.35550513932077e-09	5.10126050339161e-09
YMR244C-A	0.199724326509155	1.68121257483209	2.05672107075386	0.157675790775316	0.187011535990673
YMR244W	0.523853530165526	2.35003846159723	12.8516408701137	0.000761303844145374	0.00123991915547272
YMR245W	0.646975295328353	2.96814065282426	16.2222096804828	0.000188129738588592	0.000331980825660101
YMR246W	0.320288854324342	8.65737107651228	8.21974005816062	0.00601354105577404	0.00871469601227145
YMR247C	0.312219512934123	6.80765907949918	36.2521455751168	1.91443482194681e-07	5.19157202494973e-07
YMR250W	1.93496933334195	5.39743543962816	184.992472267443	1.4076953681378e-18	2.5171776979661e-17
YMR251W	1.73782116266862	4.27733084233988	145.86491911312	1.4638539125241e-16	1.78596044477891e-15
YMR251W-A	0.546625318488305	9.46115594058808	3.99984667099259	0.0508546409008631	0.064906300587936
YMR252C	-0.19978414024248	4.46564573521153	8.84454972473076	0.0044850698877248	0.0066210246063212
YMR253C	-0.136744341870987	5.56206360495156	2.3636633591105	0.130384573646203	0.156440931091463
YMR254C	-0.455318855235731	2.4891223418929	10.8870276680003	0.00177374856092096	0.0027484299411776
YMR255W	0.316641147726686	6.60805682282828	72.5637521857991	2.30570061233981e-11	1.14495149493677e-10
YMR256C	-0.0311632362034423	8.05860590645897	0.139998051990443	0.709837262597764	0.738463645710046
YMR257C	-0.0827537038254807	6.10554329450395	2.70572763732441	0.106151552414197	0.129353613110015
YMR258C	0.401255999063998	6.5127832643945	30.9460341884067	9.89202460724397e-07	2.38379048941814e-06
YMR259C	-0.609032254099391	6.4246727280608	106.753359672514	4.28610587033779e-14	3.27451722461438e-13
YMR260C	-0.485058412866392	8.17739463377828	53.1066125666723	1.93545494651886e-09	7.12397201596542e-09
YMR261C	0.773091641739798	7.47935867747946	60.5479488894197	3.23933327715283e-10	1.34890978052711e-09
YMR262W	0.679982116686048	5.45173520081008	39.6187831934817	7.12876912326226e-08	2.05200692304589e-07
YMR263W	-0.478023156914208	5.13241467959339	48.8043823588906	5.78526352551082e-09	1.9809158798262e-08
YMR264W	-0.156386324547643	6.78696679526556	14.4593132783093	0.000384720965540716	0.000653328099919632
YMR265C	-0.0801965269418621	5.72025708058052	2.63523583315631	0.110694916421117	0.134512537235434
YMR266W	-0.325680035626584	7.90339908314088	13.0128181321883	0.000704801011540277	0.00115500095780813
YMR267W	0.0370167306524941	6.60183535854875	0.514512506446614	0.476471162418451	0.515415145132113
YMR268C	-0.0790291392676011	5.02467588040393	1.11531287578963	0.295917438166046	0.333372569125627
YMR269W	-0.764585081446357	5.27019441038499	102.207564843746	9.08887202712053e-14	6.58726820251307e-13
YMR270C	-0.34123515641733	5.67332873973179	16.6880194103372	0.000156220412038274	0.000278579340506447
YMR271C	1.06686838856657	4.93957184729495	310.032130775807	2.69034250075758e-23	1.22229889138897e-21
YMR272C	-0.107878665860635	7.40356961502558	1.44509156261549	0.234880474277925	0.269904176557948
YMR273C	-0.317990503494647	5.64941373968564	22.905710071011	1.50301859666678e-05	3.06340047422409e-05
YMR274C	-1.10029100009372	4.60280086506049	155.970640049428	4.05295353120283e-17	5.48319579954729e-16
YMR275C	0.580048890807839	6.8526823720172	94.3242702427271	3.53362155659457e-13	2.35111344661724e-12
YMR276W	-0.0200869349690767	8.97223469760684	0.148016794998921	0.702040807122335	0.731602949976168
YMR277W	-0.193679767975354	7.19344018452383	5.22441640555183	0.0264691991685996	0.0350542711634619
YMR278W	0.591178329280906	5.6818952565944	119.875074432488	5.51100324234849e-15	4.96316386677775e-14
YMR279C	-0.243230611260147	4.01593967830176	6.45034160611501	0.0141902830003057	0.0195674842368881
YMR280C	1.15035379956331	6.29069310345212	57.6895217252579	6.34300241494607e-10	2.51786366097754e-09
YMR281W	0.253619904017562	5.24292812695467	34.5620521247715	3.192583302837e-07	8.34540452884142e-07
YMR282C	-0.68601324894011	6.35831630851104	99.7461667662086	1.37772048787726e-13	9.75297945371714e-13
YMR283C	-0.0243330621289388	5.23958283531506	0.197246208871621	0.658835581764377	0.690597627717206
YMR284W	0.474301813352233	5.64022505738452	58.4888644831368	5.24589423416731e-10	2.11083966276342e-09
YMR285C	-0.19646837213187	6.33520859209496	16.3541574623081	0.000178390295412506	0.000315892995483228
YMR286W	-0.483790703850599	5.91804606033474	22.3434955857523	1.84006834465163e-05	3.7069278895563e-05
YMR287C	-0.481178669972539	6.23030178155223	68.5074465765865	5.45676925785728e-11	2.54760822406711e-10
YMR288W	0.0865809153540578	5.7064735372997	4.82810564351748	0.0325768219518227	0.0425413324844909
YMR289W	-0.000134110890170944	6.65493329781417	5.66528478850351e-06	0.998110193119587	0.998293394861227
YMR290C	-0.814102820278943	7.86391171185268	44.2618155822303	1.94041570768123e-08	6.09558866272616e-08
YMR291W	0.883293835355866	5.40598431386209	32.54349082545	5.96403242629949e-07	1.48442475107569e-06
YMR292W	-0.422540680696932	5.39676587418375	15.8752606287318	0.000216103351537843	0.000378600634291335
YMR293C	-0.436842968047567	5.68348408272609	27.4852769386467	3.07404869575873e-06	6.92884430202856e-06
YMR294W	-0.48791952335181	5.67409057407281	79.201219668018	5.98315417619641e-12	3.27861769799133e-11
YMR294W-A	0.367763481272636	3.5664954331636	4.80143740162876	0.0330803723150533	0.0431263130500464
YMR295C	0.246934180456579	7.31469392154566	3.61446294211593	0.0629482062528415	0.07926136084122
YMR296C	-0.0954322395598155	7.98771269199952	3.85312920253938	0.0551296702652047	0.069951945096825
YMR297W	0.465865313509979	9.09650320248821	22.2305071782714	1.91679280570222e-05	3.85257002347809e-05
YMR298W	0.38757284444417	6.20131837351865	37.1916780882637	1.44731345767785e-07	3.99965698154459e-07
YMR299C	-0.677005726809196	5.9727569541103	104.822300968661	5.88204130463846e-14	4.39384876842196e-13
YMR300C	-0.548456882015407	9.26674993142555	32.0717992061125	6.91703451840893e-07	1.70351562087676e-06
YMR301C	-0.185552686139071	7.16984867903472	10.5201472969188	0.00208771732975465	0.00320636304327606
YMR302C	-0.0401288413643752	7.96808433701648	0.729537196136794	0.397035644386485	0.436151750816478
YMR303C	0.414886960562263	11.2146008008449	18.4698097839228	7.79374972209928e-05	0.0001447920302354
YMR304C-A	0.982474893146224	3.80267483590379	18.7562531343807	6.98586283680446e-05	0.000130459917025968
YMR304W	0.902699295906693	7.73385614823852	177.704410064165	3.13804491798733e-18	5.17734890534061e-17
YMR305C	0.791588322806313	9.30045031810103	9.01235951485813	0.00414845725689877	0.00614759832596416
YMR306W	-0.222783619407538	5.03592240918578	1.39765680234622	0.242610416130491	0.2781043519869
YMR307W	-1.72370209242507	10.1152394397872	112.201980082954	1.79178141349538e-14	1.46617812437632e-13
YMR308C	-0.297268196875984	8.06618334794845	24.8866948346624	7.4676897355848e-06	1.59073810742618e-05
YMR309C	-0.380031339050124	8.41836747036834	44.3281740113645	1.90558682160184e-08	5.99236186462397e-08
YMR310C	-0.29418788888916	6.51057467705456	19.2817331122319	5.71550054252901e-05	0.000107760815431764
YMR311C	0.0798587184797216	7.7907637437843	3.57580696065163	0.0643253881551644	0.0809284899955861
YMR312W	-0.403151548107444	6.41086178622895	51.488995897724	2.90482468062776e-09	1.03661035496259e-08
YMR313C	0.466022004352102	6.3771141979798	159.934264688728	2.48925969943788e-17	3.45207586564415e-16
YMR314W	-0.272998177668625	8.344240926146	42.604810597746	3.06321567071913e-08	9.273424666006e-08
YMR315W	0.66793645285181	7.73246126643524	54.2654958611093	1.45274010019348e-09	5.44934179296237e-09
YMR315W-A	0.675186787307679	1.15357629695348	20.5264980468751	3.62891894331464e-05	7.02029187381618e-05
YMR316W	2.5170177709232	5.37466605666021	147.222307148627	1.22543572465254e-16	1.52878128927964e-15
YMR317W	0.0189738699240739	5.18978019154001	0.120268200423881	0.730173647426647	0.756646326048243
YMR318C	0.614949390991382	8.43117010312478	76.0929099670863	1.11522810713378e-11	5.81293554471785e-11
YMR319C	0.792047233708151	6.011616165734	234.401877321687	1.08781274884829e-20	2.96977758519659e-19
YMR320W	0.468479541120972	2.32045761649859	12.168567702621	0.00101243395181256	0.00162117251410701
YMR321C	0.317144683673135	4.58889582724587	24.5527496065963	8.3917969972318e-06	1.77639986506075e-05
YMR322C	1.18049627065331	3.8576059321418	109.576514643096	2.75874139513056e-14	2.18119709266946e-13
YMR323W	1.30972229584749	3.89218093173144	125.333477537267	2.47925083611389e-15	2.42663650968832e-14
YNL001W	0.103494173362566	6.46748406668852	2.12907340240178	0.150672637303261	0.179369381287105
YNL002C	-0.179464310099646	7.75316199177576	3.2284235766558	0.0783054883180478	0.097449675568331
YNL003C	0.380476877957742	6.21347246038688	32.8338527051092	5.44535932769989e-07	1.36706587987781e-06
YNL004W	-0.382357258586419	7.8833907394698	129.426882532777	1.36444352128497e-15	1.41031106240796e-14
YNL005C	-0.218940908784171	7.66500227812367	8.36319474607396	0.00561955346926048	0.00818660960058813
YNL006W	-0.174325905004266	6.83819238180705	10.294829282881	0.00230978015660038	0.00353048998076403
YNL007C	-0.869102750412557	9.09767175648769	56.3053906464635	8.83636806776841e-10	3.43304459454844e-09
YNL008C	0.285628162725412	6.81369413210379	24.4165643534092	8.79990365124506e-06	1.85891094478764e-05
YNL009W	2.21896311458551	5.88881431955013	212.110631320354	8.7328243192568e-20	1.93328852565947e-18
YNL010W	-0.329320233500591	6.95545940285517	14.4288549553951	0.000389589229895702	0.000661042149276765
YNL011C	0.412401783959318	5.22740167313871	133.731583251313	7.45786826478282e-16	8.00767230969979e-15
YNL012W	1.64739142992382	5.82563193204427	182.795857635203	1.78977341438694e-18	3.1131830133679e-17
YNL014W	1.17562954265355	5.38112773495905	142.173544890954	2.37345281195167e-16	2.76282614133112e-15
YNL015W	0.12526783237655	8.55557919071974	0.297560087278534	0.587798915325297	0.623435504616796
YNL016W	-0.264907910015521	8.51501809035399	44.2171739201976	1.96421414637641e-08	6.15763940429434e-08
YNL018C	1.03433484031562	1.59145547835676	35.6381097581922	2.4257791153214e-07	6.48380298220361e-07
YNL019C	0.959620338453439	0.975747388656002	58.4632588675316	5.85960551220542e-10	2.34230324086058e-09
YNL020C	0.297278486532663	6.08965609882681	19.4785527709586	5.30498774402315e-05	0.000100269374062754
YNL021W	-0.0176768250464677	6.47607488140007	0.136674196104945	0.713143789977407	0.741396754334435
YNL022C	0.106178265182042	6.31539922041374	2.18946908585633	0.145120727944689	0.17306464088683
YNL023C	-0.0111821478568529	6.3580973759725	0.0212328675050994	0.884721937760063	0.899196520381179
YNL024C	0.353740554163723	3.01460078029413	4.56062739772722	0.037550747073829	0.0485472389436125
YNL024C-A	0.189694355446412	5.8621164375768	17.323514926887	0.000121604954717041	0.000220599214635681
YNL025C	0.306558809187512	5.35448271664435	40.3314638448559	5.81196057921506e-08	1.69297684240485e-07
YNL026W	-0.0462757625746953	6.97460336882691	1.80218892770413	0.185405454351292	0.216900154898283
YNL027W	0.379876723474844	6.87073409473728	114.182980113071	1.31444560733802e-14	1.10225135777877e-13
YNL029C	0.0630704648194009	5.50981767306513	0.462653982123357	0.49946872524989	0.536953134261227
YNL030W	-2.12983943703059	8.89593818728713	29.273961187108	1.69951477884967e-06	3.96575161887191e-06
YNL031C	-1.06149511201883	9.90323033390251	14.552288529598	0.000370249385265327	0.000630864331792698
YNL032W	-0.270847548616535	6.17084221133365	8.99405323192981	0.00418383404088946	0.00619586028726223
YNL033W	0.00652503553114616	0.943197674938728	0.00165342975781007	0.967727039438179	0.971717337308202
YNL034W	1.74095150657189	2.57593015405662	134.101468611284	8.33514878019082e-16	8.871396114301e-15
YNL035C	0.303694918457158	6.36973465238536	73.3241858028455	1.9681809340867e-11	9.89453800720051e-11
YNL036W	1.40201119481203	10.921983291457	45.1224447991917	1.53576258417892e-08	4.90284353040443e-08
YNL037C	-1.77685158444216	10.0456169558922	51.5076173493637	2.89115190101145e-09	1.03294206416419e-08
YNL038W	0.102110502231696	5.45843959101887	3.19313291460947	0.0799042192588369	0.0993580242744687
YNL039W	-0.150459551608653	6.84068918928188	6.68968906570784	0.0126006283314482	0.017510300224117
YNL040W	0.0996029014935298	6.45525476302377	2.82296302784203	0.0990533611930453	0.121457575617978
YNL041C	-0.0812283656680195	6.78139089327653	3.35831861000584	0.0727193569928436	0.0908320569085827
YNL042W	1.2269079938203	5.34709658471233	170.098730304063	7.46611865177622e-18	1.1536479784775e-16
YNL042W-B	3.40032829781544	1.10644573054329	160.657029841269	2.76310390897566e-17	3.79724076700763e-16
YNL043C	-0.0951454100847752	3.719293171934	0.637653745121335	0.428273745368512	0.467934415255474
YNL044W	0.125211040322925	6.74237158449439	2.64942205772879	0.109763181446958	0.133460804603371
YNL045W	1.11520910657442	7.32490594230317	357.063439405833	1.17715298746524e-24	7.31276264049837e-23
YNL046W	-0.704966116408729	5.70248696877123	7.81731352192196	0.00728270806795595	0.0104298110368656
YNL047C	-0.213412913535763	6.11730132389789	8.15806338926207	0.00619180657150914	0.0089559796643734
YNL048W	-0.00918244937341445	6.78919169774496	0.0220632863651309	0.882505820766262	0.897652284822807
YNL049C	0.0630438186642345	6.77268787757366	2.49520671445774	0.120388876971479	0.145220424609147
YNL050C	-0.340013717808005	5.924878343639	34.6535101609525	3.10428176823078e-07	8.13204277323105e-07
YNL051W	0.122575056067104	5.67040401259388	7.53257679350561	0.00834998950153659	0.0118606477100688
YNL052W	-0.564790699012118	9.19896760928536	49.8320333515775	4.43356831548267e-09	1.5423750802662e-08
YNL053W	-0.261288574638312	5.93869902207968	18.9959504629495	6.37152069555684e-05	0.000119500363507548
YNL054W	-0.0959443840683654	6.64341914906131	3.75608927277233	0.0581723030770047	0.0735672997783142
YNL054W-B	0.319428219731212	6.58271666539503	9.99285280978058	0.00264704460234308	0.00401963170305848
YNL055C	0.0258223596971755	10.4313352252783	0.0780151839137677	0.781137312367127	0.803983762923258
YNL056W	-0.494114840008613	6.08685474337825	25.7758909873589	5.49122753413935e-06	1.18970082661353e-05
YNL058C	-2.12843580744807	6.45963365180694	43.8712750008923	2.15939812899528e-08	6.72450936538275e-08
YNL059C	-0.362585178043576	7.26871940554623	120.273487291948	5.1890325492311e-15	4.6940312272985e-14
YNL061W	-0.303906527496849	8.02921106522049	11.2483512380964	0.00151111323371622	0.00236191459996517
YNL062C	-0.575866706357575	6.26969011893384	35.2734463552137	2.57079138519179e-07	6.84644704857726e-07
YNL063W	-0.073068174804964	5.00491317804088	2.2608456312626	0.13886215162335	0.166023719379999
YNL064C	-0.932593529869139	9.48138565544079	65.161536240093	1.13620707581355e-10	5.02705572496576e-10
YNL065W	-0.591663481697339	5.59332417622919	8.37095509683169	0.00559912638220323	0.00815880359378967
YNL066W	-3.17619763493679	7.1753178207972	169.346265799575	8.14170431980132e-18	1.23916739747376e-16
YNL067W	-0.877884486789947	8.86700743112704	47.97070656437	7.19131336615302e-09	2.41882407586406e-08
YNL068C	-0.526031154162003	6.76928294947451	41.3674761080683	4.3316366834157e-08	1.28326054153941e-07
YNL069C	-0.512392378069262	9.94284512742107	23.3591261395781	1.27832373557457e-05	2.62742569283525e-05
YNL070W	-0.646238448822437	6.89738683197282	56.1298473252594	9.21910422127314e-10	3.57481528613032e-09
YNL071W	-0.0761657076163302	9.09583977469511	2.38994805136926	0.128313547841936	0.154138295039801
YNL072W	-0.507934251805206	5.47060116754253	13.0273614269614	0.000700474457818896	0.00114883849655211
YNL073W	-0.320786443825676	6.83950282570125	8.1731574254855	0.00614766857075272	0.0088963646918808
YNL074C	-0.0294685534725872	7.52055654315491	0.287155526279346	0.594383337197568	0.629651254021018
YNL075W	-0.391713169230939	6.52831328237507	21.0204825935895	2.98270059036177e-05	5.8388042424831e-05
YNL076W	-0.0852425418012195	6.64566359197365	6.35316284038217	0.0148946526797663	0.0204461432952463
YNL077W	0.172590972636271	6.0709307777205	2.82699766500224	0.0988187786683306	0.121194344184689
YNL078W	-1.09963858498077	6.70404540495779	7.7646521269742	0.0074685966358253	0.0106859732829388
YNL079C	-0.349847603655569	9.15238035612569	56.7047770469131	8.02595030859713e-10	3.14023042922489e-09
YNL080C	-0.0589120205553406	6.79006521600737	0.628852892795533	0.43145764842403	0.471159491229685
YNL081C	-0.689081710767094	6.72485828047542	36.1415231015375	1.97895122275775e-07	5.35222347585481e-07
YNL082W	-0.967482960267381	5.44237436696485	17.395748470941	0.000118214281248843	0.000214832401266554
YNL083W	-0.191799127111159	6.18723036547801	16.1052843046731	0.000197042545049548	0.000346603586900217
YNL084C	-0.194904342331624	7.2837233971018	22.1558111537458	1.96936472398982e-05	3.95040937056014e-05
YNL085W	-0.204586820656165	7.62830464216079	28.2395389617868	2.38997128188715e-06	5.46997938501089e-06
YNL086W	0.257411889489997	4.49808332424012	19.0245283367804	6.3033628798595e-05	0.000118367900100508
YNL087W	-0.695127986038267	7.75564668522584	69.0174150796509	4.88861663693196e-11	2.31790483533035e-10
YNL088W	0.0172858141077435	7.18371542085883	0.0188101831759355	0.891453172664984	0.905282221048277
YNL089C	-0.62823010641939	1.21711274193646	17.8998274502425	9.78402447614516e-05	0.000179955108793872
YNL090W	0.0341450631064312	4.21318473678975	0.296172062885165	0.588668864772455	0.624140726007437
YNL091W	0.0972921847543609	7.89271842211713	7.41684683192693	0.00883001971621154	0.0125016651237897
YNL092W	1.33646457109076	4.47693883615631	91.9990511792925	5.35949938692879e-13	3.44911546169371e-12
YNL093W	3.04180774568825	4.38228749752452	217.209335602898	5.42137844846229e-20	1.22696475815013e-18
YNL094W	0.330050010504567	7.09877408731797	131.688221357389	9.91335479216103e-16	1.0459706061469e-14
YNL095C	0.180114890639613	5.78438620553356	4.70835684592744	0.0347087730623843	0.0451125128957719
YNL096C	-0.878893272175343	8.61948905579039	63.4392153108557	1.67150706861241e-10	7.24795942572106e-10
YNL097C	-0.252916855449969	5.62780749528201	17.0547410331965	0.000135149370414123	0.000243212937357724
YNL097C-B	-1.20695788089488	3.35927450262413	84.3636886022927	2.20511589522569e-12	1.2945752719512e-11
YNL098C	0.332580473865139	7.83525296963347	32.1052684996528	6.84440493164771e-07	1.68631069299357e-06
YNL099C	-0.248092307909207	6.4703921871063	22.5175806111682	1.72798439321172e-05	3.49345107790382e-05
YNL100W	0.235571375447931	7.44379484122861	8.41862489835292	0.00547470239305678	0.00799088663843915
YNL101W	0.115831783406544	7.64504246651566	5.20005936603294	0.0268066234662576	0.0354471597877011
YNL102W	-1.55252945924	5.96170344674059	27.3398060317582	3.22783814070377e-06	7.25667599726904e-06
YNL103W	0.139377789991501	7.51536325088251	11.4531361862122	0.00138109054551777	0.00216982690093218
YNL103W-A	-0.293774350059677	4.89026525278617	18.246774528521	8.49251867061288e-05	0.000157054841028831
YNL104C	0.421975954838619	10.8138930843468	49.9792036498001	4.26890776140853e-09	1.48934730380832e-08
YNL106C	0.623628928111397	5.90214268355974	52.7002457837673	2.14199792898919e-09	7.79001397352818e-09
YNL107W	0.284991357630741	5.61780131611901	19.6919152846563	4.89459787611367e-05	9.29454518708049e-05
YNL108C	0.285743819570622	4.76475058490264	18.7639783931084	6.96234451426465e-05	0.000130060611852848
YNL110C	-0.864487614330695	6.8251873004055	80.3938368927097	4.72958416190866e-12	2.62476831154968e-11
YNL111C	-0.880924285745588	7.38473626777771	119.321619508673	5.98695536820413e-15	5.33654235455735e-14
YNL112W	0.367202707398127	7.77234414739216	2.14996637046397	0.148724621107547	0.177154273782576
YNL113W	-0.270915258172694	4.96554936746091	6.646623110723	0.0128721692287814	0.0178754028888735
YNL115C	0.666988321348669	6.87729201123007	73.3802289023139	1.94542844376582e-11	9.78823831871595e-11
YNL116W	-0.158577668182818	6.01801124932824	7.54039723672858	0.00831855233030797	0.0118187506620572
YNL117W	0.372194976253016	11.7526721182632	14.4749983248107	0.000382376920916667	0.000650254383949908
YNL118C	0.00498846737371642	8.06435396623699	0.0137777531501911	0.907021968897291	0.918168682433569
YNL119W	-0.226378919799355	5.87194042930082	9.19869000056969	0.00380582176804248	0.00567888306956927
YNL121C	-0.463174433096383	8.82471733848152	55.2761211774001	1.13418215299209e-09	4.34270499837476e-09
YNL122C	-0.261884561067918	5.7120676851243	7.62551002220373	0.00798456297725977	0.0113707647732298
YNL123W	-0.0705192977778351	7.71537266286262	2.50965668293392	0.119345156716662	0.144075612550276
YNL124W	-0.435921792316659	6.50152227608046	31.8622563425892	7.39040871907037e-07	1.81203416358036e-06
YNL125C	0.622171144469706	6.60447103809713	186.520156971744	1.19209467704777e-18	2.166409669811e-17
YNL126W	-0.846977284311753	5.66768182445882	14.7632012553956	0.000339495437489948	0.000581391905327371
YNL127W	0.613421617916554	6.04196194930152	81.1635546365919	4.06883234859034e-12	2.30214231767825e-11
YNL128W	0.246482171015173	3.46779530458594	11.9728268716254	0.00110136282508369	0.00175480159097344
YNL129W	0.00580778487958341	5.62449198773006	0.010751759216451	0.917822329095466	0.92695791963059
YNL130C	-0.335144212030967	8.0038366848312	19.8361989186814	4.63582354559009e-05	8.83622221213289e-05
YNL130C-A	0.122683763897964	2.72353048415339	1.24699427300289	0.269379183711201	0.30533987533677
YNL131W	-0.241427714487137	8.12065062066571	19.5836583656387	5.09846412534296e-05	9.66358953769861e-05
YNL132W	-0.749231701994506	6.87757341278739	81.2631703630939	3.99056077003522e-12	2.26206089087285e-11
YNL133C	0.423247004719021	5.10327001753938	30.6602633573993	1.0842819882849e-06	2.59988528738812e-06
YNL134C	-0.338126568207699	6.96152691803272	2.71422828499769	0.105618023203841	0.128780798170436
YNL135C	0.0887662392395453	8.70794996538624	8.39265954080551	0.00554205764635225	0.00808144837149521
YNL136W	-0.355158633739277	6.48582603080858	56.7185510087075	7.99947354935996e-10	3.13188392080408e-09
YNL137C	-0.488645821304851	7.71540248668014	27.3082250410461	3.26215851822741e-06	7.32301661466388e-06
YNL138W	0.0564243840574642	7.90554932679421	1.35180694975462	0.250385119909553	0.285671778487511
YNL138W-A	0.199946420239022	4.47959529048239	12.3702583036985	0.000927519779086389	0.00149503320494518
YNL139C	0.165956181989652	6.22539066241611	15.9433002449294	0.000210266878874459	0.000368693766874339
YNL141W	-0.159581365947553	6.92372331884904	1.25827076111989	0.267243064645668	0.303257367672474
YNL142W	-0.823710292961698	9.49864283599116	7.69312246089133	0.00772926803004433	0.0110330090895451
YNL143C	0.57710793675975	3.03066060911417	21.3759584141378	2.61882104912724e-05	5.16816270434181e-05
YNL144C	0.846844141605458	5.05514745460464	77.1710271547465	8.97580738093823e-12	4.75999262501323e-11
YNL145W	0.295837283574029	8.4342420073663	0.755896824695693	0.388697409643215	0.427763888269684
YNL146C-A	1.24775650438388	2.73987267188268	25.3145708222918	6.45051891638462e-06	1.38521196341974e-05
YNL146W	0.306701409673315	4.29689378546849	5.57838580057481	0.0220479560025187	0.0294682669908526
YNL147W	-0.363288607676396	5.94772666550635	35.2504584798525	2.58877910591653e-07	6.8913367716746e-07
YNL148C	-0.0777046335953172	5.10067521400541	0.976008097844559	0.327860053879104	0.365569964838092
YNL149C	-0.147942504977354	5.08442949696091	3.09563069734996	0.0845131547180757	0.104640245255978
YNL150W	0.196991526988004	2.24343330775225	3.16173779291361	0.0813737273544587	0.100999643656258
YNL151C	-0.567773646333749	6.4624634492461	50.2844656990486	3.94735039170737e-09	1.38350427085288e-08
YNL152W	-0.228463829363344	6.0326881678588	22.0862372496172	2.01968874879889e-05	4.04469246798935e-05
YNL153C	-0.367210573565425	6.63448148114409	88.1289783735097	1.08406376081415e-12	6.65300420951267e-12
YNL154C	-0.458489123600891	7.97379241166848	129.673945581163	1.31738428427652e-15	1.3686408741767e-14
YNL155W	-0.479823748694706	7.57677444272225	50.2396110537114	3.99295888676376e-09	1.39788002890269e-08
YNL156C	0.42323785271723	7.58352394034442	80.1805175472826	4.9317725740107e-12	2.72703282748203e-11
YNL157W	0.316714326659723	6.70933543982105	21.6236753144779	2.39018181911051e-05	4.74451480754638e-05
YNL158W	0.160707539095103	5.7490484247615	12.5147341247863	0.000871666501139829	0.00140910930933066
YNL159C	0.532589834883145	5.62519924236594	110.663032461683	2.28608799074772e-14	1.84096609625292e-13
YNL160W	1.3759952554441	6.71855358183216	18.1758396490115	8.72796703569916e-05	0.000161164280598533
YNL161W	-0.253935036090767	7.39552728413482	42.6182427994225	3.0517989835393e-08	9.24345881183447e-08
YNL162W	-0.514852057537052	8.51914141503639	13.4436375209906	0.000587466869494389	0.000972932073308444
YNL162W-A	-0.971668949163102	3.37375974674606	54.808300608679	1.27388206238314e-09	4.8140248266844e-09
YNL163C	-0.418606098186471	6.78916994514147	82.7403397421852	2.99762431683208e-12	1.73613966011854e-11
YNL164C	-0.145242813552098	5.91952652566217	5.95144180677599	0.0182298788353002	0.0246794534910624
YNL165W	0.548998312121982	5.74195611861049	27.2294533937946	3.34994400548769e-06	7.50278907375092e-06
YNL166C	-0.857970149945189	6.84034614610069	37.4792846186594	1.32937531922456e-07	3.697230216281e-07
YNL167C	0.142430959591417	7.03505513484313	3.88963841360814	0.0540303763184175	0.0687269199870712
YNL168C	0.13945612583768	6.43844072278853	12.5125884561539	0.000872467733133519	0.00141003014582343
YNL169C	-0.149891628470855	7.30219611300774	2.73425220452244	0.10437318487786	0.127467191481727
YNL170W	-0.0377687427082229	1.18195692140975	0.104394751209632	0.747954487053089	0.774149424885958
YNL171C	-0.246340623144552	1.07614989149762	2.17062201819965	0.146693953563191	0.174803834271425
YNL172W	-0.260250028488401	6.14271121203505	16.1210496915651	0.000195801995219465	0.000344620568631426
YNL173C	0.437901565742514	7.59749063760382	5.85810761629126	0.0191135794532679	0.0257872596629359
YNL175C	-0.307615635681482	5.74284667063925	5.2703678823443	0.0258450543334514	0.0342724223005995
YNL176C	-0.0718768832367393	7.41897068907748	1.72141398663629	0.195398068034333	0.227671471424502
YNL177C	-0.644817778217226	7.38243160384793	36.456087097505	1.80116596909963e-07	4.89968651469104e-07
YNL178W	-0.282375362971106	10.08028859264	5.94674814092505	0.0182732527819999	0.0247326729517153
YNL179C	0.224012441903343	4.63712252140804	2.54231045181899	0.117024724019655	0.141471011732315
YNL180C	0.249367856472588	8.21046744601845	3.43980720832026	0.0694405647894477	0.08695067018473
YNL181W	-0.370448620034851	6.52360672055802	27.3149820130577	3.2547627920904e-06	7.30910950875926e-06
YNL182C	-0.66693580506577	6.62627088738993	37.1241543290331	1.4765468638061e-07	4.07674254278982e-07
YNL183C	0.0339177534052936	7.47755331670897	0.332690618265977	0.566621506059655	0.603391941383799
YNL184C	-0.414593529467115	1.779132392755	5.61046588708182	0.0207449758298646	0.0278000028290151
YNL185C	-0.771190232135629	5.79960927706918	38.0541410942988	1.1226848393547e-07	3.15700013948796e-07
YNL186W	-0.246703667480288	7.75263428805825	9.98297393719586	0.00265891458401534	0.00403576963038779
YNL187W	0.331033959839984	4.81960164830604	33.127497395584	4.96979991827505e-07	1.25752875737567e-06
YNL188W	-1.36200920189132	5.80993521216634	80.7960972408629	4.37202039171864e-12	2.44865318719256e-11
YNL189W	0.215024411044987	8.60121756870966	27.9845075698853	2.60147457803538e-06	5.92287854565423e-06
YNL190W	-1.02554527686302	8.88576338722993	249.55750362963	2.89885319171945e-21	8.82410911559402e-20
YNL191W	0.945007573218434	6.66993621173058	120.501661483252	5.01478151556966e-15	4.56352613853335e-14
YNL192W	1.26875056437651	9.19708142038765	14.4952865764414	0.000379052636830333	0.00064496155758051
YNL193W	1.29244150801123	6.54508244959722	1233.00967117389	2.40142329681322e-37	4.87328834366629e-34
YNL194C	3.60474936034635	7.03475853141858	264.383334957006	8.49376490692491e-22	2.90505846928982e-20
YNL195C	2.29556295802023	5.6550123841179	539.748260013542	9.43475880376145e-29	1.48748087919561e-26
YNL196C	1.70037543841525	3.54906076888627	377.606579011471	3.44778874533096e-25	2.52893227488854e-23
YNL197C	-0.38541692291758	7.42725086435764	32.7937582250098	5.51398881298852e-07	1.38372481011847e-06
YNL198C	-0.431225450040273	1.47487928887453	9.74207498775463	0.0029829389390473	0.00450288427000247
YNL199C	-0.467280734656605	6.54454034124912	73.3862026903789	1.94301895701993e-11	9.78420133195808e-11
YNL200C	0.770744846298715	6.01504610457209	30.6606312099387	1.08411505040211e-06	2.59988528738812e-06
YNL201C	0.421923060098809	6.2563260676083	33.6820748425517	4.1837110383862e-07	1.07108632471384e-06
YNL202W	1.69519425853029	4.87665150744374	122.187821333233	3.97087131682133e-15	3.70777064061477e-14
YNL203C	0.530217669458206	0.972860576814254	12.3885340968666	0.00092639920736053	0.00149362245085035
YNL204C	0.268899424246435	2.9350060269212	8.70517099389841	0.00478711362119836	0.00703620176867591
YNL206C	-0.0916221310269671	6.77975227936147	1.26137537113755	0.266660849528073	0.302653104386075
YNL207W	-0.359485381290415	6.78646414578062	46.4362812220749	1.07915188484005e-08	3.54744960848068e-08
YNL208W	1.56453099700648	8.77831435185889	219.706315402511	4.20200573256394e-20	9.76404996177452e-19
YNL209W	-0.0509804836064759	10.2633498693859	0.584138546932286	0.448223694678694	0.487631496283755
YNL210W	1.20307997096851	3.52690765762864	304.105846643778	4.13043921985898e-23	1.84402892829283e-21
YNL211C	-0.337459094323167	3.99511910857468	33.400490134648	4.56728320845912e-07	1.16098622852188e-06
YNL212W	-0.282904387816832	6.96442720825752	43.1805578611079	2.61137679720321e-08	8.01791541644653e-08
YNL213C	-0.436614235844668	6.23457293578497	45.6088863927404	1.34690460839057e-08	4.35935951934174e-08
YNL214W	0.430112425620195	4.98840453656826	21.5651883479487	2.44203121556919e-05	4.83482472858056e-05
YNL215W	0.17098669826525	6.70011078939028	12.9984970795648	0.000709099507203604	0.00116110753089175
YNL216W	-0.998908465458877	7.30565728411803	96.1055520793173	2.58310630311912e-13	1.74466356467143e-12
YNL217W	-0.3345323470101	6.08931109660908	13.7057855814174	0.000526247092282259	0.000879920982646085
YNL218W	0.131195510196902	5.53742175876295	1.97138534891691	0.166373837972762	0.196371447378475
YNL219C	0.259472645593659	7.67803167020085	53.2766695892794	1.85528392583789e-09	6.85374304642056e-09
YNL220W	-0.356428474808868	9.18411640785272	36.0462648361405	2.0363119146348e-07	5.5000296966711e-07
YNL221C	-0.14952220192143	7.50373176888226	7.63655566739604	0.00794218800168844	0.0113157127438051
YNL222W	-0.138076239014568	5.61322991904385	2.83978986118153	0.0980791518632277	0.120408525215433
YNL223W	0.508680728162745	4.96421015617612	44.903512522351	1.63003670106898e-08	5.18477713485265e-08
YNL224C	-0.0930632011991468	5.89287102407987	3.06015459840541	0.0862621293466587	0.106653908095544
YNL225C	-0.39537241825383	6.02382777744218	26.2612243515499	4.65058746637334e-06	1.01734734082935e-05
YNL227C	-0.448962688289847	5.67783740555684	33.9353154682032	3.86930688352415e-07	9.96882789119553e-07
YNL229C	-0.139161680722786	7.48502631463057	5.40734362964349	0.0240761159123075	0.0320523493711192
YNL230C	0.177341590037257	4.92081641758176	10.9497714985108	0.00172423413568229	0.0026771582295419
YNL231C	-1.03860905922134	7.1593857766653	70.6109916268828	3.47791644654428e-11	1.68445149773759e-10
YNL232W	0.192494644030849	6.56735478468861	17.2715954206967	0.000124106045231935	0.000224734563763242
YNL233W	-0.306201572216306	6.39142342464231	4.50124346040192	0.0387602351742734	0.0500528275473835
YNL234W	-0.592441371794585	3.73977525973519	8.86366658775525	0.00444559793543471	0.00656434640575468
YNL236W	0.0871310412878927	6.51791324783933	2.22779239583355	0.141720662568406	0.169241936782357
YNL237W	0.530994315944328	5.44733029289645	70.9809147236894	3.21680940147746e-11	1.56546248091086e-10
YNL238W	0.0344792070585028	7.28131534159412	0.154702403036966	0.695724271836487	0.725890208558788
YNL239W	0.709457989089727	8.60944968005315	106.848446391256	4.22020578695585e-14	3.23177519886632e-13
YNL240C	0.267351670944801	6.59344441086281	16.7459343615302	0.000152675890154691	0.000272737916450046
YNL241C	-0.00155167389700949	9.20250863221364	0.000394831204689317	0.984224484211152	0.986493029285067
YNL242W	0.580601447878269	5.93128160195679	73.5772872871292	1.86775856757346e-11	9.47576179948935e-11
YNL243W	0.0354616244442058	8.16343209590642	1.05783389815896	0.308572945821485	0.34602912030967
YNL244C	-0.476749109020743	8.50222333319238	64.2279795202051	1.39962236763412e-10	6.10379725942445e-10
YNL245C	0.0860126727609066	4.84365487715325	3.59778370916389	0.0635387243010413	0.0799718324467106
YNL246W	-0.312585278304926	6.51887303182359	114.886210912631	1.17862259280222e-14	9.93830241686968e-14
YNL247W	-0.588640421291191	8.39586189880967	154.508467244567	4.85237938336551e-17	6.45006237684045e-16
YNL248C	-0.73890123001505	7.49038400392173	41.9151192469784	3.7135870817234e-08	1.11480858745227e-07
YNL249C	-0.221613888901582	4.80204531423314	23.6473575887104	1.15406812140313e-05	2.39153156092788e-05
YNL250W	-0.179363280831523	5.63151279701502	13.4832832659391	0.000577757113068304	0.000958938196390358
YNL251C	0.0444546886646454	7.41849958639704	0.0867597787407218	0.769535627683382	0.793384064578566
YNL252C	-0.422159393938625	6.65099406949204	13.7279225393107	0.000521392236158705	0.000872522246765858
YNL253W	0.0494892988648774	6.26012061587704	0.237544565189608	0.628077955205233	0.660746257350865
YNL254C	-0.182685363477635	5.43146126482045	2.04486406598916	0.158831101535341	0.188125242441081
YNL255C	0.0282104401567276	8.28396113321159	0.126013969012969	0.724068053554521	0.751470560865995
YNL256W	-0.383128645755942	7.29323463230146	25.3116773077045	6.44405609780098e-06	1.38431240379013e-05
YNL257C	-0.123764212133733	6.42130439604005	4.76548534157262	0.0336734823484988	0.0438699252167046
YNL258C	-0.00278590018972009	6.7190139471244	0.00487913810446886	0.944586120800348	0.950676194979752
YNL259C	0.292246736164481	6.13340472653851	6.77566587931028	0.0120769374053402	0.0168094181352792
YNL260C	0.148225628608595	5.3491035828958	4.93177481318656	0.0308450545991109	0.0403664429061452
YNL261W	0.0883074483697526	6.20887782951628	2.64122029360674	0.110300773711284	0.134060912428488
YNL262W	-1.28156756339143	5.91705133196736	42.0830612370469	3.54321943930337e-08	1.06471470614407e-07
YNL263C	-0.403347204241804	7.28485360960341	42.0762408283157	3.54978064015792e-08	1.06616006597343e-07
YNL264C	-0.135710962576484	5.70933165269557	10.7259710007838	0.00190443627826769	0.00294119940692382
YNL265C	0.368999214435271	5.01004501927232	38.7293607804985	9.22006220094385e-08	2.61442658031421e-07
YNL267W	0.0640621777865656	7.48597459415061	1.33878540066608	0.252649949811228	0.287878138583335
YNL268W	-0.093389691861128	8.63285431116702	0.991507758815783	0.324084785672343	0.362023518380408
YNL269W	0.638665431827517	1.63939315628015	15.1009707706636	0.000299676900489581	0.000516690164310554
YNL270C	2.86493417125324	5.60547427643374	124.61244979634	2.98358213571059e-15	2.86499180476436e-14
YNL271C	-0.230533274134844	6.48334036803103	32.7092659146594	5.66164061120918e-07	1.41552640825632e-06
YNL272C	-0.385091084525871	6.7890485068069	36.3419945194611	1.86364712968921e-07	5.05835208450643e-07
YNL273W	-1.42166585799457	5.41005450605686	42.7863028611652	2.91305016171453e-08	8.85846622603301e-08
YNL274C	0.27493240990047	6.37182733743366	2.72988569716487	0.104643234456797	0.127720130588008
YNL275W	0.915090635698447	6.06514086324956	332.303708584592	5.82095058673304e-24	3.16410242607417e-22
YNL276C	1.29130744962581	1.62248998343213	39.8562426649671	1.46175380406995e-08	4.69860462469792e-08
YNL277W	0.454920189675675	8.1481216336366	13.0256804998797	0.000700963858905896	0.00114902207135678
YNL277W-A	0.000524923915387239	1.68055519646692	1.84368101231132e-05	0.996590960467217	0.997410121210656
YNL278W	-0.0490246487656793	6.04717768277951	0.163063032873512	0.688043666556983	0.718122722783973
YNL279W	3.70681106402786	6.90144150939822	149.35042016673	9.31502369697681e-17	1.18315487273019e-15
YNL280C	0.756723773844926	7.01687137535802	53.8262314707029	1.61900466964672e-09	6.03952232157429e-09
YNL281W	-0.995012130566343	7.76423069627162	64.5303921751982	1.30796387186917e-10	5.7328178919651e-10
YNL282W	-0.273812830183324	3.89363401276532	11.2531751128968	0.00150804427786536	0.00235772305178334
YNL283C	-0.0987786490685169	7.31375403879325	0.330225172747168	0.56805801327962	0.604710121497872
YNL284C	-0.459655724286336	7.43609382080982	24.8138493091257	7.65950867448767e-06	1.62931826730541e-05
YNL284C-B	0.252740011941099	5.42015075551772	6.36821092627961	0.0147831901832852	0.0203022923157772
YNL285W	0.968832056388366	1.16265942485537	31.7584752069299	7.81414684970597e-07	1.90900987243218e-06
YNL286W	-0.109624497058249	5.53006917803515	7.2833986396999	0.00942016570188488	0.0132846812122018
YNL287W	-0.193944626326031	8.19065475958044	12.8679453245876	0.00074957058463213	0.00122183669628758
YNL288W	0.161553400371357	7.0817133041762	9.51535397375982	0.00329012580461778	0.0049481931567473
YNL289W	-1.48375185039848	6.45748833932307	11.4161466713189	0.00140368463019256	0.00220248248160111
YNL290W	-0.491835184303405	6.93789454308624	132.467927902556	8.88764964724738e-16	9.44293386604573e-15
YNL291C	-0.341145961929056	6.16517373445013	19.7423982069385	4.80233843897238e-05	9.13359463182251e-05
YNL292W	-0.374689977127324	6.19112735851989	45.4819817571454	1.39372217266726e-08	4.49892926150492e-08
YNL293W	0.479347477656555	6.45366011053403	42.5866391190171	3.07875179989167e-08	9.31582552571595e-08
YNL294C	0.268816300843852	6.76760964082987	26.7692756598521	3.91287296651421e-06	8.66238931641401e-06
YNL295W	0.217084875153435	6.28922603826002	12.5099820149413	0.00087344366961556	0.0014112327655572
YNL297C	0.141066736597576	6.65273780952139	7.880572370075	0.00706573159534537	0.0101405407714433
YNL298W	0.0515543071896791	7.53006644777159	0.331365368907626	0.567392783536129	0.604107601638327
YNL299W	-0.855842591657455	5.94550217406832	104.613247628788	6.08843243512763e-14	4.54244812071777e-13
YNL300W	-1.81437466801078	6.83358326211216	16.2115658232121	0.000188840521906624	0.000332945582788163
YNL301C	-1.14982991661129	7.72148995634912	81.154399105168	4.07603171879271e-12	2.30407438291644e-11
YNL302C	-0.411205117812202	9.05936080295059	14.4440739671119	0.000387148490804101	0.000657267153378518
YNL303W	-1.0194931206896	0.875115224126284	21.1175238980289	2.80083573152379e-05	5.49870620235951e-05
YNL304W	-0.531963228554193	4.84480062291874	15.4624354415254	0.00025529116473542	0.000443933907714721
YNL305C	0.512198267676162	6.90598990876647	68.8472130069399	5.07108216058008e-11	2.38953159393278e-10
YNL306W	-0.747694052902042	7.48674780116312	64.6975224612458	1.26000797149004e-10	5.53857655626815e-10
YNL307C	-0.355393969151782	7.95657522227341	43.8001927750675	2.20175793780381e-08	6.84591538577609e-08
YNL308C	-0.753154345743502	7.73507621865528	72.8032959248484	2.19330858972074e-11	1.09449694214917e-10
YNL309W	-0.499531541103969	5.64634288300178	8.69157171159268	0.00481673468448145	0.00707803059597467
YNL310C	-0.284653293715431	5.48958461620736	11.062438861786	0.00164030860828437	0.00255728522592453
YNL311C	0.174238959768028	6.72411713708468	22.8151713267422	1.55260393481981e-05	3.1581198647454e-05
YNL312W	-0.223601898820039	6.39443419580245	2.23408947850159	0.141170829532266	0.168684594738456
YNL313C	-0.615289544172607	7.06731208329053	70.391432920378	3.6439600025002e-11	1.75370976246808e-10
YNL314W	0.288464643269114	5.06456534319861	25.6111466204294	5.81192152697297e-06	1.25553763050937e-05
YNL315C	-0.281767877710134	6.87030872411492	9.42363400363702	0.0034314563328565	0.0051492990274662
YNL316C	0.159753749326934	6.02882742650576	9.83729709824483	0.00284062700491347	0.00429871668056505
YNL317W	0.37733720388963	5.65869826978871	58.7065266529185	4.98308989825364e-10	2.01040764085939e-09
YNL318C	1.73052119939481	0.750584046771795	55.069013815615	1.36792451820491e-10	5.97412085138556e-10
YNL320W	0.338597124206516	5.80314362899513	36.8736636655522	1.59053717992889e-07	4.36769975255168e-07
YNL321W	-0.0083567567104122	7.1487240852654	0.0334189884291839	0.855674447966865	0.873465130654305
YNL322C	0.258057059490046	7.66989995063536	26.229297068609	4.70151301524787e-06	1.02738015925445e-05
YNL323W	-0.0671329675241907	6.34590082500245	2.69575100778785	0.106781581158367	0.130017253218428
YNL325C	-0.0550782245146718	5.03412729595194	0.732835376743306	0.395978289122734	0.435145084328968
YNL326C	0.591090472143454	5.74777087447639	150.818302627145	7.72208754666625e-17	9.89727768086403e-16
YNL327W	-4.34636839097495	9.02439809425911	42.7052517331196	2.97907202045924e-08	9.03666689614145e-08
YNL328C	-0.581149493567039	2.93333824932647	18.4671011575344	7.80659562748381e-05	0.000144986437401225
YNL329C	0.0123208906863742	6.60851903730313	0.0168416494887992	0.897255676462645	0.910112055698864
YNL330C	-0.302380488674688	6.97885514010547	82.0556607707104	3.42133305209173e-12	1.96315510095518e-11
YNL331C	0.546774731372776	5.67851819319594	60.774750737391	3.07439383446151e-10	1.28652524162657e-09
YNL332W	1.07348081696589	3.58299365746831	80.8932612539415	4.31009996419203e-12	2.41842291078351e-11
YNL333W	0.972413751198767	4.81694300179002	100.677698547612	1.1778766030375e-13	8.45626504633525e-13
YNL334C	0.545442533757183	3.11065340343518	21.3205648705185	2.67314954894313e-05	5.26579877361846e-05
YNL335W	1.49911902400369	2.93103130041772	45.0548730969051	1.60353420504942e-08	5.10581393323267e-08
YNL336W	0.451905752799947	5.71297310708999	59.8829085771685	3.78153590360663e-10	1.56081292075642e-09
YNR001C	-0.215342108040366	11.101573032791	1.63639179459739	0.206622650715404	0.239831972841826
YNR002C	2.58818447325091	9.05837136248418	180.639742721552	2.26816773387521e-18	3.84640812363016e-17
YNR003C	-0.462115176531054	5.9139819237985	21.0386527621377	2.96280130975609e-05	5.80358248835105e-05
YNR004W	0.582767929288326	3.96470255490929	65.3570263941125	1.0892997041127e-10	4.82653318678176e-10
YNR006W	0.547242383330439	6.92242121644909	108.567975445995	3.19492397718069e-14	2.49048619373573e-13
YNR007C	0.449977707336978	6.04718814419308	98.628139285251	1.66837469129259e-13	1.16080744235306e-12
YNR008W	-0.603425695754119	6.72532744615983	166.928397509789	1.07962645131233e-17	1.59533151349259e-16
YNR009W	-1.52964627255226	5.68740555444393	21.5990419582484	2.41186838276683e-05	4.7828842717539e-05
YNR010W	1.09578635018693	4.60514009092031	206.859328969575	1.45956772838148e-19	3.07468800359393e-18
YNR011C	-0.208938244128451	6.31335627147925	6.73837591976698	0.012301175685522	0.0171097915406576
YNR012W	-0.670255470538288	6.14172686824136	32.8844139952979	5.36009314467066e-07	1.34732646840442e-06
YNR013C	-0.0520226672882073	7.22714493494999	2.21201924486641	0.143108789687272	0.170832610120807
YNR014W	2.43255894539038	5.12495357800557	179.243243678344	2.64928516226809e-18	4.46782494955349e-17
YNR015W	0.566539827668166	6.9634888285189	30.1275527408795	1.28731750411117e-06	3.05901208627197e-06
YNR016C	0.155679993164879	9.91560903583719	1.67911085428691	0.20088851173483	0.233755592400926
YNR017W	-0.475385015559902	7.77216653186468	32.3918167034131	6.25412592469016e-07	1.55218583895286e-06
YNR018W	0.141948348952073	6.6787659678368	5.18106551562627	0.0270729589799129	0.0357760308812046
YNR019W	0.975489621355041	7.22861476490466	413.979576049008	4.20551083415156e-26	3.71060144323402e-24
YNR020C	-0.862763567374906	5.65032008943408	100.383597279242	1.23623022258122e-13	8.82317654756681e-13
YNR021W	-0.248382791331846	7.47778537802108	20.8134583156134	3.21980054749274e-05	6.27268663460345e-05
YNR022C	-0.637730247150536	6.35400551862379	53.2950803799931	1.84684256413012e-09	6.83084904643024e-09
YNR023W	-0.510997429255492	6.0696804754821	60.024850990853	3.65817967151525e-10	1.5140039320316e-09
YNR024W	-0.773751893181424	4.13646533165293	63.9947945288564	1.47622902548473e-10	6.43327294713746e-10
YNR025C	0.0445574538439581	1.46651604611193	0.134425162625931	0.71541264564746	0.743501568231774
YNR026C	-0.245884973644561	6.23201034372048	32.6442502957647	5.7780532880142e-07	1.44108104946458e-06
YNR027W	-0.0386245004277316	5.42457739840007	0.915807296634301	0.343102084925455	0.381447314285275
YNR028W	-0.813931474115787	6.74930603873626	44.7424904621532	1.70235557973538e-08	5.39788581741093e-08
YNR029C	-0.329079097025239	6.21780871587316	82.7362177120079	3.00003108154519e-12	1.73613966011854e-11
YNR030W	-0.21315567074444	7.06926014836978	25.2483160908276	6.58688933380357e-06	1.41300148922467e-05
YNR031C	-0.0372970300884612	6.06429695267289	0.826960119073144	0.367439376230368	0.406352574476018
YNR032C-A	0.132936685188962	4.57644561409528	6.37721282117504	0.0147170893904019	0.0202160740543247
YNR032W	0.741208324793999	6.11450423371777	369.585826639661	5.44298094171024e-25	3.76555317876499e-23
YNR033W	0.837704444694144	7.35156166981016	448.422899342812	6.79385134520002e-27	7.01033338806402e-25
YNR034W	0.765354701980978	5.70818943171527	136.834767727164	4.864543177391e-16	5.42278994459469e-15
YNR034W-A	4.3150749954705	6.44609918918585	674.486734484657	5.04489149002504e-31	1.91958121195453e-28
YNR035C	-0.0143563365251748	7.99003397156995	0.14140086007663	0.708455221566111	0.737151835394716
YNR036C	-0.25513801433039	7.11662227064221	6.4079610399222	0.0144927027682217	0.0199438459432491
YNR037C	-0.172819780190476	5.71173063708653	1.69300274500181	0.199065407825556	0.231722792130399
YNR038W	-0.438175309120902	6.61678237626847	55.3121572898619	1.1242717373991e-09	4.30746780194194e-09
YNR039C	0.238517352111358	6.33789985270522	29.7468632749045	1.45653268512484e-06	3.43430324827266e-06
YNR040W	-0.699656090670699	5.3524414827787	49.0328028478024	5.45175337700425e-09	1.8719839006882e-08
YNR041C	0.180424474582128	5.03409234081341	5.66265483517547	0.0211161102360324	0.0282849018959219
YNR043W	0.469679017842258	8.42164575681105	111.048275438913	2.14984542502997e-14	1.74277748969141e-13
YNR044W	4.39149917213289	8.70390977729248	170.686601463223	6.96880176495938e-18	1.08506560473332e-16
YNR045W	-0.359892619814713	6.04625050892196	31.4007161250462	8.55608310504423e-07	2.07858874475296e-06
YNR046W	-0.130536470737919	6.68931602372841	4.81096643355518	0.0328730892157134	0.0428914203054571
YNR047W	0.740476196952182	5.57634257319944	78.2733604836679	7.19406726159039e-12	3.87206157259893e-11
YNR048W	0.198089558363969	5.6379888858393	15.1295644124065	0.000292256855171473	0.000505184478785897
YNR049C	-0.30924383304972	5.54680057958949	41.2422911842569	4.48773298924803e-08	1.3243489306128e-07
YNR050C	-0.65081632190815	10.0986463216535	26.1984258815638	4.75132576605941e-06	1.03714848561383e-05
YNR051C	-0.692138923751126	7.56318129640661	146.911525363459	1.27378735638818e-16	1.57618240359578e-15
YNR052C	0.0109246352922126	7.35389380199149	0.0619313808461551	0.804470456390249	0.826322952337411
YNR053C	-1.043763394499	6.97819674170618	81.3932893763067	3.89074536560785e-12	2.2137250267122e-11
YNR054C	-1.09908306786685	5.9680943646002	178.736807496827	2.79704622677663e-18	4.65257306792791e-17
YNR055C	-0.0844961457306564	6.32985938205969	4.99044458416741	0.0299089972124124	0.039217311012097
YNR056C	1.84823054306816	6.00759763681136	48.0052876153561	7.12709010940647e-09	2.40120224604685e-08
YNR057C	-0.0162966201214194	4.84579149018104	0.0739005068937195	0.78683983611293	0.80944253502121
YNR058W	0.819406096087226	5.24460758881153	187.426660792177	1.08212362648843e-18	1.99032285137812e-17
YNR059W	1.48193905484416	5.46543195328528	517.014104808448	2.5551067326517e-28	3.53533858826899e-26
YNR060W	0.510913939691534	6.18897791503307	6.44026532262857	0.0142612233460198	0.019656402021863
YNR061C	0.464877076378479	6.0288042831136	54.5859496603851	1.34274608235582e-09	5.06169544853388e-09
YNR062C	0.185211059389852	3.99120159228883	5.76882595011656	0.0200023906269478	0.0268877355126647
YNR063W	0.143586933073242	4.02498134523904	2.00753980392769	0.1626123113005	0.192192535662482
YNR064C	1.50847611992829	5.08001089659166	59.6401293861217	4.01108249680168e-10	1.64440877040597e-09
YNR065C	0.229041957551303	6.07984972883001	3.11852789920733	0.0834044298804635	0.103330518744864
YNR066C	0.365899887465856	4.649674697595	7.99078044538996	0.00670417915060358	0.0096462306265765
YNR067C	-3.98743475208903	7.81011727449281	44.8331245758209	1.6611582139402e-08	5.27549880358266e-08
YNR068C	-0.279784647065518	4.91082190333349	3.3374374261866	0.0735871205052307	0.0918217646312451
YNR069C	-0.203784509744536	5.45210739867399	1.43349455893723	0.236741888773164	0.271940494122834
YNR072W	0.694566488591082	1.20697174581165	24.355964426888	9.23376521881668e-06	1.94180181872732e-05
YNR073C	0.744226053465756	2.38297753782739	32.0689120927509	6.96342473289632e-07	1.71424705919421e-06
YNR075C-A	0.699467628295727	1.94599957852008	36.3061032700463	1.89617808165719e-07	5.14435479551202e-07
YNR075W	0.777657491579905	4.80402061304728	96.1056295178461	2.58489903964131e-13	1.74466356467143e-12
YOL001W	0.345364455449998	5.57845238969138	29.5988427775693	1.52849809744778e-06	3.59146909195758e-06
YOL002C	1.02409293503468	6.51412889748815	37.6364080700307	1.26921631523196e-07	3.54124148814489e-07
YOL003C	0.0288918692132247	5.81582913398816	0.587233625588416	0.447030600626262	0.486507382304734
YOL004W	-0.117616512793671	7.52529371548934	12.7764172836699	0.000779382000002249	0.00126766700935445
YOL005C	-0.431858473725277	6.41900734640662	133.539566824802	7.65469571872605e-16	8.19012083226788e-15
YOL006C	-0.592071693588248	7.14764624415176	23.2268453759821	1.34000711816443e-05	2.74494055699362e-05
YOL007C	-0.509475654865092	6.24012600869607	1.9551859996618	0.16809274362069	0.198230181757265
YOL008W	0.383462341587075	4.7698513173216	57.056773107375	7.37901824652355e-10	2.90578674546154e-09
YOL009C	0.036632452483311	5.18102181132279	0.38252382331147	0.539013932431278	0.576311348900882
YOL010W	-0.405588579717564	6.56615410300107	13.3133067832255	0.000620635793416489	0.00102563265752432
YOL011W	0.335084826004636	7.46808029265889	8.22735134929638	0.00599192154945892	0.00868750140345461
YOL012C	-0.95741563081828	6.60574706851327	34.4314024368127	3.32241032468951e-07	8.66245569880503e-07
YOL013C	0.873703622859868	6.69990462924367	528.151187005164	1.55479065080268e-28	2.36639137052168e-26
YOL013W-B	0.898424730792328	0.880393064702645	22.5453370273453	1.74315525597681e-05	3.51867678991605e-05
YOL014W	0.70914418543041	5.47628534502929	70.6252164189111	3.46966183996573e-11	1.68179150332097e-10
YOL015W	0.221055356772869	2.68047112876544	4.10455432295938	0.0480285102331189	0.0614409687537777
YOL016C	2.06107644118346	6.99539033799041	124.2695297292	2.87120942209539e-15	2.77459094630425e-14
YOL017W	-0.733160649138872	5.41708306913451	9.29875127157519	0.00363427184790215	0.00543355771366117
YOL018C	0.0609240764725058	6.35841069887586	1.39230605259547	0.243501820295306	0.278916101967606
YOL019W	-0.663238756721484	7.30590595385108	4.15922174045958	0.0466164327187297	0.0596952640069171
YOL020W	0.656197852100364	6.70350136010493	139.750463801712	3.27591489046206e-16	3.74179546963097e-15
YOL021C	-0.145065771919323	7.74101075471793	11.5203480838942	0.00134101892126093	0.00211013781148529
YOL022C	-0.238063470171006	6.78929516970198	14.5382518137203	0.000372397427704757	0.00063399204134971
YOL023W	-1.03199359038232	6.27860736937477	97.4183718259937	2.05569347351623e-13	1.41253519940934e-12
YOL024W	0.8720750196968	1.2039031710849	20.3494264858528	3.92186926918578e-05	7.55102470297376e-05
YOL025W	0.541270337753668	5.99631295792247	110.413968210396	2.37804148981672e-14	1.9049363934216e-13
YOL026C	-0.193074393893341	5.23457880958084	15.1587911799619	0.000288799988626989	0.000499776671620554
YOL027C	-0.0720446956306843	8.44113667620439	2.01671026276627	0.161672734215803	0.1911933966406
YOL028C	-0.0590326078934149	5.43702258931305	0.937488938060863	0.337503236517672	0.375702999436751
YOL029C	-0.00977463905104886	5.25394466367867	0.0145354839195948	0.904511735005942	0.916555832675794
YOL030W	-0.401608310466293	9.11606256136614	41.7309593350305	3.91047286836072e-08	1.16930053156091e-07
YOL031C	0.188600233987576	6.54150046224396	9.03535382636029	0.00410447189824257	0.00609018399134798
YOL032W	0.616289558183925	6.13765248552666	34.7125858159237	3.04880618345573e-07	8.00048795037865e-07
YOL033W	-0.789736432680678	5.6464492672493	42.7813621263245	2.91674635286052e-08	8.86527798113571e-08
YOL034W	-0.375694175185472	6.07198846860109	20.654169753562	3.41557747905424e-05	6.62441404666525e-05
YOL035C	0.663041693524008	0.897464069325809	23.5991185806311	1.20276359504118e-05	2.48301958854211e-05
YOL036W	0.678322902725752	7.38401779034859	242.011238279994	5.55204324566548e-21	1.57947847100988e-19
YOL037C	0.56868487009482	1.83748394987825	21.5787322036718	2.44631037883532e-05	4.84172223223324e-05
YOL038C-A	0.587605670008217	3.62989764867151	54.2368576096578	1.46489899629029e-09	5.49156717328526e-09
YOL038W	-0.30633742097214	8.5632621519021	40.5031180270233	5.53381261537526e-08	1.61582020155418e-07
YOL039W	-0.26097089501306	8.78101168525777	6.19185043370594	0.0161483368531943	0.0220725358693864
YOL040C	-0.555333715516357	10.4349942445774	32.6316575287543	5.80085852946582e-07	1.44558439326189e-06
YOL041C	-0.640395961456529	7.25693044716969	61.3639323729673	2.68282242632977e-10	1.1310957708792e-09
YOL042W	0.237471277060621	5.90959036706266	18.5235981460553	7.63356050490592e-05	0.000142032751692748
YOL043C	0.398229458841879	5.2575438837083	57.9750240998956	5.92638398752217e-10	2.36744263228576e-09
YOL044W	0.729942691350771	5.09626516627243	176.072374094022	3.77380135476137e-18	6.15949132648451e-17
YOL045W	0.3974029064195	6.70282787631855	18.1568574138209	8.79205610773337e-05	0.000162298476603641
YOL046C	0.371547777306816	0.285992362588448	2.23040149114884	0.141457066088608	0.168993449440236
YOL047C	0.867502006425754	3.14633397474478	120.22020593338	5.27592148667255e-15	4.75849037197963e-14
YOL048C	0.601434754909428	6.14029015243973	39.2409238465173	7.94874698227998e-08	2.27192355061599e-07
YOL049W	-0.267870256810962	8.25841616627639	39.8306068535706	6.70687550946293e-08	1.93789549604225e-07
YOL051W	-0.091758226498432	7.89527473713573	3.31789036343677	0.0744092124316298	0.0927905131675056
YOL052C	-0.248203496555457	6.6955904887702	26.3205266633913	4.55746108237217e-06	9.99129386729628e-06
YOL052C-A	2.11671970063287	6.24885647051741	71.6966415082207	2.77041334814804e-11	1.36018358576817e-10
YOL053W	-0.0875669408634565	6.34139045114597	1.48773607349397	0.228190162618517	0.262811522894728
YOL054W	-0.0252563123928679	6.08370989172938	0.247690734538559	0.620849346337736	0.654427662604364
YOL055C	0.283037651523943	5.63198377207062	34.807473238645	2.96207538080484e-07	7.80654325469258e-07
YOL056W	-0.293976894534618	4.74635520443558	16.7791387323804	0.000150694886876447	0.000269357155403349
YOL057W	-0.0187180373319453	7.34103695300368	0.278226080587634	0.600158227396411	0.634444050770855
YOL058W	-0.0511402974854904	10.603184984084	0.24618134369211	0.621912858743445	0.65505285190832
YOL059W	0.323338855296768	8.12050031176882	10.3810712732497	0.00222198639115748	0.00339975656960501
YOL060C	0.406758566208451	7.85665709123232	44.4642075688842	1.83621127013382e-08	5.78316306910227e-08
YOL061W	-0.0775153285167493	7.67967737647181	4.59394003495232	0.0368870514253914	0.0477195854393929
YOL062C	0.343345169353584	7.03361806861157	71.0856342886645	3.14528068914889e-11	1.53187750684308e-10
YOL063C	0.253801983079354	6.0844572654425	73.512253642219	1.89292706268244e-11	9.57154481529128e-11
YOL064C	0.491179206405968	8.90065565097978	49.3158455898809	5.06524523520958e-09	1.74320028219084e-08
YOL065C	0.316621755588615	5.06399605985707	50.6837643774892	3.56533022658133e-09	1.25976380844034e-08
YOL066C	-0.176926510830157	6.34034275549132	13.9413837358858	0.000476916932973616	0.000801399472244927
YOL067C	0.0607218384214468	5.54333643515783	1.29584256294349	0.260304325417042	0.29593515091297
YOL068C	-0.00369717134623547	7.30958946062948	0.0103315060720791	0.919438627081513	0.928282315368532
YOL069W	-1.01361765965705	5.19102697643378	201.885610380607	2.40009631694931e-19	4.88688507611619e-18
YOL070C	-1.46839947260747	7.31523830629629	126.568667107316	2.05518586425037e-15	2.05114287566496e-14
YOL071W	0.24531132359341	6.38860667977321	4.26223037479605	0.0440825189739945	0.0565594047447163
YOL072W	0.129194441502289	5.60268375939257	6.30995729834519	0.0152199589824722	0.0208597726891695
YOL073C	0.641062153410124	5.81130714539445	267.290355966694	6.70391616305683e-22	2.33219666289657e-20
YOL075C	0.0455653701137146	5.17930682143797	0.460936510772638	0.500262510537352	0.537660036183439
YOL076W	-0.750329548489314	6.40961051110838	174.036451910568	4.74685366476839e-18	7.60495923976579e-17
YOL077C	-0.673032988778525	7.57165878236534	42.9492197146302	2.78396953573562e-08	8.50416785426915e-08
YOL077W-A	-0.6634262832248	8.06763512542455	48.3298997612716	6.5456872316512e-09	2.22130121885688e-08
YOL078W	-0.419692056451617	5.47352545608674	51.7687959649317	2.70682075397671e-09	9.71073939317041e-09
YOL080C	-1.05996096100718	4.68605096800611	76.9178496321035	9.44851237984103e-12	4.98894565207911e-11
YOL081W	0.642431344606139	6.51526594197392	100.023646330864	1.31409759250939e-13	9.33515302590098e-13
YOL082W	0.480516878051806	7.30046464425707	38.4704217402339	9.94030383384054e-08	2.81080212449704e-07
YOL083W	1.02437612833588	5.32318909762782	101.799674057828	9.74111586426223e-14	7.05159493241717e-13
YOL084W	3.67065328597366	7.8071461553431	183.523941100849	1.65097716659799e-18	2.88826120409442e-17
YOL085W-A	2.73010140464195	3.35845444272502	603.252322342403	1.23724106689565e-29	2.51077453842024e-27
YOL086C	0.553412805307482	11.3900496169119	38.1474332191525	1.09238868699069e-07	3.07322658336383e-07
YOL086W-A	0.117873141320559	5.15345821984883	4.57095909996858	0.037342347256369	0.0482880650163072
YOL087C	0.399588039369385	6.69636415019621	75.6075033433835	1.23088836602848e-11	6.37214997651478e-11
YOL088C	0.0943159773309653	6.92932176995415	1.33968388678097	0.252492855324985	0.287752995735401
YOL089C	0.870898469321331	6.19957234733112	256.717258945531	1.58851010057271e-21	5.08992078541403e-20
YOL090W	-0.141277849978991	6.52941566087384	0.658934121457592	0.420716773927643	0.460255834622011
YOL091W	0.219884682902893	3.9266279020789	6.50508693509666	0.0138091586710342	0.0190943668019748
YOL092W	0.0679528574721768	6.90341333500554	1.02368551953681	0.316432323575741	0.354190105888786
YOL093W	-0.687824236776767	6.19186856466361	65.1525107855087	1.13852474403673e-10	5.03365188213189e-10
YOL094C	-0.059822627837804	5.50898308806519	0.587263072265005	0.447019291009935	0.486507382304734
YOL095C	-0.303154478907329	5.16037473003855	9.25061664730224	0.00371581240248756	0.00554865487033217
YOL096C	0.115757891966101	5.33313553611485	1.61259458651155	0.209903002234916	0.24326850896748
YOL097C	-0.210176410743683	8.04636324727587	13.5714431156461	0.000556738934365346	0.000926961739171953
YOL097W-A	0.605439931233246	1.08403768885879	21.8288905422152	2.26019552362396e-05	4.50116792535906e-05
YOL098C	0.0805981463411631	7.9225450814016	5.21877745541728	0.0265469082386127	0.0351418954896009
YOL100W	0.0169054693730318	6.4436610927528	0.267374249146193	0.607338541803558	0.641477627081898
YOL101C	2.11471842356448	4.79683133350619	60.368033620759	3.47873287529922e-10	1.44464704944213e-09
YOL102C	-0.221131723557324	5.23208940077172	8.96769120562118	0.0042354018883086	0.0062676535478908
YOL103W	-0.414953099733565	6.92278627055049	57.9218911375883	6.00013664153498e-10	2.39376355659666e-09
YOL104C	0.769093299360533	0.931728500100967	10.5730608249495	0.002056084949347	0.00316176942955912
YOL105C	0.862406337318955	5.74061097529169	105.543287839573	5.2248580060746e-14	3.95142056409716e-13
YOL106W	0.849709455199354	2.02600415644282	43.4120883522549	2.51991813293052e-08	7.77142268009603e-08
YOL107W	0.572021826122982	5.87230626268066	146.646319201315	1.31840171206124e-16	1.62478332449976e-15
YOL108C	0.313634755879248	5.50045982594888	43.4379517207195	2.43255723661472e-08	7.52375342869084e-08
YOL109W	-1.88882741506109	10.4658080613731	287.258428275522	1.41613748590783e-22	5.63493138183457e-21
YOL110W	0.655508531141926	5.81680546404999	155.66923108269	4.2025771253236e-17	5.67301320154548e-16
YOL111C	0.257598027801902	6.40741415247037	27.1796659171341	3.40638903741772e-06	7.61590027903014e-06
YOL112W	-0.635145983578768	6.6052354138749	81.0407952332937	4.16737219126479e-12	2.34916313892778e-11
YOL113W	-0.296372515842776	6.94404035564322	8.63361395971704	0.00494910256865489	0.00726552602796503
YOL114C	-0.738985764184673	3.64895994053933	69.0508116975574	4.86915979803058e-11	2.31228118957958e-10
YOL115W	-0.600656323820032	6.36205900431839	88.814897432296	9.55174064303741e-13	5.89766704207016e-12
YOL116W	-0.428177677384479	5.80872994538211	109.144099215773	2.9127610299471e-14	2.29107094965348e-13
YOL117W	0.18013521104728	5.11589298228405	11.4402570283895	0.00138894682680745	0.00218048176420933
YOL118C	0.855249028099388	5.20580642775517	81.684087882744	3.67842031846914e-12	2.10077137887806e-11
YOL119C	0.225770868604585	8.55708495303384	10.0830243761887	0.00254122548684895	0.00386581228484169
YOL120C	-0.581096982459584	10.0003492739304	17.9384843252728	9.56771957056074e-05	0.000176136307062515
YOL121C	-0.851087441898399	8.40738966262508	51.6500265943857	2.78891331899491e-09	9.99935470320437e-09
YOL122C	-0.232794669775403	7.17591118351019	7.18980852080352	0.00985877998730249	0.0138582896704451
YOL123W	-1.3303385695766	8.28569077640971	108.347172359974	3.31059010195311e-14	2.57405779574592e-13
YOL124C	-1.19989964572311	6.3253865975157	91.2419298532714	6.1344570771323e-13	3.89838984191873e-12
YOL125W	0.427027608375399	7.13988874397398	9.01196174781731	0.00414922495423567	0.00614759832596416
YOL126C	1.46037544431026	10.887714765887	117.83836458982	7.49738039810429e-15	6.59596125197384e-14
YOL127W	-0.540445904050513	9.86891284343038	28.0993751743231	2.50389709104957e-06	5.70930450092158e-06
YOL128C	0.168381425067955	5.35246760594663	4.10197464021576	0.0480929410876483	0.06151046750874
YOL129W	0.533564432265763	7.37872078688412	97.0508609489443	2.19081493104859e-13	1.49693392819571e-12
YOL130W	0.294599228606215	7.03577707950192	44.2348149067305	1.95477651754573e-08	6.13437084475177e-08
YOL131W	1.35211488927625	1.48141590129343	117.556508856447	7.12118742312963e-15	6.27406498292521e-14
YOL132W	0.912880222181041	4.0952553547171	90.8825886731344	6.55937690354962e-13	4.14677950039565e-12
YOL133W	0.481214658108692	4.4869716986087	83.0364405967903	2.8338451692183e-12	1.64779841358176e-11
YOL135C	-0.21977149752159	5.52301307455397	20.893642274402	3.12573925148675e-05	6.10702842203188e-05
YOL136C	0.69907846091327	6.79290968991259	82.9204014444966	2.89617761624941e-12	1.68083215707592e-11
YOL137W	-0.374240658525637	5.7183688396528	42.2811758619745	3.35241414024354e-08	1.00987121651671e-07
YOL138C	-0.108815918620007	5.90826247322986	4.64120630508619	0.0359698022159042	0.046632060453668
YOL139C	-0.243541814142453	8.97178533703336	37.270459948092	1.41395611866918e-07	3.91458156000816e-07
YOL140W	-0.632744383036397	7.12706775727408	74.8459470637434	1.43808667358551e-11	7.40073682906895e-11
YOL141W	-0.566381470661358	3.54583523625535	33.0705476614107	5.06124791274159e-07	1.27907336209094e-06
YOL142W	-0.098007005944473	6.35131099694773	1.97481846548938	0.166012116960479	0.196058538905023
YOL143C	0.683384023002225	6.74878295300076	245.542326385831	4.0879125708799e-21	1.19077568093382e-19
YOL144W	-0.806473774099835	5.59682667863856	78.6802968594483	6.6346047739994e-12	3.59674745005417e-11
YOL145C	-0.725229647176823	7.46949310088668	362.485975557202	8.40438722426667e-25	5.62262740893796e-23
YOL146W	0.260054522421219	5.0239101899837	4.69264950055669	0.0349996311616227	0.0454226720340991
YOL147C	0.548422118040435	7.34902000020961	16.8861581975525	0.000144439986546659	0.000258956363095556
YOL148C	-0.258222320464701	6.25154741207941	33.9468164466501	3.85554355285039e-07	9.93757372978544e-07
YOL149W	-0.644122384874115	5.84061868683145	44.3894561740153	1.8740697411605e-08	5.89629797632305e-08
YOL151W	1.73075558829	7.1164647203543	82.476594654534	3.15405178405306e-12	1.81835864216998e-11
YOL152W	-0.265225273124569	6.14279011624898	0.463255733541885	0.499191272331207	0.536749640754572
YOL153C	0.800615013401916	5.50838100073528	33.5691760869385	4.33280036065427e-07	1.10591618625302e-06
YOL154W	0.0599266065848706	9.02528093461062	0.0451182068649892	0.832635244071267	0.852376553876891
YOL155C	-1.74211170892786	7.94479275790857	47.4712645141436	8.20106605148247e-09	2.7387871706761e-08
YOL155W-A	-0.177622706833111	1.7554783274175	1.2205922969015	0.274456874377292	0.310979611243058
YOL156W	0.770872820128498	4.13266056088087	47.5600635242975	8.01898144467758e-09	2.68092032043916e-08
YOL157C	0.455845381900049	4.60049206317393	29.6172858373189	1.5199257503631e-06	3.57270577923187e-06
YOL158C	0.0755921323693855	8.25672311532823	0.141825380260752	0.708038532444432	0.736844202653282
YOL159C	0.407830985449272	4.68275640046959	23.2895603367549	1.31059317076748e-05	2.68921173698431e-05
YOL159C-A	0.267766907273426	3.88908996731865	6.97546870439536	0.0109476510385342	0.0153040871464056
YOL160W	0.315885385110095	2.95769425864811	3.51531063133499	0.0665521745740482	0.0835056963740324
YOL162W	1.38948560450619	3.87492341064963	50.4747132360998	3.76506293610843e-09	1.32418851271104e-08
YOL163W	1.4975808843337	4.63839218291372	53.1329111993033	1.92422850298394e-09	7.08693474057243e-09
YOL164W	3.30487271347476	8.12567022831768	286.617527616449	1.48646557276706e-22	5.87636519935444e-21
YOL164W-A	1.15401894904023	2.30525598103559	123.332149591963	3.38519623061466e-15	3.21013623862649e-14
YOL165C	0.898581225831773	1.92568536242115	52.8073025894697	2.11337551927005e-09	7.7043294379138e-09
YOR001W	0.0497886630196447	7.08454039349573	0.578070108782322	0.450577626600482	0.489842248347095
YOR002W	0.256394189780191	7.20045010538099	18.6875582487756	7.16825325116751e-05	0.000133661028462811
YOR003W	1.34934368792092	6.63798178084406	76.4625114889897	1.03509276740476e-11	5.41843918139312e-11
YOR004W	-0.740895857144654	5.58200378607813	28.4477705274709	2.23069109845137e-06	5.12083235572095e-06
YOR005C	1.0447716978971	6.04484283405548	643.482867918371	1.51801671736607e-30	5.13426987518036e-28
YOR006C	-0.169652301971001	6.03494369640702	8.56524573441646	0.00511022331074391	0.00748941731242392
YOR007C	-0.0183144290314858	9.4799534163057	0.196405199146113	0.659516343033402	0.691073235178546
YOR008C	0.11886964157368	7.64112698005133	5.73075060078691	0.0203939744256846	0.0273762709702518
YOR008C-A	0.84498154025734	1.80835359197991	26.5798373488221	4.22225458102585e-06	9.30669293601933e-06
YOR008W-B	0.7849256345731	2.23052977551737	29.3005891505494	1.6922717037355e-06	3.95036431454821e-06
YOR009W	0.724819915940775	4.3161530146485	32.6622560320834	5.74778460222099e-07	1.43469586737963e-06
YOR010C	0.549435301780788	4.08606811175978	88.311921376949	1.0496920720969e-12	6.45507609588476e-12
YOR011W	0.167746405737826	5.93072962430172	3.08485822936243	0.0850397036233187	0.105249383138598
YOR011W-A	1.2873913946694	1.31517861449384	44.3238013489259	1.9218805452969e-09	7.08503343921867e-09
YOR012W	-0.0380727198135762	2.84733495662597	0.142306013436198	0.70756841908481	0.736480857477914
YOR013W	0.07013291493383	2.54568219727339	0.588902934697268	0.446391778278912	0.486072821706674
YOR014W	0.302364633280368	7.6085973429802	47.0253508147046	9.22721713889787e-09	3.05466546718925e-08
YOR015W	0.306863779572008	4.14438757125849	26.6674636098178	4.0513992364143e-06	8.94304516000372e-06
YOR016C	-0.207750085791111	6.30012496122169	7.22906620683461	0.00967219284595092	0.0136180180495257
YOR017W	-0.816809327121121	6.12602053264592	201.627452360557	2.46123570356267e-19	4.99466765442984e-18
YOR018W	-0.0373947308676041	6.14583725584516	0.0673689021487927	0.796253930781215	0.818435578354894
YOR019W	1.51993237543165	5.04492612667334	610.877848500566	5.1880878867404e-30	1.2380464072661e-27
YOR020C	-0.25032154756861	9.24932137408428	6.73383104499135	0.0123288027650532	0.0171403862145796
YOR020W-A	0.463804747901507	6.33741680030526	47.062196447892	9.13778089180738e-09	3.02835111972364e-08
YOR021C	-0.357864578286855	6.98699304108875	32.3647996782846	6.30745199856106e-07	1.56414532656781e-06
YOR022C	0.325909519795469	5.45874638226943	35.8101250678146	2.18634819431948e-07	5.87659505828564e-07
YOR023C	0.214921517276768	7.68002899043832	12.5211861733278	0.000869256919279759	0.00140596071322401
YOR025W	-1.39312174792579	6.95617603020583	85.4667041083879	1.78268991763923e-12	1.05986486509645e-11
YOR026W	-0.932088421609976	5.76622974917983	180.222810514686	2.37142201589596e-18	4.01033812021516e-17
YOR027W	-0.383974118486025	9.5703030755696	9.29765153637683	0.0036360825365913	0.00543493014553592
YOR028C	1.91677492321674	5.138457565397	117.73739759047	7.61683512811372e-15	6.67212838272753e-14
YOR030W	0.31119452980301	6.0924595563748	41.6825403515012	3.96405350508286e-08	1.1835781137295e-07
YOR031W	2.20915073198214	4.38807015474014	466.410996329153	2.79099849792881e-27	3.2059620481869e-25
YOR032C	1.32005925455079	4.24850729155872	308.213069978958	3.06461378858201e-23	1.38202731443609e-21
YOR032W-A	1.20027067476	1.06517092607968	68.6393560876728	6.03144625673822e-11	2.79023136861872e-10
YOR033C	-0.172555200131897	5.7748214048593	1.44919092893588	0.234226918799992	0.269203979923419
YOR034C	0.247604565116813	5.44789942448776	7.96673103031634	0.00678128400398794	0.00974839598967617
YOR034C-A	0.528513212312131	1.52612201354957	22.5409926422247	1.72893694115049e-05	3.49345107790382e-05
YOR035C	0.491054497846024	6.23579804657655	37.8442161805786	1.19396756076158e-07	3.3450872111903e-07
YOR036W	1.1603915898505	6.49572464201934	128.938349450738	1.46274152675788e-15	1.50425175927398e-14
YOR037W	-0.282309768208791	5.95766177544544	19.4547398972572	5.35297851440678e-05	0.000101113661792456
YOR038C	-0.459695424971258	6.23314116163149	46.679156691653	1.01155969632646e-08	3.33425849011127e-08
YOR039W	-0.0612540283869241	7.34747853743082	2.86187786105206	0.0968164038890572	0.118978253305729
YOR040W	0.673302596013088	5.66394449804954	57.153230656925	7.20979511703446e-10	2.84324714341974e-09
YOR042W	0.0734498265928854	7.50626041426892	1.54835082949108	0.219078991270607	0.253180125067474
YOR043W	-0.316616848075261	7.09961713444159	95.1743130210903	3.04138871060263e-13	2.04046264974842e-12
YOR044W	1.38201983611572	5.11823182886153	198.201221646339	3.4948702365459e-19	6.9759901639644e-18
YOR045W	-0.47874473403792	6.26184896324594	20.4742114772513	3.65176891356206e-05	7.06000925556235e-05
YOR046C	-0.335822520138733	7.73641316844526	100.446108813715	1.22303021544046e-13	8.73921121079987e-13
YOR047C	-0.770419491574251	5.39788748970507	67.9064526376034	6.22381679312292e-11	2.8726760149001e-10
YOR048C	-0.110627869927517	7.54963789895609	6.36649421615993	0.0147957835417356	0.0203150045561765
YOR049C	0.124180756637941	4.61357712586942	5.13345588913575	0.0277534680132337	0.0365879413738776
YOR050C	0.221054932924801	3.03516186452513	6.71790157228389	0.0124278349923813	0.0172741231583601
YOR051C	-0.403134233305345	7.06712208360601	10.9718178523868	0.0017074135557733	0.00265374871778091
YOR052C	0.802438396828056	7.93956297252185	53.8823136982443	1.59671548402006e-09	5.96368335381233e-09
YOR054C	1.0419761367091	6.11110125324419	151.395886732663	7.17459730237279e-17	9.35309387084487e-16
YOR055W	0.120927746908831	1.50559823333202	0.539938790422407	0.465847201241449	0.504999601345787
YOR056C	-0.0527433532748841	7.16428889867553	0.276059141876326	0.601577534325121	0.635723664115837
YOR057W	0.0953640419233068	6.54847774968487	6.14848781373052	0.0165041897034367	0.0225184910162533
YOR058C	0.780774161652124	6.75312437834055	27.5261612864807	3.03202112332486e-06	6.84933009231977e-06
YOR059C	0.216409555416798	6.86597375695695	6.39564409659338	0.0145820315977956	0.0200531755968782
YOR060C	0.467559252232103	4.54956218250294	98.9912923454569	1.56891826023107e-13	1.09788211129733e-12
YOR061W	-0.0495294438954464	7.88389293917179	1.56600617979945	0.216509319183622	0.250400595590784
YOR062C	1.73349919948512	4.98699421387845	355.280171074887	1.31962380421521e-24	8.03386972006219e-23
YOR063W	-0.537736092807163	11.1305324193507	20.4732054926537	3.65311837348318e-05	7.06037608183035e-05
YOR064C	-0.032749502068714	5.8437501527017	0.425262348099761	0.517257251539575	0.554294692124791
YOR065W	-0.681397974871071	9.5909739897695	43.7219965163774	2.24953392526003e-08	6.99089460795459e-08
YOR066W	-0.465877234267951	6.23974693204799	2.40250482198764	0.12733756867977	0.153056489264056
YOR067C	-0.289780572136755	6.27425520116053	67.3196167298637	7.06247512383907e-11	3.22311458425279e-10
YOR069W	0.0631036368528727	6.54858997557474	2.53991811126489	0.117192557924444	0.141638286289684
YOR070C	0.508115886427387	6.48180371511221	192.597134525761	6.24519679942479e-19	1.20700819412375e-17
YOR071C	0.859811850864627	5.83780595202471	221.774890417734	3.46042453321148e-20	8.33288547632174e-19
YOR072W	0.897397079307375	1.6218601761185	61.9570688169027	2.41785373712603e-10	1.02720820318376e-09
YOR073W	-0.751286958763961	5.83544260290927	29.1146210527522	1.79063972072816e-06	4.1640239189431e-06
YOR074C	-0.772687603309513	5.57844489455559	8.69088610260148	0.00481832591268742	0.00707866026941144
YOR075W	0.097195071408373	6.0155110893338	2.31428478596469	0.134379226059049	0.160853466033719
YOR076C	0.186081690132854	6.15787742284738	9.40505959251333	0.00346084898261646	0.00518956862220912
YOR077W	0.180583461285258	4.4624409078437	5.77554267042877	0.0199339149916066	0.0268075269425449
YOR078W	-0.361113126460639	6.42761611844828	18.1231123067835	8.90749386165821e-05	0.000164379577537967
YOR079C	-0.0410460169929705	5.06784699828684	0.470023352036597	0.496087604196183	0.533883919806675
YOR080W	0.0397529853222012	5.38527458505452	0.456114599376568	0.502502435012053	0.539928490002361
YOR081C	-0.423133116942061	6.40523290574725	21.2729928681811	2.71792156080574e-05	5.34799821014393e-05
YOR082C	-0.835709868750571	0.400751485607045	10.8652279092705	0.00177964237787983	0.00275686076247644
YOR083W	-1.10816517047545	3.96733449180953	27.0364838430909	3.57622735368867e-06	7.95762870221369e-06
YOR084W	-0.594766414804414	6.68344885310429	14.3646694307979	0.00040007457327051	0.000678077394785876
YOR085W	-0.252530846249587	7.45747982526978	27.8381008629446	2.73161569436016e-06	6.20525236838233e-06
YOR086C	0.260617698887427	7.41017196242169	12.4089878069263	0.000912141088902257	0.00147141360605112
YOR087W	0.0846143188560199	7.01610046677943	2.55657410877344	0.116026597928112	0.140347690877477
YOR089C	0.376947458569389	7.3828626146755	115.229448138804	1.11769669379373e-14	9.45074648863362e-14
YOR090C	0.120201014820746	6.93578222619209	11.4497468482392	0.00138314448202948	0.00217249319055611
YOR091W	-0.349501638473427	7.33537935583189	14.9707825450549	0.000311819631843609	0.000536714141550436
YOR092W	0.43670822465552	6.47031943718805	36.1004327772687	2.00349250259753e-07	5.41619109938444e-07
YOR093C	-0.322765760756876	6.35853781725799	42.8295349844843	2.87789364291663e-08	8.76907732636458e-08
YOR094W	-0.0574170413379138	5.82994496214336	0.965423099007833	0.33047214330284	0.368322105685665
YOR095C	-0.0635592550616276	7.64522830223988	0.323240272537028	0.572167020397988	0.608658539259646
YOR096W	-0.37132859514682	9.16316005298091	12.2787008708262	0.000964734729870513	0.00155009370162356
YOR097C	0.292225213001416	5.57785451257324	24.0330671932176	1.00694680052792e-05	2.10446004861449e-05
YOR098C	0.158171706217117	7.73697888451669	5.65961187613166	0.0211488249482713	0.0283162626534145
YOR099W	-0.110276360982095	7.61055869493889	2.43414782233278	0.124915475598922	0.150263863949069
YOR100C	0.825534191303704	10.4434327514114	49.5190590184246	4.81117017374174e-09	1.66422750100794e-08
YOR101W	-0.635887848491824	6.40674406054963	25.0266437574375	7.11310639556851e-06	1.51945935916565e-05
YOR103C	0.271102104903226	2.9864448767656	6.43172053724263	0.0143238699387951	0.0197338131222866
YOR104W	-0.275524460023456	5.40750309918869	8.93005562935805	0.00431005058749002	0.00637299105649937
YOR105W	-0.167796976470536	0.518789683063239	0.661942423422016	0.419751099218558	0.459281936024907
YOR106W	0.181508982264923	5.59512354504537	15.8927011602067	0.000214586496745761	0.000376051408229186
YOR107W	1.82955749885773	4.95094514847116	238.901674448723	7.30887440776786e-21	2.0253516842514e-19
YOR108W	-0.822124404506874	7.72719860717695	54.570113506262	1.34794689151772e-09	5.07815635863854e-09
YOR109W	0.235225279285613	6.76270034168063	28.3072235318518	2.33690477032496e-06	5.35053638275231e-06
YOR110W	-0.352711616705651	5.83159361468684	54.5466384207907	1.35575550172267e-09	5.10126050339161e-09
YOR111W	0.276126298579288	4.67785846572875	26.1758314625115	4.78893259988298e-06	1.04423430043294e-05
YOR112W	-0.31658372404314	6.57568569427882	43.4265283881915	2.44002928386534e-08	7.54055750262548e-08
YOR113W	0.0658120727296428	6.38100828547335	1.09791331580958	0.299674996292627	0.337106684669163
YOR114W	0.0198719646405176	5.22065581616067	0.0144885080302123	0.904665400446939	0.916558987838403
YOR115C	-0.103804794789964	6.43997444965307	3.62508843068636	0.0625753606198895	0.0788081910330756
YOR116C	-0.144642919113371	7.10490028129359	8.02636598887394	0.00659139274766919	0.00950009447154594
YOR117W	0.0562464582531675	8.83237168957807	1.52664482478868	0.222289504829167	0.256549479696677
YOR118W	-0.172599792003627	6.84331638700819	11.1375939042881	0.00158672960453794	0.00247629065173725
YOR119C	0.0844951701262883	6.10710506841387	0.792507329168253	0.377531877746655	0.416969092497476
YOR120W	2.11501596665506	6.04543554855703	122.944222163833	3.49016373354454e-15	3.29939702015825e-14
YOR121C	0.492130076553371	2.81837493942346	34.1245550384404	3.65711523776127e-07	9.47426279467686e-07
YOR122C	0.175764589085209	8.78183962336597	24.3788007834715	8.91712898254603e-06	1.88236758827116e-05
YOR123C	-0.475604010860162	7.68248658840896	235.721636013577	9.66752041209992e-21	2.66316127913413e-19
YOR124C	0.0707368361904865	7.31516182826047	2.12293581717901	0.151250505188811	0.179951744301247
YOR125C	-0.0872615644045659	5.59335598407671	3.0168105911869	0.088454890633188	0.109298431941313
YOR126C	0.249349883355023	5.46354795416726	5.07604127222635	0.0285980258614085	0.0376198749879548
YOR127W	-0.40828282230906	6.92912526434822	9.48962907764525	0.00332913602836802	0.00500439015819864
YOR128C	0.229387053148751	9.60322244727626	13.5657872230656	0.000558062492095258	0.000928781971535246
YOR129C	-0.0173851080384992	6.44271404344753	0.0523379358491593	0.819960671416968	0.840249211847585
YOR130C	0.879886876947903	6.17949566098647	290.454237072469	1.11385038159012e-22	4.52074741541377e-21
YOR131C	0.186659527104951	6.10463074659648	11.9820853850102	0.00109668099587053	0.00174825710993971
YOR132W	0.454037526073436	6.62302635611984	48.7165218826499	5.9177266658152e-09	2.02285906465373e-08
YOR133W	0.304569791556573	8.30825683273212	50.4994714544428	3.73602611086607e-09	1.3154960649481e-08
YOR134W	3.03130484346588	5.62033104167917	49.6404927898051	4.66064050938586e-09	1.61491061019585e-08
YOR135C	-1.55600521320949	4.56546425532352	59.7775504533364	3.89688298854309e-10	1.60190571466916e-09
YOR136W	-1.76431895050647	9.53778822128276	47.6876478354879	7.74659812135299e-09	2.59400025510571e-08
YOR137C	1.31225028888153	5.99700301589992	102.595102794375	8.514852741163e-14	6.20076835983258e-13
YOR138C	0.44212485038856	7.04965763608677	39.9470658836489	6.48658000020886e-08	1.87870119130692e-07
YOR140W	0.0948149211507908	6.24738582266533	2.73129220747323	0.104556161664665	0.127654161648332
YOR141C	0.30894060905462	7.41338234011447	48.2013358065158	6.7695562146741e-09	2.28834304469383e-08
YOR142W	0.482037234785379	9.22760440117931	100.986481719095	1.11602932947439e-13	8.04069415129001e-13
YOR143C	-0.251707326802319	5.59907389195238	23.6964240367673	1.13407340620323e-05	2.35318299146737e-05
YOR144C	-0.408443797457012	5.73753550231061	7.20100460995653	0.00980519660305513	0.0137861517134872
YOR145C	-0.475482804540073	6.68951629823204	17.6354271440796	0.000107644791179023	0.000196740164724675
YOR147W	0.19535165436042	7.16061763513007	11.0358393864852	0.00165970245134201	0.00258491629940134
YOR148C	0.167156093842705	5.29934498556417	10.0464661351115	0.00258363164868344	0.00392737814661292
YOR149C	-0.029782283305807	5.97730785550337	0.503322247598543	0.481281564665489	0.519787504999734
YOR150W	-0.179720734120866	6.88043498655685	4.9193841677058	0.0310466356606751	0.0406127885479566
YOR151C	-0.284952910625172	8.30684410102668	73.93626728826	1.7339777511089e-11	8.84125339091371e-11
YOR152C	0.206771118252211	5.06379069525228	7.7243921913022	0.00761433738141808	0.0108796757743034
YOR153W	-0.692796812992763	8.41241312071177	27.1458234324558	3.44543994854564e-06	7.69473162389796e-06
YOR154W	0.179681885785995	6.22818207429163	7.88494245282173	0.00705100255884553	0.0101217881580409
YOR155C	0.396481542082278	6.3240931656464	27.5568524223722	3.00099964515928e-06	6.78428735229472e-06
YOR156C	-0.322455934807983	5.28604275688942	34.7308299913779	3.03214815093011e-07	7.97051724648642e-07
YOR157C	-0.136940375535021	8.04399503319688	6.19547686803782	0.0161189500330217	0.0220373159220831
YOR158W	-0.599689746430843	7.26234688191185	40.0545766226322	6.28987484061371e-08	1.82607334428499e-07
YOR159C	-0.450465606105454	5.84915558895755	106.355024441777	4.573822046538e-14	3.47199858096301e-13
YOR160W	-0.0352774915873422	6.35355713957765	0.689462947845312	0.410225184854036	0.449586125182965
YOR161C	1.8358625456406	6.27768393742492	73.223105081206	2.01001790626221e-11	1.00882019895502e-10
YOR161C-C	0.668556855382734	1.64425374853365	43.6311932434589	2.35542063287912e-08	7.30504371521552e-08
YOR162C	0.603755836708078	6.32045454914969	127.196078685355	1.87743602781588e-15	1.89235604922898e-14
YOR163W	0.306183780202571	6.14376849097949	13.8141634679868	0.000502923015856858	0.0008427732784301
YOR164C	-0.227044561019363	6.77478630648824	16.7416693231476	0.000152933814831687	0.000273038435394519
YOR165W	-0.278072543748606	7.55229764412322	51.2525195443786	3.08415852371046e-09	1.09831744926692e-08
YOR166C	-0.215459754000771	6.09366638568596	17.0122479987547	0.000137430460667456	0.000247171829998071
YOR167C	-0.536626896346196	8.64029493333348	39.9113983799654	6.55322774694182e-08	1.89620011993259e-07
YOR168W	-0.218501907106249	7.99606329775184	13.2276788385155	0.000643489544747075	0.00106080810950994
YOR170W	0.0766596080512048	1.7359999623815	0.226287394881629	0.636342662558648	0.668978437170963
YOR171C	-0.0144795526335381	7.35557941235229	0.125048571898078	0.725082777514319	0.752267203392498
YOR172W	0.311189782143368	5.91569069964813	76.5447676795419	1.01773236092342e-11	5.33673954634089e-11
YOR173W	1.73795926282963	5.7587019530047	296.84261596118	6.96949127134416e-23	2.92622502482367e-21
YOR174W	0.463652414770983	5.88941895876898	146.850080584003	1.28401737661274e-16	1.58561821274206e-15
YOR175C	-0.0161483348888254	7.13297859795477	0.0869709820129588	0.76926345959593	0.793237795057591
YOR176W	0.532879064564215	6.9620314602269	50.2216556453587	4.01138577896056e-09	1.40352394381103e-08
YOR177C	1.13255889895829	5.50445473686549	23.9546397466874	1.03542033242297e-05	2.16026010410933e-05
YOR178C	-0.273952107188991	5.41775880150424	6.43286026000226	0.0143140670149302	0.0197247713868028
YOR179C	-0.0569981803095445	4.89348016847736	1.39002937238553	0.243882769042306	0.279247375950641
YOR180C	1.81952296498191	6.05451883008754	125.173931335002	2.51961423203856e-15	2.45823901356582e-14
YOR181W	0.16573017341978	6.24505602011126	9.06369403961883	0.00405093437876972	0.00601954808346353
YOR182C	-0.567898917535015	8.08748502083404	26.1595102978904	4.81490690852725e-06	1.04914650175783e-05
YOR184W	0.241199742192322	9.92136510829775	13.6680011759291	0.000534641595141111	0.000892731220849996
YOR185C	0.856232723815485	5.83615624122069	112.22579681914	1.78681134166131e-14	1.46407906433837e-13
YOR186W	0.87072166275837	1.04021567529366	27.0820379442167	3.43658409778552e-06	7.68058883528571e-06
YOR187W	-0.624407004157547	9.45779277093243	19.8215058707273	4.6615012041974e-05	8.87977242410474e-05
YOR188W	-0.210521045781938	6.43768391486872	4.21434202802792	0.0452413911764176	0.0580340475099095
YOR189W	-0.079438663069643	5.73442455746125	2.98993039841188	0.0898456101757383	0.110904313615145
YOR190W	1.39815554956402	4.83308274671318	68.3295977745705	5.67669868934591e-11	2.6381482153235e-10
YOR191W	-0.0264039140872029	6.80289216198787	0.490408654390412	0.48693403181915	0.524867986139338
YOR192C	0.544198356144136	3.98860558306473	18.0254359196802	9.25372934946107e-05	0.000170510606172878
YOR192C-B	0.652751955164186	4.31108374735704	18.4492854570948	7.85778958267137e-05	0.000145803788416042
YOR192C-C	0.629641867568538	2.21297644157804	20.9092271911126	3.11481452782792e-05	6.08763751056705e-05
YOR193W	0.874254928859159	5.85485303402804	116.007263514896	9.91621608448296e-15	8.47892184302419e-14
YOR194C	-0.529318438353617	7.38238108748744	63.5010461566293	1.64833547314699e-10	7.15257759124652e-10
YOR195W	-0.829077818544453	6.51416338930904	24.1604982756593	9.62753536247161e-06	2.01833454844102e-05
YOR196C	0.244365680544523	7.33053570423868	34.1585626952281	3.61238729569356e-07	9.37434520723887e-07
YOR197W	0.383398247309655	7.73986806993855	271.585317543347	4.75776904875128e-22	1.70384105698811e-20
YOR198C	-0.102747233845823	8.84060941966895	4.87421630436499	0.0317939031606052	0.0415545904769782
YOR199W	-0.45606311777329	2.75419951319054	25.5719921987415	5.89707656582247e-06	1.27264807276594e-05
YOR201C	-0.291233399373784	6.79212292237956	29.3675335504259	1.64828940864712e-06	3.85803166664274e-06
YOR202W	0.413029259671402	7.86281985723532	78.4673085358963	6.9204302509387e-12	3.73838326244142e-11
YOR203W	0.654144424485158	0.765628174110362	11.8028059530686	0.00119598459428841	0.00189860605215849
YOR204W	-0.426983926341147	7.61510889165556	32.9660865081184	5.22515406544351e-07	1.31721482196357e-06
YOR205C	-0.472949950285286	6.32318255312324	87.3363545245352	1.25581893080973e-12	7.63016532012936e-12
YOR206W	-0.490954528165981	7.61131333636926	27.7757162749159	2.7891118394569e-06	6.32170993246969e-06
YOR207C	0.109507288381834	7.32162582988681	3.30338527605162	0.0750260599067214	0.0935022830526346
YOR208W	0.813689796823878	6.35832581187628	46.7268042929846	9.98823251827307e-09	3.29406064849656e-08
YOR209C	0.27049784489766	8.29997906566207	12.541962066906	0.000861550488306522	0.00139460765030846
YOR210W	-0.535958574452601	6.10757474522546	87.9294996443061	1.12485944439864e-12	6.88948118460659e-12
YOR211C	-0.288598604825256	6.77857064429487	39.0094953681876	8.49869250488763e-08	2.420143954323e-07
YOR212W	0.016660462791905	7.21672040151974	0.054627473103362	0.816135874930837	0.836858254949962
YOR213C	0.630525386720939	5.86510321208473	189.969333332398	8.24451639680186e-19	1.55877688893571e-17
YOR214C	2.30618567017497	1.36270129746561	148.398061053067	2.05536296343517e-18	3.51490160713296e-17
YOR215C	0.542192632398143	7.44499086338181	32.3413698108532	6.3540810409147e-07	1.57506699418114e-06
YOR216C	-0.38859733690786	6.8898823494706	116.524657880038	9.15779674780557e-15	7.90817965966529e-14
YOR217W	-0.336051561602284	7.00436174043347	80.6300426105872	4.51568043744382e-12	2.5152298722011e-11
YOR219C	0.80225175023716	6.5388056651826	147.168204536497	1.23219322386997e-16	1.53093721365722e-15
YOR220W	1.98483041338923	7.14475798183225	468.134278174026	2.53123698870867e-27	3.02160211514871e-25
YOR221C	0.458291070715391	6.80828049569335	71.1974182033249	3.07187482671792e-11	1.49852355328996e-10
YOR222W	-0.352949405555386	8.40904698352199	36.6940605163729	1.67775945952979e-07	4.58684991011045e-07
YOR223W	0.274612818410503	5.68084300444663	30.7936060073151	1.03874958309217e-06	2.49660776228391e-06
YOR224C	-0.872625280237426	7.30525445018259	231.661976849973	1.39194345014147e-20	3.66846394998322e-19
YOR225W	-2.783141368158	3.86880454049244	110.260141991648	4.76462385258729e-15	4.36195940068442e-14
YOR226C	-2.09626441131444	5.87678534822189	187.741369138975	1.04619421228106e-18	1.93593628096264e-17
YOR227W	-0.0383371100142728	7.25338142526018	0.436999780515405	0.511555532017072	0.548784154875759
YOR228C	0.717276414266078	5.39800179182612	64.9849500390992	1.18235215195426e-10	5.21228088421257e-10
YOR229W	-0.33599944167551	5.41653156960837	17.5371594910319	0.00011185754904255	0.00020388884987157
YOR230W	0.0690271183080673	9.21321229062601	0.170243881521911	0.681628099865451	0.712159236653658
YOR231W	-0.0833001354446435	6.34805866992235	5.21226299091024	0.0266369940929189	0.0352381616770296
YOR232W	-0.408655805802435	8.12327762989998	41.380474469303	4.31577814634362e-08	1.2791848760925e-07
YOR233W	-0.594390993395154	6.46484010677666	29.4153745227781	1.62272351386428e-06	3.79966952015606e-06
YOR234C	-0.570553721637674	8.3743547031571	23.5758717325866	1.18357112020028e-05	2.44754788715331e-05
YOR236W	0.0220960768133016	5.20462237382207	0.137617136947802	0.712201214290868	0.740669797164811
YOR237W	1.1575676352771	3.25901041181111	51.3549286216161	3.08495866991857e-09	1.09831744926692e-08
YOR238W	0.371743055201929	5.46394652894636	55.2138990217671	1.15165179301907e-09	4.40129071933467e-09
YOR239W	0.282434220832565	7.65333867169676	33.9494172432788	3.85244056629355e-07	9.93378151952355e-07
YOR241W	-0.0470638284929329	6.86321959853641	2.31177313000102	0.134586138432115	0.161037816583081
YOR242C	-0.906324755936052	2.83221674868317	76.2577938471503	1.08426859731759e-11	5.66611778581069e-11
YOR243C	-0.46719913055281	7.0522592894932	57.6383901710831	6.41886505847017e-10	2.54580133393918e-09
YOR244W	-0.0345723506643935	6.28744109445841	0.782299516986225	0.380598129774109	0.419665498643688
YOR245C	0.615391946810525	6.37567272642343	169.551808867611	7.94731397936591e-18	1.21565948508492e-16
YOR246C	-0.123330171203078	6.79255312595289	2.22418852466116	0.142036446599718	0.169585778956479
YOR247W	-1.37609695593998	8.90570110430065	22.2899063308361	1.87603278657711e-05	3.7756322660104e-05
YOR248W	-1.36899797219069	2.6062181196307	20.2091976922049	4.03951464842603e-05	7.77261857762885e-05
YOR249C	0.0993867920385998	5.57079899424106	2.83708933938007	0.098234816347147	0.120551010264348
YOR250C	0.4264115458527	5.50847697800167	90.5848467497768	6.91227701117559e-13	4.36082305119554e-12
YOR251C	-0.0541735665912847	6.68358377265938	2.05937926545502	0.157388693046963	0.186743785474549
YOR252W	-0.310138435978408	5.92245657825237	11.0381051240913	0.00165804115642591	0.00258360751479932
YOR253W	-0.438334529411827	5.70530519018222	126.775876533887	1.99483924427466e-15	1.99746403275397e-14
YOR254C	-0.129363385275225	7.82517869720033	5.25253566954605	0.0260853152499141	0.0345684369267473
YOR256C	0.445363672378311	7.05082469286417	72.8187105783628	2.18628158010656e-11	1.09188533713607e-10
YOR257W	0.168348778554981	5.79831104732819	7.41951974386003	0.00881861582486486	0.0124884236198598
YOR258W	0.449327401333116	3.99963666833014	70.6603563884011	3.44635434952322e-11	1.67182512190417e-10
YOR259C	-0.166653195833843	9.00694285594301	17.2216707491069	0.000126561854401129	0.000228841274010713
YOR260W	-0.313289701278266	8.10965816162091	70.2983722532146	3.71679297365404e-11	1.78593809183945e-10
YOR261C	-0.173245549858712	8.46882917002266	12.2492590335099	0.000977054076366159	0.00156794802157895
YOR262W	0.399022550393262	6.6393523056723	24.6425251764442	8.13115345754116e-06	1.72422369381785e-05
YOR264W	-2.38324791550617	6.05253344847614	22.8501425097615	1.53334925427805e-05	3.12208369901163e-05
YOR265W	-0.479681965906479	6.11782468247643	37.1192019529732	1.4787170902001e-07	4.08088379199375e-07
YOR266W	-0.634725894368139	5.97290835239626	48.6805239271216	5.9737119675396e-09	2.03970602683012e-08
YOR267C	-0.169260393784855	7.09500351272102	8.72301258362297	0.00474646375927571	0.00698151035672155
YOR269W	-0.638398639436246	4.68962438043887	76.6472704572215	9.97534711520492e-12	5.23533734804893e-11
YOR270C	0.0743935175680628	8.72243185671059	2.63490782675319	0.110716544692306	0.134512537235434
YOR271C	-0.558565948540442	7.99052151640119	136.864911541977	4.84220040831002e-16	5.409048823081e-15
YOR272W	-0.107676187747732	7.14054950505637	1.0154594061155	0.318365396993912	0.356091959746268
YOR273C	1.29827161803921	7.87999595990568	87.1579734362018	1.29821735974331e-12	7.87205904991763e-12
YOR274W	-0.0499161589241438	6.29062268862421	0.735558204821699	0.395108169301264	0.434347875533784
YOR275C	0.255415967613746	6.56631529338567	29.903339318557	1.38433641212419e-06	3.27167704852952e-06
YOR276W	-0.00955927982617832	5.5965958008201	0.0328909238376364	0.856806485916145	0.874327503563106
YOR278W	0.168217386063073	5.1971132465848	9.25063432733795	0.00371577311952217	0.00554865487033217
YOR279C	-0.142332957448641	5.17790024575849	7.41569952786256	0.00883503052863046	0.0125029441790568
YOR280C	-0.0471342398027033	5.83167054128126	1.21221266208042	0.276074239110239	0.312637642801923
YOR281C	-0.197475537345349	6.34872789559586	23.5897395825981	1.17776601265895e-05	2.4380277065854e-05
YOR283W	-0.409214564320641	6.34215752129531	45.5212065684498	1.37907073300881e-08	4.45872683088562e-08
YOR284W	-0.112298798367013	4.76445259698943	0.597685062962286	0.443038648541264	0.48293989119413
YOR285W	0.751370022456616	9.33748722686415	187.995792361337	1.01728279711862e-18	1.89395035744898e-17
YOR286W	-0.544890717574973	6.70619670972683	55.7320881033028	1.01514274541798e-09	3.91467715802826e-09
YOR287C	-1.05276691380553	4.77156942746477	79.0165723719164	6.20940112772579e-12	3.39648104812171e-11
YOR288C	-0.0669077165411625	5.68268046161325	0.49149560365607	0.486453992576194	0.524443404781985
YOR289W	1.69518450716932	5.72061555320774	194.093163366684	5.35858095856375e-19	1.03895034636102e-17
YOR290C	-0.438965487846736	7.44031540232635	103.010180311228	7.94391607760301e-14	5.84088901937767e-13
YOR291W	-0.394430165988546	6.06463527976791	33.9328666840348	3.87215391398455e-07	9.9719429053883e-07
YOR292C	0.243343587707798	5.39516112310467	13.6792031678736	0.000532154555741765	0.000889066118374277
YOR293W	-0.961998919165813	9.86988483966788	68.9197919259309	4.99239598900053e-11	2.35975984324808e-10
YOR294W	-0.230922164099511	6.66724179993914	3.70205509512959	0.0599458639382673	0.0756844503641998
YOR295W	-0.386318142135422	5.0739214516427	45.8842393621406	1.25112827166718e-08	4.06884023392618e-08
YOR296W	0.0328797859971322	5.18661376514153	0.247634019475012	0.620889319842774	0.654427662604364
YOR297C	-0.0472114823417136	5.32566936914972	0.509069984907682	0.478800865877194	0.517572439134232
YOR298C-A	-0.235607230608039	9.19966214008259	6.1105639164542	0.0168222581806318	0.0229113887703996
YOR298W	0.235792190112505	3.47340523652981	2.76714462764027	0.10236579133667	0.125191429822749
YOR299W	0.361594557137174	6.92281487583123	31.0861783390401	9.45843307946294e-07	2.28867013464906e-06
YOR301W	-0.323942909141286	5.57912180251758	9.52625710445853	0.00327374536488352	0.00492599154261267
YOR302W	-0.640273685192996	7.49853904145637	27.3701504699459	3.19497215248685e-06	7.19075433062474e-06
YOR303W	-0.116236965264991	9.79794074961421	0.973059378425689	0.32858473252082	0.366310904886789
YOR304C-A	-0.283750652056938	4.62462108008315	14.1485050549274	0.000437574728112142	0.000739166188886437
YOR304W	-0.392412585870403	6.83426808639288	41.289642752516	4.42779640690515e-08	1.30856429734168e-07
YOR305W	-0.41012167398089	5.69335571661553	48.2561888380117	6.67340194075615e-09	2.26211976700019e-08
YOR306C	-0.769351288647258	6.00771654587048	135.252231310899	6.04096907793125e-16	6.638523419936e-15
YOR307C	-0.528093538521859	6.07243455480643	63.1160328499361	1.79829461733556e-10	7.75904863950309e-10
YOR308C	-0.800981857101886	5.4485404636	162.299089845328	1.87151921131756e-17	2.64357516438546e-16
YOR309C	-0.149500611437179	3.28462967301313	1.44136603552808	0.235522907187148	0.270591330242566
YOR310C	-0.453886157149343	8.22374622497591	23.5638632219038	1.1886243799366e-05	2.45632899696335e-05
YOR311C	-0.0445013328972604	6.7765000279923	1.18712108715239	0.281042983959331	0.317496694441345
YOR312C	-0.579230176645813	9.81415910907024	31.5436652889231	8.17567265059928e-07	1.99014374637539e-06
YOR313C	-4.61989936263595	4.78395973900741	164.485863304251	1.55312029097892e-17	2.22479913681875e-16
YOR314W	-5.65133220699969	2.40846110335655	170.980177431027	6.73756996745414e-19	1.2980482899323e-17
YOR315W	-3.59266397545919	7.85621802972971	322.349832964254	1.13941876559198e-23	5.80262156929386e-22
YOR316C	-0.29729983977253	8.42542667403959	5.66801929295339	0.0210580772196902	0.0282133745848314
YOR316C-A	0.00817201988041136	1.0416284681655	0.00246198575478334	0.960621989122303	0.965219783755831
YOR317W	1.12209219201719	8.92286647283409	168.029894020604	9.48861907403531e-18	1.41932955584096e-16
YOR318C	-0.361859563578358	1.19429884290669	3.36933189466055	0.0723141557966695	0.0903630091317988
YOR319W	0.197066045946733	5.68319479543205	21.0739100608736	2.92452610641705e-05	5.73229714612589e-05
YOR320C	-0.260572366117951	6.88921240779516	27.5184580664392	3.0398587529919e-06	6.86448816328438e-06
YOR321W	-0.233178257320458	5.56964567030031	3.25155575579409	0.077276983674886	0.0962484199289496
YOR322C	0.330134972166073	7.05155243277035	120.59068228131	4.94839886330818e-15	4.50985812572159e-14
YOR323C	0.204021023585517	8.0586008578012	20.8160986410107	3.21665520464476e-05	6.26856494426289e-05
YOR324C	0.641380658203874	5.70240750858458	39.0098647261402	8.49912577914351e-08	2.420143954323e-07
YOR326W	-0.753112557326954	8.4907670762307	83.0228561643588	2.83902472652702e-12	1.64923497472295e-11
YOR327C	0.259577202228472	7.05745998876952	32.9619519869736	5.23190375072779e-07	1.31837044844498e-06
YOR328W	1.3678630997436	6.13896541427077	615.681131794585	4.3033121844682e-30	1.13906802517576e-27
YOR329C	0.270748486785649	7.08510785260742	13.5608177734274	0.000559228397055269	0.000930468018932079
YOR329W-A	0.173082997747868	0.975714928335105	0.993053017899968	0.323155269054603	0.361051436594682
YOR330C	0.459342267667667	6.60776328297104	43.4465608526821	2.42660021062588e-08	7.51049419536876e-08
YOR332W	0.325221909649853	5.52552529628991	43.2394927280313	2.56939183237662e-08	7.90023104823679e-08
YOR334W	-0.467404145484519	4.78609055047257	22.0508392986034	2.04602524643524e-05	4.09163783099036e-05
YOR335C	-0.0443973588837773	8.82331811641265	1.36238498714408	0.248564012550866	0.283806772019819
YOR336W	0.213473385716618	6.23222732264166	24.2553143704791	9.31201626870551e-06	1.95758132057594e-05
YOR337W	-0.216510094915651	6.54047287504303	6.97859571374556	0.0109303678710033	0.0152834358288167
YOR338W	0.582937513083697	3.67850432494414	35.7678347823114	2.2170924161066e-07	5.94917425264581e-07
YOR339C	0.47225612248087	3.44087721383116	12.2327606133699	0.000984306544700736	0.00157862440572658
YOR340C	-0.620081878375742	6.6057365512062	38.8689374360681	8.85225307968245e-08	2.51716565852904e-07
YOR341W	-0.593602371633353	8.07991108949699	42.9598854348581	2.77575426988261e-08	8.48332931478179e-08
YOR342C	-0.856719635326367	7.00396775478169	9.89453997009533	0.00276771306759886	0.00419358814224536
YOR343C	2.2448218002057	3.0373222078563	70.3815572090056	3.68715814118629e-11	1.77309784862102e-10
YOR343W-B	0.662061377981217	5.3520610358611	28.7586072055114	2.01312985282791e-06	4.64768090406384e-06
YOR344C	0.0121233872945854	5.9588521126101	0.0165224541942035	0.898228472812631	0.910643620729941
YOR346W	-0.747344396839899	6.56301349407342	68.8723267409929	5.04372759826172e-11	2.37848285191459e-10
YOR347C	1.11644541985394	5.94347608108167	33.8842658282303	3.93078942959278e-07	1.01101166233041e-06
YOR348C	3.03957271162256	9.23260864505328	210.859912992085	9.84334171070187e-20	2.13260727169939e-18
YOR349W	0.898497937985581	6.10586713149667	76.9359705568939	9.40686978524749e-12	4.97126937956482e-11
YOR350C	0.297126607962619	6.07261237256411	59.1703358991433	4.4681142921721e-10	1.82440508455693e-09
YOR351C	1.29965390686534	2.77620687039214	67.6070959116607	6.69557709920445e-11	3.06486266014712e-10
YOR352W	0.15513885448799	5.64004696004683	13.8584479666631	0.000493711576644754	0.000828249126098998
YOR353C	0.121552832591087	6.49663500832777	8.02452486868792	0.00659716979860393	0.00950392090248479
YOR354C	-0.512011625560089	7.64176911302561	43.242735126192	2.56690924517832e-08	7.89658589421202e-08
YOR355W	-0.931097619644171	7.68132170135879	72.8451564245633	2.17426362100522e-11	1.08677478856156e-10
YOR356W	0.250527185451199	7.8025733498923	23.6539209701379	1.15126917645715e-05	2.38723663020134e-05
YOR357C	-0.345688103917999	5.48825670813412	48.4677695336241	6.31513720722101e-09	2.14665300488897e-08
YOR358W	-0.119013320892052	5.09055077365992	2.11528137146855	0.151975077026032	0.180778481620649
YOR359W	-0.315970817488423	6.00365702316819	20.8171927269681	3.21536469886059e-05	6.26805644785888e-05
YOR360C	0.0756689446851917	6.39250227528043	6.02786875957397	0.0175387267654223	0.0238285580334504
YOR361C	-0.194242304651703	8.65850150732504	13.0797901250812	0.00068505971869296	0.0011253760300601
YOR362C	-0.201797149834053	8.6737590990913	14.4622082257185	0.000384261288972392	0.000652911729629897
YOR363C	0.738408373892447	6.62109043683751	71.2365458161719	3.0466090446842e-11	1.48739020561647e-10
YOR365C	0.755964230945282	4.32356916144685	47.1438810383864	8.94672253567198e-09	2.96826413063602e-08
YOR367W	0.188471700641417	5.59961789249236	6.48447236888322	0.0139507257147289	0.0192661050547664
YOR368W	-0.134678060210322	5.29939753947823	3.96873925086434	0.0517300893722364	0.0659683251148252
YOR369C	-0.551386418811985	9.76423640178552	19.9584633169449	4.42778383929219e-05	8.46618970276723e-05
YOR370C	-0.336387257602379	7.48258664390229	32.5203467378221	6.00681543081736e-07	1.49446229435293e-06
YOR371C	-0.0137492083831049	5.89752308591378	0.093705339997798	0.760767091416258	0.786074347003085
YOR372C	-0.951666979078526	6.66765073002656	47.7755882247202	7.56949744025729e-09	2.54181469477586e-08
YOR373W	-0.910031029332407	6.22884952019584	26.103663148739	4.90777709899923e-06	1.06785371617968e-05
YOR374W	3.31294270898379	11.5360184156038	124.235974895602	2.88530315277558e-15	2.77938696109142e-14
YOR375C	-1.00241859127732	11.4202770593689	26.0310372844746	5.03116949482017e-06	1.09313918217221e-05
YOR376W	0.0780788059579612	1.58226912976733	0.198002936811277	0.658253056565247	0.690224700029147
YOR376W-A	0.592413403975578	3.05915010830807	33.1989470750331	4.867422971727e-07	1.23213601047293e-06
YOR377W	0.402815087865084	5.66812827056684	40.8242949995807	5.05158449151241e-08	1.48426864789226e-07
YOR378W	-0.274446441848333	3.88318898907619	9.17219684889184	0.00385293331670202	0.00574073862752861
YOR380W	-0.0912624100599339	4.92804372392573	2.76920798889274	0.102239792331896	0.125087591582914
YOR381W	-0.820820463422062	5.18592490535889	17.5201074122802	0.000112606474781395	0.000205192522738441
YOR381W-A	-0.0736263123777103	1.62587064502637	0.251499628121595	0.61819022673483	0.651921375430737
YOR382W	-1.55719309333366	7.47696132606887	11.7162547374024	0.00123103353170599	0.00194814976371875
YOR383C	-0.751687012990751	7.56316418445129	4.67684795012315	0.0352944231018545	0.0457857336126337
YOR384W	0.220584873874276	5.73073576024205	4.69309842041312	0.0349910640438863	0.0454212362258379
YOR385W	2.44938065663976	6.58034701987553	93.7591362738787	3.90663006360212e-13	2.57119608942808e-12
YOR386W	0.420136958615033	5.38847495559391	11.2147518204141	0.00153367482824422	0.00239533410835065
YOR387C	-0.453421249511726	2.26617081516535	10.5663658317718	0.00204707127070042	0.00314870386458417
YOR388C	0.209178348971344	3.54045298945528	0.909328777134289	0.344800874219596	0.383056153695055
YOR389W	0.185880020059968	5.64341132904174	4.42286844822401	0.0404245051537508	0.0520966103674925
YOR390W	-0.269395426495935	4.2471724837681	7.28039312060604	0.00943415089545126	0.0132982427996081
YOR391C	1.45963395865679	3.3144851258028	139.971317335548	3.99876742407964e-16	4.50824001440682e-15
YOR392W	1.4490646661297	1.69115611932171	89.6409658877373	9.31326528726736e-13	5.75625980394759e-12
YPL001W	0.079319809399926	6.26837418742145	1.58592722153864	0.21365387733073	0.247286084636784
YPL002C	0.232706926259169	5.7790286924473	22.5917627357294	1.68243516221546e-05	3.40627378369395e-05
YPL003W	0.943593362200825	5.67031879133717	151.117034649826	7.43590099215245e-17	9.61141512531298e-16
YPL004C	0.810507687563009	9.15957373327367	37.4440509443978	1.34326502597611e-07	3.73244978463832e-07
YPL005W	0.68437729277621	5.50940944480587	126.638478664926	2.03554066567209e-15	2.03487217941079e-14
YPL006W	0.695446643937509	6.46890905405248	206.404592328914	1.52421495794809e-19	3.19980022896138e-18
YPL007C	-0.173043886213956	5.76039598811965	10.3568136203248	0.00224632339963659	0.00343522151645003
YPL008W	-0.469681241725209	5.88502178345312	40.9955441074393	4.81170618926749e-08	1.41789289836692e-07
YPL009C	-0.275036233754649	7.61349508827526	62.366057181513	2.13247660826136e-10	9.11693651060053e-10
YPL010W	-0.0564945557493167	7.33342879202105	1.61181125856707	0.210011802669034	0.243301970437503
YPL011C	0.257344709713893	6.34089574943384	29.8423289064535	1.41203349760907e-06	3.3345461339969e-06
YPL012W	-0.840773570808463	7.91448826128138	72.0305293708594	2.57785137785007e-11	1.27282718478112e-10
YPL013C	-0.452847828898613	6.61191099813258	22.5142994492244	1.73003037905909e-05	3.49450064622154e-05
YPL014W	-0.353164442349375	5.73095263161377	2.72844674496502	0.104732424489955	0.127803367467397
YPL015C	-0.0939663364452406	6.55248872318977	0.871701239181003	0.354893168872631	0.393836969029635
YPL016W	-1.04907258691098	6.58276039656524	60.9727927010447	2.93602165933114e-10	1.23357486970379e-09
YPL017C	0.338730750581574	5.5407730003885	14.9274988808893	0.000317401583422906	0.000545858994316003
YPL018W	0.248594865377425	5.22944410375083	6.48824267640277	0.0139246814070783	0.0192360926721789
YPL019C	0.162228240073935	6.92866202208604	8.0909475998815	0.00639214368584631	0.00923259092750471
YPL020C	0.092266892745805	6.26585776022768	6.20685862379646	0.0160270915273966	0.0219215756501439
YPL022W	0.415367514170263	6.83095327524103	59.6829666376075	3.96197514055301e-10	1.62646693564981e-09
YPL023C	0.530979418376545	7.34903322393885	400.190093962433	9.06552335068837e-26	7.56039810397134e-24
YPL024W	-0.413312906081104	6.53317271724667	82.3852101917181	3.21014624062946e-12	1.84894704947513e-11
YPL025C	-0.495593655365418	0.673243663174816	5.77535987133731	0.0199985338780429	0.0268877355126647
YPL026C	-1.03434684432217	6.88130753728677	79.9294666368597	5.18134321922815e-12	2.84950474423315e-11
YPL027W	1.22565351963237	3.18929927453086	97.7650206265293	2.24213718030375e-13	1.52764006805806e-12
YPL028W	0.577628366252495	8.74269281613812	124.249887571259	2.87942547636087e-15	2.77812080825436e-14
YPL029W	-1.08645249485049	6.16800921807321	183.926452645103	1.57897507221858e-18	2.77025943506246e-17
YPL030W	-0.37342144270571	5.94406311209925	35.8510143285014	2.15940608642018e-07	5.80674216171646e-07
YPL031C	-0.134431892295374	6.94233922254361	12.2571749082493	0.000973726088702488	0.00156412781741972
YPL032C	-0.447070784705953	7.48445206955025	14.7843262779451	0.000336561815832575	0.000577070402840131
YPL033C	0.989304479155477	4.19795108038789	55.1258364449067	1.23285175853394e-09	4.68206673831016e-09
YPL034W	0.448844346898339	4.67930561249801	19.5306826755551	5.20213338642937e-05	9.83864183180553e-05
YPL035C	-0.520736442255094	3.25257016593124	34.9695835804007	2.82332507349571e-07	7.47321871627907e-07
YPL036W	0.502702821932469	5.14024338567602	21.3398850284828	2.65222110487402e-05	5.22716804353287e-05
YPL037C	-0.218372175340566	8.54676075961261	30.9463732121077	9.89091771389435e-07	2.38379048941814e-06
YPL038W	0.316517001617407	4.47285949571548	32.2894994229959	6.460229425773e-07	1.59747671584509e-06
YPL039W	-0.0387840657654466	5.43310426304027	0.300568719753107	0.585922965515909	0.62173076258597
YPL040C	-0.884170871844401	6.24341838155351	99.8469351869361	1.35434390765069e-13	9.59865623955463e-13
YPL041C	-0.18524405131308	3.65383039017544	5.34719183405866	0.0248372260822667	0.0330006618046355
YPL042C	0.6624491012316	6.02587711959362	198.004694734575	3.56142833393734e-19	7.08561297287925e-18
YPL043W	-0.408813941058789	6.65586099890835	9.05189694812975	0.00407312991398891	0.00604957670562685
YPL045W	-0.162413933306974	6.30093466789562	15.0209067562744	0.000305498286464825	0.000526280013581736
YPL046C	0.166619813623608	4.56965221908322	8.62923835852862	0.00495941180319084	0.0072789052694855
YPL047W	0.474585505517672	5.42962362185001	79.742332561307	5.37696187146178e-12	2.95441731709921e-11
YPL048W	0.192569892094776	8.50640448997787	26.3628870347289	4.49213426044666e-06	9.86228394431997e-06
YPL049C	0.165445622265416	7.36407529220896	6.02569326218964	0.0175580054896042	0.0238494282509394
YPL050C	-0.23013335628183	8.03120718837015	15.0529525224899	0.000301526673550248	0.00051958516517801
YPL051W	-0.125209509690743	5.51694795169834	6.39174947293758	0.0146104844940135	0.0200877663955633
YPL052W	0.595813255160049	5.73961698154949	91.4348752037004	5.92482639213122e-13	3.78095839363678e-12
YPL053C	0.00160470682228618	7.52940751944249	0.00119411378991128	0.972568995858875	0.97579156168107
YPL054W	2.76712173128303	7.10602007834838	168.842358089007	8.64176020895631e-18	1.30225337010213e-16
YPL055C	0.248579475245966	6.47313564183576	16.7307319490157	0.000153597749956482	0.00027414338954414
YPL056C	0.451437412167698	4.15971744679094	44.6516831885713	1.7460206940201e-08	5.52483055363534e-08
YPL057C	1.10338824920389	8.05124971908689	28.8291602975115	1.96670659232312e-06	4.54740210180903e-06
YPL058C	-0.748623029749189	5.68097366377529	163.701496561513	1.58221139295774e-17	2.26115092965416e-16
YPL059W	-0.0311775806392587	7.09270186834999	0.289306460867526	0.593009623732504	0.6284147239832
YPL060W	-0.591267108604423	4.50902593271779	34.6419250175516	3.11665840012754e-07	8.15744468614637e-07
YPL061W	1.0195042387245	11.7210978996727	33.9279136807688	3.87804370899737e-07	9.98288799170232e-07
YPL062W	0.792534457116084	1.73316424660196	26.1849325245419	4.83542325030758e-06	1.05286325993822e-05
YPL063W	-0.391234004582981	7.9329948631901	37.4129854423435	1.3556407820452e-07	3.76168691025122e-07
YPL064C	0.197620721686172	5.68892047920528	19.7025806417391	4.8749118152826e-05	9.26583301012815e-05
YPL065W	-0.313924155677845	5.27763222095206	31.5195855844986	8.2391303708167e-07	2.00336802381384e-06
YPL066W	-0.572899842958334	6.80466664736292	20.3803821613283	3.78159563992781e-05	7.2971011904534e-05
YPL067C	-0.489210928498549	4.31087294174826	13.1739914443598	0.000658314491747088	0.00108348705751724
YPL068C	-0.501329125531448	4.32147041069467	21.7558505596377	2.27794613259173e-05	4.53355215927376e-05
YPL069C	0.303725552566063	5.38520250572471	30.7451609790987	1.05505877779052e-06	2.53380585372336e-06
YPL070W	0.107663130795083	6.34681344868214	1.71589788737688	0.196103684089888	0.228449909823812
YPL071C	0.12813996828659	5.14457544476874	6.41526911932074	0.0144401266388832	0.0198804819035552
YPL072W	-1.18041397194454	5.46153398986803	283.861303436073	1.83393576865864e-22	7.11146557935912e-21
YPL073C	-1.65902613702843	0.52170048978918	43.9945141041045	2.12015484490824e-08	6.60568203469875e-08
YPL074W	-0.183455674661374	6.42461785003825	12.2490700269911	0.000977134493079916	0.00156794802157895
YPL075W	-0.770231648281563	6.99668185543269	184.976093976879	1.4085088590693e-18	2.5171776979661e-17
YPL076W	0.108037011356246	4.72477086405792	4.20594665729506	0.0454483164826083	0.0582749264418953
YPL077C	-0.358352363563237	4.33418011022577	39.3541636797291	7.69535178396053e-08	2.20571100097701e-07
YPL078C	-0.258499554984445	9.48082394110051	20.3257750338342	3.85936448379122e-05	7.44009213974698e-05
YPL079W	-0.564149212193498	9.25235342679899	28.865259972019	1.94347295704423e-06	4.49709743918102e-06
YPL080C	-1.09547934437219	2.52212706101489	58.3421336621524	5.4638757849759e-10	2.19275384172269e-09
YPL081W	-1.25579442606622	8.44774257690069	134.885188421131	6.35346684510987e-16	6.95681765342246e-15
YPL082C	-1.24989296110679	6.03418145593655	184.34372782918	1.509082028775e-18	2.66298301193687e-17
YPL083C	-0.200044427048396	5.62816969339099	25.2257191945017	6.63867896768432e-06	1.42310836462191e-05
YPL084W	-0.0637902590190639	7.35063326656013	1.6720236744378	0.201826405154288	0.234594611955132
YPL085W	-0.174846876795874	6.91035437040199	30.5842931053942	1.11094785101556e-06	2.66068076985945e-06
YPL086C	-0.345896235932201	6.80238061876773	15.3397986333886	0.000268293421820432	0.000465745751936923
YPL087W	0.683943013555926	6.45290855105433	40.746611711314	5.16369172943888e-08	1.51501471078669e-07
YPL088W	0.433195907692941	5.92891291211609	5.87021593304649	0.0189964149238996	0.0256487411968731
YPL089C	0.357868809269002	6.67123070438209	12.0864442312766	0.00104822321154738	0.00167627604725517
YPL090C	-0.5634003071649	9.1593421845944	29.5785612812773	1.53856918026439e-06	3.61095187719722e-06
YPL091W	0.216190804579291	7.89155818154801	19.9022036211014	4.52227701779424e-05	8.63601709044271e-05
YPL092W	1.47151511937154	8.06878455814382	125.4911666154	2.40364111595929e-15	2.36403345944429e-14
YPL093W	-0.499604355500268	8.20867106081511	19.198015522168	5.90002841503087e-05	0.000111033610481323
YPL094C	-0.144392313103191	7.38407764372807	7.99031557893107	0.00670546123713399	0.0096462306265765
YPL095C	0.526309178019834	5.32722485646435	34.3897171689752	3.3654468519359e-07	8.76715465750354e-07
YPL096C-A	0.371495731854152	4.31255093923748	33.4371083552872	4.51477587066099e-07	1.14859822401104e-06
YPL096W	0.600558541782687	5.83121470216812	219.985824573444	4.09285423770793e-20	9.62057783751577e-19
YPL097W	-0.655139004019162	6.50405182285988	32.0385576210434	6.98999823830647e-07	1.72009334174656e-06
YPL098C	0.0078295360190785	6.55646278497311	0.0140722412129561	0.906038251932139	0.917644464775057
YPL099C	0.641095649791482	5.96178892376826	126.128131653275	2.19137883665619e-15	2.17636449552413e-14
YPL100W	0.260905183869414	5.91270582483007	28.8621885050896	1.94546318366174e-06	4.49999234883461e-06
YPL101W	-0.0542801698958427	6.61814245498701	0.980437956821622	0.32677488393263	0.364493494573443
YPL103C	-0.0727414233365002	6.18060474205882	2.34656953356611	0.131751718692939	0.157894579409963
YPL104W	-0.432279314854409	6.43308279539586	21.613013244227	2.39951558972346e-05	4.76148986643952e-05
YPL105C	-0.165408340935776	7.83335841858822	5.92527017110629	0.0184731811676489	0.0249755112033414
YPL106C	-0.252554499463366	10.4740952022415	8.37384796731715	0.00559140265370658	0.00814949948665685
YPL107W	0.513290006371485	6.66604065796689	27.0467868829901	3.56245502045015e-06	7.93568465587286e-06
YPL108W	0.664001913032921	4.5744002300175	18.5955884770263	7.42641655923073e-05	0.000138305365593749
YPL109C	0.436278857353608	6.26289365406475	53.0341160944593	1.97116679502008e-09	7.23355240993504e-09
YPL110C	0.155199698529132	6.53219668921856	2.65145435911141	0.109630434198591	0.133329322220883
YPL111W	2.15051012792228	6.73898674299839	89.6794895434077	8.15045725370273e-13	5.08922910364535e-12
YPL112C	-0.0638470669382292	7.29434077241901	1.96183926884503	0.167384190143928	0.19744912799772
YPL113C	1.03295575949048	5.55721888098789	128.790412852904	1.49614242958535e-15	1.52827434753617e-14
YPL115C	-0.168337231074792	6.44912877210956	6.13651439235847	0.0166039148103787	0.022638499522396
YPL116W	-0.110221986164496	7.29063162452443	0.739878269882943	0.393733634758731	0.432993202386408
YPL117C	-0.0755219779507323	8.35240149559596	1.36669812299667	0.247826230905673	0.283070561679876
YPL118W	-0.446284906945549	7.83100490923567	32.8410624356391	5.43308455173019e-07	1.36454697817382e-06
YPL119C	0.987875145441645	5.08250695431216	362.106350361121	8.62406218920016e-25	5.7068794138968e-23
YPL119C-A	0.841072823892503	3.10185950013188	112.020614266103	1.86174994953379e-14	1.52138707285392e-13
YPL120W	-0.0934843994247374	5.59278166842715	3.65502176189748	0.0615380366608488	0.0775499000602872
YPL122C	-0.158532411968344	5.81812382154028	4.26657265215582	0.0439790301480456	0.0564385192962271
YPL123C	0.842217226978968	5.8111708189953	64.8965400755098	1.20556761811036e-10	5.30693829288204e-10
YPL124W	-1.22840214421108	4.29910775250225	45.5563948796263	1.36681956527639e-08	4.42146520372085e-08
YPL125W	0.288244311144974	7.27137865678637	46.1809305035055	1.15530368567812e-08	3.78144561204751e-08
YPL126W	-0.821102550912071	7.56599070852406	57.7204911748937	6.29456033367179e-10	2.50302307716485e-09
YPL127C	-0.962931638315285	7.19627469168712	16.1250995934708	0.000195484546292801	0.000344161341188713
YPL128C	-0.544565106428314	6.20740269042428	32.9049779470348	5.32575358327752e-07	1.33924774122237e-06
YPL129W	-0.26219778603991	7.28575703625559	68.6668369311097	5.27213234426727e-11	2.47278441540055e-10
YPL131W	-0.550876974302812	11.0181590424567	20.0992213275923	4.20028134307906e-05	8.06666019453166e-05
YPL132W	-0.746329146953115	5.75479929612891	31.6477688172304	7.91016375650595e-07	1.93091727945502e-06
YPL133C	-0.286516392413046	5.30765543802744	16.7843322226151	0.000150379889776175	0.00026895204728477
YPL134C	0.468335980356414	8.48941110882502	29.6313574379974	1.51245383876533e-06	3.55651563167374e-06
YPL135W	0.520382399942104	9.18206150630245	21.7312168460035	2.29814616506781e-05	4.57076571477713e-05
YPL137C	0.601567434215446	7.09423284071217	14.7303307709953	0.000344103900998186	0.000588787113343721
YPL138C	0.100936059038204	5.54431776447089	4.49559594099606	0.0388777353235697	0.0501775816514506
YPL139C	0.0183182799648266	6.53596974201191	0.0731629365700092	0.787879881393523	0.810375522541607
YPL140C	-0.160889301661027	6.46653890567958	31.3130268676941	8.79806882284019e-07	2.13614487555559e-06
YPL141C	-0.124522996384859	7.90049382833811	0.446192904252056	0.50716636896412	0.544555353483874
YPL142C	0.1399305885441	0.878169398007622	0.416398820067413	0.521051162845903	0.557987595322051
YPL143W	-0.545705580776548	2.6981892100719	12.581465070518	0.00084816671930491	0.00137403911312621
YPL144W	-1.10040152088666	4.18839110802883	164.771842306013	1.39706000891593e-17	2.02652096688446e-16
YPL145C	-0.491477307931679	8.69835527669513	273.819966192747	3.9885306447001e-22	1.45402242903798e-20
YPL146C	-0.522511339430245	6.65141991773129	29.219694727445	1.72998414109706e-06	4.03067104898541e-06
YPL147W	1.29343342242856	6.88918559503757	81.3008944907067	3.96258448048563e-12	2.25249433400527e-11
YPL148C	0.552855217354293	4.91147278056241	45.7151263148484	1.30946851815872e-08	4.24949058558117e-08
YPL149W	1.52723667797457	5.85650382928677	272.941496345832	4.27767580619558e-22	1.55014823262611e-20
YPL150W	0.267895717844789	6.5715424980512	65.1962607078667	1.12747622999918e-10	4.99205475508001e-10
YPL151C	0.207698497331934	5.95298798311311	29.205462352394	1.73807458570189e-06	4.04797172064006e-06
YPL152W	-0.129113448984517	5.52996278276738	11.9041244157868	0.00113443519642693	0.0018051336842256
YPL153C	-0.891846287473622	5.26893823948515	14.418408501007	0.000391289324696719	0.000663556938371484
YPL154C	0.691506790240111	9.31665066103293	126.884182548465	1.96366976813629e-15	1.97274282977124e-14
YPL155C	0.205104645977758	6.59059322923133	3.76386945078958	0.0579217095991897	0.073265607321809
YPL156C	2.18043469820844	7.71675094846059	70.5372307878906	3.53283562138919e-11	1.70292187355641e-10
YPL157W	-0.960685655567497	5.56602962231534	36.9489930468531	1.5553592686621e-07	4.27302672726301e-07
YPL158C	-1.25279853838156	7.44586017649351	9.02776322780778	0.00411893717902992	0.00611015827142645
YPL159C	0.187446086713198	6.40290965245145	13.8996723982452	0.000485284794985365	0.000814785943704055
YPL160W	-0.482267229102916	8.74462028083712	78.8762848484139	6.38013901011279e-12	3.48049160336619e-11
YPL161C	-0.302975015982218	6.24448722121816	42.5819300738243	3.08279012382932e-08	9.32341096565966e-08
YPL162C	0.00984927261811169	5.70687668015524	0.0231065927195871	0.879781194389186	0.895221111723444
YPL163C	-1.15009405336414	7.60201168853857	9.0420445807617	0.00409176490326534	0.00607429035139706
YPL164C	-0.555244907712089	5.52519591633292	48.2196904933942	6.73838282261286e-09	2.27907081244817e-08
YPL165C	1.19841422625408	4.78303766623696	181.115982757916	2.15300058230474e-18	3.66130378353946e-17
YPL166W	1.36124396459637	4.16592486309506	149.358827994394	9.32842212402249e-17	1.18315487273019e-15
YPL167C	-0.143694483137232	4.95703417465969	6.39976367350063	0.0145522529884084	0.0200212691962554
YPL168W	-0.201357033092795	5.48774804015138	10.2709886554911	0.00233470979924994	0.00356680382881647
YPL169C	-0.289977101468541	7.5658748034148	64.5047251581015	1.31549589636944e-10	5.75754063055153e-10
YPL170W	0.177034565814643	6.3861991666076	3.97846920983989	0.0514543651674211	0.0656304578125414
YPL171C	1.4474563243987	3.8767756765585	140.151537442048	3.13108545314124e-16	3.58983959298002e-15
YPL172C	-0.973990162264389	6.53615655930044	67.1938414160222	7.25945224413825e-11	3.30557556187836e-10
YPL173W	-0.588785658725278	6.78883074471955	30.5250177958722	1.1323404098378e-06	2.70765452281718e-06
YPL174C	-0.147410789123046	5.54278625364637	6.81380013307613	0.0118521234176388	0.016504054749905
YPL175W	-0.537504242477257	5.89402553814206	137.696204203027	4.32427375150984e-16	4.85722852383614e-15
YPL176C	-0.222593079629042	6.82639672908189	13.2758908864392	0.000630515603471427	0.00104111174232006
YPL177C	-1.0888848356574	7.56436002136063	204.958379159033	1.76043245608534e-19	3.67038109337244e-18
YPL178W	0.0822160881053086	6.84909722565731	2.70190845722893	0.106392229974238	0.129595017223522
YPL179W	0.476496485877877	8.10478053250869	132.960628107459	8.29687743892269e-16	8.8461278192927e-15
YPL180W	-0.142546301263146	6.4961785257624	17.597588630496	0.000109245200736194	0.000199485537517082
YPL181W	0.0974403800642875	7.44435709683809	1.92271355871401	0.171601730150527	0.202032746694335
YPL182C	-0.534044964453109	2.54303580194032	20.7659169553239	3.28320999192204e-05	6.38600077662025e-05
YPL183C	-0.734124269986759	6.72490746271935	128.784193838626	1.4952434983339e-15	1.52827434753617e-14
YPL183W-A	-0.287248244445215	5.7942121776744	12.8385274758373	0.000759034496132881	0.00123688490697457
YPL184C	-0.464166012601824	6.72398014191035	49.3502792209889	5.02034743297447e-09	1.73068375832098e-08
YPL185W	0.639938031132003	1.70723256746616	24.459460712122	8.88382011022521e-06	1.87598670936702e-05
YPL186C	1.30777846498565	5.051324897828	145.606801965311	1.51567479633253e-16	1.84180202795858e-15
YPL187W	-0.416266628666307	2.18294006839628	2.88919447220058	0.0953082392305653	0.117243192652189
YPL188W	0.415124239104207	7.42473539173773	65.9191597270594	9.60544396005558e-11	4.28409837573761e-10
YPL189C-A	-0.398518213239942	5.83915496628196	23.2373424276646	1.33509793009909e-05	2.73672599274185e-05
YPL189W	-0.35844344369438	3.62346509671162	6.54056292182178	0.0135678044277612	0.0187814446012302
YPL190C	-0.574544531678885	8.30208444000682	154.937669735555	4.59984640971388e-17	6.15469559172266e-16
YPL191C	0.265984934129639	5.16033326626623	9.47242411855249	0.00335556050953189	0.00504162200938552
YPL192C	2.92659766167479	4.83622520797584	167.707479799372	9.8875645772016e-18	1.47177244855754e-16
YPL193W	0.329919559741848	6.33121155485555	25.0398467129061	7.0805793898939e-06	1.51357329092957e-05
YPL194W	-0.320714342868298	5.5262855406693	23.7238387273012	1.12316361549554e-05	2.33213509247504e-05
YPL195W	-0.0652004622385392	7.05699332282086	3.48147206425792	0.0678274151649871	0.0850532036095657
YPL196W	0.577028833805519	5.89175799888439	159.097650716533	2.75682485848294e-17	3.79718319874302e-16
YPL197C	-0.323400597065799	3.71653304865216	2.83324896022051	0.0982334067265395	0.120551010264348
YPL198W	-1.42762048496048	7.69027610731658	61.5130299554284	2.59251674437803e-10	1.09682014869864e-09
YPL199C	-0.0376910951067882	6.44642702811498	0.736415587725295	0.39483481367308	0.434125762261461
YPL200W	1.03668520422943	3.81602886444752	43.4296330011881	1.71057998344763e-08	5.41831994756982e-08
YPL201C	0.0827269016234787	7.22912607285985	0.714962348576872	0.401782343672653	0.44088877222046
YPL202C	-0.310684457352786	6.34759491366093	16.8859722335739	0.000144450691371963	0.000258956363095556
YPL203W	0.660498711611538	6.8316855557257	68.4759688961882	5.49398020472011e-11	2.56301543956598e-10
YPL204W	0.122078790493206	7.75952632469725	3.86478691621854	0.0547760218995705	0.0695466989206643
YPL205C	0.114301755084638	4.65345090325453	2.67226589175728	0.108282028876188	0.131738807313796
YPL206C	0.386293336007601	7.01215768088084	48.7256088055124	5.90373897360639e-09	2.01921139726493e-08
YPL207W	-0.49115127064527	8.40519921133179	29.3041907819621	1.68278604971005e-06	3.92972822041994e-06
YPL208W	-0.567959649077826	5.79798319870066	33.4216382419795	4.53505534136023e-07	1.15327556049294e-06
YPL209C	-0.505246328958152	4.34017486522312	13.2368278174852	0.000641055146181077	0.00105736757787873
YPL210C	-0.604356035525406	7.75196890976737	253.862894338664	2.01550419059146e-21	6.32494304758803e-20
YPL211W	-0.381221691915463	6.25969331769974	14.4811771791257	0.000381265753786487	0.000648545937147844
YPL212C	-0.868826677212396	7.4799553261885	140.369843850973	3.01466190856525e-16	3.4628795659142e-15
YPL213W	-0.00144321280609105	5.69744781581726	0.000375951860522571	0.984606218418786	0.986713194688653
YPL214C	0.0892118549579876	6.00526207364326	2.87394591988113	0.0961342617410135	0.118211550288687
YPL215W	-0.580877919160691	7.02972510707242	47.0912672235866	9.0675013807901e-09	3.00669653628813e-08
YPL216W	0.304917708466834	5.91194782216829	21.2642581530129	2.72670679652155e-05	5.36355120427244e-05
YPL217C	-0.682095606346825	7.26003538600252	75.4385275340691	1.27400975102459e-11	6.57302657986246e-11
YPL218W	-0.190296556741996	7.74766227064695	12.3694735995343	0.000927766954773441	0.00149503579159892
YPL219W	0.628580318250573	5.03421217341829	128.864460211547	1.47930459196383e-15	1.51871945293015e-14
YPL220W	-0.071073889321329	8.7379321254122	1.18804527686781	0.280857934481717	0.31740543997117
YPL221W	1.28212576313387	8.07394301410533	66.4815274834396	8.48568472958649e-11	3.81260875525627e-10
YPL222W	0.866378447917616	6.28061297503161	115.030586783868	1.15307629847718e-14	9.73637795440925e-14
YPL223C	2.08369647981056	3.66040431766707	216.097176798859	6.00589328654425e-20	1.34426023266476e-18
YPL224C	0.429045742409988	6.32340607934105	68.5677872688997	5.38610945999592e-11	2.52041770887434e-10
YPL225W	0.0529049678777663	8.20282745071676	1.40597465514382	0.241232123276578	0.276732837103412
YPL226W	-0.840454568039531	8.12961334843117	211.199102753127	9.50722528454996e-20	2.06714241186929e-18
YPL227C	-0.667200505293276	6.27715804638475	54.7646699726055	1.28516727589788e-09	4.85064995391585e-09
YPL228W	-0.151077351395393	6.58871229285731	17.3438021218398	0.000120641642413694	0.000219047515363725
YPL229W	0.0637896520195756	5.85180084968876	1.28421353670644	0.262427193664953	0.298237213931722
YPL230W	0.706895151367934	5.60805371161587	31.9554884030783	7.17661053621041e-07	1.76316404134177e-06
YPL231W	0.465930314741725	9.63828496254644	9.82588358954529	0.00285540213112267	0.00431892873895027
YPL232W	0.167936964744207	7.59920827617634	1.93144993623619	0.170649247783571	0.200989092765792
YPL233W	0.16964009822753	5.26009194205776	5.28034329635931	0.0257117282145355	0.0341030504074275
YPL234C	0.0517199044715351	6.87025714159355	1.42078549182021	0.238802410140871	0.274048835615009
YPL235W	-0.117388879848548	7.53346213602393	16.3164577057522	0.000181092524023807	0.000320398513878796
YPL236C	0.35373511335077	5.00518539530293	63.1894134778968	1.76922628966269e-10	7.64989321837105e-10
YPL237W	-0.2144340251626	7.1374202047759	22.2279251674937	1.9185866385712e-05	3.85490279063415e-05
YPL239W	-0.562735986026536	7.19540321612551	40.7508774634165	5.15735251418148e-08	1.51388438314064e-07
YPL240C	-0.593105439856569	9.70798814040163	5.98189457510496	0.0179510570509059	0.0243398742373976
YPL241C	-0.513633997920673	4.78385092257479	8.49933117146076	0.00527093755879763	0.00771381438893268
YPL242C	-0.910235102434149	7.47686562515374	39.5928120233679	7.18124356697109e-08	2.06613472758601e-07
YPL243W	-0.055566353347188	8.03605203153467	0.61544854639267	0.436379934222075	0.47627842229186
YPL244C	-0.0609995864722938	6.57405458376339	1.0322870341667	0.314427770027314	0.35214059306959
YPL245W	0.0775409106956163	5.11830398849768	1.15825385126653	0.286903366617258	0.323636778944945
YPL246C	0.314149986411352	6.65235231638878	30.090093595264	1.3030209577376e-06	3.09391247687462e-06
YPL247C	1.04166261562027	5.51529823237983	48.2502627583167	6.68455738404769e-09	2.26338072047177e-08
YPL248C	0.496411662687107	5.65148540795226	166.729036752595	1.1060137352001e-17	1.63036600966059e-16
YPL249C	0.424289006271716	6.36582286135968	59.0565233859881	4.58871127292585e-10	1.86863372773061e-09
YPL249C-A	-0.392537306199779	3.69348011440928	11.4903663765427	0.00135939765671857	0.0021368481626911
YPL250C	0.97437832500437	7.79861463302653	112.447950733814	1.72381491834731e-14	1.41627330943299e-13
YPL252C	-0.420988987083976	5.23276915915582	17.5925615129272	0.000109463801697316	0.000199824775032461
YPL253C	-0.775734965894141	5.66171108196478	35.3514804051017	2.5108168645692e-07	6.69844569303123e-07
YPL254W	-0.414631020523821	6.22181346180706	61.8496664238117	2.39967992530273e-10	1.02019911908122e-09
YPL255W	-1.58669978919942	5.29694278340625	91.481894378918	5.8768020186998e-13	3.75424666210329e-12
YPL256C	-1.69850339218306	7.64571316937702	16.6120937534832	0.000160994750049188	0.000286505711283092
YPL257W	0.899004765864482	4.0017571123098	69.4800968265234	4.43687750952654e-11	2.11690519420044e-10
YPL258C	0.625868199468581	4.58899671851525	17.5042786881923	0.00011331010579113	0.000206351158856237
YPL259C	0.187080686870596	6.39805909934863	13.8821089220868	0.000488854004752654	0.000820552296921467
YPL260W	0.0806072727248842	7.87815610822221	4.16749663962944	0.0464071365408562	0.0594417520009956
YPL261C	0.199527375189831	2.1822493667117	2.57834979864723	0.114561332437911	0.138812188632243
YPL262W	-0.247038195625839	10.2971570785682	12.9252432058996	0.000731518080202617	0.00119460356015921
YPL263C	-0.846544645364011	7.4391358859049	109.009822296228	2.97585692778061e-14	2.33466713612479e-13
YPL264C	0.116827254100738	5.31756790875719	1.31448900110973	0.256945354568409	0.292392235947484
YPL265W	2.29663140817624	9.21978073209713	204.519395850608	1.83989822636112e-19	3.82296942050734e-18
YPL266W	-0.415800172893978	6.84248196698568	30.5047169610352	1.13976454667978e-06	2.72326788076394e-06
YPL267W	-1.85274647086416	5.2106575072772	24.9381958925943	7.33610189791156e-06	1.5648979801852e-05
YPL268W	0.28130613626297	6.15803303769895	40.1719318673676	6.08226343112461e-08	1.7691743797748e-07
YPL269W	-0.265512495615593	4.85714548028694	5.62387734328845	0.0215394525578745	0.0288202609169977
YPL270W	0.351162758278842	7.34795074876844	71.2486214043448	3.03883288279518e-11	1.48478447756477e-10
YPL271W	-0.493163165223586	8.439987663468	30.7092551282047	1.06721619420121e-06	2.56098233752345e-06
YPL272C	-0.242547584555551	4.69189255881429	8.24147012931243	0.0059522564473835	0.00863616235740486
YPL273W	0.310239984345897	7.40878189700724	51.2940484746502	3.05184857729868e-09	1.0878017645547e-08
YPL274W	1.08385824809154	8.61556962377183	71.8576055868541	2.67312396477575e-11	1.31666494316786e-10
YPL277C	0.264859019834254	2.21748443356961	6.11330652318239	0.016803772376383	0.0228913327875183
YPL278C	0.639142459991795	1.41478108150077	26.9732462653736	3.76182689589646e-06	8.35534554623044e-06
YPL279C	-0.390209684730964	2.66712225012822	11.4018287653987	0.00141310169823243	0.00221611621299305
YPL280W	1.40187682777471	2.57844024920186	126.024359436422	2.42681731856323e-15	2.38297803796983e-14
YPR001W	0.931302685536455	10.1438529668911	66.9756003414632	7.61875160768128e-11	3.45368278388411e-10
YPR002C-A	0.977625266791399	4.00484312788973	88.6239036533345	9.93091033765024e-13	6.12557063177454e-12
YPR002W	-0.70109021750772	11.2768521298047	9.1996062834739	0.00380420887859591	0.0056778680198313
YPR003C	-0.0289915376746173	6.06969576864732	0.130159973620901	0.719759369626552	0.747253588384455
YPR004C	-0.256175575891081	8.10788055072673	17.1787067252255	0.00012871601502335	0.000232460130365516
YPR005C	1.96749234069268	6.50661915526574	73.3982466267848	1.93834829427947e-11	9.7687619334217e-11
YPR006C	0.10289847424881	8.92315993013682	2.84959816140316	0.0975162224958142	0.119765737856469
YPR007C	-0.0384547267562422	3.54232736041	0.16525730793471	0.686066657561212	0.716182066397919
YPR008W	-0.0627906946117944	7.30675254868164	1.83611199751832	0.181391247129257	0.21248988118586
YPR009W	-0.311792801551028	6.28032821314717	5.15357673852765	0.0274634575708288	0.0362438561765846
YPR010C	-0.560299210216786	8.45885147683299	24.7962266988985	7.70667446150665e-06	1.63877869792709e-05
YPR010C-A	0.150899396997625	8.72481990157142	2.32566883480515	0.133445912277473	0.159830555566645
YPR011C	-0.353998503621915	6.04106330655067	33.7363882520215	4.114206976329e-07	1.05551167601732e-06
YPR012W	0.237538527361006	2.01458741438035	2.35626059161236	0.130985399593385	0.157086146369748
YPR013C	-0.509622249154957	5.41086958280012	13.7335595079657	0.000520172042576904	0.000870719657742148
YPR014C	-0.355713659334738	2.43710170962918	12.0680174153509	0.00105797669943375	0.00169098507381273
YPR015C	0.354194027147303	4.78299895915589	29.3235134982143	1.67275494412245e-06	3.90780203369818e-06
YPR016C	-0.17210627419088	7.72747708443864	8.71514548277778	0.00476393929705894	0.00700383058210453
YPR016W-A	-0.144710985342648	4.08249502682813	2.73747104713667	0.104176232238276	0.127277724637091
YPR017C	0.193883026000641	4.63959792613054	7.78618259891204	0.00739216127302445	0.0105815842535088
YPR018W	-0.813580820062938	6.00735964890092	22.8364768695177	1.54078910529239e-05	3.13618324072887e-05
YPR019W	-0.241036111449882	6.93382876122634	3.00144666980371	0.0892467116730723	0.110254460362351
YPR020W	-0.684601037053558	7.81716021794107	35.377525118635	2.49102076519303e-07	6.64854643511406e-07
YPR021C	-0.504906118864976	6.3009669025206	38.3699697145041	1.02359779321668e-07	2.891723139259e-07
YPR022C	-0.486043793555675	6.88926400582634	247.423114702873	3.4779906214029e-21	1.03287838551711e-19
YPR023C	0.354073088795011	7.75603255929155	53.7646038209623	1.64386510803687e-09	6.12100964998683e-09
YPR024W	-0.135405828988055	8.40364953583737	4.47584596315209	0.0392912353378817	0.050700517324507
YPR025C	0.291433492405142	6.4534341558521	22.695574677651	1.62074550024946e-05	3.29232519369994e-05
YPR026W	1.06760588862632	6.87965161857964	361.353959419081	9.0168772165776e-25	5.77839457837099e-23
YPR027C	0.295837709517337	4.38919697103121	5.70526623615484	0.0206615731949281	0.0277004310968337
YPR028W	0.345890564770218	8.02610800075876	32.1457118883301	6.75769489623062e-07	1.66562131693328e-06
YPR029C	-0.0621217544911483	7.72768862095073	3.19794209767721	0.0796841734555305	0.0991046471904534
YPR030W	1.92765509202508	6.21149678827587	57.4701067461732	6.68390866532321e-10	2.64575006206032e-09
YPR031W	-0.62716153427246	5.81854043511903	50.5645493224059	3.67460230432292e-09	1.29536646373584e-08
YPR032W	-0.31261985348802	6.40627287759709	41.4335341392786	4.25173480583255e-08	1.26143087221776e-07
YPR033C	0.0204185783988694	8.51546847704075	0.291579469910782	0.591565102441115	0.626993096041349
YPR034W	-0.293359236100081	7.57215927005464	22.0535841687884	2.04375898118749e-05	4.08886121507376e-05
YPR035W	0.0835200934127649	10.6269437109737	0.471650802806552	0.495345979947414	0.533274328190956
YPR036W	-0.121099697397001	8.25686411690246	2.37557130315907	0.129441527430079	0.155370666205505
YPR036W-A	0.444410585625203	11.3790131088213	44.5012973184024	1.81775368695603e-08	5.73096035535385e-08
YPR037C	0.27547469011731	3.7846988933099	8.92004934851967	0.00433042802455643	0.00639739039395767
YPR040W	0.683694800996577	6.07918539456812	246.43784079001	3.78511547378413e-21	1.11863024293193e-19
YPR041W	-0.199345086242463	8.6692052171023	13.4928476236252	0.000575430411982108	0.00095559747630853
YPR042C	0.108581120648363	5.57569204273397	1.09708914153235	0.29985465665019	0.337184179846021
YPR043W	-0.842718257808482	1.95081408814488	27.8123341297938	2.77632711178938e-06	6.29507614769972e-06
YPR044C	-0.930362171587744	3.17782260499697	28.0096136369991	2.63825976542348e-06	6.00438334650397e-06
YPR045C	0.264085044457985	6.05858973641998	39.2485242772374	7.93081855805979e-08	2.26892967018177e-07
YPR046W	-0.289516144061866	4.72288137696868	19.8898335261177	4.5437695772198e-05	8.66618708838163e-05
YPR047W	-0.319330409805075	5.96894618802971	5.36227526753412	0.0246433532218408	0.0327565824020165
YPR048W	-0.141557411001781	6.53333052275445	9.66963988932431	0.00306603622133312	0.00462144801076405
YPR049C	0.131977413231192	6.12645945391212	7.36568667758869	0.00905147896218596	0.0127943821504036
YPR051W	-0.121598404938354	2.89627998677076	1.77011883506802	0.189301481162932	0.221118076999219
YPR052C	-0.488149716394755	5.10741983182974	20.3232096183854	3.86332525101588e-05	7.44537009439212e-05
YPR053C	0.227103664111844	3.21095028564252	5.02523292969283	0.0293699614312262	0.0385603461706503
YPR054W	0.285601677194611	4.97532905183234	16.0021604497897	0.000205366807658306	0.00036051704873811
YPR055W	-0.123068365717325	6.1014364213762	6.00051097252638	0.0177828637065923	0.0241387010581347
YPR056W	-0.270340019903737	6.02918386746317	20.7373912191691	3.31179536051625e-05	6.43954332635673e-05
YPR057W	-0.211804286796434	5.80086703984865	45.5070897931392	1.38433425530391e-08	4.47147888203794e-08
YPR058W	0.272946882998953	6.38691858799004	24.1545516237347	9.64769681260278e-06	2.02186499811104e-05
YPR060C	-0.290046550363474	6.21361310744401	45.2309627234774	1.4913816219808e-08	4.78135222502301e-08
YPR061C	0.602016164788032	5.12252368328205	107.48103809524	3.81349002106089e-14	2.93880091749603e-13
YPR062W	-0.554047981771785	7.29631555777622	80.7317853077617	4.42666629345383e-12	2.47243526555476e-11
YPR063C	-0.287636107208089	7.20468692225168	26.2734182424491	4.63126167832304e-06	1.01348386404136e-05
YPR064W	1.0465192212519	1.2664988569877	51.845087996029	2.82432368458893e-09	1.01203546743834e-08
YPR065W	-0.725880662296048	7.24144613282597	18.8148988781766	6.82734857171029e-05	0.000127656320959989
YPR066W	0.445972858004408	4.27882074947183	54.9351572002638	1.23358000135504e-09	4.68206673831016e-09
YPR067W	-0.221757629968775	6.2244796104518	11.7812764893773	0.00119664740360473	0.00189866807222976
YPR068C	-0.604237715677244	5.08125705781462	106.476477449161	4.48651644334631e-14	3.41423901338654e-13
YPR069C	0.0170993744420369	7.69549898434815	0.249095326405146	0.619863303679221	0.653572530793055
YPR070W	-0.0279890970944374	5.99480595109718	0.522769574644114	0.472972346612741	0.512176386726853
YPR071W	0.246986503776235	4.70478286896186	12.2987276631069	0.000956491024415589	0.0015387802009489
YPR072W	-0.246268114727782	7.50638617828112	35.483726430854	2.41228320612907e-07	6.45253961287953e-07
YPR073C	-0.0679497066175468	6.73906067422418	2.95545302130961	0.0916655328556081	0.113036209038878
YPR074C	-0.195715353116106	10.0140139440265	20.7039794366538	3.35305061629331e-05	6.51352015060423e-05
YPR075C	0.452429054612946	6.98006887371863	60.5558047610713	3.23344511324197e-10	1.34737945581226e-09
YPR078C	0.510470277115952	3.309310921175	17.3810213902363	0.000118940843166074	0.000216023822552225
YPR079W	-0.0510061508159043	5.86121655444175	0.682033503888155	0.412741900036413	0.452181516541601
YPR080W	-0.123718524382265	10.5533029934758	3.1343421104467	0.082648431524959	0.102456455126033
YPR081C	0.536464503616808	5.98103282711414	47.9966481291333	7.14267291510582e-09	2.40512127805112e-08
YPR082C	-0.123313797145221	5.85476146167866	7.47163805121449	0.00859927943225873	0.0121948318620059
YPR083W	0.0468731644629665	6.63004260323685	1.02884619093397	0.315227639957377	0.352971468100149
YPR084W	-0.354169556995783	5.74258617734576	64.2950195971315	1.37882478142884e-10	6.01740879522494e-10
YPR085C	0.344441013090931	5.46468705585244	56.5675461425924	8.29631128749877e-10	3.2397654341432e-09
YPR086W	0.0840059783673158	7.15677153659743	7.29522458126077	0.00936615934957911	0.0132146415110632
YPR087W	0.180717771395384	0.29887025331037	0.848489211982271	0.361356031261228	0.400342861778634
YPR088C	-0.184415267504369	7.39278924738271	46.2556464057774	1.13245883317465e-08	3.71265986880306e-08
YPR089W	-0.145677117283531	7.29747597662731	26.4969148628098	4.29181399592022e-06	9.44633536050697e-06
YPR091C	0.199062285729087	6.7965110038015	13.8740107721659	0.000490508781248367	0.000823102938324161
YPR093C	0.835717106697291	4.92691111614948	112.612742456424	1.68112406741418e-14	1.38306531384021e-13
YPR094W	0.450973446641606	4.4780474181307	51.5375669195495	2.87084118473451e-09	1.02749448163808e-08
YPR095C	0.0642055386840523	5.64754713394063	0.804747675883023	0.373901526753201	0.413273873433822
YPR096C	-0.171228430250846	1.16428427978817	1.11260469900005	0.296528527623161	0.333999200031416
YPR097W	0.00235423425879087	6.66695598409785	0.00226834945184938	0.9621997593493	0.966645566818241
YPR098C	0.630539306390628	6.31151729032789	98.09754631437	1.82842825228133e-13	1.26637897609656e-12
YPR100W	-0.489859452079312	3.64769069115003	15.6898565806258	0.000232898301108177	0.000406503686108539
YPR101W	-0.0556160295981096	5.62707317725804	0.707989925466356	0.404048050735386	0.443215231149014
YPR102C	-0.270077966423654	8.6271614492287	7.14152621108554	0.0100935097701869	0.0141718836441186
YPR103W	0.0432288244978134	8.66792952074452	0.791629133391592	0.377794269649485	0.417122146105562
YPR104C	-0.890653971820364	6.02121758611251	163.446819621119	1.63090780604572e-17	2.32528494688673e-16
YPR105C	0.192971145777698	7.02374668601418	12.2835440043128	0.000962724176372015	0.00154727159074784
YPR106W	0.488254547187279	5.12968824072501	13.6424708201412	0.000540417139782298	0.000901880358277037
YPR107C	0.112269824837254	5.7774980896285	5.23876058212291	0.0262726319286729	0.0348090931842787
YPR108W	-0.150700400468325	8.72590918095763	7.67461399032834	0.00779824851715701	0.0111184395720028
YPR109W	0.00819786105758789	5.35521823453468	0.0310236294320468	0.860886671396914	0.877902521853336
YPR110C	-0.206457289150672	7.7857940918966	8.24034457588499	0.00595520344423662	0.00863837945401775
YPR111W	0.425027033725981	6.61110351218484	28.548540078841	2.15747241052821e-06	4.95835863922073e-06
YPR112C	-0.55195243334731	6.64386373882603	33.3484798892562	4.63908319846641e-07	1.17825358832972e-06
YPR113W	-0.247729267363333	6.3025453086821	5.40323041544365	0.0241273052803804	0.0321064556386789
YPR114W	-0.269640144242122	6.91036179368376	32.7852202938922	5.52872895487138e-07	1.386852158107e-06
YPR115W	1.09856054221103	7.0806155314129	175.869570542633	3.85661572378109e-18	6.27782794822976e-17
YPR116W	1.40001877806719	2.95552059856488	94.0109919296334	3.76235812686972e-13	2.49240873518856e-12
YPR117W	1.05926826008563	6.38614286313735	379.117121024522	3.072363382278e-25	2.309203490285e-23
YPR118W	0.0725998159320173	7.51635965803926	2.08553532530701	0.15482809522061	0.183920671942063
YPR119W	-2.91089703262818	7.12531575556603	227.985785393175	1.94590624682116e-20	4.89532116968894e-19
YPR120C	-0.585803156439633	5.84401277238962	3.60134309879968	0.0634119830898299	0.0798288157673458
YPR121W	0.134877801089907	4.62931275431047	3.8196248080523	0.0561604917275312	0.071185732591549
YPR122W	0.35926049503941	6.77365200443765	33.0524224716976	5.08642170108747e-07	1.284368947168e-06
YPR123C	-2.99013969422115	3.29709221108924	70.6636700063864	3.49048986175518e-11	1.68766339432009e-10
YPR124W	-2.51577402249562	7.67283371614345	70.0938840439422	3.88273819705932e-11	1.86126851525174e-10
YPR125W	-0.388029519435527	6.86591097953328	56.0762758372334	9.33929485612704e-10	3.61459803459005e-09
YPR126C	-0.159483908280643	2.41054282196553	1.81696640915895	0.183654233764707	0.214934059046432
YPR127W	0.436227793639256	6.32755062684671	107.928395937184	3.54220396560878e-14	2.7366672262216e-13
YPR128C	0.273522261082635	6.44078162991042	16.8379451468503	0.00014721815694219	0.000263684654152412
YPR129W	-0.132097397259846	7.03966160688904	6.27770650485821	0.0154676647638858	0.0211849590736866
YPR131C	-0.0291645406602584	5.91831690766275	0.280955518707418	0.598380548282703	0.63311449043189
YPR132W	-0.339140328195696	9.51510314597066	12.9644664425317	0.000719423157238493	0.00117706212880085
YPR133C	-0.187881884737318	7.52798778380426	15.2090024535224	0.000282945061787234	0.00049020191694954
YPR133W-A	-0.524297434216235	6.68379687654145	23.1070020213782	1.39857000542258e-05	2.86105315625426e-05
YPR134W	0.533069154377549	5.72227884918402	34.1659196450211	3.60467956397337e-07	9.35833227525367e-07
YPR135W	-0.383802696891877	6.37587566763284	5.13538499762374	0.0277252012795223	0.0365585933267775
YPR136C	-0.982663523122954	1.06629257570567	14.3351088813005	0.000341602430052821	0.000584671238167436
YPR137W	-1.08861397305468	6.75254485057052	191.152359970507	7.2729596948038e-19	1.39238297553351e-17
YPR138C	0.479907431642958	6.237108197782	40.9888085961919	4.82120302792472e-08	1.42000406550584e-07
YPR139C	0.160758527633246	6.73964441020845	6.44606681272932	0.014220008073152	0.0196040328689649
YPR140W	0.525539902297623	6.6524661304604	44.6585656372936	1.74162466507408e-08	5.51378625115498e-08
YPR141C	-0.203891989756688	6.13131779807948	0.832514815108382	0.365848140919762	0.404666330290609
YPR143W	-0.521688112453765	5.54119518336123	35.0851394551131	2.72204025385235e-07	7.23027097096558e-07
YPR144C	0.22306085458828	6.70358269885532	5.00552335056577	0.0296734110711881	0.0389251727216964
YPR145C-A	2.55378164812802	4.92248722171032	197.933852375476	3.59831360092549e-19	7.13567856756821e-18
YPR145W	-0.295445821993681	9.74981557147625	6.08097606615006	0.0170749518718463	0.0232347579337954
YPR146C	0.683652389805957	2.68879839827205	67.2112061961782	7.26897752496939e-11	3.30743910104736e-10
YPR147C	0.121640953800076	6.31850378063967	4.69865937959416	0.0348878884237586	0.0453162928789935
YPR148C	-0.41468740327738	8.25095499279427	36.4425427065122	1.80846604939129e-07	4.91515236995275e-07
YPR149W	-0.746149268377722	10.160666037743	12.6910732026199	0.000808298719764184	0.00131154653676022
YPR150W	0.95174176231333	0.505497845853205	13.8812133242946	0.000498231226628266	0.000835472377222855
YPR151C	1.46784889885399	4.76808239239456	131.425263110059	1.03154391166805e-15	1.0865119955424e-14
YPR152C	0.394957296482283	4.98397889076682	36.4529718071805	1.80318482406927e-07	4.90298758773279e-07
YPR153W	0.275713209675116	3.0509014189935	8.0890138566069	0.00639902160538272	0.0092403329064445
YPR154W	1.44956379690081	6.16922340819055	144.552330198122	1.7322195185349e-16	2.08414079621353e-15
YPR155C	0.175655666670956	6.77276304494407	6.86619852777537	0.0115503912644239	0.0161059967974834
YPR156C	-0.564162579201379	7.36612720916637	11.6589249920947	0.00126220027913121	0.001994361614158
YPR157W	-1.14195837463981	4.2823375157975	32.7063370400028	5.66877155335495e-07	1.41672747195505e-06
YPR158C-D	0.472261613132331	2.14446613393949	15.804247533083	0.000222718322279944	0.000389517134742976
YPR158W	-0.553860094952003	6.45205638795221	23.8547769025064	1.07229694971237e-05	2.2318440443928e-05
YPR158W-B	0.303731297308073	3.57124925101874	5.88480733531065	0.0188570744722079	0.0254662531913935
YPR159W	-0.0921192904849183	8.32189060010428	0.492089417846205	0.486192061496161	0.524253855895967
YPR160W	3.26386356363811	6.00942182038688	149.272026171015	9.41491940477481e-17	1.18917073311762e-15
YPR161C	-0.09878597279865	6.81019523046438	5.82129290955166	0.0194746335888662	0.0262246337732841
YPR162C	-0.174006165023377	5.71738456700753	15.5224152646624	0.000249150677097133	0.000433627593529831
YPR163C	-0.354759880125538	8.81345338886617	42.1578104885976	3.4697322718909e-08	1.0441784513728e-07
YPR164W	-0.149617899004684	6.06229628450305	13.2151600403553	0.000646904815089431	0.00106614957072671
YPR165W	0.297143407577185	8.94881508627758	13.4340914849119	0.000589832103701011	0.00097658358643779
YPR166C	-0.499688475211035	5.84505811771571	32.4526358901275	6.13626656406437e-07	1.52542224753058e-06
YPR167C	0.0778589385382872	8.51953241037473	0.702702498272932	0.405796747845946	0.444973090937701
YPR168W	0.634462325988384	4.7261321926237	83.5288554824105	2.57836690143114e-12	1.50355341914873e-11
YPR169W	0.333398844473696	7.39696966338895	28.2335286713809	2.39474456692382e-06	5.47884439061713e-06
YPR170W-B	0.0821351192139042	3.17689618412009	0.66308917211941	0.419266791758968	0.458834482874097
YPR171W	-0.0940027424904322	5.90433855869895	4.39213225847302	0.0410980452640795	0.0528862607414323
YPR172W	0.514430941440534	6.2890296925781	57.7633059316841	6.23078990658895e-10	2.48090575221148e-09
YPR173C	-0.262572711324999	7.44454115618416	25.2499808227413	6.58309194421316e-06	1.41268465831405e-05
YPR174C	-0.202382264565315	5.01136618054545	1.53962214572851	0.22036345171077	0.25442304077663
YPR175W	-0.166677371941001	5.67003717593132	0.67011615819731	0.416827553310209	0.456411177077797
YPR176C	0.0306095737742322	6.47527493993895	0.601685422979505	0.441525165846775	0.48139569141454
YPR178W	0.276786026529043	5.55881074240517	43.0782715121118	2.68647506698977e-08	8.23113246493897e-08
YPR179C	-0.0709988780616755	5.89396382065395	2.91698267086262	0.0937450706687187	0.115460244837378
YPR180W	-0.264403008698885	6.07142485233129	38.3629959648712	1.02568496489151e-07	2.89627554093671e-07
YPR181C	-0.0680134424733049	8.79472353027802	6.31127533440014	0.0152098960885576	0.020850674935181
YPR182W	0.317400708128819	5.47755735967407	50.4311553133103	3.8026787390542e-09	1.33587467763197e-08
YPR183W	-0.0750954192390395	7.35018898549338	1.1632498269837	0.285877666453787	0.322718938136594
YPR184W	1.44551444022186	6.60963031596259	89.3868526969059	8.60054544673974e-13	5.34286945711751e-12
YPR185W	-0.143033679069404	6.64098374102265	3.81837971690095	0.056198731662278	0.0712193751790067
YPR186C	-0.250600611708944	5.37354481947669	31.5546254156126	8.14770481789917e-07	1.9849230464734e-06
YPR187W	-0.472252965045264	7.69234340363575	86.3203387677185	1.51823876855146e-12	9.13343638630563e-12
YPR188C	0.00283576599497331	6.23494732881861	0.00479713763952312	0.945052981296757	0.950921564331084
YPR189W	-0.221673936267166	6.38504648277461	15.289537212145	0.000273827724540828	0.000474946776924375
YPR190C	-0.612754650665708	7.09518854094831	53.2108545810519	1.88589784495715e-09	6.95839156369645e-09
YPR191W	-0.637513232328431	9.86218928756708	24.0132185637776	1.01398940583567e-05	2.11845144225379e-05
YPR192W	0.544688887265744	4.36687238816509	51.4429798309652	2.94319948096583e-09	1.04968942238547e-08
YPR193C	0.565651103962707	4.17923335380758	30.9312042065981	9.95261369267152e-07	2.3958684128503e-06
YPR194C	0.264278235723609	4.42930416272935	11.9650407489135	0.00110488439293639	0.00175949154700411
YPR195C	-0.519096132872516	1.95517740649775	20.1077760134449	4.20420672580281e-05	8.071652647962e-05
YPR196W	0.0519305590137238	4.72012415517197	0.707633661470302	0.404165792685765	0.443264519162482
YPR198W	0.429519864459633	6.51831767462278	44.8249612734362	1.66466609056739e-08	5.28388277339639e-08
YPR199C	0.472085258575872	5.70744285142601	174.208649041034	4.65635074606722e-18	7.51932714643427e-17
YPR200C	0.842645262040659	2.70097678714398	34.7825412861987	3.00149273830513e-07	7.90358468460277e-07
YPR201W	0.829897811189525	4.25760203949235	75.4822762063008	1.2647015983229e-11	6.53053717607279e-11
YPR202W	0.111971463889957	1.90368866867098	0.492253513581396	0.486126062428956	0.524253855895967
YPR204W	-0.511289749214066	4.26914143786603	7.98702426069447	0.00671621456498345	0.00965941749861073
