logFC	logCPM	PValue	FDR
15S_rRNA	0.199502800059547	1.5361630754902	0.724031823303251	0.765543320734989
21S_rRNA	0.508515947043276	2.74915954812628	0.379068184460278	0.440395939596321
ICR1	0.00680835083911857	3.67356988104837	0.948103337434226	0.961700230243727
LSR1	1.95699495890005	4.27596485256585	2.90885360818334e-16	2.02877353740119e-15
NME1	0.804750799409208	1.47580373410075	0.000571430633426377	0.00114514698938646
RDN5-1	-0.60464730078833	2.60544071401741	0.114088932554473	0.151046611433052
RPR1	0.467007270491064	1.34117628084128	0.0524830071463612	0.0745400044800197
RUF20	0.344395627105619	2.77170410933971	0.00797813216827475	0.0133197807819128
RUF21	0.335627739957377	0.701806204121593	0.3802329980546	0.44121999311026
SCR1	0.422601917587318	1.84299435246994	0.351508804688461	0.412293682103909
SRG1	-0.340030504594824	4.41344758381832	0.011611031362628	0.0187851239375995
TLC1	-1.29540328021662	6.73927628063219	1.54634854668301e-06	4.41855867997066e-06
YAL001C	-0.433306585507201	6.51789442515561	7.87045277759784e-07	2.32516767070851e-06
YAL002W	-0.227517997266525	6.20720143563716	0.00353104192267596	0.00624314748148341
YAL003W	-0.545299208523792	10.7250519486863	4.8984946503154e-08	1.65727348552032e-07
YAL005C	0.167117997288117	9.29164073459072	0.583882053979313	0.640098269242092
YAL007C	-0.567189417943494	7.50151245127146	2.52435909525109e-05	6.18437118200879e-05
YAL008W	0.5005266163121	4.99777232601065	2.95479675321579e-05	7.18618045320929e-05
YAL009W	0.0147225471188887	5.17216980963546	0.827004707492568	0.857528855026788
YAL010C	0.0311281155885832	5.77732012828113	0.64383824356289	0.694929177791758
YAL011W	-0.68531963397685	5.19760067169758	1.2220495473595e-17	9.20671914627234e-17
YAL012W	0.378403266371469	9.87529814368046	1.00059995545522e-05	2.58180555029904e-05
YAL013W	-0.400255873601046	6.73890685376658	2.01589221583352e-09	7.91092950495505e-09
YAL014C	-0.0266719495762738	5.75277912263534	0.650017731907782	0.700718415676812
YAL015C	0.433524737225634	6.11104782906673	5.27924009287523e-07	1.60216009279989e-06
YAL016C-A	0.111661584755701	3.47893343094745	0.30317874939201	0.361578665130314
YAL016W	0.444727206158152	7.61932253104906	3.53560247738859e-16	2.45167728881894e-15
YAL017W	0.556909696762726	6.58631659445435	1.61464298025175e-15	1.06555802385e-14
YAL019W	-0.655433558492179	7.17860315652149	1.9350734600438e-09	7.60370041946622e-09
YAL020C	0.0385874004897193	4.49156594386318	0.627913818301265	0.679938378174929
YAL021C	-0.533570937084546	7.75566521552321	1.36511652644208e-12	7.16775594495179e-12
YAL022C	-0.279351353902179	6.40366204025107	0.000891324538909138	0.0017308824202915
YAL023C	-0.540802469123563	8.77552309916228	0.000170183392743488	0.000368832933371973
YAL024C	-0.438193998342402	5.74681295285309	5.46737494160649e-05	0.000127501389251118
YAL025C	-1.11088366365203	7.83686903278127	1.49846005659379e-13	8.48280777800552e-13
YAL026C	-0.101454013830846	6.43905302719573	0.201711393600301	0.251961125768753
YAL026C-A	-0.311050240527506	1.03323331865608	0.209492189347439	0.26022046329686
YAL027W	-0.0502567890844375	5.02587043874153	0.454185905847755	0.51685891840937
YAL028W	1.93067756192549	3.61223569793391	1.27395511934164e-26	1.48143485057678e-25
YAL029C	-0.371424361562665	7.32272916513186	8.999867560127e-09	3.29119244352089e-08
YAL030W	0.268839758441987	6.14197245471882	0.00798461076694536	0.0133268961496045
YAL031C	0.596213386398969	5.97500013285617	5.0369867353786e-21	4.45984745995525e-20
YAL032C	0.230766104809268	5.41660314111101	0.00155317896009412	0.0029143919813002
YAL033W	-0.484392652173536	5.45436609754961	2.46085108357434e-06	6.84303270788571e-06
YAL034C	1.15472016077627	5.49558837983554	1.87551499850122e-33	2.83306436457018e-32
YAL034W-A	-1.00037426285792	4.59399804767381	2.53164461078719e-05	6.19716913682922e-05
YAL035W	-0.485495410723223	9.14755696164674	2.95380631417614e-11	1.3873659031896e-10
YAL036C	-0.762366284005571	6.96435460708994	8.0331165455927e-11	3.63121027609799e-10
YAL037C-A	0.899760310077898	1.03090100617403	0.000519763885755551	0.00104754290350733
YAL037C-B	1.22395933483524	1.51554463925169	1.03185656922e-07	3.39175598367995e-07
YAL037W	0.234647703277838	4.14753075530765	0.0936713094457508	0.126424930870043
YAL038W	0.120278365344205	11.299668496064	0.226733962207417	0.278814600284515
YAL039C	0.690693633419793	7.11697806548515	1.82146012014098e-10	7.98732183974293e-10
YAL040C	0.240272737448436	8.64292705880894	0.0750815845650838	0.103293017484047
YAL041W	0.350431129601388	7.28938923594084	7.82183102361818e-11	3.54102771942715e-10
YAL042W	-0.012485408220571	8.10318790183625	0.824588595223483	0.85546620094626
YAL043C	0.0336773918835776	7.30773049397403	0.630289554279008	0.681896850877344
YAL044C	-0.525416527856024	7.88842968833746	0.00254246621787615	0.00460400810297331
YAL044W-A	0.565786694690455	2.25882390322733	0.000288346605657141	0.000604231367448844
YAL046C	0.0624505325815643	4.89152993331076	0.351533169405296	0.412293682103909
YAL047C	-0.43277806579233	5.25470014388572	7.4143369851978e-09	2.74138954212848e-08
YAL048C	0.137700295361554	5.70182555292136	0.0256511359582601	0.0387084913105069
YAL049C	0.515521397245253	6.38607531237871	1.07104031140907e-17	8.09948975118405e-17
YAL051W	0.133167717298723	6.42734124390945	0.00923181647885366	0.0152226222355645
YAL053W	0.630003390615904	8.55142152719867	4.40947055457977e-06	1.18558752120454e-05
YAL054C	3.01419707158442	5.89914659518379	0	0
YAL055W	0.412597188333426	3.75567304799233	0.000199893080198986	0.000428281253797685
YAL056W	0.538805040779518	5.9976739877813	1.83894871632168e-10	8.05226488166494e-10
YAL058W	-0.16739893644135	5.76025613194692	0.0150980972133042	0.023905651947955
YAL059W	-0.631540264409417	4.19212933116626	0.00557213699083531	0.00951695670139258
YAL060W	0.0804395605720058	7.76909352451556	0.70598740753506	0.750556373846291
YAL061W	2.67432813392548	5.87456896725346	1.29455025259751e-30	1.77285560788525e-29
YAL062W	0.346804348435439	4.46049631577673	0.00194744700927789	0.00360026181420008
YAL063C	-0.112532990276204	3.42253248764807	0.465705613821949	0.527969479595994
YAL064W-B	0.147989235384759	0.905774267545097	0.59006766535281	0.645702002930669
YAL069W	-0.948378817224192	0.976120489493205	0.00073346016980203	0.00144528434639456
YAR002C-A	0.0163227752874364	8.38378781607663	0.893380204159374	0.913125091364529
YAR002W	-0.385611159019624	7.60920872575592	7.74200508628658e-09	2.85727038543615e-08
YAR003W	-0.171885170628231	6.11693109077876	0.166045038069176	0.211341371356356
YAR007C	-0.453242161783727	7.45737907620154	0.0832380608673827	0.113527046718399
YAR008W	-0.919908964228884	5.62283226372972	0.00232661152989021	0.00424123363180715
YAR009C	0.198882177537986	1.02954964351906	0.456214226111639	0.518774338449627
YAR014C	0.0913385936398535	7.85608606088767	0.127057054422587	0.166058045910563
YAR015W	-0.266983089450851	9.89233760058538	0.0119771094045009	0.0193150165611211
YAR018C	-1.55454532711528	6.22072647475051	2.16856504417519e-05	5.3563734780531e-05
YAR019C	0.599182107696317	5.88732244677627	9.72210912787409e-18	7.37065826945511e-17
YAR020C	-0.218903731314134	1.53457863414954	0.308248942949141	0.367114232371283
YAR023C	0.941559830574037	2.54672264930433	3.76959797274459e-12	1.90604062339281e-11
YAR027W	0.748486700346294	5.99390987972145	1.26823571521082e-22	1.24179692505659e-21
YAR028W	0.656319110566038	4.76686349890682	7.13704940516115e-08	2.37848897027876e-07
YAR029W	-0.902172627251458	1.71154779266471	5.08755894275164e-05	0.000119478142046183
YAR030C	-0.437082748982049	0.933713165825494	0.11315031092302	0.149936008214502
YAR031W	-0.731854333935338	3.17660871664321	2.07684506011798e-07	6.64148537310069e-07
YAR033W	-0.127726240163832	4.00582599194791	0.20721041763738	0.257919054003297
YAR035W	0.29325234883019	5.36547152565751	0.274775149611332	0.331184482651029
YAR042W	-0.378520057002153	6.82048023160186	5.39942504611065e-07	1.63450872997065e-06
YAR050W	-0.630034191601051	2.50789808258252	3.50211488289672e-05	8.39837043317714e-05
YAR066W	-0.928913251544122	0.955258590988571	0.00556928216261286	0.00951478384814678
YAR068W	-0.683598039839124	2.9030501675776	5.45502407420003e-07	1.64967830654379e-06
YAR071W	-0.287925523638868	3.25491762315627	0.0417487540192104	0.0604075834328502
YAR073W	0.134491007428021	3.76899976209467	0.2180166193908	0.269583693084633
YAR075W	-0.00860475814688591	1.60878513446907	0.987963199642762	0.992254386276693
YBL001C	0.678461793635209	6.8161714256638	7.19566184657904e-17	5.22467621034217e-16
YBL002W	-1.96247248612678	9.0109660554478	0.000493101135126647	0.000996813727095294
YBL003C	-1.24367271310377	7.26990981812809	0.0320086527106488	0.0473863629885301
YBL004W	-0.814203798347465	6.90304106263591	2.00848143333224e-07	6.43313285945309e-07
YBL005W	-0.0577087898103441	6.03755660746134	0.527548321001595	0.586359864274652
YBL005W-B	-0.62364301469621	0.976695584691294	0.040188249253901	0.0584591711866569
YBL006C	-0.376825190813213	5.66819986410379	7.8761539186513e-07	2.32570910407326e-06
YBL007C	0.399699528039668	7.94070785916696	6.65633022743572e-10	2.74094913200983e-09
YBL008W	-0.707493078561665	6.42184546260031	6.22229879732098e-15	3.95856723486706e-14
YBL009W	-0.89008312890341	6.9114467299859	1.10474796401745e-05	2.83350885651574e-05
YBL010C	-0.229789203139513	5.49598582979509	0.111721188129783	0.14840207314102
YBL011W	-0.39195751000775	6.91704883642947	4.5717198007169e-07	1.40087560866004e-06
YBL012C	-0.894724808472996	2.37993681701945	9.55955445723768e-07	2.79669301201523e-06
YBL013W	-0.798180258936539	3.20696489543236	2.09768331686599e-08	7.36639725525603e-08
YBL014C	-0.45734506078158	5.94792860330582	2.70600934920997e-08	9.41465752745968e-08
YBL015W	1.33922360481478	7.07818735415685	5.48812896320197e-16	3.75365544104326e-15
YBL016W	2.77100310563922	7.64883601836793	9.29728525484559e-71	3.15792536452721e-69
YBL017C	1.60675008696003	7.68319260535336	1.56149794317548e-104	7.88884507089998e-103
YBL018C	0.128174702137383	5.33322161374912	0.183885843984229	0.232106171327563
YBL019W	0.195640322686152	5.03428472458277	0.0136000248830448	0.021705163152871
YBL020W	-0.247069872998312	6.51793562552057	0.0174634270011654	0.027305623701172
YBL021C	-0.447822561150794	4.56524729010889	5.10835410259351e-06	1.36071886862172e-05
YBL022C	-0.32220880161924	8.67664624031218	3.25074578857052e-05	7.83620035320206e-05
YBL023C	-0.551077096768771	6.83617895928132	0.048543833950966	0.0693714118643232
YBL024W	-0.790972110777513	8.02850943278829	4.94442382691867e-20	4.11715734729017e-19
YBL025W	0.219358390663551	4.64166032541953	0.0150003862871456	0.0237571976707901
YBL026W	-0.136740622979485	6.48732475140005	0.132102238589813	0.172328087192076
YBL027W	-0.227010838035999	10.4613619173998	0.00933999420253175	0.0153841219577044
YBL028C	-1.25060609779239	6.42440316270476	2.61487487114867e-10	1.12450842098325e-09
YBL029C-A	0.446557108138755	5.51898449075311	5.57069221628596e-05	0.000129659317089861
YBL029W	-1.02056690149918	5.40156904710555	6.05008285309417e-24	6.21762360902601e-23
YBL030C	-0.138136607406115	9.53426841073587	0.247199232507971	0.30114727169968
YBL031W	-1.26938611497772	5.02290950007542	5.02666819553308e-10	2.09427090724497e-09
YBL032W	-0.990962169427907	7.34352231749094	6.65470477449743e-09	2.48189113550115e-08
YBL033C	0.611369463643726	6.67824789903317	1.65982705081542e-25	1.82429254652693e-24
YBL034C	-0.51522678733391	6.14633118033054	1.49618379760719e-05	3.77309437550941e-05
YBL035C	-0.633959486590776	5.92712264249949	0.0838088500138797	0.114253697569942
YBL036C	-0.236158610905808	7.48414858293835	0.000620127064392185	0.00123491351809401
YBL037W	0.244238461109465	6.32162352980425	0.017245971129298	0.02699369394151
YBL038W	-0.34084439484457	6.8597922478156	7.10578074625303e-05	0.000163115516786839
YBL039C	-0.490033130279941	8.22617275161322	0.0148632253678326	0.0235585844744027
YBL039W-B	1.70740764867138	3.70490620263155	1.32039131097403e-72	4.58855061362765e-71
YBL040C	0.253008769839039	7.30901522583084	0.0033030422997178	0.0058681708941795
YBL041W	-0.0879123105156153	8.07770145456039	0.339170969503819	0.399822719344501
YBL042C	0.188767155949158	6.44628226194779	0.198457599444211	0.24851432975864
YBL043W	-1.07835490428412	4.04653999749928	7.39679491110589e-09	2.73658652341961e-08
YBL045C	-0.221134383298454	9.32149519895579	0.0294291205271431	0.0438374312708583
YBL046W	0.255590816056361	6.33258923756772	5.18351928639415e-05	0.000121494416958291
YBL047C	0.230645467246944	8.09052800306266	0.00994219562821951	0.0162912183474668
YBL048W	0.45434858347754	2.72077649586113	0.000506949275866884	0.00102240155870906
YBL049W	1.29139068748291	3.34809378024511	6.70760401310197e-46	1.40509112636826e-44
YBL050W	0.11882524204208	7.20035182741336	0.160773447546714	0.205434636907724
YBL051C	-0.209216513056234	7.26176625022847	0.00340259992187209	0.00603434534816962
YBL052C	-0.44308333247043	6.04271309793591	1.87430071475554e-05	4.66982838670133e-05
YBL054W	-0.818691616184754	6.51878867790156	5.2602272907959e-06	1.39869466927311e-05
YBL055C	0.0368567795947105	6.18423914542237	0.590665243483513	0.646238297329004
YBL056W	0.10116367891758	7.84544793247494	0.0630504960489745	0.0880101189334652
YBL057C	0.0712603640240758	6.52055374100855	0.302363438466581	0.360819569682629
YBL058W	-0.351808161986109	8.56346912624679	0.000532506799170807	0.00107142934290994
YBL059C-A	-0.0324854582186198	5.23790553943143	0.77641288814234	0.812638280555666
YBL059W	-0.136836546645407	4.66199860106664	0.154463410998661	0.198383684452883
YBL060W	0.76897873116857	6.24126328063154	5.70383146277869e-19	4.52991212076955e-18
YBL061C	0.437365676317613	7.28806680036141	0.00140853381066534	0.00266208905052501
YBL063W	-1.12675918297186	5.65722146523864	8.09918608996519e-09	2.97812273840188e-08
YBL064C	1.11775376622186	6.19219437888919	4.11581865003069e-12	2.07238707906068e-11
YBL066C	0.0410177405194242	6.04628198061059	0.595701931477941	0.651037995281836
YBL067C	-0.0939731329742157	6.48216790031247	0.168177817666728	0.21376005070029
YBL068W	0.04525865626685	6.12655327551265	0.550399701226076	0.608496322870756
YBL069W	-1.25949834782459	5.47194197476652	1.37514917076449e-11	6.6780265061681e-11
YBL070C	-1.92387947148302	0.876041796362693	1.17773670728419e-07	3.85021918661912e-07
YBL071C	-0.332073713265233	4.32875768941415	0.0302068437139694	0.0448403813354035
YBL071W-A	-0.137898574423061	5.04392389334447	0.385067713827382	0.445969388466619
YBL072C	0.156470148806462	9.93220210734306	0.0454549458728255	0.0652675267703432
YBL073W	0.145016053579118	0.797732886691446	0.613284389052386	0.666859422496463
YBL074C	0.0110330036735998	4.00712192288747	0.929824863891276	0.944753605157065
YBL075C	0.32170002838013	5.80653386258786	1.32810963098564e-08	4.76407822284347e-08
YBL076C	0.287262365043749	9.47743732273581	0.000128820621858192	0.000284731462724798
YBL077W	-0.090016707061089	1.40962175775587	0.762075329611824	0.799833981025621
YBL078C	1.31200139035568	5.0981144097195	3.09317597542831e-20	2.62287361978491e-19
YBL079W	-0.315607480017614	7.44485796393543	0.000109806152064714	0.000245046245810341
YBL080C	-0.337235859328623	5.90203615256666	9.91165576902557e-05	0.000222346546579783
YBL081W	-0.858197315432596	6.61114007356294	7.75326685023935e-14	4.50363674431295e-13
YBL082C	-0.528958433340561	5.64320312520722	4.71589682353029e-05	0.000111140618200957
YBL084C	-0.0969250533326108	6.07399753534134	0.129889656624839	0.169612644576136
YBL085W	-0.203421596522903	7.6684864322756	0.0776891789063305	0.106539083846911
YBL086C	0.0317398371634598	5.91940617227598	0.774681776792329	0.811250103131072
YBL087C	-0.191439834525419	8.85456027779103	0.0342675671608704	0.0505190323126907
YBL088C	0.130987129495516	5.42724915583438	0.0670086889124049	0.0931028975598285
YBL089W	0.356439380137492	5.54709231181818	1.59382949855167e-05	4.00390746566032e-05
YBL090W	0.0596826102364274	6.02655425373895	0.484799474181277	0.545807947336674
YBL091C	0.0403961709354315	8.04917512842301	0.539100180669977	0.597322205342407
YBL091C-A	0.601255647556341	4.33298160055039	8.4826381352253e-13	4.54119505511794e-12
YBL092W	-0.130166237173847	10.5940637974522	0.124184902996979	0.162693318112408
YBL093C	0.538542361730916	6.08795792664112	7.20316025857208e-08	2.39919110662246e-07
YBL095W	1.68053429623719	4.49865111879847	2.30231506229885e-47	4.9258071724344e-46
YBL097W	-0.626978180807625	4.69395911136555	1.31211500424134e-06	3.77617779104785e-06
YBL098W	0.03348247039839	7.29068676729069	0.695311391574565	0.740647074086868
YBL099W	-0.305589835579324	9.03834780227094	0.000245653388000689	0.000519658046678446
YBL100C	-0.716334140916827	7.06963487550801	7.91717711055932e-11	3.58149501795956e-10
YBL100W-B	1.27924089181733	5.31508596646405	7.05694407324559e-30	9.40717245418015e-29
YBL100W-C	-0.209230185679881	1.69974930337429	0.265884021395102	0.321370071698302
YBL101C	1.24629596867447	6.99024392776019	2.21796415144888e-32	3.19769795647738e-31
YBL102W	0.0762671237931646	6.39377281235585	0.204828169202767	0.255323855120679
YBL103C	0.435548595694015	6.97392852653536	2.80218789248983e-14	1.70686460077496e-13
YBL104C	-0.326913081071196	6.1500616386273	2.6896751905096e-06	7.44147595275827e-06
YBL105C	0.0449715726268677	7.2559008501821	0.551124148058539	0.60884938958617
YBL106C	-0.202970132541511	5.38104115691965	0.00312458574778386	0.00557418679990403
YBL107C	-0.454780475016004	6.33910066917419	1.01028076455236e-05	2.60566621899992e-05
YBL109W	-1.43880484804814	0.586723864118147	2.10863567038634e-05	5.21906860863017e-05
YBL113C	-0.629205706534749	5.96018879941739	0.00331323182159515	0.00588453462671493
YBR001C	0.343086527484389	5.5193610497923	0.00203200847498475	0.00373934341953117
YBR002C	-0.245892517227075	6.18200916329451	0.000240227442012041	0.000509974357830646
YBR003W	0.0215566454600034	6.88097413381805	0.773598531360127	0.810270610138067
YBR004C	1.19343283467966	6.25704635931323	1.60249901499452e-78	6.09761017604244e-77
YBR005W	2.40586727485495	6.10590475649057	2.08761576283276e-132	1.79296370945008e-130
YBR006W	2.54855953894983	6.49780382755443	5.74199081045543e-121	4.01405218051838e-119
YBR007C	-0.00563765976483916	6.50930652192327	0.956156789000173	0.967577406392828
YBR008C	0.101940877317854	5.45828641481009	0.313957927711329	0.373174191656882
YBR009C	-1.94823464630385	8.89501964551006	0.000762750796244446	0.00149907086859157
YBR010W	-1.56086317056824	8.91686114948908	0.00180306036510549	0.00334981425062243
YBR011C	0.289290624490139	10.751425944546	2.24980552520253e-10	9.80132667936061e-10
YBR012C	0.380667584477887	4.32870043556499	5.32556806752009e-06	1.41419236845984e-05
YBR013C	0.136358047040601	3.26514349232322	0.227928931542026	0.280169441102159
YBR014C	0.57739628389006	6.67653697763733	1.23771190977088e-08	4.45309635041445e-08
YBR015C	0.127399445175784	8.00792750159383	0.380090925592154	0.44121999311026
YBR016W	0.860317903286011	6.89917373469813	1.0752415117579e-49	2.44861816995777e-48
YBR017C	-0.31231724208972	7.86725721139424	1.68160683107769e-08	5.97154180061375e-08
YBR018C	0.70524827239711	2.05863904096054	0.000140171253797012	0.000307558240083078
YBR019C	0.0665405033067839	4.25029359126474	0.491072948528934	0.551219299207609
YBR020W	-0.361582812417211	3.2122191180802	0.0159337506548542	0.0251427057577385
YBR021W	0.234044766013177	6.72937517750506	0.0283221468444424	0.0423353423244126
YBR022W	0.18293702872252	5.35666103901137	0.00429353276754155	0.00748411684501589
YBR023C	0.856647008307776	8.17113215275755	4.86233026544361e-07	1.48613775067855e-06
YBR024W	0.466959182362199	4.80523305605361	1.26351467271106e-07	4.11720878717555e-07
YBR025C	-0.0244837929391177	9.42524181580261	0.839896051133416	0.86924686855123
YBR026C	0.980150170166793	5.8410354892952	7.9636566980859e-15	5.0344378621338e-14
YBR028C	-0.853801098733808	6.70048135472749	1.62934812333588e-20	1.40137924427687e-19
YBR029C	-0.619895749708838	8.15363540944499	1.38173860358758e-13	7.8368042309137e-13
YBR030W	-0.436498322071411	5.81003322827963	1.55964202540039e-09	6.18099397277992e-09
YBR031W	-0.0408901804004354	9.7765566657664	0.693984710817244	0.739758170466892
YBR032W	0.233682616911581	1.21590440411927	0.332313299770369	0.392739838454778
YBR033W	0.594489033428586	4.93375320367408	2.41116747136207e-10	1.04512897172522e-09
YBR034C	-0.690041043574556	7.25277982072529	1.14683660650115e-10	5.1110316369792e-10
YBR035C	0.255988175570797	7.54922651119542	3.00289673875393e-05	7.28841953709674e-05
YBR036C	0.542850420295066	7.90325124906619	4.00090907866122e-21	3.56876340963075e-20
YBR037C	-0.453389665088182	5.82002201021138	1.95071752671359e-06	5.47512314220454e-06
YBR038W	-1.94748652804756	7.47960629612778	1.89311265922108e-10	8.27737695071792e-10
YBR039W	-0.395247658890779	8.66603680481194	6.89556023516853e-07	2.05737509349048e-06
YBR040W	6.78252006046587	6.00404093269793	3.26949553470723e-64	1.0237607893052e-62
YBR041W	-0.0756518496471159	7.04217585209889	0.432718213474102	0.494770235718201
YBR042C	-0.436150235031785	5.88886261367283	7.97302668284767e-05	0.000180814169812449
YBR043C	0.410691942204672	6.52163060286729	0.000766243538393865	0.00150528598864533
YBR044C	-0.531526135048245	6.55597146910482	1.16383671029417e-10	5.17911643396635e-10
YBR045C	1.76053144197798	3.97349526419424	2.58751187720263e-82	1.04403499367398e-80
YBR046C	1.44268370135718	5.52592459442033	1.93734169840435e-29	2.51561518159977e-28
YBR047W	0.336007309641316	3.71231037363251	0.221732861823831	0.273279615679556
YBR048W	0.13611594294869	9.6834729144509	0.0594379032757323	0.0835689135859922
YBR049C	-0.556836561757318	7.53102724010766	7.7506540191889e-05	0.000176369916591081
YBR050C	2.41189708656419	3.48411873128193	5.16745624407606e-111	2.95873780375098e-109
YBR052C	0.728222838137683	6.26709160068158	5.5319611557605e-10	2.29524847953293e-09
YBR053C	0.526791263028906	6.14354061174057	0.007875567442433	0.0131668274371266
YBR054W	2.09708101533146	4.92986832835302	3.48822656152602e-20	2.93303749481041e-19
YBR055C	-0.332560071376579	6.44655402032394	1.21590809651537e-05	3.09747435434339e-05
YBR056W	1.62313284594858	6.4377377304756	6.03266161713562e-16	4.11205914310877e-15
YBR056W-A	2.0543753705791	1.4446118790438	9.12660244135212e-31	1.25846637333507e-29
YBR057C	0.168703452190792	5.97997172500135	0.0247608212157615	0.0375345580305493
YBR058C	-0.00917467302736431	7.20073276638361	0.882326325122646	0.903824478895441
YBR058C-A	0.186060297152124	6.44369870038643	0.0314304461333502	0.0465647713537954
YBR059C	0.324060243996547	7.48251217431531	0.00214210774838342	0.00392273889225741
YBR060C	-0.373082180853085	6.16446051918568	6.68934189410764e-07	2.0030770278579e-06
YBR061C	-0.540859078105776	6.14178041309347	5.69018237986563e-06	1.50635739620221e-05
YBR062C	0.0469518488504971	5.87346074034131	0.589937316432638	0.645676888110872
YBR063C	0.179299142887696	4.79908929019309	0.104891489100768	0.140166177478066
YBR065C	0.172319259514397	5.58356486486039	0.031232642797555	0.0462945385845415
YBR066C	2.74247592402384	6.87703609087556	1.6774945096364e-54	4.20212374663918e-53
YBR067C	1.65864789183859	4.98975101922232	9.22612097312154e-34	1.40423896937739e-32
YBR068C	0.349682999246406	6.29919538724324	0.0111001362625322	0.0180264773663814
YBR069C	-0.842045402443659	4.16778168766679	1.45756900165911e-18	1.13509130025577e-17
YBR070C	-0.563959288433856	5.00193988705515	0.0568079250134523	0.0802032299010381
YBR071W	-1.4646605338565	7.35907491073564	0.00938624952206933	0.015451843408182
YBR072W	3.39983934733021	5.39897382319717	1.53559728611602e-146	1.46539855303643e-144
YBR073W	-0.867538010000747	7.48755441138816	3.12681927897402e-06	8.58768273421278e-06
YBR074W	-0.217547256111155	6.81419840728883	7.70067527748438e-05	0.000175365377909985
YBR076C-A	-0.233210067478318	4.21603466885865	0.0120067898617885	0.019336741508258
YBR076W	0.537681057858837	1.45358889468885	0.00560648633357978	0.00956746972395165
YBR077C	-0.235444493203334	6.19975852873225	0.000368262324680038	0.000758996604722793
YBR078W	-1.02073949510951	10.6019454115454	4.04418258211857e-08	1.37910525715808e-07
YBR079C	-0.199467741137524	9.13231000206069	0.00144501487334058	0.00272504059552182
YBR080C	0.0586641079593473	7.74541904928359	0.375631592438071	0.43689246154724
YBR081C	-0.411694269505261	6.94819457895083	1.52475280652347e-09	6.05070222628322e-09
YBR082C	-0.201414923936156	9.41842500983411	0.034581753277485	0.0509447441078755
YBR083W	1.58774637922321	7.75858422182012	7.54344214914078e-06	1.97384636851735e-05
YBR084C-A	-0.054949679099213	10.3242358657025	0.483390479044177	0.544425545150542
YBR084W	-0.445081199246748	7.84324853452266	0.00419425045849656	0.00731954535746918
YBR085C-A	1.69980462396868	8.29764369206042	4.03760291127043e-28	4.94380217974701e-27
YBR085W	-0.596745364046918	2.63332560005758	0.0269347571745697	0.0404424975358424
YBR086C	-0.312842934647892	8.20310674767684	0.003804906141894	0.00668666931454742
YBR087W	-0.463107427020533	6.42736077533741	1.10430607842896e-05	2.83350885651574e-05
YBR088C	-1.33663445940632	4.11921036817439	0.0151409298416602	0.0239671590858507
YBR089C-A	-0.182526115288848	5.40233484674645	0.0458347127341852	0.0657814019952068
YBR090C	0.576125756991138	2.32413101376383	0.00150529276173479	0.00283072257852661
YBR091C	-0.283461247055367	4.69238731091933	0.00702834558563549	0.0118227234641412
YBR092C	-0.138594347675145	3.51152834758066	0.179665439191066	0.227065087327452
YBR093C	-0.112380775574247	2.25130798975154	0.493563641818643	0.553601607204044
YBR094W	-0.419335550438339	6.5297563147013	2.26461296261786e-14	1.39211177211233e-13
YBR095C	0.152178724953873	5.90258259919726	0.0284349879553681	0.042440701983037
YBR096W	-0.0779638064544248	7.22141573577933	0.24199116357038	0.295521201581379
YBR097W	0.330054012830612	5.25342036757348	0.000393991137024873	0.000807869957637632
YBR098W	-0.542519562161993	4.97099149658662	1.53693863263497e-06	4.39794148472226e-06
YBR101C	0.405804611793487	7.79810434598221	0.00738886486115486	0.012387578233481
YBR102C	0.113161663102463	6.51898750664134	0.0691263618186168	0.0957796006576456
YBR103W	-0.0518162026055054	6.17828032722457	0.47538878741492	0.53722507329671
YBR104W	-0.325172394973278	7.1328674211785	0.00324113120017743	0.00576499431226826
YBR105C	1.16374215002747	7.17349627898998	1.65751238518288e-31	2.35578356021738e-30
YBR106W	-0.0372386841276279	8.89014922499883	0.644263768149948	0.695263646404145
YBR107C	0.1442636027047	5.25383297417423	0.030582165032356	0.045375117515924
YBR108W	0.654153356744842	6.4656005510302	8.06474467684895e-10	3.29159843837175e-09
YBR109C	-0.0219033193326091	7.79102664729682	0.7711483500832	0.808253814626953
YBR109W-A	-0.712586242817032	2.45942361481479	0.016067319447065	0.025333523345333
YBR110W	0.00758532453517098	7.09446151447726	0.924380421682606	0.939698189914749
YBR111C	0.187899261742746	6.88097399553516	0.0804732968625835	0.10995578653133
YBR111W-A	0.219075806728778	5.14497071602853	0.0393621595682548	0.0573546542230606
YBR112C	-0.864424351607158	7.50592766002168	1.57611339900343e-12	8.18979581228056e-12
YBR113W	-0.913725726925701	4.23508434556424	2.19386053031822e-12	1.12923711543434e-11
YBR114W	0.666885758294309	5.37522583884509	5.81066416378574e-18	4.44449274207123e-17
YBR115C	-0.8654231061643	9.82709959374306	3.14819061600791e-13	1.74441677266724e-12
YBR117C	1.37387941751702	4.52864737140323	1.30741908801163e-41	2.42598875219935e-40
YBR118W	0.182702716314335	10.720127858325	0.000877279992115211	0.00170575915672595
YBR119W	-0.109869016806694	5.4200004571351	0.147598301507942	0.190339122407925
YBR120C	-0.116965900468168	5.05982120504673	0.2205266787468	0.272016083837866
YBR121C	-0.0644958721631699	9.55916948903351	0.38709284849408	0.447969625629722
YBR122C	0.00850908129825706	7.23674494288559	0.908838248382005	0.926710883136601
YBR123C	-0.63013591880071	5.77673644507849	1.75881005578608e-12	9.13123148133498e-12
YBR125C	0.422084654113693	6.65600371216627	5.64295112991841e-05	0.000131239544267193
YBR126C	1.4196591034359	8.16933602255417	5.58117520612855e-20	4.64094403032433e-19
YBR126W-A	0.53130811402266	4.49969552499125	6.45180960156147e-11	2.94181340490746e-10
YBR126W-B	0.379892732107974	1.82453432845474	0.0434239847781588	0.0626957244203387
YBR127C	0.20989470616499	9.41344698088689	5.37994557350315e-05	0.000125706306987567
YBR128C	0.368001546209374	3.42124517591045	0.00370453744442348	0.00652554325106181
YBR129C	-0.321936532786825	5.86536858674441	2.51932689631867e-05	6.17707720255621e-05
YBR130C	-0.221090061469552	7.11996543905027	0.0180638170178265	0.0281711200807193
YBR131W	0.0144754691407695	5.36282392916804	0.857623927266381	0.883126250051067
YBR132C	3.16404698804523	5.33206386432435	1.94154777579003e-129	1.57737638216887e-127
YBR133C	-0.245657053190204	7.33856708518976	0.00378869041579831	0.00666011894145597
YBR135W	-0.534753437654862	6.22380903085266	1.0508412394718e-15	7.03991426270355e-15
YBR136W	0.0391391222474055	4.80850818007774	0.617672936524725	0.670660952571184
YBR137W	0.689446543329727	5.63151177344745	3.37834018380857e-19	2.72259801408272e-18
YBR138C	-0.443581859397238	5.67674775289612	0.00199794071833043	0.0036868077343777
YBR139W	0.96866129231888	6.20890429915125	1.57859818080606e-06	4.50215002988902e-06
YBR140C	0.044952515316343	6.27003332491093	0.656672758526525	0.70649903798523
YBR141C	-0.181163901968444	4.50383899770564	0.117629646045682	0.154911763501309
YBR142W	-0.763698835242245	7.26139593602695	1.730522633484e-08	6.13242249209148e-08
YBR143C	-0.403570631488091	9.2724181313943	3.77231789526008e-07	1.16917102175576e-06
YBR145W	1.4707520930686	6.15915584512266	4.81810561282472e-14	2.85665196689371e-13
YBR146W	-0.296491310947784	7.51789789395374	0.00132821997853406	0.00252219157010321
YBR147W	0.29307285824971	6.09471233707038	0.0435611651325352	0.0628786854206007
YBR148W	-0.582184593627455	3.38230250714689	2.49212132765816e-07	7.89390591247675e-07
YBR149W	1.10280702592473	7.77793806525626	2.26270891749557e-19	1.83334312829964e-18
YBR150C	0.874850086834069	5.61309755694521	1.2290439317101e-50	2.88633285837543e-49
YBR151W	0.308906701002576	7.60994176180074	3.02388671783439e-05	7.33344370618006e-05
YBR152W	-0.0903300177154392	4.62365607972291	0.332432419301751	0.392803401108908
YBR153W	0.51015969914626	5.32623609878992	1.12896812061997e-12	5.96953064306707e-12
YBR154C	-0.647106157368948	7.68888657288998	1.05153742646503e-15	7.03991426270355e-15
YBR155W	-0.685581781930771	6.74763475462065	1.43134011608072e-07	4.64895557962036e-07
YBR156C	0.392790688035052	6.02876121485769	0.0057474420114364	0.00978856129539819
YBR157C	0.170544091336008	4.64990379588278	0.581332346917451	0.637768260888269
YBR158W	-2.13524387203384	8.03082279722771	9.06694969436696e-05	0.000204618999859362
YBR159W	-0.029551923535136	7.72111739915216	0.623495686861526	0.675717186318425
YBR160W	0.0915669973107174	7.12951731520146	0.277479338545268	0.333841461543756
YBR161W	1.67623756320286	5.93627806230255	6.80009747424532e-24	6.96459727685909e-23
YBR162C	-0.0285452750490635	9.5442704185301	0.90513815516169	0.923572740806532
YBR162W-A	0.0364423170714275	6.95498873322568	0.607127273170624	0.661164197024366
YBR163W	-0.432085658952562	5.8266029811573	2.04767488811602e-08	7.19498622288341e-08
YBR164C	-0.121669333988075	7.1565394625115	0.101229879404134	0.135604731501259
YBR165W	0.398325190478201	6.09287565396322	3.55934754645767e-09	1.36124665708037e-08
YBR166C	-0.0512778655285818	7.00291349232111	0.346124359320734	0.406823000632699
YBR167C	-0.115915964693391	4.74388201669894	0.218865491834707	0.270299781616734
YBR168W	0.254060648635863	5.35438896156803	0.000347409965275685	0.000718977181148854
YBR169C	3.28907784326574	6.63188318591051	2.30128681168723e-288	8.13843312462565e-286
YBR170C	0.0649582252380139	7.1283515826209	0.434868398677892	0.496850781613738
YBR171W	-0.258306631349092	7.40496347610803	0.000494364111263673	0.000998695240899597
YBR172C	-0.410304202573587	7.53678289770414	7.55986492606397e-09	2.79347928306679e-08
YBR173C	-0.181883935700311	8.01477250226517	0.0477922381428567	0.0683623449238292
YBR175W	-0.265274557534165	5.28499528570308	0.000789134487135638	0.00154587049092846
YBR176W	-0.230497469020547	5.66854021821174	0.00203041955857314	0.0037387082346529
YBR177C	-0.301448483558826	8.19119580904319	0.00120551603506827	0.00230154411013986
YBR179C	-0.180755254435597	7.00759508399276	0.0144624240332189	0.0229778259216998
YBR180W	-1.0585992119395	3.33292525479476	3.80247707882708e-10	1.6008748037751e-09
YBR181C	-0.166830194931784	9.73083222904929	0.0197105184402817	0.0305096902324855
YBR182C	0.947656190188677	4.37543065533702	1.50282105277157e-24	1.58230475818962e-23
YBR183W	0.988294569621074	4.89148833869476	1.3897420616212e-09	5.52222688332231e-09
YBR184W	-1.31517392911766	3.65093109486817	0.000862319179054946	0.00167938545658514
YBR185C	-0.360473270004958	6.02228317823155	0.000111265955578354	0.000248027780844296
YBR186W	-0.798665775048809	3.55833543877462	6.69556347254406e-06	1.76165109833413e-05
YBR187W	-0.209345172317736	7.00967907036507	0.198497307302227	0.24851432975864
YBR188C	-0.349868202137117	4.94861192484322	7.35017121674797e-07	2.17788217619955e-06
YBR189W	-0.177202499563269	10.692693648739	0.0392103475532618	0.057147299270354
YBR191W	-0.302928901479694	10.2272895167675	4.77791611466092e-05	0.000112469975259755
YBR191W-A	-0.307962624431676	2.32344472155319	0.11647821429959	0.153668427555219
YBR192W	-0.716398269636063	6.50580604175871	1.90666386475001e-19	1.54903556146988e-18
YBR193C	0.132461429871931	5.43350568166264	0.0659881950455619	0.0917698423811977
YBR194W	-0.12478858548955	4.55611477857456	0.199305123387481	0.24921430985972
YBR195C	-0.448656043405896	5.60871740060299	3.41206829674437e-06	9.31199927261684e-06
YBR196C	0.0393686125554107	10.4616467145114	0.607916356184385	0.661620769981991
YBR196C-B	-0.307427326120911	1.52904364979652	0.137789333698955	0.178956464505967
YBR197C	-0.321497057126631	5.45865698967862	8.55436548153278e-06	2.22058917422172e-05
YBR198C	-0.245833212618868	7.4416318982184	0.00145299667244133	0.00273837491997407
YBR199W	0.312414454448835	7.99696861298799	3.82520827823668e-09	1.45736072045367e-08
YBR200W	-0.0639060304857941	7.06026106392406	0.51573974018051	0.57472239443285
YBR201C-A	1.02980919089083	2.70085882476863	4.55675080662504e-07	1.39771356374642e-06
YBR201W	0.245766108669315	4.78945432073181	0.025265425769645	0.0382031538549059
YBR202W	-1.1471311232952	7.29108339269106	0.000334589874776399	0.00069459748865874
YBR203W	1.95186494040513	5.92986773060502	3.7916266219753e-73	1.32530577042532e-71
YBR204C	0.65084997893594	5.3136513074966	3.31436795302192e-06	9.06138250730686e-06
YBR205W	0.023870172680686	7.00383735476928	0.759830410897953	0.797782121955727
YBR206W	-0.277559489331057	3.50400446455419	0.0196635002303915	0.0304447497772634
YBR207W	-0.176691176891881	7.43945884030227	0.223349348380461	0.27504635036119
YBR208C	0.4178947833704	6.24741870488214	0.000102840912417785	0.000230271718977923
YBR209W	0.977173368131913	1.54840283919339	3.99615882642827e-07	1.2339448826136e-06
YBR210W	-0.0891482229937984	5.66635184623817	0.204492856039238	0.255011626323979
YBR211C	0.102521125865391	5.12927806464549	0.186122426169479	0.234681935035728
YBR212W	-0.0568240019883995	8.20481563939236	0.44423728964229	0.50640018682773
YBR213W	1.32653355067484	6.86673461733281	1.23976258719692e-18	9.70501650290091e-18
YBR214W	2.25586079904106	6.52247323815731	1.46207406701876e-61	4.37312900045612e-60
YBR215W	-0.554717052274562	6.63386150224878	2.79680006265527e-16	1.95288756988194e-15
YBR216C	0.246850516120932	6.28370283580915	0.000379562948830459	0.00078041465402487
YBR217W	0.0496497107964744	4.58384680954811	0.518744762300675	0.577642806251465
YBR218C	0.31749729767588	8.77425516707344	0.0016380510270655	0.00306599090121973
YBR220C	-0.251702738088589	6.31063880761692	6.05031395202503e-05	0.000140225472164898
YBR221C	0.0690656030746908	8.71015605024052	0.230019493257872	0.282392728908787
YBR222C	0.173807195711501	7.10951045409918	0.0792140943649587	0.108407724862766
YBR223C	1.15137877171866	4.78149612178519	2.51134090706682e-27	2.98383034254658e-26
YBR224W	0.388587811147874	0.982018836862468	0.0982310552875804	0.131940371847393
YBR225W	1.34763952382115	5.95444497789226	1.92436812110008e-31	2.72218850448322e-30
YBR226C	1.22704654949829	2.15932464788639	2.4556451089315e-10	1.06211067589181e-09
YBR227C	-0.362627697892835	6.92521686213187	6.85640822450871e-10	2.82140494495184e-09
YBR228W	0.478420238158699	5.03482400439854	1.71396951725558e-11	8.25879820984567e-11
YBR229C	-0.015144683386557	6.87855039095378	0.867459333963866	0.890872141406006
YBR230C	2.61443100467748	6.72189554110722	8.23559160014246e-74	2.929726431956e-72
YBR230W-A	-0.151094533177414	3.43220566348839	0.37341087885131	0.434730093658806
YBR231C	-0.60860366206374	5.76729813594136	3.12672521035703e-11	1.46514980239022e-10
YBR232C	-0.816224688242031	2.4890239276302	1.07168949717494e-05	2.75459480847188e-05
YBR233W	-0.820335423611695	5.76554861094439	2.96645165576855e-10	1.26394807615029e-09
YBR233W-A	-1.36436127101748	5.38243877015689	1.35652035436436e-21	1.25274967287842e-20
YBR234C	0.13755874830969	8.53168432760846	0.144152095876238	0.186414798969229
YBR235W	0.153245620248048	6.20395430625969	0.0188689195454502	0.0292672714930976
YBR236C	-0.0279575727779998	6.88134523992753	0.724791042979147	0.766113682853941
YBR237W	0.282426841853756	6.47033152677312	0.00167426416009091	0.00312890150154384
YBR238C	-1.34512570757842	6.52748255779919	1.13084123153399e-24	1.20971841351999e-23
YBR239C	-0.723112735972146	5.29206565283935	5.04334778371253e-16	3.4612564926575e-15
YBR240C	-1.14571388336256	2.95138473845552	1.17272165031476e-16	8.34367167064184e-16
YBR241C	1.67392064630983	5.46424811962853	1.05485130131656e-105	5.56295265220631e-104
YBR242W	-0.164333759427894	6.85629639188879	0.142052896880105	0.183897936271143
YBR243C	-0.911823232071081	6.45193421113587	1.80813559298707e-11	8.68251692095709e-11
YBR244W	-0.134387829519669	5.48309098424895	0.355955404762903	0.416667424734145
YBR245C	-0.453794290348627	7.07766947506096	4.02982945099321e-06	1.0869149690162e-05
YBR246W	-0.0488304892269839	6.40235161851125	0.551360385060773	0.608998463161008
YBR247C	-0.481126923351782	7.10801726377399	0.0084173356414839	0.0139912102253483
YBR248C	-0.173496644536043	9.2047220320922	0.0578038453178339	0.0815384134328525
YBR249C	0.585103043516481	10.0696606220551	1.13017124598821e-09	4.55401443088547e-09
YBR250W	0.151435035810274	2.70757376511011	0.242659295872323	0.296156655863663
YBR251W	-0.433431560963257	5.74381468291309	4.64424040459983e-07	1.42237255794469e-06
YBR252W	-0.77286442099992	5.90620141316436	2.40329852347899e-10	1.04246974914543e-09
YBR253W	0.202301172269028	4.9917819045926	0.00443951433914317	0.00772389973557273
YBR254C	-0.195121161995352	5.13185835050733	0.0598682612333328	0.0840953239567282
YBR255C-A	-0.295774392743857	4.53826413341606	0.00126995080084079	0.00241918384494766
YBR255W	0.667994806980868	5.86579087007731	8.15985196008649e-28	9.83106813307415e-27
YBR256C	0.458230961185087	8.04878949061904	1.37393824814196e-08	4.92553175183629e-08
YBR257W	-0.353350875523926	5.25065515657366	0.000393846292203939	0.000807848484725377
YBR258C	1.07598798658651	4.94855085513368	1.92883867343931e-29	2.50999526076129e-28
YBR259W	0.750142642645176	5.79025281313926	7.88199409044817e-30	1.0460606726661e-28
YBR260C	-0.0802418654983841	6.46284826270788	0.251709628356025	0.306021898013432
YBR261C	-0.357629137987976	6.54184137251724	5.74782657546754e-08	1.93482269718426e-07
YBR262C	-0.16334957070579	5.43106101532728	0.0866923353501227	0.117835589497149
YBR263W	0.157934104782245	8.12779186722642	0.0383464291415251	0.0559967772647191
YBR264C	0.597597260305955	4.72902731110343	1.30199967729822e-12	6.86031731806914e-12
YBR265W	-0.221988073262402	6.28712468401522	0.0215836441917239	0.0331276152363145
YBR267W	-1.11064589424399	6.15161995363074	5.91564385694026e-11	2.70660965509322e-10
YBR268W	-0.373203183517959	5.40562135900421	2.75807518934859e-05	6.73225661322116e-05
YBR269C	0.741233058828822	5.40101353025523	3.23672532151723e-12	1.64351289129743e-11
YBR270C	-0.285759369261781	4.22362561919959	0.0023178889373566	0.00422661458640821
YBR271W	-0.704547128050884	5.64856332695445	4.07617444731237e-07	1.25671593729446e-06
YBR272C	0.300806357825145	6.09979981981622	3.96833955288594e-06	1.07225426480675e-05
YBR273C	0.365494114511046	6.62137300688534	4.51795675661138e-06	1.21258732235481e-05
YBR274W	-0.0404000622993634	6.10250458976378	0.47843555576089	0.539856336568031
YBR275C	-1.18974242517767	6.87473521395983	8.18948838803035e-09	3.00764839272074e-08
YBR276C	-0.213975623034891	7.04345345509766	0.0279191463048894	0.0418161204745878
YBR278W	-0.375292132072304	3.92991479820523	0.00309562770849331	0.00552580575518461
YBR279W	-0.147692787237916	7.85753111521651	0.0561671100449352	0.0793786237870593
YBR280C	1.48650531482024	5.74385575576946	9.46354888639153e-38	1.58924178505547e-36
YBR281C	0.234465361590472	7.37893032269634	0.0623607298563132	0.0871687300386317
YBR282W	-0.413180772078249	5.58586823588064	1.42992268864538e-07	4.64686227250596e-07
YBR283C	0.105976119973083	8.7789101503282	0.144147687373966	0.186414798969229
YBR284W	0.825496795253957	4.28193807399958	7.48027616615245e-11	3.39663295399611e-10
YBR285W	2.8584613576738	2.24234043387053	1.46181807860304e-99	7.03076023084919e-98
YBR286W	0.436724366343705	9.70233928425071	5.74831377503172e-17	4.19403670090906e-16
YBR287W	2.25661168611169	7.60279470870773	1.54612318858756e-145	1.45238947027944e-143
YBR288C	-0.385729041091189	6.08887676327179	4.12431092035716e-09	1.56932640842957e-08
YBR289W	-0.40649984487157	6.45401397868478	5.11062556772677e-05	0.00011997298287065
YBR290W	0.822524119381122	6.98980002565645	1.18079034197588e-27	1.41694841037106e-26
YBR291C	-1.347857875067	8.25550758000769	5.8887324444212e-09	2.20855018439552e-08
YBR292C	0.389512871685158	2.55865632454685	0.0165330813914451	0.0259861138105537
YBR293W	1.57241028097826	5.83373688315818	1.45104106996471e-42	2.79604452327816e-41
YBR294W	2.75358989503485	9.48571050809535	7.43888238629314e-39	1.28513106052857e-37
YBR295W	0.32087634922075	5.21182724683603	0.0239715067142566	0.0364852400926862
YBR296C	6.05232242356673	8.1666335880328	0	0
YBR296C-A	4.06500200122105	1.86814008357866	7.15793442242724e-61	2.13037137364518e-59
YBR297W	1.29728377563142	6.29424883887539	3.25378785950687e-64	1.0237607893052e-62
YBR298C	3.12967144602517	7.07500386479872	2.08020940291577e-155	2.19407349654905e-153
YBR299W	4.15321199377377	5.43544644063369	0	0
YBR302C	0.99282528003443	1.31534621468486	4.45274796805665e-07	1.36790601859768e-06
YCL001W	-0.286819063208402	6.88224642426201	0.00785989718921088	0.0131442842563382
YCL001W-A	0.417060804409558	1.22925192283046	0.0589816171975361	0.0830050286965326
YCL001W-B	0.775016793395644	1.77179459998025	2.54696771271291e-06	7.07268817036027e-06
YCL002C	0.104042001151198	5.36414660880999	0.212012242108328	0.263133278190601
YCL004W	0.390017017642823	5.25714084977317	1.76888899161329e-09	6.9643487999863e-09
YCL005W	0.222169064004856	5.84966652754345	0.000909211343318198	0.00176289484644226
YCL005W-A	0.29479083656411	3.8069193876703	0.010957039202819	0.0178037080236075
YCL008C	0.219141093765899	5.68850635656723	0.0013121551468854	0.00249247290460506
YCL009C	0.392127751167631	9.10952650331615	1.73099151182289e-08	6.13242249209148e-08
YCL010C	0.150078461674306	5.45174818189267	0.0718449642809932	0.0992946954614555
YCL011C	-0.203958558609986	8.51331610240463	0.000232380155200469	0.000494362877942399
YCL012C	0.122738821496256	3.87063621503632	0.344730796022802	0.405264283474596
YCL014W	-0.531089965800627	6.49592804332424	0.00247569343018936	0.00449392177001765
YCL016C	0.00833223743481745	5.4215303106442	0.916995796737513	0.933295874383939
YCL017C	0.114662613713062	7.38656973066224	0.0634553247234279	0.0884724981997329
YCL018W	-0.469248443179731	9.7409780770268	0.000720625337129146	0.00142092473821595
YCL019W	1.23957998657277	5.83925953147258	2.50107241059656e-13	1.39355396964843e-12
YCL021W-A	0.147874613966568	3.29546810253169	0.203638014765573	0.254103724526904
YCL024W	-2.49637653676298	5.74023931558334	5.32059750376403e-05	0.000124416305688951
YCL025C	2.73560025016907	6.13535523406131	9.48817883721172e-25	1.01680804223381e-23
YCL026C-A	-0.561415349631507	1.98373029319933	0.0221813090277187	0.0339582454480888
YCL026C-B	1.42484531181497	5.99060180752493	9.43969137805681e-14	5.43596020736375e-13
YCL027W	5.27864290424535	7.09649857382814	4.2227476762213e-88	1.85307730141916e-86
YCL028W	-0.239211423486735	7.86324207885602	0.000415066334107177	0.000849057094471708
YCL029C	-0.369492576600813	6.35360371884726	3.83438758701322e-08	1.31202835362114e-07
YCL030C	-0.425334168588563	10.6409548474033	7.35434867843445e-05	0.000168243319081994
YCL031C	-0.237336073926988	7.27140442564187	0.00511360054819799	0.00881139767720444
YCL032W	0.194094442428789	5.90138144843649	0.0117872534176123	0.0190548447288747
YCL033C	0.69039111727257	4.7889208665236	5.90625771254443e-11	2.70437329534022e-10
YCL034W	0.381243779694603	7.05169668426298	1.90499020859176e-06	5.3718579428019e-06
YCL035C	0.572320060701229	7.6164714955539	2.66184617993098e-20	2.26993180620497e-19
YCL036W	-1.07035843193564	4.90899460613752	7.5779562876386e-05	0.000172767058025344
YCL037C	-0.191976053960881	2.39480280481675	0.355487820614149	0.416282192740994
YCL038C	0.317237609258937	5.01280926738911	0.000256958638538465	0.000542809323574579
YCL039W	0.400254538112954	6.24540865617417	1.59511522108159e-08	5.68118051489487e-08
YCL040W	2.49580398854249	7.92088907504831	1.74715523428573e-22	1.70241446815653e-21
YCL041C	1.09869434099742	0.606959030982176	4.43761626062735e-05	0.000105242402204701
YCL042W	0.962665148402018	1.16936358033268	3.95168756751343e-05	9.43134007776528e-05
YCL043C	0.331321813603025	9.96718034771683	1.71592531751315e-09	6.76025098878705e-09
YCL044C	-0.0584444019188186	6.45865441533283	0.431428134311649	0.493576773260064
YCL045C	-0.152664949351667	8.2293319879256	0.0123243655112626	0.019800664204626
YCL047C	0.637269875335308	6.30046460334888	1.47435327120495e-15	9.76190734194293e-15
YCL048W	1.27024721166889	1.86510833528885	1.33083839395211e-14	8.29119214967887e-14
YCL048W-A	1.64463300394306	0.890408811734567	1.37433850725845e-14	8.55333654827931e-14
YCL049C	-0.110566233892013	6.17130558289778	0.357715082611086	0.418076025788851
YCL050C	0.0962864978829564	8.22790484196108	0.20784321277744	0.258439171710025
YCL051W	-0.271418477234635	6.20206212255977	0.00174390443179723	0.00324894745707001
YCL052C	0.305103471899787	6.83510069037223	1.74139581730149e-05	4.3549382918538e-05
YCL054W	-1.15594639041178	7.98691956166746	4.56516973184153e-19	3.64486061458583e-18
YCL055W	3.82157210679079	7.85883074257787	1.04729414028977e-271	2.99825351020099e-269
YCL056C	1.48608449921159	5.67490851690689	6.81787792126947e-68	2.25214736608088e-66
YCL057C-A	0.0930774938476414	6.32906070886116	0.171344121503668	0.217462710255447
YCL057W	-0.152721685418296	8.31791344851118	0.0736397896225773	0.101588438552303
YCL058C	0.0921511299647934	3.151632106986	0.476541264438625	0.538021799400003
YCL059C	-0.236214034271263	6.95475316268748	0.202559646660194	0.25286308050687
YCL061C	-1.32363294050048	6.4278138237141	0.000138250606764225	0.000303565612807349
YCL063W	-1.27662675435337	6.66901968282843	1.28952800041082e-13	7.36243336986693e-13
YCL064C	-0.388041055884364	3.53795017629545	0.0253881020964073	0.0383538566777625
YCL074W	3.93210510804195	3.37088547943135	5.18835914991319e-41	9.4236903955523e-40
YCL075W	4.37617735858715	1.77578483213159	2.16088959365588e-39	3.80975608124901e-38
YCL076W	5.55299860494631	2.14940254967228	2.80927195177618e-69	9.33112871496045e-68
YCR001W	0.269551595548842	1.94319441585072	0.0890839192677671	0.120814916002214
YCR002C	0.035369444598576	7.59308140087472	0.707103204579383	0.751476836827161
YCR003W	-0.21298723921204	6.18717414457809	0.0114706756668813	0.0185935599001636
YCR004C	0.743328841458903	7.62462362736616	3.00302170500532e-22	2.87945239082806e-21
YCR005C	0.948526361751042	9.8353333934257	1.40727243357375e-06	4.03650852607129e-06
YCR006C	0.897129587580747	1.85300855272501	3.98469887293092e-06	1.07570766161027e-05
YCR007C	2.6228644523668	4.49256766900765	0	0
YCR008W	0.333251298368679	7.20730757944691	2.20121006605953e-07	7.01307626769998e-07
YCR009C	1.39706524964824	8.08819273120945	7.1378233372566e-112	4.16627125277541e-110
YCR010C	0.454589617095993	3.13105800514585	0.00222071142868206	0.00406049790426901
YCR011C	0.035938594147616	7.15310883786146	0.575947422310622	0.63255314266194
YCR012W	0.240953894412636	11.2898001137379	0.0139324747566142	0.0221944987378814
YCR013C	0.72912546691742	1.58073594290945	0.00150259112092157	0.00282652622621418
YCR014C	-0.507522024979338	5.04530271710274	2.58960056250031e-07	8.18112379493005e-07
YCR015C	0.108710808422388	4.67491815288967	0.236710340250099	0.289778571692852
YCR016W	-0.92722477262243	6.13527089029597	5.40512634026682e-18	4.14484943337808e-17
YCR017C	0.137560416886148	7.82518177933117	0.0234936898793343	0.0358123893393909
YCR018C	0.543366211375147	5.20737261774008	4.60455564599105e-06	1.23252843026261e-05
YCR018C-A	0.33489631394399	2.63221339340605	0.0235405212268178	0.035874680257447
YCR019W	-0.0722430984106829	5.45587741626218	0.303179981856605	0.361578665130314
YCR020C	-0.319937954074077	3.64890368658733	0.00956595641161598	0.0157193233337366
YCR020C-A	0.313189061028481	5.46949728847039	0.000504171503777014	0.00101748206804545
YCR020W-B	0.107256678170333	5.20416455145564	0.28622760181285	0.343062269158463
YCR021C	2.58714841373723	4.83153186626218	1.09124714702033e-15	7.28953094209583e-15
YCR022C	-0.91576772897197	0.913199137802149	0.00170629947689035	0.00318283352623791
YCR023C	-0.245371360635831	6.03017695706688	0.0114709769909692	0.0185935599001636
YCR024C	-0.21855997677664	6.58586546535893	0.110289488127611	0.146606855598894
YCR024C-A	-0.410239343588074	8.32296264970591	0.00704928120077383	0.0118546233787559
YCR024C-B	-0.47441550880039	8.17521375616521	0.00215466869638754	0.00394453964758889
YCR025C	-0.249582922974939	2.18668633124534	0.313401024134591	0.372585912022377
YCR026C	-0.198957579532488	6.8245223494153	0.00275374408319458	0.00494637270037819
YCR027C	0.175249382014499	5.53208210449263	0.0153458982390287	0.0242788263718527
YCR028C	0.254828540442731	6.10315495845856	0.000466548741306019	0.000945044148494537
YCR028C-A	-0.0917770292712494	7.43103209075086	0.110181437482769	0.146551062421771
YCR030C	0.196081182449989	7.26248712265166	0.0184086965408135	0.0286495168530601
YCR031C	0.089332646975633	9.95024225099645	0.151681666948996	0.195102734637861
YCR032W	-0.190444742026062	5.53444552255564	0.00971426187220126	0.015930753512186
YCR033W	-0.174598318130358	6.92005705937846	0.0362379191564145	0.053137163406918
YCR034W	-0.751799006627718	7.89992891668004	1.73162117222449e-06	4.90598797710352e-06
YCR035C	-0.115584020446084	6.53418744412469	0.154558345651285	0.19846321530447
YCR036W	0.348165697379604	7.1771028396519	0.00259549154443528	0.00468029249104526
YCR037C	-0.121790918670586	7.00328359155723	0.0433653241279273	0.0626411169286638
YCR038C	0.778895641958935	4.37066871215611	5.61923027701383e-21	4.93900766453321e-20
YCR041W	0.00404870989473368	0.817483317519851	0.971803419624461	0.979296372574968
YCR042C	0.0165829714752722	6.99185052740325	0.88399415359215	0.905070308480246
YCR043C	-0.401341131102027	6.26546554358112	7.1168156079473e-05	0.000163306471125875
YCR044C	-0.0514099611519896	6.04898107001252	0.438986016320382	0.501079158936422
YCR045C	-0.257392673607117	4.21787216797466	0.0171505112281244	0.0268722630970769
YCR046C	-0.235815184858342	6.14465009339466	0.0118712119209106	0.0191648029185055
YCR047C	-0.668950014235347	6.2978575955226	8.60763298438449e-06	2.23345228753213e-05
YCR048W	-0.658045756384102	5.52815566461341	1.33886963277243e-13	7.62242825021577e-13
YCR051W	-0.282423907616583	6.85988539125833	0.00199513117698296	0.0036827536493772
YCR052W	-0.188132008519381	6.87358476891905	0.00343293845747926	0.00607918291792792
YCR053W	0.251889241381339	9.10406643766844	0.000729907747717025	0.0014387558620573
YCR054C	-0.0710630061822199	5.56112703347542	0.415915874253365	0.477921681194807
YCR057C	-0.588322332259432	7.50167933444089	1.52981402537807e-05	3.84982918399873e-05
YCR059C	-0.18304979755546	6.61273225249204	0.0199380149943352	0.0308380103282591
YCR060W	-0.395445992435859	5.37236852348602	5.01071175677905e-06	1.33648620593415e-05
YCR061W	-0.620659381400763	4.52699531750024	5.33865390888336e-07	1.61937372856745e-06
YCR063W	-0.605485669146749	3.24040306320838	8.63422745013885e-06	2.23842067400754e-05
YCR065W	-0.53912839053524	6.34339217660813	0.0810085061364048	0.110636787572028
YCR066W	0.0599947205654699	5.28387950368043	0.360601647157472	0.420876937043433
YCR067C	-0.0484103082514854	7.80980598025852	0.433288334357927	0.49532790761739
YCR068W	0.794089100308928	6.14579159554686	1.09616958784145e-39	1.94975490003041e-38
YCR069W	0.649391533875023	7.096496094014	5.41495371136294e-13	2.94080412942312e-12
YCR071C	-0.296085014397918	5.8981060133722	0.00354466462255279	0.00626411631710387
YCR072C	-0.715193926901394	6.24265166248213	3.82309166795145e-05	9.12804889107392e-05
YCR073C	-0.222717604965881	5.41444438270593	0.0015391041550856	0.00288888360298926
YCR073W-A	0.772536950019158	5.80318117276251	5.41675266952762e-42	1.0208626034232e-40
YCR075C	-0.312407368671517	4.40976565611164	0.0187545341386053	0.0291123829696089
YCR075W-A	-0.267238899177763	3.43577326965416	0.0663353136015894	0.0922099203174001
YCR076C	0.0590161876578063	5.56572537985335	0.417832208331018	0.47994024388347
YCR077C	0.0446721528396156	7.6128677953901	0.493420063968676	0.553543837391244
YCR079W	0.514977893393133	5.57753569915337	5.50722799514525e-14	3.25240223053176e-13
YCR081W	0.344533293104792	5.78423909932991	5.38648085549669e-05	0.000125810112289223
YCR082W	0.116585849837699	7.01488647969567	0.0872942363284649	0.118574999730396
YCR083W	0.71158281686323	5.05170046369358	1.07813517639444e-16	7.72556457745335e-16
YCR084C	-0.74577540639391	8.77402818237433	1.82817873966776e-12	9.48318428203846e-12
YCR085W	-1.24538507226475	1.02772582345271	0.00181673144271693	0.00337208688904421
YCR086W	-0.536106178280022	4.88421313350668	0.0148704576820701	0.0235638354202967
YCR088W	0.194493655160524	7.87026324939291	0.0117907701042867	0.0190554058782182
YCR089W	4.8018242521301	8.97750713402903	8.28999384048816e-214	1.46586596967691e-211
YCR090C	-1.33315354901602	5.90074181903913	4.58684001411568e-23	4.5655765173615e-22
YCR091W	1.59155438234728	4.88261018747052	4.69947690560505e-26	5.3007983408063e-25
YCR092C	-0.490347941503846	6.15276631172157	6.35028151971631e-09	2.3712976705922e-08
YCR093W	-0.0753809184965366	7.68560746178405	0.284812156630079	0.341706383089211
YCR094W	-0.0661987042475558	6.51714280976018	0.392083782181609	0.453309172783815
YCR095C	0.142406717625889	5.66097204871907	0.0550874125484644	0.0779994169197758
YCR095W-A	0.37056463810539	2.07221138989622	0.0370763795435262	0.0542607579882375
YCR097W	0.60489082036978	5.74473324760912	5.98106312525968e-11	2.73446019080313e-10
YCR098C	0.168575515172251	3.40207049401914	0.0982611246469422	0.131951280182581
YCR099C	0.844758172268726	4.45870710320834	2.35028463080385e-10	1.0202101949742e-09
YCR100C	0.902894306533459	5.00890814070289	1.10018958002217e-12	5.8276121190249e-12
YCR101C	1.20127987772883	4.41486187276584	9.89846619626683e-20	8.1297238759503e-19
YCR102C	1.60341073221084	3.40925092337454	3.24190139828454e-26	3.68436884810712e-25
YCR102W-A	0.00793283973081401	1.11740445876258	0.969152472332324	0.977280218661847
YDL001W	-0.45181802277213	6.17081644253595	4.41712185628009e-09	1.67332933837151e-08
YDL002C	-0.0670764665564074	6.01459826505368	0.355217734614214	0.416128024259675
YDL003W	-2.1830134970419	7.47470403705834	0.000431151594826178	0.000879566809669149
YDL004W	-0.0388769449710352	7.92020772431083	0.601294333717343	0.655957454964374
YDL005C	0.0703704159686161	6.63516696509202	0.353707517894359	0.41460120834098
YDL006W	0.210075543608036	5.79277822578818	0.00597468822000472	0.0101382516451223
YDL007W	-0.165451277496168	9.32523832990825	0.0258066109518941	0.0389235687513265
YDL008W	-0.0628496997373686	5.09154311326356	0.379083331239348	0.440395939596321
YDL009C	0.915574398400738	2.59510547895306	1.31661707736671e-05	3.34552065474584e-05
YDL010W	0.558664313065063	5.1918572293422	0.00267502094097592	0.00481647975356312
YDL012C	0.481733816651941	6.51772612326979	1.30080120680302e-18	1.01695927897266e-17
YDL013W	0.752226466530931	6.53374122654438	1.01680006405668e-40	1.83573633186449e-39
YDL014W	-0.478862926663247	9.52426174141541	0.000802915372644309	0.00157030813934209
YDL015C	0.247903129407194	8.22884413232403	0.000794246052801578	0.00155537696073065
YDL016C	0.0942304943825934	3.47029421655475	0.399888906431763	0.461357149389322
YDL017W	0.356391260204229	5.31232798030308	1.15499012754973e-05	2.95480878588468e-05
YDL018C	0.125549603265236	5.71298283819172	0.619821803886001	0.672508335131319
YDL019C	0.123461515735645	7.20630629897227	0.192497606167934	0.241960194079368
YDL020C	0.0147505682379948	8.02726488229925	0.869018135985617	0.892168209280315
YDL021W	1.33566390115302	4.90296485148383	1.50324221753883e-30	2.0539755026917e-29
YDL022W	3.1863203494094	9.49573817829296	1.61781827622229e-114	1.02382352385773e-112
YDL023C	2.37744609015847	1.75812144452763	2.87318740017962e-30	3.89045104727024e-29
YDL024C	1.81867409387467	2.73658246022222	1.32776034821102e-60	3.89390010411936e-59
YDL025C	1.06406596352214	7.39552050647876	5.49542386582324e-27	6.44025112696478e-26
YDL027C	0.422422617747886	5.96987632540352	0.000434723507306115	0.000885951771499784
YDL028C	-0.13825900475929	6.43134822455789	0.171855509364119	0.218019692402845
YDL029W	0.23562671436168	7.79739347018967	0.00318671978649596	0.0056715687852024
YDL030W	-0.440887194710907	5.79967562745746	7.29293451839005e-07	2.16412252342354e-06
YDL031W	-0.772258529476717	7.56720689030243	1.39648147922932e-12	7.31328105673054e-12
YDL033C	-0.375706416999164	4.98707298357392	3.31822518735939e-05	7.98605677598266e-05
YDL034W	-0.323851259919064	1.3932955516804	0.118930354703628	0.156457175596983
YDL035C	0.0808569254614173	6.88993780360353	0.278602224621856	0.33505832655063
YDL036C	-0.563029131258756	6.04093157561104	6.49304163667885e-14	3.80098990454852e-13
YDL037C	-0.466875504350421	6.55448329011389	0.0858166280847642	0.116752561223264
YDL039C	-0.722717938285467	7.7630642844724	0.00558379508696885	0.00953145260160611
YDL040C	-0.220160409936866	8.13819335221053	3.1481237752393e-05	7.60406594485283e-05
YDL042C	-0.405663148679836	5.37882868054017	0.000538172478188755	0.00108246669082328
YDL043C	-0.215957610044537	5.11520091734636	0.0212011461153424	0.0326321788134763
YDL044C	-0.0950384843622744	5.46796385147476	0.301772956823655	0.36018642374902
YDL045C	0.606580220772979	5.90468208371385	8.61243343102897e-29	1.08095928574835e-27
YDL045W-A	-0.0886569406055965	6.22637378589944	0.369185730286967	0.430311091602413
YDL046W	0.129071635219203	8.43850688178763	0.0370758517399814	0.0542607579882375
YDL047W	-0.0020674259529274	7.10081072923477	0.982550689150464	0.987808485480366
YDL048C	2.04243903925312	5.66345921802534	4.66291271739941e-23	4.6336250011579e-22
YDL049C	-0.264636122935564	4.38041901523104	0.137378967426751	0.178539202803638
YDL050C	-0.116906405179401	2.93391352939821	0.598390290955742	0.653500895408886
YDL051W	-0.171633020291801	7.34816528897979	0.277435546483186	0.333841461543756
YDL052C	-0.45995021391879	7.23140946188003	1.2254302015445e-07	4.00178510140442e-07
YDL053C	-0.340838610841468	6.75611741267193	1.0683428228306e-08	3.88089247785957e-08
YDL054C	0.467964036148017	7.02159861587715	5.52586741448559e-08	1.86428254185675e-07
YDL055C	-1.5457489477481	9.79773061175755	5.43923995008346e-06	1.44310284995153e-05
YDL056W	-0.247947737811215	6.73588158140563	0.00565474119139597	0.00963887270844133
YDL057W	0.413255816145289	4.60828803862745	0.000273105678681402	0.000574094874207198
YDL058W	-0.258542969487342	6.65626644351442	0.00542350904895539	0.00929744408392353
YDL059C	1.2478537867887	6.43736188223305	2.7625773157592e-16	1.93123428166794e-15
YDL060W	-0.746626220302361	7.8060796187285	8.79536046728577e-07	2.58171128274158e-06
YDL061C	0.0756197600598451	8.60276091429198	0.422308412801418	0.484249127934794
YDL062W	-0.74416056007605	1.98665075356661	0.00686615880199261	0.0115693236316086
YDL063C	-0.493455776030107	6.52858173500888	0.0171698995089497	0.0268956320603975
YDL064W	-0.579943523635021	6.2706010128991	4.45805557623068e-08	1.51508367011299e-07
YDL065C	-0.492839672764851	6.81647134837145	2.15933182630351e-13	1.20874329047828e-12
YDL066W	0.0417890832773572	8.04558664179865	0.580500985108478	0.636972426076322
YDL067C	0.0637288227358915	7.40658001580986	0.317771020675517	0.377156394764538
YDL069C	0.0353995229960987	3.32631497240967	0.810825387846436	0.843954680009137
YDL070W	-0.118189196953339	7.42491942830034	0.262308208173237	0.317367065312438
YDL071C	-0.442266635470843	2.1470551663006	0.0272270969117502	0.0408610351057021
YDL072C	1.02067595871291	7.55141459351925	1.27536889869535e-45	2.6258622667659e-44
YDL073W	-0.291380043644696	7.12209393655822	0.000688617228875858	0.00136227929582154
YDL074C	-0.542173816508887	7.20092677744123	1.43788868443464e-10	6.35631380207432e-10
YDL075W	-0.0785707919195798	9.65096937891305	0.340529397678156	0.401266706946506
YDL076C	-0.0760147348553006	6.19425913827183	0.357493821183068	0.417898668666655
YDL077C	0.303352644322189	6.31671090846747	0.000329805953783175	0.000685850361170685
YDL078C	0.347362699203643	7.25192837891622	1.21652935443886e-05	3.09774437902856e-05
YDL079C	1.83940943067109	4.92910890033276	5.29602488716209e-123	3.83610862911066e-121
YDL080C	-0.323926196544386	5.90514889136351	5.34160629022152e-07	1.61945219449379e-06
YDL081C	0.0963848827316697	9.70363722757734	0.176740280373294	0.223697382232473
YDL082W	-0.325248710480235	9.69644684809922	0.000771500963695929	0.00151329976957257
YDL083C	0.0438866834274096	9.47072838331957	0.669088611578243	0.717545617696824
YDL084W	-0.235774087910436	8.99469939212964	0.00408445185087067	0.00714452270219217
YDL085C-A	-0.106804058006917	5.66406471794288	0.192114978659979	0.241580265991173
YDL085W	3.03153589396246	3.90667059518285	3.29834864368265e-100	1.59916710046936e-98
YDL086W	0.381321390810743	6.01002671607572	1.91379078255114e-05	4.76229726187808e-05
YDL087C	0.241988100923045	4.42820152538967	0.0092958346490165	0.0153197801288068
YDL088C	0.0422335607276792	6.96394501216219	0.516752930358218	0.575638061388477
YDL089W	0.0625456230971274	5.76490995034113	0.601736703548601	0.656320947339294
YDL090C	-0.0432524077638188	5.60793222257895	0.735729249545731	0.776136909680459
YDL091C	0.464763722589843	6.08370055692716	9.92475426836849e-15	6.24138312358069e-14
YDL092W	-0.461616951037859	6.72696528530075	4.1119556223561e-16	2.83498591761524e-15
YDL093W	-0.712157005282745	5.56534209712719	0.000641635414576887	0.00127478919776479
YDL095W	-0.43927498949229	8.39697628928444	0.00738025536908579	0.0123765956147681
YDL097C	0.133543149941008	9.07505789920462	0.0981784933713884	0.13189924070364
YDL098C	-0.423021682142517	4.96725653672456	5.81280121993738e-06	1.53814088619118e-05
YDL099W	-0.337804440848566	7.02911134811489	1.19345106536808e-05	3.04542776103265e-05
YDL100C	0.104336328437028	8.40010897348747	0.124066931247584	0.162574191512745
YDL101C	-0.900858745026603	6.15397349969331	0.000365346057895058	0.000753502744447715
YDL102W	-0.575232227835363	6.32441632370785	0.000497711618930147	0.00100478248925724
YDL103C	-0.263123495255387	6.81776036508214	0.0331283682725193	0.0488875184227751
YDL104C	-0.156925193638691	4.43234577172689	0.115343434262008	0.152507213628538
YDL105W	-0.978120518322148	4.36636276593596	0.000450488065742882	0.000915906070763005
YDL106C	0.144729587429376	6.30322293528035	0.0217775481281054	0.0334081702848098
YDL107W	0.0448366897276684	5.01044995843277	0.539647307836443	0.597818244833737
YDL108W	0.0873892054790747	5.56356739067561	0.277139443924046	0.33356603340768
YDL109C	0.0235020625824224	4.79521595329123	0.758617365079684	0.796786792253505
YDL110C	1.77675535490684	6.5438494490802	1.08060354835109e-54	2.71823787978526e-53
YDL111C	0.0477136615718489	6.74879892966658	0.43398603009387	0.496031181164325
YDL112W	-0.558949642766127	7.25992501694447	1.26226935558062e-06	3.63794983976543e-06
YDL113C	1.01690270279744	5.86357233533169	4.05661298303957e-28	4.9569831817142e-27
YDL115C	0.182643808315595	6.54357445512769	0.00444008607553881	0.00772389973557273
YDL116W	0.152237592001051	6.95597703886608	0.0254460768362435	0.0384279864203708
YDL117W	-1.22534545188185	7.39772108722694	2.49563198240838e-05	6.1214767353077e-05
YDL118W	-0.803965050223692	1.80396729903045	0.0380487087732245	0.0555890248225093
YDL119C	0.0186202425611037	4.9257654321702	0.905799177455218	0.92409038772455
YDL120W	-0.0889698561432814	6.48852589182846	0.0987687266774554	0.132603301649143
YDL121C	-0.182385892656038	6.86611226054462	0.231518051524232	0.284102578431192
YDL122W	-0.510381294159936	7.99409350753221	1.29990447443882e-13	7.41463538930377e-13
YDL123W	0.868097683544027	5.22187359726051	5.55273929631376e-33	8.2224307018321e-32
YDL124W	1.81560810101923	8.13351362559794	1.14490509625902e-18	8.9741452916678e-18
YDL125C	0.405098169712755	7.4309185947112	2.29820699484008e-10	9.98325177238334e-10
YDL126C	0.133202859684798	10.2539335219863	0.106736482233948	0.142410060184309
YDL127W	0.961204993043042	6.16623255381333	0.00934406882506198	0.0153866178516222
YDL128W	0.21006314889256	7.55168611095511	0.0119619923696607	0.0192958138251678
YDL129W	-0.770683665361854	4.2805158842121	4.33812681463899e-06	1.16692699819282e-05
YDL130W	-0.0741476765819287	9.18921787595276	0.419516752644076	0.481507200629283
YDL130W-A	0.977589397225611	6.86966570199453	6.16095616286312e-06	1.6245468618918e-05
YDL131W	0.0351783221203469	10.0795814218779	0.64784438675715	0.698646528007878
YDL132W	-0.0852311644523668	7.97348101791916	0.207384403931389	0.258028774096753
YDL133C-A	0.68158642693318	8.70261395716241	1.29266699774934e-09	5.16723004685442e-09
YDL133W	0.47579830394894	6.24311402744977	6.71749223473511e-14	3.92855674272641e-13
YDL134C	0.325423949348434	7.32915680189602	1.74421423768172e-06	4.93933867025082e-06
YDL135C	0.733885477302785	7.33034464134119	3.68065425123658e-21	3.2928710354813e-20
YDL136W	-0.419131874952458	8.65864338286352	5.3530292529365e-07	1.62209737241201e-06
YDL137W	-0.0885399601860521	8.0191399693944	0.228846202252182	0.281067082316673
YDL138W	0.0478481682994753	6.51427692285605	0.556552522879776	0.613943810560222
YDL139C	0.0206631331136741	4.25830628654079	0.842118976936061	0.870797951382799
YDL140C	-0.109855529907817	8.61127195486573	0.0867106866159992	0.117835589497149
YDL141W	-0.0725027125398863	6.52348464338312	0.257168383696402	0.31177582633248
YDL142C	0.608635168453269	5.19338492754438	1.35161787167223e-16	9.57117390399696e-16
YDL143W	-0.161960140143759	8.61805749222846	0.0125985291132229	0.0202141331808637
YDL144C	-0.223314483668641	7.21186792298945	0.0186679239588914	0.0290004028012546
YDL145C	-0.0260334699618411	8.91383566212161	0.635033694860114	0.686658736240829
YDL146W	0.37743428604149	4.76978264847206	3.13285944181916e-06	8.60034290603506e-06
YDL147W	-0.229120079321399	9.16155843570126	0.00759775701171605	0.0127235975360548
YDL148C	-0.844677381607184	7.43310404284359	6.82141931837166e-09	2.53934197783594e-08
YDL149W	1.10925407562456	4.96382207391997	4.02887571605085e-14	2.41010953282564e-13
YDL150W	-0.759976684566062	5.90049653995655	6.13234576421607e-15	3.90547274729524e-14
YDL151C	-0.784897582069749	3.06248644337599	2.14074688439715e-09	8.38447574527405e-09
YDL153C	-0.572458860833665	7.45509781886564	0.000401100162012366	0.000821886221546811
YDL154W	0.32036305565901	4.20174215461559	0.00860503454078011	0.0142634319435263
YDL155W	-0.432180388692966	6.50053197737272	2.42595429045684e-05	5.96516858659571e-05
YDL156W	-1.01266731773395	5.20477910868731	0.000168885693562363	0.000366284556167721
YDL157C	-0.254191852822808	5.85246418117205	0.144891602303057	0.187250282254079
YDL158C	-0.0979718885876285	2.49470566332584	0.63607844779565	0.687541105384294
YDL159W	0.116787608460811	5.78392396084449	0.112497880758621	0.149203013262923
YDL160C	0.763754278950981	5.41680252233137	9.54437099729808e-17	6.87194711805462e-16
YDL160C-A	0.597452299025293	4.36794641184177	1.28796817159413e-13	7.36051772587822e-13
YDL161W	-0.0151683702401294	7.74626750015501	0.911143450489766	0.928597122282501
YDL164C	-0.623091787330492	6.68908640233939	0.0588481891939737	0.0828366456179278
YDL165W	-0.217799712964687	5.23507956375172	0.00610358655512295	0.0103452952831687
YDL166C	-1.02261721561534	6.02544912149629	6.06594661429758e-12	3.02141433679843e-11
YDL167C	-1.4684236220023	7.36223417896801	9.94144599646517e-36	1.5938126221533e-34
YDL168W	0.684959770924034	7.73610691559385	6.24455124737052e-22	5.87515525808945e-21
YDL169C	1.73470590968175	4.20602250359735	3.94829769264526e-19	3.17341787809937e-18
YDL170W	0.349392577307045	7.175448641776	7.88209005244343e-06	2.05405831795795e-05
YDL171C	0.152318645490027	8.26452887847396	0.475676871127668	0.537398821730989
YDL173W	-0.102588794085335	6.39740215411354	0.24215166092865	0.295657145715484
YDL174C	1.33399099646103	9.32289090865097	1.2161729220624e-21	1.12833821102456e-20
YDL175C	-0.145810404286884	5.59988781926516	0.041350611585581	0.0598747294924164
YDL176W	-0.267596666946808	5.05250414999374	0.000411763559274012	0.000842587650903799
YDL177C	-0.0332199951227951	4.81834149255684	0.731454799233476	0.772034103404434
YDL178W	-0.351651087013559	8.16174932618286	1.13541927056233e-05	2.90969337366613e-05
YDL179W	-3.31890218876282	6.65556888040264	9.80182095182239e-08	3.23250398038158e-07
YDL180W	0.734665736603636	6.58084516566663	1.04436423152188e-16	7.49250329344813e-16
YDL181W	0.105776387827391	5.87656584612545	0.469828502367414	0.532041619181182
YDL182W	0.0705723000257228	10.766922273475	0.584449465227954	0.64057497681917
YDL183C	-0.20164148878664	5.34100185606629	0.19387915401892	0.243487321641614
YDL184C	0.668829652194671	9.42002055433312	4.94396879062007e-10	2.06410021378025e-09
YDL185C-A	0.132479838726439	4.04636171999837	0.158579234554357	0.202889627184676
YDL185W	0.363241717587882	8.82381957341884	8.49508555022554e-09	3.11227631492724e-08
YDL186W	0.35831192366322	1.66560009683141	0.148272071669631	0.191085036415395
YDL188C	0.0774852274087032	6.90850073645306	0.179134312176283	0.2264414391934
YDL189W	-0.499105479066764	7.17165464278361	3.40164930251822e-15	2.20374090589866e-14
YDL190C	0.0411907534888122	7.59848386520676	0.56602191617686	0.622789853597233
YDL191W	-0.00853607119410073	9.0491041701087	0.919217441861227	0.935240355469571
YDL192W	-0.171817942775798	8.56762018240178	0.0189299689899585	0.0293543909124659
YDL193W	0.270004546673007	6.02756408744735	0.000339677073779699	0.000704185712952949
YDL194W	0.764902610936193	4.43728950130614	1.91431028662283e-11	9.15579430642517e-11
YDL195W	-0.11168032644022	8.84322470482605	0.155929762583249	0.199894665021519
YDL196W	-0.303955035978038	1.45350572081946	0.216452830313082	0.267870402602357
YDL197C	-0.470121605094065	6.04052103668336	0.0586047278951244	0.0825132609146342
YDL198C	0.104217157226917	8.33879902473081	0.14327703168636	0.185402822750408
YDL199C	0.942594528159359	4.46730724031619	4.16437916829667e-21	3.7090737125629e-20
YDL200C	-0.114015564227825	5.00960784876759	0.215734256178717	0.267201143005037
YDL201W	-0.626404277177076	6.48684079440634	7.66755877833484e-09	2.83153337686419e-08
YDL202W	-0.469390785249293	6.49485332429712	2.48790892195048e-08	8.69610955742225e-08
YDL203C	-0.294197421850814	6.4335019169007	1.93453187794278e-06	5.4398529701553e-06
YDL204W	2.45710101119712	5.61177315226318	2.26919613191217e-113	1.39208236174041e-111
YDL205C	-0.733727027549212	6.48458353114215	2.76142921946315e-15	1.79477972620675e-14
YDL206W	0.959814316330029	5.94084423414056	3.33377052413727e-25	3.6243450978505e-24
YDL207W	-0.281792823356588	6.71001951720562	5.9445450247192e-05	0.000137827245231823
YDL208W	-0.814128800306495	7.89985335089055	6.5669470000009e-12	3.26285003008309e-11
YDL209C	-0.257571145000484	5.09618784080062	0.00119064697476085	0.00227677150517246
YDL210W	0.0621808641675902	3.05409561133796	0.629304784985518	0.681148046019474
YDL211C	-0.74932141078244	4.83091817872932	0.00208101434539702	0.00382367305761823
YDL212W	0.0684476819205156	7.86407089057901	0.359755802912429	0.420052803866677
YDL213C	-0.832783016129614	7.07981925275841	1.46460546791015e-24	1.5502126889218e-23
YDL214C	3.95437495901658	4.97122762355815	5.91545370250622e-206	9.11889939986344e-204
YDL215C	2.16697059689875	7.14649966487502	2.54624681972982e-274	7.65401794010784e-272
YDL216C	0.430708230433257	4.47083366409943	1.94375707208017e-08	6.8509830270727e-08
YDL217C	0.0819038511431068	6.22206872368677	0.288842473771046	0.34605838029325
YDL218W	-0.393461828096847	2.63485257333191	0.0316404151518957	0.0468642956130073
YDL219W	-0.28904165242277	5.9924547668471	0.0123060551855494	0.0197765313487097
YDL220C	-0.715920653648307	5.01908776842117	0.000417194912218484	0.00085312102457739
YDL221W	0.591080183273297	2.59167479246192	1.37726596856954e-05	3.48926050224334e-05
YDL222C	5.7600393035201	6.66648445779905	0	0
YDL223C	1.98127991756964	6.3919155536711	5.23184561238619e-48	1.15215589090351e-46
YDL224C	0.2189004881943	7.21388169605752	5.629329790925e-05	0.000130973416033441
YDL225W	-0.404497586644227	7.56811291669219	2.4387282856042e-08	8.53412948373251e-08
YDL226C	-0.315297619050284	7.46106475533091	1.56742699001374e-08	5.59250508247037e-08
YDL227C	-4.54210794623039	7.15683116935811	1.22651933601597e-06	3.54170713166571e-06
YDL229W	0.0683544339806154	9.94512557797813	0.481850221195545	0.543199611818417
YDL230W	0.17081607885246	5.89078215050577	0.0493303736932273	0.0703616148620836
YDL231C	-0.0119529796106861	6.78079183166677	0.851715107965268	0.87800261129753
YDL232W	-0.120326936904782	6.26105724647516	0.0426676144024672	0.0616925680104938
YDL233W	1.37242841044202	5.36337562634259	3.76161553985562e-102	1.85367480537803e-100
YDL234C	2.98434931782272	7.48682036917126	0	0
YDL235C	-0.412251480597771	7.33341880410987	2.64186511972249e-06	7.31256588387274e-06
YDL236W	0.171478075406427	7.12426068604815	0.00452056804241933	0.00786163004657942
YDL237W	0.58264926214032	6.25226538051983	2.69906613247551e-10	1.15740268105868e-09
YDL238C	1.44973523782527	3.95593714183414	3.00258525981334e-26	3.41885276174201e-25
YDL239C	0.942295699472576	4.06562508471188	9.15229765269456e-09	3.34490051598782e-08
YDL240W	-0.0822941499488619	5.85502063734953	0.398260225121452	0.459566309679496
YDL241W	-0.407971709961276	5.72043251232924	0.0245612735772804	0.0372508518533324
YDL242W	0.150997458689926	2.71404322498111	0.278761622055642	0.335182974359704
YDL243C	0.305161501638365	4.54798590810703	0.00688213606504793	0.0115897484658454
YDL244W	0.422781154482941	2.36802369461271	0.0088772162237799	0.0146703788842064
YDL245C	-0.0594994800729357	3.22712160155257	0.698411704236494	0.743046465625949
YDL246C	2.19124273383047	1.42028285659517	7.7631789192949e-18	5.93039792411702e-17
YDL247W-A	-0.218476389815487	1.04032434382343	0.409499237670704	0.470998549239769
YDL248W	1.00677792917592	5.83768650647703	1.03106087040839e-49	2.35693458284989e-48
YDR001C	1.21937675796939	7.41636812188392	6.01343914714943e-14	3.54092028919318e-13
YDR002W	0.166650985289091	8.22664015004886	0.0413415949949773	0.0598747294924164
YDR003W	0.839316122801653	5.60338620140722	8.03580064874376e-48	1.75040701087853e-46
YDR003W-A	0.746773186392184	3.66249788332918	2.60059222841339e-18	2.0147887212914e-17
YDR004W	-0.0575688380578002	6.39293792472285	0.39579494815518	0.456984679913375
YDR005C	0.194786977316496	6.1585176788363	0.00430986840404928	0.00751041415801283
YDR006C	0.962357548513425	7.1180716207424	7.4888062124362e-78	2.8139189343229e-76
YDR007W	0.157305567243248	5.23372132383187	0.0107839122111884	0.0175413636941734
YDR009W	0.672843994984321	4.04020380952426	9.5164733291165e-11	4.26962967572003e-10
YDR010C	0.0160012851832035	1.67679368157176	0.948522458021452	0.961963059653335
YDR011W	-0.345477342666606	8.30443178228426	0.00632038046153178	0.0106916509101657
YDR012W	-0.107890367695357	10.2463598115363	0.319979903058167	0.379506643753343
YDR013W	-0.388709688104946	4.38244258883941	0.00256988299373883	0.00464386430969578
YDR014W	0.0335219602362475	4.8622670135204	0.783238668991048	0.819069556092221
YDR016C	-0.174107267788254	4.31875749269543	0.216716604698886	0.268141639730336
YDR017C	-0.361516340060488	6.64493380391082	6.71699146030554e-05	0.000154879371487172
YDR018C	1.58282744973393	2.9455752809833	9.41060037366267e-34	1.42870023854697e-32
YDR019C	-0.646053758437885	7.46093389631156	0.0273785700127659	0.041047372298441
YDR020C	-0.358066135629953	5.36103638319371	0.000346850949142391	0.000718067460827842
YDR021W	-1.03367992474028	4.98151157197892	2.69101572171169e-06	7.44176012830298e-06
YDR022C	0.26190199486317	4.74446330583933	0.000952652438596612	0.00184277556655175
YDR023W	-0.0609864973294012	9.28338785366998	0.454386659625687	0.516989515077523
YDR025W	-0.21224946105294	9.96702985596638	0.0244602678425762	0.0371163882558224
YDR026C	-0.1558739646041	6.35073402408045	0.00861174769084785	0.0142706248945362
YDR027C	0.15760195550485	6.70458197890789	0.0107336230222314	0.0174690150540486
YDR028C	-0.0955632299446462	7.82346428840531	0.107624351386121	0.143454380376845
YDR029W	-0.0888212882460391	4.47262260057238	0.298016759267461	0.355985844767728
YDR030C	-0.639161964960678	3.85691191709846	4.96360769311767e-07	1.51632161844631e-06
YDR031W	0.408547965104554	4.22913757267188	0.000353454967766584	0.000729979823501444
YDR032C	0.505261918646942	7.41713357380798	1.29426878286734e-09	5.17019529740762e-09
YDR033W	-1.8371157727583	9.04055335280449	2.08636915272718e-06	5.83950248891797e-06
YDR034C	-0.216974049827217	7.54047887665513	0.00364181487498338	0.00642258463725436
YDR034W-B	1.63539685203989	4.67130599209945	9.80301751135624e-10	3.97677066655018e-09
YDR035W	0.38255878510145	8.98289446671192	6.13553568374784e-06	1.61855377493164e-05
YDR036C	-0.076202813877764	5.49319133656149	0.460715923574172	0.523299477144893
YDR037W	0.427873510364499	8.71122478947556	2.97630822191578e-05	7.23264552552856e-05
YDR038C	4.129852052153	4.71134278899435	1.99277155719082e-77	7.4413308085908e-76
YDR040C	4.21912077934715	5.56684510786154	3.24883359254941e-112	1.93386015429773e-110
YDR041W	0.793562543055621	6.75746003890615	2.92115784733926e-16	2.03499431960645e-15
YDR042C	-0.583409308806272	3.14336103412887	0.00259514862406712	0.00468029249104526
YDR043C	2.2366536665217	7.13063618337128	8.32795061946875e-129	6.50229079535664e-127
YDR044W	-0.275791888543783	6.79399034428024	0.00372793622851085	0.00656291437944575
YDR045C	-0.558573244971499	5.29010150243964	4.73485663554288e-06	1.26627927459447e-05
YDR046C	2.19367974004621	4.42246283259863	2.10889566283781e-83	8.74391774136616e-82
YDR047W	-0.0836717722001801	7.1401101483212	0.252609484212665	0.306887133074127
YDR049W	-0.288480144521937	6.50951209129197	0.00126782965695125	0.00241590868386399
YDR050C	0.184548332263727	10.7050788417565	0.0511941758574741	0.0728299539174478
YDR051C	-0.22033377509848	7.020110468038	0.00296497978546668	0.00530677537071321
YDR052C	-0.392212940835986	6.99216498437021	0.000231572020465578	0.0004928180485094
YDR054C	0.475282423820925	7.45831870754183	2.41176328088856e-13	1.34503903939722e-12
YDR055W	-1.56631422633551	8.8179885181956	0.00584000486563213	0.0099265222652475
YDR056C	0.0191040930807814	6.54193134482707	0.753054967413015	0.79177447780466
YDR057W	0.151952789683996	6.4586912043279	0.0139199376710589	0.0221804042614382
YDR058C	-0.452075290413231	4.34444208958062	9.24413636007883e-05	0.000208226855739206
YDR059C	0.536062698071265	5.61536813283239	2.00637563952982e-05	4.98237519407404e-05
YDR060W	-1.04971222745046	8.30396662966987	6.84030447518455e-14	3.99261267036986e-13
YDR061W	-0.16853947816426	6.96889580421794	0.0195676234719988	0.0303119176278425
YDR062W	-0.0808792493183464	7.81890549064391	0.403667172674468	0.46518057161566
YDR063W	0.23609889316753	5.97999559404968	0.000493425214173881	0.00099713357566836
YDR064W	-0.260102060304919	10.0271220559981	0.01413755109068	0.0225032981618131
YDR065W	-0.286230960392593	5.43048403385839	0.000871253638965855	0.00169458973712802
YDR066C	-0.0205936745090772	4.53384822253065	0.795791339971021	0.830210871012325
YDR067C	0.252517455646238	5.79099723628201	0.000585991654024765	0.00117237331913374
YDR068W	-0.514448180794437	7.0828585459529	1.43337167961296e-12	7.48040845298012e-12
YDR069C	0.744090101198642	6.14241149369814	3.25692901844224e-22	3.11793905396094e-21
YDR070C	2.4223515156936	2.91338189508824	2.65331020227512e-129	2.12689345814373e-127
YDR071C	-0.000241219735072648	7.92054444048343	0.997338474790843	1
YDR072C	2.03563443715803	7.29049894271857	5.97265885352738e-248	1.3810625010541e-245
YDR073W	0.374041022714301	5.31611920826916	2.63359557470016e-09	1.02347618584986e-08
YDR074W	4.02059663753616	9.30982983669456	3.11901839134712e-152	3.15248603625168e-150
YDR075W	-1.13679217904592	6.11979983383687	3.50576269182909e-38	5.95385460544533e-37
YDR076W	-0.283518946384291	4.5068276155527	0.0084241162864761	0.013994414787039
YDR077W	0.124196251384441	12.0650517401335	0.629370824291114	0.681148046019474
YDR078C	-0.0214294178745492	4.12944751681344	0.829667227951344	0.859696548508011
YDR079C-A	0.284731534697094	4.718359754503	0.00718378073999218	0.012062589847278
YDR079W	0.202444359382209	5.40704283997926	0.037131408420036	0.0543280670287798
YDR080W	0.112421020054378	6.3444088419058	0.158846488259134	0.203101890134818
YDR081C	-0.15651522177288	6.92546242530917	0.0235991886292542	0.0359549726404146
YDR082W	-0.113637583553915	5.10485173949599	0.191935291393559	0.241404805828049
YDR083W	-1.08115155360201	6.80830492989552	4.46380313981166e-14	2.65181664788021e-13
YDR084C	0.0734409381060891	5.47770397032016	0.263383791459903	0.318604296631174
YDR085C	2.63160067681541	6.50718769310207	5.4312673363589e-31	7.55851370976613e-30
YDR086C	-0.15854259999328	7.95550823444962	0.0321741290194232	0.0476196119312585
YDR087C	-0.315258088309478	6.98106432949211	0.0570999431474632	0.0805833000475467
YDR088C	-0.233597506822715	5.82190243728805	0.0236735278448848	0.0360499618549765
YDR089W	-0.535173495434588	6.89979008149293	2.94452258541159e-06	8.10181683455124e-06
YDR090C	0.458715794425453	5.58277007808938	4.97416212383951e-13	2.70630431570345e-12
YDR091C	-0.396957861601309	8.54521172736742	0.00069785977492177	0.00137874892107449
YDR092W	-0.105303516696539	6.84766811003497	0.164790723233744	0.210044158720433
YDR093W	-0.350790402242387	6.55093174748748	0.000460568950179419	0.000934505747039713
YDR096W	1.93050060170057	6.91806826857361	5.75290188001085e-65	1.8495425723329e-63
YDR097C	-0.53355170612176	6.99979412661835	0.200161074284878	0.250180536091619
YDR098C	0.122707577306799	7.69749773284849	0.081595038519848	0.111387232420828
YDR099W	0.0382772478549284	9.37636451426069	0.551516836051146	0.60901534107168
YDR100W	0.540218196395387	5.63800203864019	2.76838943575464e-12	1.41286564412198e-11
YDR101C	-0.647284104284593	7.63420823223501	0.000861239320257397	0.00167782592138285
YDR102C	0.316774210325352	1.41182543203861	0.106192319475405	0.141746941537775
YDR103W	0.0183563086992055	6.31595488407198	0.762183778658647	0.799833981025621
YDR104C	0.081181811748089	5.21329736331465	0.368787928819592	0.430014163705079
YDR105C	-0.150562888973499	6.6572407181434	0.014375708252254	0.0228581745603151
YDR106W	0.190182258952571	2.96712368635876	0.1608426502139	0.205479390795998
YDR107C	0.288761478343771	4.54865247847741	0.00061630788008579	0.00122812163575597
YDR108W	-0.0232596556893628	6.03280956327265	0.776275249404024	0.812635695527946
YDR109C	0.125336029565573	6.01667357377294	0.156133427865655	0.200101080436648
YDR110W	-0.896982847168045	6.313873072133	5.07153664228238e-21	4.4838350431473e-20
YDR111C	-0.387595141863526	5.95897923822092	1.01941423151558e-05	2.62809535157446e-05
YDR112W	-0.607934083218837	3.25202993164084	7.14221291938017e-05	0.000163826722897038
YDR113C	-0.70993836865526	6.06899863787737	0.0880919039207369	0.119577450072583
YDR115W	0.0513230631419674	5.29302259836497	0.623566026229977	0.675717186318425
YDR116C	-0.0159831062544558	6.24050967058277	0.892704969403199	0.912745285042862
YDR117C	-0.396913267881223	6.51743839706258	1.39917419162935e-07	4.54939710117667e-07
YDR118W	-0.334381104448088	5.23997712580595	1.3533193434522e-06	3.88917585699553e-06
YDR119W	-0.439990047072865	7.05411263418613	1.11592594112593e-06	3.24260355633113e-06
YDR119W-A	2.57845955523283	3.09327039116385	7.52958635983816e-24	7.69861789036514e-23
YDR120C	-1.0394982392705	7.67143180796816	7.46642888253612e-13	4.01504207887363e-12
YDR121W	-0.804599794286343	5.52009300972206	7.30532372627103e-26	8.13326041524842e-25
YDR122W	0.487969150552727	6.81473664512271	2.96992098393237e-05	7.22004244051816e-05
YDR123C	0.562574476469903	6.43867273945352	3.53085878051199e-05	8.46055121101557e-05
YDR124W	2.20819629893405	5.36935718657268	2.59512970179531e-161	2.88924440133211e-159
YDR125C	1.05360949194691	4.45054272336665	7.62719273959016e-35	1.19725020236073e-33
YDR126W	0.335417868109822	5.35166692432646	3.25106849657057e-06	8.9045210940238e-06
YDR127W	-0.175308033494077	8.78881452783944	0.00846425574046893	0.0140533293321456
YDR128W	0.0317099822866129	6.42452356100324	0.620587361805677	0.673217470078623
YDR129C	0.92853199042718	8.63703051423517	1.25706893391815e-45	2.5970784985278e-44
YDR130C	-0.0461971922140308	5.35389033027882	0.736804295772523	0.777055461157871
YDR131C	-0.115345280890741	5.11549048331617	0.238922889329283	0.292070843970649
YDR132C	0.156097445433197	5.62134389847355	0.0542430463243319	0.0769306899037234
YDR133C	-1.13721978443016	4.81866704455678	3.39483109700354e-08	1.16827272782973e-07
YDR134C	-1.67818075396141	8.92696885485115	5.56415383656085e-16	3.80132873470498e-15
YDR135C	-0.0669158977918134	8.29449029758334	0.435809428519302	0.497736756128048
YDR136C	0.357815832266077	1.27234539764848	0.0777417442610673	0.106567299202124
YDR137W	0.116234438415523	6.58578598164605	0.0467790913477704	0.0670087913230393
YDR138W	-0.171875380116141	6.64439951113386	0.0120098790405581	0.019336741508258
YDR139C	0.0510858020235139	6.26499685039308	0.49811981175792	0.557775434585326
YDR140W	0.0994859400053387	5.69121503058802	0.248516509832896	0.302568095811132
YDR141C	0.309025320063955	6.64040411902545	4.71454787391142e-07	1.44317015366372e-06
YDR142C	0.5657086705284	5.37986264102345	2.5446559870999e-15	1.65927025970115e-14
YDR143C	-0.699768958104425	6.840627947248	1.07517986578382e-17	8.12057958931198e-17
YDR144C	-0.477123859297463	7.37377642072914	0.00130069109699202	0.00247225889191149
YDR145W	-0.976268215636959	7.49052921485567	7.2558017106778e-33	1.06135960789769e-31
YDR146C	-2.89500908987774	7.40098648895013	3.26890650638876e-21	2.93323371886705e-20
YDR147W	-0.398596134797895	6.36392440182185	4.07199370214855e-05	9.69921796248696e-05
YDR148C	0.198648013651443	7.41247075189485	0.0308782421819986	0.0457918085836644
YDR150W	-0.346954463329425	6.68327547118758	5.68880527103023e-06	1.50635739620221e-05
YDR151C	-0.539583743693444	7.00211827041705	0.00284662151739403	0.0051086234515143
YDR152W	-0.404187198676201	7.43296169697097	2.59896877619022e-06	7.20710345131716e-06
YDR153C	-0.0448672118770541	7.6440816615664	0.605270642435921	0.659816337683546
YDR154C	-0.124982926213384	4.82986078274974	0.281351315303771	0.337891351898976
YDR155C	0.0432532517723488	10.0032037923706	0.56878279187782	0.625598636071982
YDR156W	0.314921772500915	6.17389329768385	0.0025545389290979	0.0046216936628759
YDR157W	0.186550250318979	1.16339593413248	0.471947125698186	0.533737042832486
YDR158W	0.544359463892226	9.99914945085486	8.9974806382317e-15	5.67011043994224e-14
YDR159W	-0.037766974288191	6.43028701848491	0.602289822206004	0.656805080918283
YDR160W	0.0312865997017299	5.71775542379539	0.623530047082937	0.675717186318425
YDR161W	-0.371329340975194	7.00643327274368	0.00254517748665859	0.00460752997584807
YDR162C	0.109924845093655	6.2316805850792	0.15593911825531	0.199894665021519
YDR163W	-0.333259045726109	6.13411250506629	0.00024501377695346	0.000519035527499719
YDR164C	-0.215704553872867	7.04967284273107	0.000481437075994084	0.000973889535961114
YDR165W	-0.50686056825627	6.97622733791253	1.04871106771183e-06	3.05615653857661e-06
YDR166C	0.02437556661819	6.53225297653848	0.686573287800514	0.733548712681125
YDR167W	-0.109343074877327	6.41412166708367	0.154762241160644	0.198682595314497
YDR168W	0.0164821008512333	8.05543858450711	0.82813665272298	0.85840647520182
YDR169C	0.472434736171317	6.86964324572573	2.61181731591147e-12	1.33409054403226e-11
YDR169C-A	0.39197595074365	1.6066582897806	0.0212444435228063	0.032673725878514
YDR170C	0.0872144834859241	7.41432860961066	0.101744490395226	0.136142416259982
YDR171W	2.65078815621048	7.79460226235758	2.21048611984947e-42	4.21887065159842e-41
YDR172W	-0.488524242799564	8.97278593793048	2.65661778884324e-09	1.03042491267907e-08
YDR173C	-0.146004753477912	4.35222793326664	0.132119348043544	0.172328087192076
YDR174W	-0.391267734833712	7.21028494283876	1.38068764432018e-06	3.96214516355747e-06
YDR175C	-0.190905940439373	6.55745927842083	0.0330354421460676	0.0487863124986879
YDR176W	-0.559875608591116	6.83135793724386	4.8191451522868e-13	2.62910169288096e-12
YDR177W	-0.069308755419052	7.68399357788963	0.372159249005302	0.433440799112723
YDR178W	0.691881866156516	6.68495617938607	2.26056256508172e-07	7.19454851311344e-07
YDR179C	-1.10466687729088	4.12210388593846	0.000912869352585041	0.00176923615336598
YDR179W-A	-0.578064966867618	5.35524800397983	0.00014585033156091	0.000318855343034252
YDR180W	-1.46678544481771	5.09257780261399	9.10391013018446e-18	6.91943207366232e-17
YDR181C	-0.224259459964059	5.86044994459699	0.00530639726847865	0.00910706833516804
YDR182W	-0.133718572882357	7.18477454637874	0.0413306390729392	0.0598746511100025
YDR182W-A	-0.277930966021649	1.06056778981864	0.25429510522791	0.308354613277571
YDR183C-A	-0.750969971066426	3.32809974320946	3.24489735910864e-06	8.89166951821384e-06
YDR183W	-0.399792979782089	5.33507408736536	2.91938827120957e-05	7.10869270413607e-05
YDR184C	-0.693572028425605	5.96485369340737	1.23472592031935e-08	4.44501331314965e-08
YDR185C	0.394796196893889	3.63524886464702	0.000222866709576714	0.000474964430335061
YDR186C	-0.0834831662127575	8.01998627295332	0.207288974203189	0.257963426394032
YDR187C	0.119649620330699	1.14022053229988	0.679164153738153	0.726665757656838
YDR188W	-0.149100423530472	8.4869198909647	0.0161033939974815	0.0253637947898504
YDR189W	-0.0887226061628833	7.84780305645881	0.153023226361075	0.196702081865038
YDR190C	-0.405615359061939	7.96307364646577	2.02568614161518e-13	1.13710785092348e-12
YDR191W	0.434000208490946	4.65882181682726	0.121893120529134	0.159969753464562
YDR192C	-0.322918851635786	5.46682484759311	7.24128209444293e-05	0.000165869087632518
YDR194C	-0.463002132301648	8.36574452515822	5.36085488505136e-07	1.62365035611732e-06
YDR195W	-0.367310014807339	6.33456485300148	2.28145419183838e-06	6.36478078948137e-06
YDR196C	0.560437476744342	5.8067368041513	1.51116019854874e-27	1.80977990312252e-26
YDR197W	0.0213353477791822	5.6760554025978	0.762922150107784	0.800301178310523
YDR198C	-0.132749579474132	5.87548697083833	0.13349681153811	0.173907438996125
YDR199W	-0.232741394163379	1.30948795546046	0.327248137571215	0.387286575409083
YDR200C	-0.36906726415961	6.10926757510813	2.71035481216763e-07	8.55362369068337e-07
YDR201W	-0.493346389963065	4.51617780322643	2.45090457868351e-05	6.01667551124757e-05
YDR202C	0.60116627595454	4.96662071116631	2.31167549377453e-12	1.18581852120926e-11
YDR204W	0.626806522684905	5.55002048239528	3.42982635299934e-07	1.06895365651799e-06
YDR205W	-0.10502747224324	6.33420719911464	0.248859251465574	0.302924037216244
YDR206W	-0.146055465972696	7.50035369923365	0.0177082619730838	0.0276668583633523
YDR207C	-0.727803821225199	6.46855303026629	8.32105204486455e-10	3.38930656461556e-09
YDR208W	0.134804959560999	7.48423311155466	0.0212710378952652	0.0327001021607927
YDR209C	0.161069582880616	5.57835366788755	0.034568008698411	0.0509369775232468
YDR210C-D	0.144595052829476	4.72755223136291	0.373972634820173	0.435131310342341
YDR210W-B	0.884045122042524	3.50326727650221	3.46683057731745e-10	1.46469328396574e-09
YDR211W	-0.13408421066602	8.05012892844591	0.0236232061086971	0.0359824461934347
YDR212W	-0.221750854678548	8.32577633575628	0.00122787621590826	0.00234051737794562
YDR213W	-0.234191418908833	4.49366487472537	0.0981024152945125	0.131855962609123
YDR214W	-0.173298354754976	8.96393614799554	0.2501561198109	0.304317804998609
YDR215C	-0.871394900808915	0.991089494333153	0.00527141681817436	0.0090573757961887
YDR216W	3.34223243781216	5.64464998883147	5.821731710194e-96	2.73439461263174e-94
YDR217C	-0.627806197682967	6.4154935597333	2.95628980596908e-12	1.50365603328986e-11
YDR218C	0.297753623148239	2.68187094655026	0.104722245816811	0.139971129802283
YDR219C	-0.0471368925285283	6.1132390475402	0.702407170602734	0.747014312694788
YDR220C	-0.300612361425947	2.52692134335653	0.0475471800771336	0.0680441910553981
YDR221W	0.0200732121856369	6.62063385833562	0.775088267811722	0.811534424605376
YDR222W	0.549860900178453	5.60830168256153	0.0412476108864108	0.059812020417053
YDR223W	0.529203907749537	4.58797940283802	9.97034881773395e-11	4.46659739882388e-10
YDR224C	-1.07010136760969	8.96044623349822	0.0176198865285714	0.0275359391239333
YDR225W	-0.853753735235945	7.48323969075531	0.119908837030295	0.157606455668153
YDR226W	0.00344533747840379	9.26095500469732	0.950578543462704	0.96372313714971
YDR227W	-0.577132038513273	6.17119678759167	1.53832492091059e-06	4.39981418863676e-06
YDR228C	-0.26202897428608	6.64050938407742	0.00498469780270283	0.00860902131279788
YDR229W	0.362683723413746	6.4041537650894	1.57369979558137e-09	6.23259760937761e-09
YDR230W	0.257548225055917	1.06469562713342	0.263701376739949	0.318924296310716
YDR231C	0.185611096888446	4.21883175266855	0.0550323216798203	0.0779397686546714
YDR232W	0.018224635122724	7.07421689132772	0.818924452165043	0.850754473285675
YDR233C	0.273809063049505	9.91929850648529	0.00128486113228953	0.00244448896434324
YDR234W	-0.383552351768917	9.60333755560167	0.0025861471037988	0.00466904396037188
YDR235W	0.505215287243999	6.11561213756496	2.95400518893726e-14	1.79207660907071e-13
YDR236C	0.44148928607918	5.46993484273047	5.82318481089853e-11	2.66836791792088e-10
YDR237W	-0.250817238261555	6.72543096236268	0.00941554379736732	0.01549582516008
YDR238C	-0.130322055159331	8.46473359464377	0.026337506910224	0.0396348164065749
YDR239C	-0.413320727762484	5.78160633004111	1.83268534552382e-08	6.4774275704228e-08
YDR240C	-0.196086787430939	5.27426119557789	0.0231368315762632	0.0353131839138092
YDR241W	0.533160819616083	3.8438661719903	6.1821313748866e-05	0.000143004901215153
YDR242W	0.160208416402118	5.0101527101573	0.0796078036272117	0.108872182758598
YDR243C	-0.257765561264129	4.90202806032058	0.00886308847808447	0.0146548096617832
YDR244W	0.0540783748208035	6.83785384978758	0.488290695951742	0.548813547216652
YDR245W	-0.412297487506517	7.89539449987403	0.00173261280183579	0.00322891139635362
YDR246W	0.621967002447228	6.31807536865277	1.96482912033417e-15	1.29381737912914e-14
YDR246W-A	0.906383139858094	1.59736764278891	7.69196799378829e-08	2.55492329163841e-07
YDR247W	1.79051358529669	5.34314487912277	8.46648875473136e-32	1.2061737060058e-30
YDR248C	0.189200569263291	6.22088648575153	0.21848599143759	0.270052997640377
YDR249C	2.82492599945617	5.29948194878423	4.66818561485278e-103	2.31943238979297e-101
YDR250C	0.235011011307527	2.58436211109623	0.343641274512141	0.404378810406536
YDR251W	1.50759901834482	7.43977332975989	1.38038456507898e-17	1.03606392075591e-16
YDR252W	-0.207414878729503	3.82630924717973	0.0325005371029871	0.0480553932767237
YDR253C	1.12399536203742	6.39383003661928	2.94999482500978e-09	1.13761185939441e-08
YDR254W	0.0542965800515816	5.68694126574712	0.720643083745887	0.762362523223697
YDR255C	0.824407889249683	5.06875561796414	5.6258671001149e-18	4.30862586062303e-17
YDR256C	-0.136910034952822	4.91598223245946	0.206691467337786	0.257433002203184
YDR257C	0.149347695600981	6.31702465126891	0.0202622556131749	0.031283174305703
YDR258C	0.439260896405894	9.03151320782061	0.00106245406640953	0.00204203128109146
YDR259C	-0.124958477441691	5.69500629214191	0.383656236714063	0.44470401805561
YDR260C	-0.263782927526357	5.856827113978	0.00142442186620907	0.00268958048355808
YDR261C	-0.254297852746633	6.57047709670603	0.0885977266851796	0.120182656324752
YDR261C-D	1.06202465238007	4.57641782983189	2.05547265852422e-27	2.45675976601345e-26
YDR261W-B	3.024845658861	5.600367834171	1.69728910742919e-59	4.79065826941985e-58
YDR262W	0.650633104118703	6.14380397375314	5.13306106445063e-21	4.53156580315377e-20
YDR263C	-1.67269209995503	3.94057386386692	9.07776033865147e-11	4.08193681046916e-10
YDR264C	-0.33634398380305	8.45052356056453	0.0164209911194451	0.0258301932522512
YDR265W	0.180023781508216	5.60871416544126	0.0408877871768086	0.0593475076067053
YDR266C	-0.458480645700853	7.19673383613806	8.82950917727513e-14	5.09433869230116e-13
YDR267C	-0.247026964081034	6.24204656717173	0.00776283930261619	0.0129928145566059
YDR268W	-0.328473012795609	5.39605924355546	1.98228230012727e-05	4.92661479469414e-05
YDR270W	-1.44874832111734	7.15281635741276	3.34193595511735e-06	9.13259952825706e-06
YDR272W	0.441418215132865	7.2878810927542	3.62051499082753e-12	1.83374356569967e-11
YDR273W	-0.627494112167735	3.31671674830244	5.61880464986239e-07	1.69750017864184e-06
YDR274C	0.51194588851789	2.35718523918752	0.0106491665338105	0.0173550526433366
YDR275W	0.599259461354699	4.48814156378339	5.49510996658048e-05	0.000128048841546829
YDR276C	-0.166796597892831	8.02781932100834	0.0509468571841489	0.0725124302535755
YDR277C	2.01145133288424	6.09832175023671	4.38514184803563e-32	6.29199827932941e-31
YDR279W	-0.463174748805966	5.57739664224519	0.00164245956511031	0.00307328568485627
YDR280W	-0.24090842368641	6.65777865330342	0.00709480782521003	0.011927848055135
YDR281C	0.61212966193495	3.11944735971264	0.0249924886176081	0.0378285099619989
YDR282C	-0.111467615299668	5.17988006943715	0.13436841880932	0.174891304152767
YDR283C	0.108178488903398	6.16885179041649	0.173107210401737	0.219422422292903
YDR284C	0.402363701682269	6.48497166753221	5.66852561373836e-10	2.34866822810441e-09
YDR285W	0.29770824586434	4.36656591093965	0.00360579291528141	0.00636465854570517
YDR286C	0.00461949901806715	3.43835334747912	0.980969756741063	0.986714100305717
YDR287W	0.249065931106318	5.72569307770216	0.00138707407281626	0.00262483138991858
YDR288W	0.196588357684007	5.46132208938677	0.00315764040370483	0.00562314398906204
YDR289C	-0.169584920189613	5.78835551978284	0.0401692404122876	0.0584456615098434
YDR291W	-0.165197114357841	5.92340414780235	0.0035552363709422	0.00628095241319556
YDR292C	-0.216115138112483	8.15648378748969	9.10717588980505e-05	0.000205449686489711
YDR293C	0.449203474594605	8.79792370674722	1.68681111892367e-06	4.78579917270841e-06
YDR294C	0.359723729497477	7.62366983936386	1.88345387352739e-07	6.04555509217655e-07
YDR295C	-0.452967509685481	6.28695848661928	1.68310980918405e-06	4.77755248952527e-06
YDR296W	-0.494229508306966	6.45491404778789	8.23729346311756e-10	3.35746496950934e-09
YDR297W	-0.833043852905501	6.63598022793495	0.000997379172303607	0.00192434004617756
YDR298C	-0.19779452856015	8.51242762704239	0.0429712836896157	0.0621167005390646
YDR299W	-1.11114617323271	7.07472119592341	3.19524681039052e-10	1.35758472254896e-09
YDR300C	-0.258168592686167	7.21704197516123	0.000994373252186809	0.00191915633776793
YDR301W	-0.0776964405126966	6.4084513513913	0.266899204559723	0.322467447309697
YDR302W	0.130814061808082	5.92977186602138	0.320563129363625	0.380123379434736
YDR303C	-0.483331468302859	6.71658297893298	1.79765334454951e-07	5.78559523952445e-07
YDR304C	0.693068100843267	7.90130668257888	1.11816890307277e-23	1.13746724962326e-22
YDR305C	-0.0878365321471941	5.65210910512955	0.342212515349346	0.402855226606671
YDR306C	0.588559284973847	6.04863616917902	2.43087406697756e-21	2.20761554239714e-20
YDR307W	-0.674180396392304	6.47217337877794	1.64624002999976e-06	4.67757548923976e-06
YDR308C	-0.330583089547996	5.89064522823351	1.85894352036831e-05	4.63540789898559e-05
YDR309C	-0.19701075758297	8.02836009335256	0.551578265491566	0.60901534107168
YDR310C	-0.192438229057819	7.34065594847123	0.113921328098941	0.150891170859404
YDR311W	0.238749445967759	6.03558836616027	0.00236505907786144	0.004307402355681
YDR312W	-0.820677211707178	6.9876477460116	1.68684493153263e-34	2.60702100986483e-33
YDR313C	0.4832531035494	4.82605294134004	2.00340011925251e-09	7.86704214039588e-09
YDR314C	0.408210918149281	4.38403877215384	1.55915363896752e-05	3.91874234008056e-05
YDR315C	-0.0356488422498132	4.64781615871455	0.826867694131169	0.857528855026788
YDR316W	-0.503258316729231	6.63033097077533	1.5538178618416e-06	4.43779239211007e-06
YDR317W	0.207996362256391	4.60743968766958	0.0744251058168595	0.102507156052912
YDR318W	0.0160765871829805	5.13874809328755	0.872082669652738	0.89485594981264
YDR319C	0.76745679163175	5.45936868053114	7.42344996867226e-39	1.28513106052857e-37
YDR320C	0.271224590977865	6.24812906038524	0.000610520436127078	0.00121779988785534
YDR320C-A	0.275599639050135	5.58477448726434	0.063616287017652	0.0886557991539462
YDR321W	-0.0477948460527788	7.26203879091499	0.660418562882861	0.709893867343422
YDR322C-A	0.227649734528102	7.05813550540486	0.0233378145871466	0.0356018628007931
YDR322W	-0.325728060008665	6.6358314478158	6.7328700309628e-05	0.000155147622177648
YDR323C	0.0064542858380061	4.60190018371638	0.956426833223986	0.967577406392828
YDR324C	-1.02681167524731	7.88044550735883	2.68873304728586e-17	1.99317670533694e-16
YDR325W	-0.658138030511972	6.35556143605015	5.70561886042845e-05	0.000132645709933859
YDR326C	-0.148258186264666	6.68715528550018	0.158120281043869	0.202388573480039
YDR327W	0.181273995206058	3.99488674477235	0.0650479083879915	0.090562740105527
YDR328C	-0.000343842203050548	7.19205247768574	0.999266903937382	1
YDR329C	0.31990465250096	6.72608248798452	6.18394674769891e-09	2.31349644350752e-08
YDR330W	0.56364710567266	6.89394112173821	1.28199932921902e-09	5.13141142960371e-09
YDR331W	-0.10683580653554	6.37087727787184	0.23155399772336	0.284102578431192
YDR332W	0.128944355835682	5.33612384392942	0.134115616838846	0.174600062458887
YDR333C	0.104842075238746	7.07996230405004	0.114176846123834	0.151129722346211
YDR334W	-0.0594415338329997	7.18151559609111	0.497426075289414	0.557517815928404
YDR335W	0.472748213221834	7.5749678199746	6.98651049277493e-10	2.86905062039364e-09
YDR336W	-0.0642757648401166	4.44545768549141	0.403883366674148	0.465340513692023
YDR337W	-0.292110587092808	6.33767046627218	0.00550739740076388	0.00941976477194664
YDR338C	0.420993245268759	5.37095453390132	3.35600167528063e-10	1.4208649346329e-09
YDR339C	-0.598870845798974	6.71426673245597	1.48902108318732e-08	5.32223231398465e-08
YDR340W	0.492109484474492	0.732614832745426	0.0719028654486562	0.099329050339458
YDR341C	0.248240396134604	9.33026555147461	0.00195441156239989	0.00361202653339937
YDR342C	3.48240434538031	5.04842032230126	1.48738227264181e-21	1.36939390859458e-20
YDR343C	3.63143085940156	2.77852772983913	5.25572435505699e-24	5.42910907604857e-23
YDR344C	-0.603411762001004	2.76807701493033	0.000184824680769247	0.000398553077756353
YDR345C	-1.6401391321932	9.80642244290741	5.16118401782397e-17	3.77482217945957e-16
YDR346C	-0.37622838023287	8.53704580145655	0.00304054945746702	0.00543555853056549
YDR347W	-0.317559678261622	7.01346879940348	0.000143496930543856	0.000313938699574113
YDR348C	0.116427430038511	7.46346120881996	0.117323371441512	0.154579905567909
YDR349C	0.204933824020001	7.5278739829886	0.000131689634383426	0.000290432165045179
YDR350C	0.470678618356041	6.18630379821342	9.17197517250962e-11	4.11814150389304e-10
YDR351W	0.294429730745232	6.64663921635252	0.00018852783459708	0.0004058107202283
YDR352W	-0.195535055197643	5.8757030796514	0.0693664538181733	0.0960679844171523
YDR353W	-0.0638629646322019	8.76640089539959	0.569095827813512	0.625828446463295
YDR354W	0.249773219094834	8.01415949431553	0.00010376570747202	0.000232083122515544
YDR356W	-1.13937739626359	5.63668701660095	2.85482605946609e-05	6.9599409040998e-05
YDR357C	-0.162197174741651	5.97408654886257	0.0916629278953732	0.124088611237781
YDR358W	1.14467531667132	5.94408953242039	9.11783459041972e-14	5.25564923850464e-13
YDR359C	-0.586827958029114	6.27940701794214	1.98104904068879e-11	9.45243399414367e-11
YDR360W	-0.253125297821337	1.48740463715704	0.253835232180708	0.307921189642941
YDR361C	-0.353482116011516	6.9022609286083	0.0171468765512221	0.0268722630970769
YDR362C	-0.365201566965184	6.15189085486226	4.2331127953483e-07	1.30376404332141e-06
YDR363W	0.215145972005152	5.23489765558985	0.00295119898702367	0.00528368323704179
YDR363W-A	-0.37423550418114	7.8778468011633	0.000116761399110567	0.000259316413539981
YDR364C	-0.078508374331129	5.83745384983427	0.158889087015113	0.203113159926613
YDR365C	-0.0654420380463064	8.09248579717718	0.501748286325823	0.561211292537832
YDR365W-B	1.03583907132265	3.56949804711518	3.18851370112292e-20	2.69990765790859e-19
YDR366C	1.60706678856036	0.592804668132058	1.83400924511244e-12	9.50522722553103e-12
YDR367W	0.155363896969775	5.18227260715742	0.0158472940605566	0.0250194148876225
YDR368W	1.01236801504408	7.5627423896595	1.4025233301801e-24	1.49238411699872e-23
YDR369C	0.162218894333617	5.31664016763938	0.112370803128757	0.149067358431176
YDR370C	-0.0746083080019903	6.00447375503324	0.33042509571963	0.390661883080908
YDR371W	0.0335832373448551	6.14001350229978	0.635475543454489	0.687012941422116
YDR372C	0.114597756824636	7.81708952008967	0.0293086363318569	0.0436687785940827
YDR373W	0.101013234728058	6.26746455565532	0.132141131396452	0.172328087192076
YDR374C	1.34577964759851	1.98727399856715	1.26870687052219e-11	6.18109052315997e-11
YDR374W-A	0.329377930696084	5.11590673370132	0.00175975436701205	0.00327340447230088
YDR375C	-0.310645510609069	6.31562417145279	0.000333502799001569	0.000692579905905848
YDR376W	-0.0397344450967803	6.31406295385057	0.557223725607362	0.614571461814614
YDR377W	0.209696307150066	7.5140997007893	0.00563387126484393	0.00961147390585746
YDR378C	0.0745951598134821	5.81087575886018	0.289626222941124	0.346859133928692
YDR379C-A	1.53330140913478	3.57108356831206	3.25828324388341e-10	1.38338975015728e-09
YDR379W	0.243853322761319	6.6588455192471	0.0317421071387437	0.0470033369749081
YDR380W	1.13058604153224	5.35462788749437	4.96606156290603e-11	2.2948472033967e-10
YDR381C-A	0.0774498896993228	5.35379756520264	0.373825848110589	0.435044715222776
YDR381W	-0.608196144373131	8.0836420332333	1.49932148511158e-05	3.77783770682767e-05
YDR382W	0.209314834962304	10.0760393002875	0.0200587698144827	0.0310008545307635
YDR383C	0.81129279460096	4.17984893073239	1.04668206954445e-07	3.4386079792903e-07
YDR384C	0.432635888717401	5.53531781422095	0.0397351608353433	0.0578560879007227
YDR385W	0.0353435132104933	9.67610455776848	0.715509235508069	0.75833123596102
YDR386W	-0.166960282061428	5.4061595157419	0.140440288098468	0.182006253944382
YDR387C	0.398586366253233	5.61220581951377	1.17360244093246e-09	4.71637558481682e-09
YDR388W	0.112597327150788	8.17116566582173	0.116294111123685	0.153492908029768
YDR389W	0.0457742301695795	7.1928053078206	0.531520155758584	0.590010926222416
YDR390C	-0.077730175122377	7.18151681026893	0.246847069571614	0.30077920191823
YDR391C	1.84215582267367	4.75801792305448	1.77322316666794e-73	6.23427934386412e-72
YDR392W	-0.0425013753117571	6.00500304533829	0.511353991324168	0.570684970657316
YDR393W	-0.471447977922107	5.93759005650685	2.47952618612342e-10	1.07089880969641e-09
YDR394W	0.132850928712711	8.87457591871732	0.0768458540966824	0.105478829869693
YDR395W	-0.241756954245976	8.03367081828534	0.00394310649879172	0.00690732991571557
YDR396W	-0.669937441021086	2.94377589966595	4.21573763305714e-05	0.000100257178203875
YDR397C	-0.372953713066593	3.46223067903583	0.0118355097070204	0.0191122977057767
YDR398W	-0.626118902106713	7.6042669426787	2.45696165080286e-06	6.83537873420953e-06
YDR399W	-1.36333849893102	9.12058314943336	3.34961539079321e-52	8.08750511222842e-51
YDR400W	-0.339603368485169	6.13220506315374	0.0438444713133855	0.0632572501886425
YDR402C	0.390752993177654	2.72903400327576	0.00629199700908678	0.0106496300728124
YDR403W	-0.243345325867067	4.30698987533997	0.0108774428874919	0.0176839336505142
YDR404C	-0.32413163896082	6.53973708629257	1.87058868763472e-05	4.6625121020149e-05
YDR405W	0.124881053854646	6.71298650135329	0.158663681901382	0.202954479913002
YDR406W	0.48154379137113	5.69059518972182	2.23640361193817e-09	8.73068734738459e-09
YDR407C	-0.030921656006358	7.00976229233398	0.773189347975016	0.810110554204566
YDR408C	-0.216646019529151	7.63436016417452	0.0199225110949412	0.0308219600367438
YDR409W	-0.218903866986906	6.43484901262378	0.00179905156381852	0.00334339969139936
YDR410C	0.628118620833122	5.39073727433795	8.06927155340958e-13	4.32760576084731e-12
YDR411C	0.195928988620294	6.67739174628132	0.0101028201284346	0.0165453976061425
YDR412W	-0.943807865792531	4.56625067914433	7.22570998497183e-09	2.67493647965829e-08
YDR414C	-0.312028277743393	5.93449957261742	0.000227894305119235	0.000485163088660355
YDR415C	0.110727308757196	5.89220258300818	0.070299982005182	0.0972488476334915
YDR416W	0.0817813348456662	5.74870954154547	0.299385490339589	0.35754977511355
YDR417C	-0.144280506387398	0.899149126770546	0.80037569889928	0.833944315733531
YDR418W	-0.00475715089936298	8.38591117408401	0.966581274961164	0.975997081804924
YDR419W	-0.475288803080237	6.04034345197494	2.58648403014096e-09	1.00581772245844e-08
YDR420W	0.0769005686920605	6.91518029661764	0.3093572087581	0.368361168360804
YDR421W	0.260361388683773	5.74785115271892	0.00254181248200074	0.00460400810297331
YDR422C	0.331313521676773	6.47607913040143	1.68808498204035e-09	6.65492912264038e-09
YDR423C	0.0770891198107737	5.76340615872428	0.48413729700817	0.54516453073855
YDR424C	0.230575012240244	5.59641558076217	0.00171457913156704	0.00319728589918767
YDR425W	0.822257657976064	5.8984397525235	8.52661894739118e-24	8.70323142813511e-23
YDR427W	0.0607086189175733	8.46766017782013	0.459949702433268	0.522527893240515
YDR428C	-0.0607682831783386	5.21479769645668	0.525978942019556	0.584723631549847
YDR429C	-0.300783128366133	8.39609388992294	0.000152851693194897	0.00033319230583311
YDR430C	-0.271778642168034	7.37259542193968	0.00655474645698749	0.0110663116257817
YDR432W	0.43462128066678	8.41933542577502	7.29695913299747e-07	2.16424855982145e-06
YDR433W	0.582858236931042	3.70393930281113	4.37156355918269e-07	1.34433964796963e-06
YDR434W	0.158960818193196	7.07203018649928	0.00494965388577223	0.00855587094918419
YDR435C	1.2876798394536	5.2840345975129	9.79550449870415e-24	9.98145305867955e-23
YDR436W	1.23289737493098	6.24146637875092	4.53158025399575e-30	6.10848889843553e-29
YDR437W	0.0314187809800495	3.63067844806945	0.74740524696843	0.786364681285189
YDR438W	0.16446349806219	4.83291565365063	0.0251157587105176	0.0379864003440583
YDR439W	-0.0464881100708252	5.39183212898896	0.573995912676566	0.630640246164385
YDR440W	-1.04487081091877	5.92580773717428	1.15080204169823e-08	4.15723342530946e-08
YDR441C	-0.671943189263675	6.23040387876263	3.06115118686416e-14	1.8552057394584e-13
YDR443C	0.151621560702481	6.09316698909336	0.0931765580592438	0.125882576865657
YDR444W	-0.35295075922771	5.28598434254969	0.0025942377288143	0.00468029249104526
YDR447C	-0.00180771441048911	9.33219214861999	0.995245384315426	0.998900709600057
YDR448W	-0.345162276041814	5.40043349348203	0.00160527051392863	0.00300744354307851
YDR449C	-0.681116954178115	6.46838801760687	6.70522557080449e-06	1.76342152806984e-05
YDR450W	-0.106195400543771	9.84547987913184	0.205423797112829	0.255960179946596
YDR451C	-2.66757431892043	5.89982913283832	3.66392149934382e-11	1.71020932096701e-10
YDR452W	-0.502710295221804	8.15526449747951	8.22999026183122e-10	3.35676400638598e-09
YDR453C	2.87431514061663	4.84433311587335	4.27690752720391e-70	1.42848711408611e-68
YDR454C	-0.0337360845114406	7.69005566075605	0.628792492921694	0.680767237069193
YDR456W	-0.285441671474102	6.69327162405035	1.4955717409864e-05	3.77309437550941e-05
YDR457W	-0.264504137846667	6.84240108011124	0.00203171413989929	0.00373934341953117
YDR458C	-0.195923787400111	6.62257394520436	0.00363910557832203	0.00641968977020894
YDR459C	0.144710752410616	5.5110643941544	0.0212357661906461	0.0326718484424957
YDR460W	0.243561754204467	6.29165624811098	0.00558348178536635	0.00953145260160611
YDR461C-A	-0.482095390879648	3.78873815291594	0.000200756476505925	0.000429518838702357
YDR461W	4.5376909713524	8.28661149311041	9.57712587379109e-46	1.99922502615389e-44
YDR462W	-0.0260924337927543	6.08456852203739	0.762564112027776	0.800093445289875
YDR463W	-0.0885330029254076	7.91211733834998	0.17576772239092	0.222513275850539
YDR464W	-0.675791042146718	6.77892285654753	2.75159357932339e-06	7.59182221151547e-06
YDR465C	-0.31271047283913	7.33979935731521	0.0580135009354898	0.0817957710188004
YDR466W	0.00954059595346136	6.53822163126146	0.886899353299164	0.907890160400915
YDR467C	0.114091702676972	2.17756792060568	0.462773488848098	0.525239610148152
YDR468C	-0.113256899833644	6.93926643805127	0.100550229200561	0.134874604630472
YDR469W	-0.152962570299701	6.18897080602723	0.0561503764777608	0.0793736335255815
YDR470C	-0.141528585334005	6.15621383318099	0.172153499893652	0.218259561653445
YDR471W	-0.45156512637847	9.40957937853864	1.79789203423821e-06	5.08177099663382e-06
YDR472W	-0.234354228934282	6.2911103223068	0.000479635566780673	0.000970898662452998
YDR473C	0.252852591208088	6.09068480781707	1.19133624404937e-05	3.04132208035025e-05
YDR475C	1.01909890546949	6.42240885546782	1.53692020767931e-12	7.99304869253289e-12
YDR476C	0.405035828429792	6.62882911391367	0.00969615175579377	0.0159053927301043
YDR477W	0.402100280427549	7.48181187255974	4.4163126387963e-13	2.4181121661606e-12
YDR478W	-0.465489447055685	4.08904740888684	1.57662186556017e-06	4.49864767714652e-06
YDR479C	0.626030600281003	6.21645183076972	6.69159881652905e-26	7.46380187105244e-25
YDR480W	0.869367618513197	6.2497102912934	1.66146544979303e-10	7.31775112392357e-10
YDR481C	0.366086210934745	7.70571346792754	4.326229598131e-07	1.33107944441984e-06
YDR482C	0.592205551237277	5.26495433928043	1.43576005253028e-16	1.01431133205782e-15
YDR483W	0.564081384844154	8.5194583005861	9.31362622333901e-26	1.03500038548455e-24
YDR484W	0.0187484360651341	6.01993448681112	0.8218279136691	0.853191058017377
YDR485C	-0.297362947445789	6.50875838494163	0.000200545071629321	0.000429219284669092
YDR486C	-0.0700278767602851	6.87905790706271	0.426790448926186	0.488642959235237
YDR487C	0.259721808927848	7.88387766981996	5.14706515237e-05	0.00012073412288743
YDR488C	-0.902068975425124	4.90294456202876	0.000309709095240714	0.00064651773631499
YDR489W	-0.329879557840877	5.03667578831693	0.00811661060918993	0.0135321860738907
YDR490C	0.425703153630498	6.48535830422232	3.28575316020509e-05	7.91107248664518e-05
YDR491C	-0.574936093914945	2.94904949505588	0.000184632843304787	0.000398282258323782
YDR492W	-0.474774824632284	6.16837700424615	4.96694392948339e-05	0.000116736774449
YDR493W	-0.038093737592741	5.15568594926096	0.764648147118867	0.801720380271822
YDR494W	-0.31395475058414	7.24792767278095	0.00487316707932	0.00842608009228411
YDR495C	-0.323847493786571	5.67846014839677	0.000244430929861393	0.000517983345197988
YDR496C	-0.741331472320944	7.74879779643456	3.83481456985003e-06	1.03944568052021e-05
YDR497C	-0.361144903070604	9.7442806110282	0.000213487336187197	0.000455459852788299
YDR498C	-0.00996361345849997	6.14119352535672	0.909138521081116	0.926710883136601
YDR499W	-0.390463466600583	5.67163328000566	0.00017871037504171	0.000386060644897867
YDR500C	-0.0553223765239363	9.29354595760064	0.475951579496137	0.537456967680461
YDR501W	-0.643489719471043	5.24310553148441	0.0300110949743904	0.0445950306090402
YDR502C	0.159593412968193	10.6334414770513	0.168985466800184	0.214741201945192
YDR503C	0.459098417530734	4.90455690596489	0.0103274158813441	0.0168902133510991
YDR504C	-0.257899041781917	3.68451148756438	0.14699481077518	0.189601545243592
YDR505C	0.977758424200211	7.12593330897889	1.34282316095215e-45	2.75530813776258e-44
YDR506C	0.185531200837921	4.97160769640805	0.0752303913551171	0.103474059214588
YDR507C	-2.03007221375692	7.87714000299917	2.75575143295301e-08	9.5655759901348e-08
YDR508C	1.55107794295415	7.96216840795398	3.83670794825174e-24	3.97010123664191e-23
YDR510C-A	-0.147771651874431	1.26672421609643	0.531418000468296	0.590006467001919
YDR510W	-0.231985449997011	7.60732727855408	0.000307504800486797	0.000642362355985623
YDR511W	0.356942591296788	4.97968421706726	0.00460399876733555	0.00799054289527174
YDR512C	0.349477259741223	5.76555823706364	0.00820731106186548	0.0136682421340541
YDR513W	1.1340583098181	6.41015991375402	7.34554274035297e-20	6.09122799379338e-19
YDR514C	-0.711197028337482	6.16391019516749	1.80803854632086e-10	7.93425382516862e-10
YDR515W	-1.04358636535008	6.64732628650093	9.07356865343852e-20	7.47264311568115e-19
YDR516C	3.09493942669695	7.63717331562204	7.67847845351128e-54	1.91547769553983e-52
YDR517W	0.722389410076952	6.92385972230849	1.02915788330995e-15	6.90546561881631e-15
YDR518W	-0.0662171481636645	5.79460652750888	0.741700182565474	0.781338969262945
YDR519W	0.165935962108375	6.56217495834131	0.0158461118472633	0.0250194148876225
YDR520C	0.159487390847056	5.34539025732031	0.0597438477062101	0.0839597971972265
YDR522C	0.201498953658193	3.21351255292472	0.0865144788610838	0.117622127298244
YDR523C	-0.777299245754567	1.98112639786747	0.00145423106703973	0.00273984242401845
YDR524C	-0.749237961080948	6.51560817048764	4.55565324377986e-20	3.80926109897142e-19
YDR524C-B	-0.563331129346609	10.1158158021621	6.26531598431784e-11	2.86006679557471e-10
YDR524W-C	-0.953195286218254	9.40509795221539	6.48387972702371e-25	6.99839944683421e-24
YDR525W-A	0.604355436416447	3.82444314710835	1.22240159325478e-10	5.42767974789343e-10
YDR526C	-0.472848992783911	1.48652142831845	0.0840076080830317	0.114472742473977
YDR527W	-0.139141090639154	7.11327777733178	0.170851884726826	0.216975397333688
YDR528W	-0.717413786070708	6.22100924138165	7.50888315241752e-05	0.000171517498147166
YDR529C	0.0545399325770309	8.95547245685804	0.517230962939971	0.576063829046889
YDR530C	0.742991873190556	5.09244640303485	1.7968385055667e-24	1.88198485983746e-23
YDR531W	0.061395239177178	7.53603396628364	0.313334096439973	0.372580021320633
YDR532C	-0.483137406177279	5.38140888134569	4.10628191703762e-07	1.26534940467607e-06
YDR533C	0.525655892313997	6.49407345458128	3.57400042616823e-07	1.11100778501155e-06
YDR534C	2.462538551452	4.22898646783313	6.41899793398728e-65	2.05271359463466e-63
YDR535C	2.36864073777009	2.69932096897242	1.45042639379282e-62	4.42637740075251e-61
YDR536W	6.81372634837991	8.27977114718686	2.8652970392464e-145	2.65017935383836e-143
YDR537C	0.870351684976696	1.21390909848421	0.000866167430506539	0.00168578782525261
YDR538W	0.519571053185822	2.81030781758888	2.74516396443558e-05	6.70346293833742e-05
YDR539W	0.686715553872204	4.3609895773867	4.05472899734115e-09	1.54382715212255e-08
YDR540C	0.872641051160829	4.34091861739058	2.50355701860614e-15	1.63424373462107e-14
YDR541C	-0.10824144655416	5.18008070020605	0.365558887584711	0.426414441629663
YEL001C	0.196679089530178	8.53619548994488	0.00026682070479567	0.000561865526175681
YEL002C	0.127546144876378	8.23807468145177	0.0627102091389342	0.0876164948508651
YEL003W	-0.419653135407085	6.58110282345925	0.00495998974209084	0.00857127287423113
YEL004W	0.235850697258024	4.91860777484121	0.00481830200272053	0.00833600910513838
YEL005C	0.492599089764741	4.75130810352763	2.37437173156942e-07	7.54275510678884e-07
YEL006W	-0.176846723425185	6.20737338287734	0.00320581227080697	0.00570386012787555
YEL007W	-0.410540544819816	7.82784391016261	0.000143331452911212	0.000313690824500256
YEL008W	-0.789409490608727	1.7638500956025	0.0279830479913097	0.0419013909150073
YEL009C	-0.101611582139578	10.181537349239	0.122664471833031	0.1608767025873
YEL011W	3.00592555482129	6.38576160236108	6.4837900521608e-112	3.82162213662654e-110
YEL012W	0.554848184756808	5.94287135979217	1.5889911003944e-08	5.66272347099653e-08
YEL013W	0.0409248931891035	7.32507300140484	0.512218826753883	0.571328309173348
YEL014C	-0.130223491649758	2.73416202750337	0.346939012927918	0.407621134595005
YEL015W	-0.16537703932432	7.72656891502726	0.005557002850893	0.00949808357270289
YEL016C	-0.57078776685005	5.88739577568241	4.59881105381507e-08	1.56027381803252e-07
YEL017C-A	-1.70111832563383	7.26754956302908	1.11764972172944e-49	2.53558872718393e-48
YEL017W	-0.588921318208785	6.21333051012748	0.000332477394227578	0.000690927789179467
YEL018W	-0.306822527438028	3.95075433860074	0.00255728350871006	0.00462526728470664
YEL019C	-0.130405103566095	3.67506673113926	0.195503120848986	0.245327648203737
YEL020C	0.27225372951873	5.32236571310274	0.000578352126988598	0.00115824549881927
YEL020W-A	-0.036942689753961	5.07085022596612	0.671537317340756	0.719534364204351
YEL021W	-0.0807531633236338	7.58765663951826	0.338793770365706	0.399456392908144
YEL022W	-1.04045292518345	7.24020572116871	2.27976712012014e-32	3.27893778137853e-31
YEL023C	-0.830816937732589	5.00803020470556	1.21207741798271e-15	8.0697778924829e-15
YEL024W	0.0253150218961617	8.46135234041537	0.779035503950183	0.815241331548912
YEL025C	-0.0396022650818357	6.65474059433652	0.554605104319723	0.612020170185421
YEL026W	-0.621405297476533	7.41902334595175	9.05777395725452e-05	0.000204488685809291
YEL027W	0.245339110370611	8.90377793694608	0.000700623454096219	0.0013836164520785
YEL028W	-0.0121000203715372	3.2637078350834	0.914635457744355	0.931366594166507
YEL029C	-0.18119872725442	6.29684330217972	0.00367103339203349	0.00647031742975824
YEL030W	0.598689148573011	4.56406429672248	2.11998889259152e-07	6.77224932107345e-07
YEL031W	-0.105889018282126	8.99205687195792	0.179820638090927	0.227213467045534
YEL032W	0.0124375004786226	7.16117698933966	0.930750932635759	0.945534742650589
YEL033W	-0.309579100138727	4.9420635520671	0.00117149997466964	0.00224301205341206
YEL034C-A	-0.224451190165873	8.71508466067116	0.0055347717716751	0.00946389302938301
YEL036C	0.482322104521139	8.15835020556785	1.19362697593525e-06	3.45336158773951e-06
YEL037C	-0.383906641947245	8.45334958818693	1.65668727437019e-06	4.70477274138573e-06
YEL038W	-0.0123560201998191	4.20346647629736	0.908940744508052	0.926710883136601
YEL039C	1.75834484915222	3.95647408258178	2.08103832283297e-11	9.92165138530674e-11
YEL040W	-2.26346762781781	9.91456400164845	4.5423683788868e-81	1.7966262298597e-79
YEL041W	-0.18302718685623	4.91974644563677	0.214713065060769	0.266210547978005
YEL042W	-0.334738915745317	7.84683088410181	0.0749306963301378	0.103109028687752
YEL043W	0.218286107051992	7.27863526540564	0.0301581736658218	0.0447791899429293
YEL044W	-0.572270703665523	6.74855983078515	1.8246124132411e-11	8.74766334003628e-11
YEL045C	0.0404010005932194	3.49049793144379	0.768820994615519	0.805954981626591
YEL046C	0.725607964408807	8.26361741558562	8.98801254529001e-11	4.0476353125306e-10
YEL047C	0.370356058705508	6.17083757928449	0.11720955127583	0.154463792694058
YEL048C	-0.527457675892162	3.82604757278982	0.000144039128267423	0.000315010272515004
YEL049W	-0.683437157357499	1.43066957697272	0.00175638143434207	0.00326915330751224
YEL050C	-0.483057965487235	7.16794222076584	7.26912661475638e-07	2.15812292384767e-06
YEL050W-A	-0.49108173983319	2.32583392412891	0.0121594395521556	0.0195670638617664
YEL051W	0.13476172240015	7.74067497783259	0.025306995496143	0.0382563884643731
YEL052W	0.468384469190261	6.46349750134605	1.10346823464142e-08	3.99641628112303e-08
YEL053C	-0.386953222227529	7.04774175433173	8.14753728384226e-06	2.11681046458339e-05
YEL053W-A	-0.0711883181977777	2.01870996855566	0.82304736565936	0.854162051155546
YEL054C	-0.134368065366887	8.37381059777595	0.300386834269913	0.358603186582748
YEL055C	-0.63675210827882	7.63125383917803	5.7032057839924e-12	2.84545005588069e-11
YEL056W	0.18368029231727	6.66003384847024	0.00368660398691035	0.00649585673191823
YEL057C	1.51289940073607	3.24672985430479	1.87475914094124e-45	3.83369114127167e-44
YEL058W	0.569268367506798	7.96592160128653	5.98499582076908e-10	2.47467640126986e-09
YEL059C-A	0.570551117732791	3.80062049934098	3.66141686554906e-06	9.94687672647129e-06
YEL059W	2.28938280322706	1.83409340093416	7.06253326057563e-36	1.14139650437045e-34
YEL060C	1.95089245762671	9.17549398722354	3.58622753731983e-62	1.08343718363652e-60
YEL061C	-1.02628940384608	6.00795453986648	0.00169505726447057	0.00316284428119089
YEL062W	0.0301591901837292	5.7778947835	0.695983906291603	0.741100822639943
YEL063C	-0.175594903436507	8.18038944642233	0.010724420870647	0.0174587647642377
YEL064C	-0.318407589264871	4.87833262641055	0.063914391065904	0.0890299627173807
YEL065W	-3.04735055442841	7.35957585260182	1.68825092670005e-06	4.78762479779278e-06
YEL066W	-0.164547187954711	4.77115343968539	0.178327919765765	0.225564370635763
YEL067C	-0.319267009149638	3.42059229875885	0.0263258033274132	0.0396271230857306
YEL068C	-0.320967819837681	5.02154273167102	0.00012287638989731	0.000272293717678817
YEL069C	1.11810873691322	1.34985642695183	1.94407469131504e-08	6.8509830270727e-08
YEL070W	1.57840705919034	2.37447831447208	4.2865506634621e-27	5.043198158265e-26
YEL071W	-0.228195155905592	11.3051320442939	0.230895966757538	0.283410892639101
YEL072W	0.650256019729285	5.84671235750507	1.34504239394046e-09	5.35522839229805e-09
YEL073C	1.71473978152651	3.87832748708701	4.60460598101455e-52	1.10290403019361e-50
YEL077C	-0.110737046342558	4.06538674161609	0.606996075363869	0.661164197024366
YER001W	-1.78471583931068	8.29890221517746	2.94182628239182e-05	7.16042899179743e-05
YER002W	-0.702733379840735	7.88662358761538	7.27024772573492e-10	2.97946348514781e-09
YER003C	-0.448132677687838	8.11181493105453	0.0980382979644144	0.131799250304575
YER004W	-0.721352183745107	7.72141969280557	1.26480716748753e-06	3.64351734112841e-06
YER005W	0.190688442684131	6.53722195809351	0.00189797142880462	0.003514199023706
YER006W	-0.0634527740685644	7.74685215447865	0.712330434362673	0.755829610199152
YER007C-A	-0.254354613087241	6.91313206847694	0.000390215003343509	0.000800673242355351
YER007W	0.143853044588968	4.69075193053968	0.0988738409778652	0.132685163383689
YER008C	-0.0331695253093392	7.07513936493563	0.605826920011723	0.660183332084553
YER009W	0.100511967911575	8.19314678860389	0.147883140906586	0.190665546457301
YER010C	0.0247961225806906	6.10559984568732	0.714232257099345	0.757312932924385
YER011W	-0.258628705990976	2.20124544417247	0.090314359096675	0.122345634720417
YER012W	-0.0368077675471219	8.43648678168227	0.668979100688689	0.717545617696824
YER013W	-0.0409387758113019	6.33763035296914	0.550569538351707	0.608572175872488
YER014W	-0.274684252076607	5.33849634881843	0.0322891740720691	0.0477546847689194
YER015W	1.19368050014053	5.21758885837743	3.49296560190445e-41	6.40235036544194e-40
YER016W	-0.215636611468666	6.33214214352428	0.0420070053022784	0.0607666303843353
YER017C	-0.271605606414449	7.78676073238332	7.673285657613e-06	2.00515844204807e-05
YER018C	0.356960383937872	4.88837728641888	0.0464246277863746	0.0665327442793049
YER019C-A	0.22355863577417	7.39315509942443	0.000167231004002625	0.000362957688109669
YER019W	0.804611178607484	6.49878044686218	9.43670458075026e-12	4.64647567071831e-11
YER020W	1.527807792396	7.46539806261868	4.45750101965723e-117	2.94488968463508e-115
YER021W	0.0947158428113227	9.01837232656108	0.200123724914701	0.250180536091619
YER022W	-0.0849867033915255	6.32615720206881	0.165030432450233	0.210226177777436
YER023W	-0.0221672862618722	7.77344750824497	0.697823647913375	0.742665209993842
YER024W	1.97542431531359	7.19910147480337	1.82117294147068e-32	2.6319451259908e-31
YER025W	-0.298091263776319	8.81291131988287	1.43697366729986e-06	4.11777201516053e-06
YER026C	-0.149754574599584	8.1408415617692	0.0773904381826896	0.106202080427831
YER027C	0.0669325028197118	7.05081513406208	0.269172844581487	0.324888002735174
YER028C	-0.562331108409412	4.11444553999969	1.27882384942002e-08	4.59002327326158e-08
YER029C	-0.852258756232659	5.93946093177377	4.76175364238072e-26	5.36098556142189e-25
YER030W	-0.583203081282121	7.01836446706483	3.4513127772939e-20	2.91013918893281e-19
YER031C	-0.479435676568052	7.30016348982693	4.98311378516161e-14	2.94866929885744e-13
YER032W	-0.94496890711049	6.77187969053999	7.6833176727939e-06	2.00660755207806e-05
YER033C	-0.441549764386611	5.90697251743299	1.31998192359282e-05	3.35265370707227e-05
YER034W	-0.299613873640999	5.18604300854075	0.00103082590905314	0.00198377892612916
YER035W	0.768052523169004	5.36028221306265	8.45364462158045e-14	4.89156029498957e-13
YER036C	-0.0638686733570257	8.93070325178712	0.501918707912027	0.561297483624834
YER037W	0.97483500007911	3.96100853171018	6.59146397591759e-25	7.10177086437572e-24
YER038C	-0.0385227754811336	4.55194592875207	0.63624749393454	0.68760020376316
YER039C	1.02572833518077	2.57383175658615	3.06631067487717e-18	2.36645183278069e-17
YER039C-A	0.736968823705943	2.17661728008018	1.84122260736155e-07	5.91948145211639e-07
YER040W	-0.0165553401437521	6.3688886080713	0.825059922401642	0.855807497149529
YER041W	0.16401931314972	5.43850377043301	0.015816145271234	0.02498335926712
YER042W	0.811019699960493	7.10951919457987	1.26197959081426e-07	4.11443671365256e-07
YER043C	0.286894254688267	10.3335226686324	3.25323591572803e-06	8.90639996600952e-06
YER044C	0.44296466432492	6.93157718735564	0.000139468299142663	0.000306127570078748
YER044C-A	-0.957750683757458	3.25523682230261	2.66510758454407e-10	1.1436564452733e-09
YER045C	-0.485253082060244	5.58583396736393	7.14986853681248e-07	2.12481510841901e-06
YER046W	0.932008205901307	4.28479346902717	1.09644745268311e-16	7.83809998279529e-16
YER047C	0.00264752256012382	6.50154732552265	0.961581622501355	0.971764786431022
YER048C	0.126058724851599	7.5000242801044	0.0298021450195583	0.0443504651934775
YER048W-A	-0.268079861218434	7.15792719415176	0.00352754433144204	0.00623936349533085
YER049W	-0.497779290657446	8.39367168123258	8.61522514398328e-06	2.23445787599773e-05
YER050C	-0.276840160455128	6.71219455214699	0.000271251699426028	0.000570397067838153
YER051W	-0.220437683052807	5.22621654548755	0.00313271680278154	0.0055853776448169
YER052C	0.431998950187302	10.0184395642079	6.71865270855864e-05	0.000154879371487172
YER053C	0.977367410858275	4.92125077774641	9.94626757969195e-22	9.27084661846635e-21
YER053C-A	-1.80589735775399	6.75888871088113	7.52812217843036e-12	3.72502638162332e-11
YER054C	1.0584715553945	4.77182333595908	4.66402150893922e-29	5.91563234424949e-28
YER055C	-0.412632222698047	10.0026520541797	2.7782525598986e-07	8.74953084866966e-07
YER056C	-0.732845366982909	9.42434239376436	4.96585083487956e-05	0.000116736774449
YER056C-A	-0.299387382705332	9.67455538932999	0.00120335616337491	0.00229888060190973
YER057C	0.234825101421478	7.30162217398494	0.000193024831757423	0.000415044809916176
YER058W	-0.483669551748669	5.36385017869058	2.05041491247059e-05	5.08333791908172e-05
YER059W	0.099133985569882	5.88754782751542	0.192250882348111	0.241700607418829
YER060W	-0.980439651026272	5.73676635163014	1.28893520893539e-29	1.6993593149385e-28
YER060W-A	-1.20650736842442	5.47245074272269	5.03536941380956e-22	4.76734502611387e-21
YER061C	-0.0187080589234059	6.17813085773203	0.879190778559494	0.901073126610924
YER062C	3.87818475450454	8.79849883990691	3.73057486838661e-180	4.98404802416451e-178
YER063W	0.584358748273135	7.01574851824634	1.15664495747512e-24	1.23512424233401e-23
YER064C	2.00091991275893	5.79412344817152	4.08007991315661e-77	1.50487364649678e-75
YER065C	2.69990796513968	6.51541398608079	4.50619517756761e-296	1.69320283797103e-293
YER066C-A	1.51998978314499	1.93726807672565	2.62063653807796e-21	2.36921306269544e-20
YER066W	0.828872715295838	3.79866168983911	2.47945952835619e-21	2.24834248634652e-20
YER067W	3.78457581826283	1.6465573300101	5.55748741771314e-28	6.74982108187705e-27
YER068W	0.0363118139477711	7.31005494214814	0.61310038418624	0.666779940254644
YER069W	-0.682425428775322	9.85464500729542	2.17799036692527e-14	1.34160636126585e-13
YER070W	-2.9012329288998	8.38272050305914	3.9212643912663e-07	1.21268732100273e-06
YER071C	0.153296591955614	4.68271323010447	0.125917866549513	0.164748251076316
YER072W	0.016658165814035	7.02739284885515	0.833718028602502	0.863298792276652
YER073W	0.110449675366669	9.24100229008583	0.189367740911495	0.238524797477458
YER074W	-0.00525434143566653	9.36123990389602	0.96563797179926	0.975372225547236
YER074W-A	0.255478415461552	5.91940800360235	0.000260653555674585	0.000549648957108245
YER075C	0.663534178752984	6.85049036690656	3.61702989935046e-15	2.33321714108315e-14
YER076C	-0.0102279661362896	4.83167722058403	0.913054671505898	0.930229568733004
YER076W-A	-0.120769291210917	2.19998042058231	0.480701978493685	0.542034456197514
YER077C	-1.01450684578517	6.62117683411746	2.78606677591342e-17	2.06278737152605e-16
YER078C	0.308481896960213	5.87407574876817	0.000113636303811231	0.000252936489638327
YER079W	2.4053074979655	5.64512940249709	2.98145274123188e-64	9.43394414751898e-63
YER080W	-0.0127333265761017	7.09657906270071	0.883296012722486	0.904663650508958
YER081W	0.324790653503278	8.73920383694978	0.0118037538854898	0.0190712626604582
YER082C	-0.697096057169181	7.18809441445293	2.15757532182096e-11	1.02784016123515e-10
YER083C	0.0568234011504082	6.68549871295702	0.318913227536924	0.378316164947117
YER084W	0.352404456251894	1.51342626428421	0.156755536741746	0.200855559866022
YER086W	0.0761040608531252	9.21730077647639	0.488197922381321	0.548811875347139
YER087C-A	-0.111250165693608	0.82126327923823	0.73779914897038	0.777774589445893
YER087C-B	-0.561157032627426	7.86839686481591	2.81651624949487e-09	1.08823237094879e-08
YER087W	0.0588136076516312	5.44403720069112	0.489121262231843	0.549438906677474
YER088C	0.938836755514136	6.78631277801249	1.99274046234409e-15	1.31076101308673e-14
YER088C-A	0.0514256712704241	3.2568277404999	0.684186690899267	0.731491923270571
YER089C	-0.375321554611717	7.15763304107972	1.50808874089253e-12	7.86351215112394e-12
YER090W	0.382154812548485	8.99248274280237	2.2102350975461e-09	8.6397486387823e-09
YER091C	0.348944469852383	12.2097692940558	0.00026042556660292	0.000549360879444476
YER092W	0.353308021451304	6.66546783206197	2.6082342599422e-07	8.23566406027968e-07
YER093C	0.0241659577056654	6.31000948578332	0.717990146111644	0.760165442447976
YER093C-A	-0.184972318489628	4.7993709046254	0.09785610411419	0.131583739193583
YER094C	-0.0130967404784193	8.27208345706691	0.84482201036556	0.872842400123345
YER095W	0.611176686646482	6.88493382019698	0.0125302386445942	0.0201152989936717
YER096W	0.904302742014825	3.28930166727412	5.94985271037661e-10	2.46183857500235e-09
YER097W	-0.159743304384876	0.6569314213324	0.605513793646573	0.659961734482088
YER098W	0.331911483050796	5.35143269663529	0.000283526849625218	0.000594753461251504
YER099C	-0.0237248970803666	6.29283375350784	0.807131537711713	0.840595753599679
YER100W	-0.075866678885116	7.43601610637562	0.342125197955559	0.402855226606671
YER101C	-0.284524888806084	5.07500181735664	0.028586819728913	0.0426461439727606
YER102W	-0.136804094539956	9.35753735078451	0.14048354105383	0.182023070865437
YER103W	2.85114406767765	7.0721784940269	1.49972325822691e-104	7.64096290547472e-103
YER104W	0.00992565377729081	4.66669051534635	0.939602020742663	0.954198501466353
YER105C	-0.263757532339768	7.41933377034909	2.3290623158215e-06	6.49157285244267e-06
YER107C	0.168551229063206	5.94791168580468	0.0186564155177559	0.02899751036524
YER107W-A	0.0641491780834255	3.46343828120344	0.590988706793161	0.646474546077235
YER109C	-0.980134627588526	5.82719550299413	1.76346330129912e-26	2.03102325046174e-25
YER110C	-0.316292074209654	8.60213627217787	0.0416676858089674	0.0603047970831758
YER111C	-1.29612627113939	6.74243715611453	0.000444188565219334	0.000903709527613751
YER112W	-1.01749282666673	7.48413522552618	3.70247463323509e-52	8.90371099800375e-51
YER113C	-0.369821462379901	6.47686107732947	1.85145503912399e-05	4.61865049593917e-05
YER114C	-0.272516021200104	6.77738107539043	0.0185726820262123	0.0288748291547941
YER115C	0.109401256674578	3.77832062720809	0.310997984279709	0.370168260045459
YER116C	-0.0387083138969205	4.94045939764911	0.719264095712146	0.761079423767925
YER117W	-0.0184880432239554	9.86173769885364	0.847104770064958	0.8747498931004
YER118C	-0.522830350677366	7.1079498883254	0.00501672954771167	0.00865553847799518
YER119C	0.307345315621939	5.94465351032827	0.000113352213778968	0.00025258469578916
YER120W	-0.0190704266730302	7.65060943851102	0.818300583716481	0.850410217684267
YER121W	2.16281773370694	2.62222637937204	2.20707288139844e-80	8.61618322270613e-79
YER122C	-0.411981338216666	8.85015132585825	1.79737016978332e-05	4.49118431452091e-05
YER123W	-0.270995241813979	6.68038910253302	1.15691435403214e-06	3.35845924502231e-06
YER124C	-2.73872968795828	6.27761880187644	0.000207923176981019	0.000443904169037602
YER125W	0.122480093832402	7.99816039199328	0.0582203368375548	0.0820296848060417
YER126C	-0.566896506822764	7.38260460601064	0.000173306412579877	0.000375330746552673
YER127W	-0.797549149825038	6.53361111932612	1.73009402839402e-07	5.57711812262995e-07
YER128W	-0.417300410867097	5.53646319992487	4.8366156914163e-07	1.47903019007095e-06
YER129W	-0.409471374741251	7.22987122359433	1.06558275721694e-06	3.10081487724504e-06
YER130C	0.409454561462947	6.58368675728289	2.67094719836702e-05	6.53284562920364e-05
YER131W	-0.36998738933587	10.0171624804148	0.000245483058964552	0.000519658046678446
YER132C	-0.346371450157259	5.8728251611507	4.59220328653208e-05	0.000108674255720131
YER133W	0.028862255807511	8.3387892358282	0.618856853039992	0.671582563262894
YER133W-A	0.211164771397141	2.40290865610684	0.161377510752788	0.206075105064945
YER134C	0.44426429916554	4.71563791372556	3.57304112128361e-07	1.11100778501155e-06
YER135C	1.66709334828913	0.630411805226722	2.71500842040923e-11	1.27920302692009e-10
YER136W	0.403361373577276	8.51170328518545	2.39483525971896e-12	1.22534038990897e-11
YER137C	-0.274460992557609	2.5555066632094	0.146615203640775	0.18915249019063
YER138C	0.313220002341599	0.308708154058223	0.584636543214702	0.64057497681917
YER139C	0.0371964038824437	5.74883555724738	0.731952244767137	0.772423537921718
YER140W	-0.337942902043063	5.45319625873951	2.02338469047228e-06	5.67378207048476e-06
YER141W	0.0922325499751892	7.33503725011138	0.276300301945669	0.332755892487452
YER142C	0.215851443182097	5.81911763199666	0.118678734142753	0.156160330415021
YER143W	0.317398078903067	7.33012576959449	0.000658597437918425	0.00130546910542881
YER144C	1.10169471348796	6.84804373008725	1.58325659285044e-37	2.64403851006023e-36
YER145C	-1.27012998136364	9.63449955475553	4.53254066675322e-06	1.21580118572597e-05
YER145C-A	-0.364341559925052	2.11313837727641	0.18692423247812	0.235545689720909
YER146W	-0.272804055725264	2.85952100655571	0.0372686722718099	0.0545023735582878
YER147C	0.0078899592836046	5.57723854240669	0.913634299941907	0.930662387538249
YER147C-A	-0.450896512297182	5.50083274844846	2.26334504408791e-10	9.85317190807856e-10
YER148W	-0.353010314593109	6.36558759693153	4.41116908077851e-09	1.67212790123836e-08
YER149C	0.0946336998425577	5.58366230042359	0.40661155111966	0.468124979956223
YER150W	4.94962890819826	6.52938482530876	8.7828812069911e-251	2.29576877462741e-248
YER151C	-0.384129408450157	8.12840939550837	5.31863851865178e-09	2.0034871412365e-08
YER152C	0.0575135592061799	5.74736582701353	0.717691358583707	0.760042354730535
YER153C	-0.0885018718921867	3.59781487935467	0.714112624302309	0.757312932924385
YER154W	-0.399798902399542	6.885832225004	0.00247786919873958	0.00449515679626504
YER155C	0.458902513310016	7.46501590303258	1.62848160538938e-08	5.78972880638733e-08
YER156C	-0.748929113297927	7.29191620287646	2.84573965737996e-10	1.21682694311297e-09
YER157W	-0.348966954808892	6.10438002259951	7.59472692079193e-11	3.44599986775857e-10
YER158C	0.548790459683678	5.63733831997245	0.00586534727024204	0.00996678004202802
YER158W-A	-0.227406043045853	2.46683581320715	0.193471802337214	0.243032276567349
YER159C	-0.539718175554784	7.10031522123784	1.3769560051582e-12	7.22361213177236e-12
YER160C	1.38097053057986	2.63085398189967	1.62821352074079e-05	4.08377959394811e-05
YER161C	-0.164516254862049	7.22686559268032	0.00528409173352804	0.00907655985770587
YER162C	0.491025669655497	5.36375835674819	1.98861244756451e-12	1.02534631515933e-11
YER163C	-0.0038904304083149	6.11546491925285	0.982478054552587	0.987808485480366
YER164W	-0.341552744286723	7.31413257664363	4.77925422096118e-08	1.61875359867147e-07
YER165C-A	0.00304914254484114	2.30000183865863	1	1
YER165W	0.110384085222482	9.62086014121715	0.101141338233543	0.135545363646595
YER166W	-0.253747310937046	6.80377185590243	0.00461311893414987	0.00800406090392758
YER167W	0.390556626221883	6.83451783486389	5.44065043092854e-05	0.000126927397713397
YER168C	-0.0389367297615761	6.65895171488281	0.69216648380599	0.738474693991412
YER169W	0.611355866442344	6.2903090033537	6.32409289865961e-21	5.55043014696957e-20
YER170W	-0.47863563652139	5.38725160352999	0.0026908284521046	0.00484204150076411
YER171W	-0.521702122389135	7.01173889788815	3.91577225902591e-21	3.49801230627991e-20
YER172C	-0.326020162073719	6.36093308227346	6.32730775604873e-07	1.90484598043891e-06
YER173W	-0.235242826379711	5.5291502158522	0.000241434638441648	0.000512356175895231
YER174C	-0.573091873672174	6.12159944998786	2.35744488553552e-07	7.49891992160821e-07
YER175C	0.724182518973222	7.46669561483021	0.000307685161675516	0.000642515870786106
YER175W-A	0.384702268656507	2.50917056256249	0.00342061510439037	0.00606093074199673
YER176W	-0.501989605973581	7.23703646948844	4.96266569216611e-11	2.2948472033967e-10
YER177W	-0.280292506694028	10.2616005479318	0.0200893030550438	0.0310400642423345
YER178W	0.207407062271898	8.86969092806945	0.000442691782353985	0.000900969192793553
YER179W	0.60050718698831	3.24179185068543	1.16277283761962e-06	3.37383701726309e-06
YER180C	-0.0745713352819153	5.15647115165059	0.282001603688672	0.33860468172085
YER180C-A	0.606753299726303	2.73815749958381	7.58600464790338e-08	2.52251437738911e-07
YER182W	0.374370658940378	5.94783325972536	0.00127375597802683	0.00242566390240649
YER183C	-0.103498692253554	5.07148720948826	0.245787976824269	0.299549425637038
YER184C	2.02797828595168	4.78489628610113	3.17031949204465e-140	2.80293540973124e-138
YER185W	1.97865194826999	3.30187976456302	2.92243168077132e-60	8.44695156961402e-59
YER186C	0.109246723106466	5.68803132988012	0.159200275467992	0.203467699003734
YER187W	0.427100151920657	3.16986079492621	2.9970325979088e-05	7.27712438555239e-05
YER188C-A	0.336125430819295	2.2904804617896	0.0267569413477438	0.0402156828456589
YER188W	0.911251484088006	2.87557852300064	3.66371841982878e-06	9.94863375790904e-06
YER189W	-0.405809370165207	1.43302446854919	0.18587110767386	0.234415166632106
YER190W	-0.746345374741129	1.02245737454969	0.0477053146000476	0.0682542483044946
YFL001W	-0.236199947375803	5.92194994123334	0.0140324710950469	0.0223419534489994
YFL002C	-0.31804516796865	6.8596192931366	0.000595493915389919	0.00118940512269907
YFL003C	1.12100132273385	3.16324373987931	3.23622680904965e-20	2.73645507398122e-19
YFL004W	-0.0914834913804814	7.54787169040461	0.126557473735163	0.165441081125418
YFL005W	0.242551395732321	7.82925377660872	3.11241650246145e-05	7.52688978793172e-05
YFL007W	0.0776418360925763	7.52074976853753	0.371940671277268	0.433270163867261
YFL008W	-0.69427865211998	6.53952147166579	0.0299800087750174	0.0445711771896016
YFL009W	0.199887748283428	7.08039816977592	0.00312773924002431	0.00557815731564111
YFL010C	0.0643225281301536	7.44048632386046	0.245567628905282	0.299341562242206
YFL010W-A	0.410894829156045	4.66264857006602	2.52952087270889e-06	7.02748589959603e-06
YFL011W	0.55500472358115	0.699293198145076	0.0678937301196439	0.0942454642067188
YFL013C	-0.135767406408825	6.89957996829906	0.0328165397235344	0.0484868608547281
YFL014W	3.00304224828497	7.32340181075139	1.3008239692219e-16	9.22235106481376e-16
YFL016C	-0.229381024901652	8.32873195120631	0.096699344786451	0.13023218209143
YFL017C	-0.318427668768216	5.59927561930816	0.0115198610658154	0.0186609879507382
YFL017W-A	0.135851731944574	4.34267846813566	0.121487177359551	0.159486244991571
YFL018C	0.0178713621088311	8.98269899579565	0.792766340858895	0.827743123326608
YFL019C	1.2999097447753	2.1501217253945	1.11074558448299e-16	7.93088177424196e-16
YFL020C	0.187013603344178	1.19969103360837	0.408573569503284	0.470203732743826
YFL021W	-0.764421851308376	6.62864854206965	0.0146854611953201	0.0233075482329104
YFL022C	-0.0928382524181841	8.85840196541262	0.163832330725671	0.208943566466426
YFL023W	-1.0742448270651	6.68945754927615	5.32161010418208e-26	5.96894028849676e-25
YFL024C	-0.23196785197649	6.94942094988683	0.0126902181924127	0.0203503845752961
YFL025C	-0.347710314922825	6.33650015086911	0.000597745350322377	0.0011935054952302
YFL026W	1.38484578535955	9.23335378265329	1.91683265663325e-06	5.39765711085673e-06
YFL027C	0.929591031915076	5.66208766514671	1.28170005233042e-11	6.23933661102063e-11
YFL028C	0.252456709721845	6.59739225164348	0.000909304211380147	0.00176289484644226
YFL029C	0.837800412393494	6.04618923625176	9.72325350562823e-23	9.59871922427535e-22
YFL030W	1.25752866483182	4.88193872858041	2.07374872885966e-43	4.04784979152736e-42
YFL031C-A	0.693555136612151	4.96883384238005	5.54766092130216e-15	3.54060907206673e-14
YFL031W	0.922843147315053	8.42621154728987	2.09932520952425e-30	2.85546225331669e-29
YFL033C	0.415656060205626	6.12906715129004	2.79829348089199e-08	9.70204175727951e-08
YFL034C-A	-0.709950076233995	7.2778439139144	1.26162298106259e-12	6.65340119486691e-12
YFL034C-B	0.178254346271251	6.16031174878047	0.0182978743588867	0.0284917950390124
YFL034W	-0.134742969754668	6.46188707915466	0.0127662946062256	0.0204505630622512
YFL036W	0.279488420992498	7.04000116954059	0.00196486237189038	0.00362910985554685
YFL037W	-0.285286756527195	8.87953810231745	0.0386282969962578	0.0563399615578607
YFL038C	-0.034622752716845	8.65958913632884	0.504116571998025	0.563440942712795
YFL039C	0.388197760848991	10.6594125819968	1.83873502880414e-09	7.23460405312206e-09
YFL040W	0.178029097049436	3.44390920333398	0.116169061064162	0.153379964650195
YFL041W	-0.0739784983819568	6.86096506868931	0.48970384608222	0.549887845096434
YFL041W-A	0.891274651514824	0.824668787675741	0.000190566139353013	0.000410051406510493
YFL042C	0.696861424466198	6.00728005873792	2.75351276361276e-14	1.68062119135431e-13
YFL044C	0.367217579584312	6.36594003812864	0.00854805286803485	0.0141767983014139
YFL045C	-0.660018620262544	8.87376953711392	0.00200320907246274	0.00369426163915522
YFL046W	0.0666079808636722	6.30314480114644	0.279259126985256	0.335714031480775
YFL047W	0.564834233403699	7.47192301237601	1.30384793330347e-12	6.86404008320529e-12
YFL048C	0.496909856072391	7.28082972998209	1.00566781190424e-14	6.30456192405456e-14
YFL049W	-0.141601874080379	6.43186145769254	0.0596858032570957	0.0838978370777786
YFL050C	0.453414303475193	5.2191550148718	0.000275508391780431	0.000578740898457005
YFL051C	-0.638976696576565	3.12491597099922	0.0585563713201924	0.0824644891958296
YFL052W	0.0954364011885314	3.25872344319308	0.66834172310317	0.717000435277705
YFL053W	1.25988524044529	3.43566457855325	1.3844884607306e-14	8.60759526981633e-14
YFL054C	1.62027681113311	5.48131866918354	1.30250566250979e-47	2.82695452816205e-46
YFL055W	2.36704138176605	5.00823585040026	7.08527949973493e-57	1.85203045010463e-55
YFL056C	0.681132382572179	3.99085217745923	1.0694338688165e-12	5.67470116445263e-12
YFL057C	0.434276422574128	4.05574679124888	5.13979569207479e-05	0.000120610662376088
YFL058W	0.844246642142316	2.19850499542073	0.000526360010059056	0.00105941626396888
YFL059W	0.514100578345121	3.66358564654756	2.70844344506967e-06	7.48307076827152e-06
YFL060C	0.349142608321074	2.58071887759895	0.0460605842351186	0.0660582615509382
YFL061W	-0.107268360036714	1.4700610226089	0.708100885024175	0.752271164651942
YFL062W	0.210953877430392	2.90410708639242	0.0781854846963873	0.107121953964148
YFL064C	-0.590171541681425	1.79339460063363	0.0798462658480087	0.109173470611378
YFL065C	-0.677515949568139	1.95152144920877	0.0448802954711512	0.0645503197063543
YFL066C	-0.348667205905704	3.36507379281742	0.145517952597994	0.18781750343906
YFL067W	-0.509486225018832	4.96562514520029	0.0602490064367121	0.0845906180984384
YFR001W	-0.620384278851192	6.9199440660733	1.70016341676319e-08	6.03031413662556e-08
YFR002W	-0.112668506987417	7.3751139391141	0.0853752025285557	0.116204599864541
YFR003C	0.467910092716815	6.5996643335528	3.34763500518991e-10	1.4183214694293e-09
YFR004W	0.172205451985031	8.12637190331661	0.0446270607554723	0.0642475788462403
YFR005C	-0.245093980393787	5.4414130089644	0.00163022265304321	0.0030522885674543
YFR006W	-0.296085026488626	7.50511370879279	9.98163175082505e-06	2.57662387659769e-05
YFR007W	-0.00526134638528704	5.43884450716999	0.970218695379684	0.978027296549742
YFR008W	0.587927313703915	4.23274126452906	1.98408721544711e-12	1.02389118792e-11
YFR009W	0.293852717617088	7.66558923328505	3.64078762803525e-08	1.24933876825045e-07
YFR010W	0.234601549297391	8.31134479581774	0.00212559155622702	0.00389843088347677
YFR011C	-0.0748330734105946	5.74635220971879	0.457244481961768	0.519749257998515
YFR012W	0.66180628713933	2.2360252306391	2.16059437435867e-05	5.34107458003468e-05
YFR012W-A	0.217187082391528	0.920953842903588	0.33998989830393	0.400709521388596
YFR013W	-0.3119035352449	7.05003087678957	3.86171566299331e-06	1.04532348338207e-05
YFR014C	1.07482254170957	6.90420656674085	1.00283722762876e-14	6.29337934499386e-14
YFR015C	2.6057763039939	6.09922984121949	5.00206984424382e-50	1.15220091584651e-48
YFR016C	-0.433284383426529	7.45565258704202	0.00299301222090118	0.00535535400954103
YFR017C	2.80823194835895	4.71331892873568	1.10862487526706e-44	2.20697110930648e-43
YFR018C	0.0493524313353587	6.66807784736937	0.509771806734692	0.569126852755611
YFR019W	-0.339255592402784	6.66315804693516	2.52158925227626e-05	6.18010378503255e-05
YFR020W	0.491258834894244	7.40919712315326	1.02099054888698e-19	8.37407255103484e-19
YFR021W	0.585483341427063	6.22246829060159	2.56110502309405e-19	2.07232347225322e-18
YFR022W	1.93780099917108	5.74737106817879	1.17701734231224e-179	1.53831049173504e-177
YFR023W	0.198431226356801	1.91301727476509	0.303456198499756	0.361836308088166
YFR024C-A	-0.069013469367573	7.91067406722154	0.546679016761691	0.604605270193394
YFR025C	0.0287067099629235	6.82262753146681	0.715857041077652	0.758500622305048
YFR026C	-0.19961358832868	3.28546336228627	0.305253147582722	0.363762521955862
YFR027W	-0.140509965400774	4.96431311858159	0.523009182284317	0.581852554384403
YFR028C	-0.400884987808381	7.31851962084653	0.000235315682792144	0.000500077018362095
YFR029W	-0.0517979700271211	6.2640380141205	0.487214679940546	0.547944891711122
YFR030W	0.841233088186485	10.503064407394	3.15757693194752e-10	1.34347859270124e-09
YFR031C	-0.536178481279248	6.6351153914812	1.2553390450453e-09	5.03139889254158e-09
YFR031C-A	-0.0995980425474499	10.1601332082805	0.241882528678004	0.295448549860252
YFR032C	0.00150409749140735	0.721342768482029	0.968478824364167	0.976979339960763
YFR032C-A	0.0379275250556812	8.7377851286993	0.667251891467293	0.715959016866208
YFR032C-B	-0.103883811976897	3.26012907306104	0.498047942499735	0.557775434585326
YFR033C	-0.353490010999901	9.3355172632676	5.5674094088222e-05	0.00012963309591727
YFR034C	-0.976783112140381	6.33509072396789	2.20971078859562e-37	3.67999480915149e-36
YFR035C	-0.281025883125753	4.24206129536008	0.0795758808234923	0.108853286805651
YFR036W	-0.686540925647078	4.73143696632613	5.77758817975614e-16	3.94266289860317e-15
YFR036W-A	0.0526663246754813	1.10992746728363	0.848817181632567	0.875634696624167
YFR037C	-0.396630588764902	7.22324926733105	6.61675321806734e-11	3.01134900431649e-10
YFR038W	-0.461994755774695	6.68171232232495	9.17989363794809e-06	2.37578650673026e-05
YFR039C	0.975148335481829	6.74740999414951	8.48761295280768e-45	1.71233319034496e-43
YFR040W	-0.350001375097302	7.09181287897241	0.000288131967369932	0.000603992115700149
YFR041C	-0.260566908570802	6.0157933900277	0.0234146861789381	0.0357100693322618
YFR042W	0.21909516833224	5.75259361266171	0.000856067538826072	0.00166883205039635
YFR043C	0.274850698879324	5.25650718630565	0.000105833072669035	0.000236378872624447
YFR044C	0.42428204932955	7.35654628590801	4.94427450024959e-13	2.6924799180707e-12
YFR045W	0.261986887514826	5.21425005794447	0.0312966499574385	0.0463779786897018
YFR046C	-0.292935777436117	4.89739098976311	0.0146617724003048	0.0232760960313263
YFR047C	0.342406944115895	7.05794829752775	9.38394070692526e-05	0.000211138665905818
YFR048W	0.139009345002941	6.23075678673934	0.0144897271163057	0.0230090436934046
YFR049W	0.722090573163539	5.48995549023545	1.40355786243344e-12	7.3439424446909e-12
YFR050C	-0.0291424742043371	8.68670682166897	0.741843781308555	0.781353330978808
YFR051C	-0.179450196882432	8.18467152563383	0.000962675222471261	0.00186156430926253
YFR052C-A	2.49532179895031	3.11973606327344	1.54761220890844e-47	3.3468505755243e-46
YFR052W	-0.0836402033866599	7.61893455065246	0.337354727043173	0.397996392311007
YFR053C	3.96421343566038	8.002543165237	2.64825562497548e-20	2.26155011610122e-19
YFR054C	-0.286552155364526	1.64736702121929	0.167593415466671	0.213107363321833
YFR055W	1.17581770179875	4.69329330668439	4.32751705652305e-36	7.01267723553008e-35
YFR056C	0.158303611643328	2.53997961116456	0.237564813546281	0.290765402899072
YGL001C	0.457410543413523	7.74362630216233	2.37166650105501e-06	6.60419592605036e-06
YGL002W	0.677375452767157	5.81003560873751	1.43571373425472e-19	1.17116838132149e-18
YGL003C	0.814033912891712	6.01127831609743	1.90908109911707e-14	1.17716877619403e-13
YGL004C	0.741942539202218	6.06352702106277	4.3901524384235e-26	4.96120234206806e-25
YGL005C	0.2314763438509	6.25445790984756	0.000769595823278628	0.00151005551225558
YGL006W	1.27832628986018	7.59539680839901	1.01033256866326e-60	2.99217704571601e-59
YGL006W-A	-0.362291566549941	1.62103727430125	0.0673104924175339	0.0935006193193655
YGL007W	-0.599192320577668	1.23842242066156	0.0213745173341806	0.0328410682744014
YGL008C	-0.93628381913516	12.1100643238576	1.09570982278344e-10	4.88680078232496e-10
YGL009C	-0.634488104140098	10.8691979040053	3.40413722462203e-09	1.30354605060049e-08
YGL010W	0.76842821845454	5.35629538982876	1.59925239768832e-13	9.02789240835885e-13
YGL011C	-0.0663043210161125	8.6352901185503	0.377989428649696	0.439464793084891
YGL012W	-0.948617387541165	8.72685482759601	7.15501704096566e-27	8.35261406801661e-26
YGL013C	-0.129551062539786	7.72884367987439	0.169995060332963	0.215978508605616
YGL014W	0.0312113997177531	7.62492485793232	0.697660855930255	0.742635424918941
YGL015C	1.01852703545987	0.855871526928344	0.000167804178696576	0.00036407027149903
YGL016W	-0.538065313431976	6.65266971663488	1.22853143308654e-10	5.45087156879428e-10
YGL017W	0.757636272621218	5.23956555343101	4.47899639216213e-29	5.69296539316675e-28
YGL018C	0.397795839951409	4.97780064594189	1.07477592821304e-06	3.12605364316246e-06
YGL019W	0.0227168180223438	7.13318688004787	0.659154693697709	0.708915566817643
YGL020C	-0.184576919855934	6.30075846682073	0.0404783709510545	0.0588120028639025
YGL021W	-1.51509095842831	7.49396083143146	1.08740180428337e-10	4.85334791934048e-10
YGL022W	-0.0850238383995834	8.63597416517104	0.372954560071084	0.434282939211186
YGL023C	-0.415110140561549	7.38597129421613	4.17366324465274e-14	2.49176399472217e-13
YGL025C	-0.155264272332071	5.80146093145216	0.0554582048400263	0.0784505241172325
YGL026C	0.528637901017885	9.20287718679276	2.56350879306763e-16	1.796248818639e-15
YGL027C	-0.0364286603722313	7.42606975715629	0.831713883559516	0.861371898012026
YGL028C	-2.63565888790354	7.23310156732694	0.000103232236336415	0.000230975885692046
YGL029W	-0.806334026581976	6.10617422420218	7.11839012316144e-08	2.37358632392937e-07
YGL030W	0.339201892358009	9.54240390054375	2.52759935367383e-05	6.18978709339595e-05
YGL031C	-0.102271228137034	9.92031874819276	0.229040073334965	0.281247737109847
YGL032C	3.75723278814843	7.86438113021379	5.58296011418776e-29	7.05141937111278e-28
YGL033W	1.36181939645557	1.89201947203647	2.80259711946379e-11	1.31943726563949e-10
YGL034C	-0.303090856006031	1.10011333550525	0.252104247371369	0.306439695753471
YGL035C	0.534077985297157	7.3757461102624	1.69173050523667e-07	5.45637542783415e-07
YGL036W	0.702290579830942	7.36049978439052	7.98634128971355e-16	5.37068051831744e-15
YGL037C	2.22032531112784	8.15572851241101	1.08885097348796e-16	7.79306196739238e-16
YGL038C	-0.331900981013808	6.58168757460852	0.101415710000636	0.135823401319632
YGL039W	-0.166038959682312	5.908532675096	0.196967748286091	0.246814824598144
YGL040C	-0.136973868905363	7.65749661941135	0.117708384697421	0.154951348544098
YGL041W-A	-0.0614068468688974	4.76392159220429	0.571189849428837	0.627901513030933
YGL042C	-0.353917217940359	4.54591756915213	6.98255339363937e-05	0.000160470607807951
YGL043W	-0.391605572113329	6.65847108454028	3.03174371383266e-09	1.16838738510012e-08
YGL044C	-0.199164986125728	6.6840349502698	0.00804067374189138	0.0134093011196258
YGL045W	0.903976124688014	5.40260298256187	3.5384623590374e-09	1.35412066852532e-08
YGL047W	0.407256036199137	5.09757590144821	0.00350376031328392	0.00619911918877662
YGL048C	0.0570244972428676	8.81191188838738	0.464569553489395	0.527062088474603
YGL049C	-0.140338926403543	7.46516014634571	0.0229680807358533	0.0350734318983872
YGL050W	-0.360576153764509	6.32357576414672	7.33448134800461e-05	0.000167852690765907
YGL051W	0.60447938337705	3.13084303691967	1.45438893701672e-07	4.72126689489444e-07
YGL052W	0.625924055029435	3.11009731660795	3.49301175807035e-07	1.08751873068456e-06
YGL053W	2.85063596778696	6.48356322129726	5.98035212954533e-95	2.76568284637127e-93
YGL054C	0.188623965423195	7.20766629486445	0.025838873228444	0.038962454439279
YGL055W	0.312733821131302	9.85496952608529	0.193915052564878	0.243487321641614
YGL056C	0.16424032375598	7.6614262925171	0.0444995304276974	0.0640946758340481
YGL057C	-0.0748388672936506	4.62635070903665	0.511369895055436	0.570684970657316
YGL058W	0.268205406254152	6.64123493377255	2.12080088168803e-06	5.93035111660857e-06
YGL059W	0.9329180533392	6.31645588181102	1.14307455288537e-57	3.06793045176198e-56
YGL060W	0.568547927304035	6.02309497094523	1.08974856331314e-08	3.94923433843059e-08
YGL061C	-0.744554844980697	5.73001687938754	5.71292192266038e-05	0.00013276415384242
YGL062W	1.27892471597585	10.0483612651596	4.70778416711504e-08	1.5963450881385e-07
YGL063W	-0.302023699021982	4.46367427868522	0.000563207188844687	0.00113017410525176
YGL064C	-0.597816196737115	5.72160919305472	2.91692233274603e-14	1.77136738024941e-13
YGL065C	-0.178532629403916	6.34630713508798	0.0604503890859617	0.0848220649942172
YGL066W	-0.16389843794678	6.64247770783153	0.027396467994212	0.0410639654902026
YGL067W	0.189254806544446	6.08522139714505	0.00580709343501615	0.00988175650476
YGL068W	-0.265342041068998	4.92353266811179	0.00187865201596132	0.00348057193219089
YGL070C	-0.428300471396677	6.28181404301849	4.4341320812997e-06	1.1916853854615e-05
YGL071W	-0.56559593052091	7.38827290966342	0.000134120994600832	0.000295252808326693
YGL073W	-0.35733161815257	7.26994922693428	3.3489317345056e-09	1.28486136489136e-08
YGL074C	-0.35509988357977	1.63211561579063	0.101163015083544	0.135545363646595
YGL075C	-0.8270580559209	4.16946679861043	6.27124527942747e-05	0.000144954735178462
YGL076C	-0.145841563079363	10.0799838334708	0.0786222583827306	0.107695834449072
YGL077C	-0.689737111616447	8.56957802704319	8.13050780933033e-15	5.13451816698466e-14
YGL078C	-0.623678272786214	8.02629969281197	0.000222092822378626	0.000473482995794432
YGL079W	-0.114435866935274	5.22909473194847	0.114432971169825	0.151433648227093
YGL080W	0.884911207732197	6.69362290591929	1.19543705582962e-35	1.91142754777864e-34
YGL081W	-0.205392392777035	2.62946931812839	0.207496870711579	0.258115287961517
YGL082W	0.300855215360353	6.95647150052416	7.88367551841448e-07	2.32678729586195e-06
YGL083W	-0.726781128481446	6.1941746809021	1.79437289750347e-11	8.62331723404545e-11
YGL084C	0.0882199836230516	6.95530904964317	0.178633008546679	0.225902744506233
YGL085W	0.193773026946453	5.51017327366252	0.0107177382395485	0.0174526116728509
YGL086W	-0.689047483932203	6.44657554308653	1.70296042224806e-21	1.56070092356026e-20
YGL087C	0.152857294855298	6.39947139021609	0.049380726405998	0.0704167284518168
YGL089C	-0.125531491160786	2.49613843035598	0.379164548616598	0.440405190549263
YGL090W	0.162352327244815	5.24477558369052	0.0127812113658949	0.0204690044570485
YGL091C	0.321806463268042	6.53167624616521	6.9905717506424e-05	0.00016059349394292
YGL092W	-0.10259263975419	7.43924286268103	0.120020903582233	0.157684806017567
YGL093W	-0.20048987707045	6.37262999572843	0.235751869521988	0.288663999911649
YGL094C	-0.525226685387139	6.87981894988444	0.000175479312801347	0.000379489794446653
YGL095C	-0.157015619355071	6.94033648689504	0.123046224297401	0.161342181128893
YGL096W	0.0849336621208478	4.38923121203847	0.662828559736741	0.712102448380502
YGL097W	-0.595568225195347	7.45912138662172	3.52640702212819e-11	1.64730062292422e-10
YGL098W	0.601063760288041	5.92589742045677	1.01929811080991e-12	5.41344544363e-12
YGL099W	-0.799407566629761	6.96848688256615	6.2909493659506e-16	4.28326020250226e-15
YGL100W	-0.336095837042917	7.27505391425332	5.02365080010692e-07	1.53310602082451e-06
YGL101W	-0.654691727516672	6.00840601957788	9.67899090012944e-06	2.50064861588217e-05
YGL102C	-0.673045907604846	3.76565006173215	7.13067254068383e-06	1.87040154077623e-05
YGL103W	-0.417135679856221	5.07455788038656	2.27521705589832e-05	5.60828410826597e-05
YGL104C	0.274804511656845	4.48403010941255	0.00668094644896461	0.0112698793634049
YGL105W	0.0431030226964832	9.23669996114075	0.489526319845144	0.549791189035868
YGL106W	0.450384179771371	7.59896636744428	3.43464919007362e-19	2.76427187827612e-18
YGL107C	-0.231719277023898	6.9791477739	0.0058170279108081	0.00989586072432888
YGL108C	-0.432051813425846	5.02315412105111	8.15631093055275e-07	2.40135853645853e-06
YGL109W	-0.333828593935037	1.9743640877547	0.0448617444609983	0.0645390781764828
YGL110C	0.192665688982995	6.62795643070714	0.00214068689786296	0.00392133139242904
YGL111W	-0.45313119299473	7.20738578954272	0.000564454120039303	0.00113229835491368
YGL112C	-0.163576990186135	7.26090755987547	0.0187160917011045	0.0290602126309505
YGL113W	-0.502818985295917	6.01226050965137	3.87589221947071e-15	2.48951538712157e-14
YGL114W	0.360829822857236	6.86304064051651	1.06418645484843e-08	3.8681311768735e-08
YGL115W	-0.318896668307156	7.01475146123271	6.75036357257737e-08	2.25462143324084e-07
YGL116W	-0.464431891403468	6.12924439049967	0.119767278798381	0.157454817436227
YGL117W	1.50999818328423	6.78466968828647	2.30152459668383e-77	8.54121350324888e-76
YGL119W	-0.32082487695295	6.41112263221538	0.00026784295457192	0.000563820673279545
YGL120C	-0.378741210485325	7.89101160496802	0.0206728769266267	0.0318680348930462
YGL121C	1.26790577030259	3.30170491590495	6.34558830635525e-22	5.96088701528246e-21
YGL122C	0.532056014562278	7.84040687309482	1.55959253711406e-08	5.56785649235731e-08
YGL123W	-0.0430822279464561	10.6495200734274	0.600863010124205	0.655753816919938
YGL124C	0.0359907900506868	5.89560104626216	0.625522475953534	0.67759299557345
YGL125W	0.392561553047145	8.93046376757927	0.000455605570371402	0.000925997528422201
YGL126W	0.845019135715949	6.36555745701297	2.55337033299601e-22	2.46007410929038e-21
YGL127C	1.21605455774592	5.88466589037215	1.88464489986995e-47	4.04660183500648e-46
YGL128C	0.641253353984202	4.98847259375133	3.88584260018857e-16	2.68525123130272e-15
YGL129C	-0.178831058916149	6.74915011008469	0.0271372176962623	0.040736317800232
YGL130W	-0.047617324580117	6.92547467451899	0.508368237472018	0.567770730760128
YGL131C	-0.344077511371778	5.72851885929589	8.26216720789894e-05	0.00018730071362703
YGL133W	-0.460725512327636	6.90665156346811	9.81850390918846e-09	3.58402219198792e-08
YGL134W	0.0589748412172718	5.21772885341551	0.578943281849126	0.635379154888088
YGL135W	-0.0833716777102361	10.0841778194546	0.349618521928798	0.410448458081611
YGL136C	0.551570212288472	5.54632694957152	8.86969284375911e-22	8.28021636283848e-21
YGL137W	-0.111038483010835	8.36523706713445	0.0469317745594995	0.0671954819365828
YGL139W	-0.51306787331132	6.96648081307152	0.000132697298048874	0.000292332779725112
YGL140C	0.272582950980119	6.80484176608175	1.64630805486387e-05	4.124001677434e-05
YGL141W	0.3045263611265	6.91268856195586	0.00213258827717937	0.00391007036364818
YGL142C	-0.0216622490837479	6.31157479161681	0.795825889827683	0.830210871012325
YGL143C	-0.434946369888989	5.61680894682779	4.63427213556011e-05	0.000109603635243853
YGL144C	0.409282329767211	4.67855581126943	8.27745876990716e-07	2.43464198261653e-06
YGL145W	-0.347449523484511	6.8337729777003	0.00013210072233941	0.000291125198938611
YGL146C	0.486315902896362	3.48464288933275	6.26609497561926e-06	1.65082221706499e-05
YGL147C	0.0605071384667618	9.38777994004758	0.608708486334748	0.662362971917558
YGL148W	0.204932665057428	9.16244538792461	0.0194075304004707	0.0300871770932516
YGL149W	-0.162073561422065	2.6278824187659	0.211154608439153	0.262177097467201
YGL150C	0.384137811623722	7.56955775995007	2.08175671758045e-06	5.82930665397935e-06
YGL151W	-0.109986122387869	7.14738625652427	0.1260898729222	0.164937405571859
YGL153W	0.288733120910171	4.8011136156449	1.35080375520419e-05	3.4280422863181e-05
YGL154C	0.208949588025635	5.17463631170563	0.000321729071741026	0.000670677940120335
YGL155W	-0.102637835630713	6.47548393092446	0.171793313926339	0.217986788375929
YGL156W	1.87267353742242	5.80290844325915	4.8923910444583e-32	7.00310832363888e-31
YGL157W	0.641225071167359	7.23037357515779	1.868855572934e-07	6.00510940912838e-07
YGL158W	1.89791115398371	2.60255497854558	7.92669224438196e-47	1.67800259764875e-45
YGL159W	-0.0383841511594696	5.7375364977555	0.583249573801402	0.639638168130979
YGL160W	-0.0397057406911396	7.27871041834402	0.513281501423243	0.572301258634373
YGL161C	0.333232535864624	7.27175768907763	6.03071417754377e-10	2.49186622923664e-09
YGL162W	2.82006260007305	5.53008635375108	1.43420996300934e-107	7.76799125911002e-106
YGL163C	0.349164253609378	6.40752807791968	0.0440994405023504	0.0635514183248649
YGL164C	0.165296086919626	5.90828840290074	0.0555921142131871	0.0786029611123426
YGL165C	1.66776697430069	0.714149676481727	5.90800078263513e-12	2.94518247970169e-11
YGL166W	1.07239828121144	4.35580588095855	1.91136898386784e-22	1.85640554620573e-21
YGL167C	0.608929578802212	7.69871800882403	3.51141748468329e-15	2.2699614965501e-14
YGL168W	0.696956978174022	2.88607431990805	5.63377614291573e-09	2.11556915497873e-08
YGL169W	-0.344242668055162	6.36224927218189	0.000825905740972098	0.00161369688486326
YGL170C	-1.02569995955509	1.1434566797217	0.000611225028559757	0.0012188009524714
YGL171W	-0.695483918966721	6.44573598025025	3.85549893795401e-06	1.04411079346754e-05
YGL172W	-0.13552236041875	7.14153234327106	0.036834996287908	0.0539337549154658
YGL173C	-0.390360654849464	8.58317746717402	1.09962272487217e-11	5.3878824954617e-11
YGL174W	-0.568227982477522	5.04024115707615	2.94101124685655e-10	1.25399713589373e-09
YGL175C	-0.469200008208844	3.99145852182448	0.00468750417108198	0.00811906513297173
YGL176C	0.06079777336303	5.42657700314799	0.499945629971045	0.559611455480529
YGL177W	0.968122681130973	1.82757465741177	3.65683818646304e-09	1.39675420438474e-08
YGL178W	0.978178236574197	7.2144016204391	6.61161981592985e-49	1.47766016109183e-47
YGL179C	0.803183732277477	5.51040962045451	8.57428339713942e-17	6.18088630498828e-16
YGL180W	0.399134279723387	6.0009591164634	4.59316839296164e-05	0.000108674255720131
YGL181W	-0.319289533001302	7.27873310327794	0.00286896350733658	0.00514718251450537
YGL183C	1.88708995780122	2.38460230141642	6.7102180477865e-29	8.45740689796487e-28
YGL184C	1.90036629974783	7.44030345557248	2.28907697246144e-11	1.08704034426842e-10
YGL185C	0.158411364159007	5.84319305757384	0.0854000609526435	0.116212124591963
YGL186C	0.00831186633295462	7.10806779534365	0.906201075696121	0.924343547181045
YGL187C	-0.308210600646338	8.23187849391729	0.000264766935707833	0.000558127215103609
YGL188C	-0.0197452892412691	4.21286442959702	0.878518589904803	0.900537725917762
YGL188C-A	-0.100115691808542	3.26022876729984	0.564465569490823	0.621304834086201
YGL189C	-0.0161616664804352	10.4945532288847	0.845854194307191	0.873758662572995
YGL190C	0.565873299171429	7.10057091616505	3.22300282434164e-23	3.22944882999032e-22
YGL191W	0.245499810404287	7.85101481518519	7.18478720264749e-05	0.00016467762356964
YGL192W	0.286028479039069	6.14202638620422	0.000123314652582668	0.000273063606381951
YGL193C	0.231876211981184	3.86765474544958	0.0226721242327625	0.0346743350006024
YGL194C	0.392950184964108	4.00540387236491	4.79785662102597e-05	0.000112895162448564
YGL194C-A	1.61859538895345	4.50619431219668	3.7725654959586e-50	8.75701303540661e-49
YGL195W	0.0189687144304033	7.39338570950781	0.824548883894214	0.85546620094626
YGL196W	0.511582049015905	6.15353466871659	6.45417811223043e-11	2.94181340490746e-10
YGL197W	0.832850796280374	7.29207670182596	4.09304727499379e-12	2.06437921285761e-11
YGL198W	0.431771387370482	3.33110227195446	1.51613299989538e-05	3.81859723308378e-05
YGL200C	-0.0535882680523973	8.31033918274155	0.753789281870071	0.792407966882824
YGL201C	-1.11437934994476	7.02539967694005	7.72141853817566e-11	3.49820408828275e-10
YGL202W	0.3276595926631	10.0594396015398	4.51709828263492e-07	1.38696603039843e-06
YGL203C	-0.586495497288671	7.29054059592732	5.14157247538839e-13	2.79485838354747e-12
YGL204C	-0.167758359879438	4.68189069755655	0.0618745233256095	0.0866216062962539
YGL205W	0.309694911521504	3.61606298027246	0.000762341677690876	0.00149875675810253
YGL206C	0.44926380279271	7.5774890184713	1.54665427006232e-11	7.48068018633521e-11
YGL207W	-0.204831587718444	8.83883250947662	0.0788686639907626	0.107959564643093
YGL208W	0.337625638602096	4.61532344639054	0.00106144916762209	0.00204075228517557
YGL209W	1.48189771371095	6.61318914068009	5.5683161479125e-30	7.47248140206472e-29
YGL210W	-0.685103496604714	6.27239743207454	9.76754782799077e-19	7.69626442226481e-18
YGL211W	-0.159471255656153	6.04755489658052	0.0180528306927917	0.0281612916774945
YGL212W	-0.0602568753483275	4.68047588630903	0.503607333271245	0.563069513486856
YGL213C	-0.39506148883055	6.23343656711258	6.96895990180569e-09	2.58785589435799e-08
YGL215W	-0.15174517696828	8.41631795462154	0.00837933257838568	0.0139354211511078
YGL216W	-0.111378554911759	5.4553870125229	0.421707307700104	0.483652104901378
YGL219C	0.235013630106006	6.79559210827405	0.00111919918995076	0.00214629203508261
YGL220W	-0.152304536643456	6.53955702376501	0.0182235566694185	0.0283907806935849
YGL221C	-0.000124388431613261	7.5088776836118	0.997484535205189	1
YGL222C	0.125283180133619	3.98772203209478	0.31155032111159	0.370752282367949
YGL223C	0.69051829983759	6.5373208072969	2.07496483073459e-29	2.68851046602939e-28
YGL224C	0.18793561518203	7.14609484518176	0.0389030266769306	0.0567268970122985
YGL225W	-0.981090223201183	8.0599080869436	7.30229005527117e-05	0.000167179618477876
YGL226C-A	-0.0763058682370131	6.10167918261983	0.39527747971644	0.456474876691364
YGL226W	0.184707713187038	4.36785685308168	0.0659025191350075	0.0916718984358318
YGL227W	1.02860989286524	5.99986425773119	4.86820156371437e-18	3.73788349949563e-17
YGL228W	0.153048330202221	7.92518728873269	0.0119976664842983	0.0193309393261456
YGL229C	-0.566295701034528	4.54638117474395	0.00209115687133806	0.00383996185414918
YGL230C	1.01682497537691	1.00622022975352	2.63814514748957e-06	7.30563271612497e-06
YGL231C	-0.0584856336314493	6.74960151246808	0.382223617721153	0.443273223329393
YGL232W	-0.467625419554866	6.48065066269515	8.87260013902463e-11	3.99865607464888e-10
YGL233W	0.128828714802392	6.35731863063961	0.0283311967196167	0.0423383431962058
YGL234W	-0.367194674686702	10.7575140739679	0.000619047918400708	0.00123317299053183
YGL236C	-0.565887508218724	6.35914525662193	8.97967657235761e-08	2.97115110363313e-07
YGL237C	-0.0210770263588496	5.52934722946088	0.84774098980608	0.875106255273722
YGL238W	-0.213001108418101	7.90198637605361	0.0041996719761601	0.00732687983768849
YGL240W	0.718072235829488	3.42601894101038	1.51468298488095e-08	5.41073921871913e-08
YGL241W	-0.501854473126796	6.51831572437167	3.45938144592896e-06	9.42783375019263e-06
YGL242C	-0.196414451552888	6.84248262027306	0.0214278154672183	0.0329136501249147
YGL243W	-0.205728886456974	5.41657985541659	0.0014084701709251	0.00266208905052501
YGL244W	-0.591772250156944	8.09244122478299	5.90500429330156e-15	3.76467505952588e-14
YGL245W	0.188088622904923	8.99033296110246	0.00102335511091241	0.00197066333337778
YGL246C	-0.102322228213576	6.31786986608727	0.226446020730112	0.278631493374833
YGL247W	0.124465505919733	5.06118117752085	0.109803630587128	0.146080864591683
YGL248W	1.01400191878105	6.54969248152314	2.962896765694e-38	5.04615732446242e-37
YGL249W	0.424170736727831	4.73667230539921	1.94694106533807e-06	5.46707598543319e-06
YGL250W	0.683432055235875	4.70647202118962	9.87115312049235e-11	4.42545656677107e-10
YGL251C	0.063085931098527	5.41663838667706	0.420659275418758	0.482634267904117
YGL252C	0.0865402137945671	7.54195784385255	0.232066458098038	0.284586657191401
YGL253W	0.635524895091066	10.3487976894468	8.52636343678162e-11	3.85127700840955e-10
YGL254W	-0.478292983891985	4.87969351607993	0.000113619566403786	0.000252936489638327
YGL255W	-0.73476163249454	11.2798865865897	0.0021714550589417	0.00397406021746042
YGL256W	1.34775967111367	7.17171059636499	2.14731068751881e-21	1.95600482626714e-20
YGL257C	0.0948584077151694	6.55014221730987	0.238808636657167	0.291990547810227
YGL258W	-0.343887512246378	2.38965323639972	0.0331918442937994	0.0489691700354164
YGL258W-A	1.31383576451044	1.61152458299888	2.51670239224605e-11	1.19043389316941e-10
YGL259W	1.44644152768842	2.55322960998264	6.28172302172132e-15	3.99214786538991e-14
YGL262W	-0.0965720741406179	3.81577179312329	0.647863338929461	0.698646528007878
YGL263W	-0.182565760370026	4.60606165762127	0.148918045930547	0.191794192830858
YGR001C	0.238023626901838	6.58610977111667	0.000338395503060572	0.000702013031193982
YGR002C	0.0994013628874672	6.25627466217534	0.122610920188924	0.160841556224266
YGR003W	0.0514915604787738	6.279072462997	0.471871614121081	0.533737042832486
YGR004W	-0.329274469994971	5.16237535203962	3.48213005320491e-05	8.36044963253511e-05
YGR005C	-0.214976603461731	7.25180974768854	0.000622815220219923	0.00123985599468946
YGR006W	0.0124761153311732	4.44560485220496	0.872780169381839	0.895418239429763
YGR007W	0.0386737876524871	6.77244810908901	0.622690217042971	0.67525497562452
YGR008C	3.24422514766448	6.10983192306238	1.47504407483593e-84	6.28933686376851e-83
YGR009C	-0.117957937136537	7.13618861745925	0.0495561319163737	0.0706500984304573
YGR010W	-0.0639259195525817	6.00201682046881	0.518961759008961	0.577777425029976
YGR011W	-0.0570221063542178	3.29612026275639	0.685463418872306	0.732493081098526
YGR012W	-0.347352838490591	6.44366556696536	8.28437777050851e-07	2.43548553331527e-06
YGR013W	0.193894148716879	6.70105025885081	0.0136550229210493	0.0217813737865079
YGR014W	-0.719260710545025	8.1654441986007	0.00528906158953135	0.00908250164988932
YGR015C	0.111316822102326	4.99232052175357	0.268019658164001	0.323688933960812
YGR016W	0.294079500012033	3.2152023006633	0.00575622445767648	0.00980074240712292
YGR017W	-0.26580623235489	6.61843615109817	0.00140963862168467	0.00266333984713018
YGR018C	0.179159932217946	0.683107140387963	0.48072650040671	0.542034456197514
YGR019W	1.34086478163355	6.40919641338091	5.41766299527757e-67	1.77983551516988e-65
YGR020C	0.164624279558335	7.75005136033077	0.00836382537407365	0.0139134803953876
YGR021W	-0.410061669177066	5.56092937780564	0.00502584494041775	0.00866515049664225
YGR023W	1.725843140774	6.36444576001406	3.31289140141058e-35	5.25517232329298e-34
YGR024C	0.3007925502126	5.72498428158059	1.68187906713155e-07	5.42751312484963e-07
YGR025W	-0.226267537301362	3.8394833623169	0.0553666330749808	0.078357862063744
YGR026W	-0.0993840322113963	7.46988560921655	0.341460277275994	0.402205953562554
YGR027C	-0.169928152814566	10.0212532747777	0.00712180481436356	0.0119698883265177
YGR027W-B	0.489915956271213	2.82237500074679	0.000597958552755386	0.00119353480051971
YGR028W	0.62688022618645	6.02793720170652	5.06178814387573e-16	3.4699510058131e-15
YGR029W	0.154165260472956	6.56829252741386	0.0299810114029855	0.0445711771896016
YGR030C	0.64177255538076	4.9265201604169	2.08978561198158e-09	8.19021584043889e-09
YGR031W	0.711403186555135	5.68748608127532	1.33514665812981e-20	1.1599568943174e-19
YGR032W	3.5547843612184	7.65955757167622	1.71458173134512e-174	2.14751361850976e-172
YGR033C	-0.177823319101116	6.63389003111485	0.00931095586113027	0.0153404951047178
YGR034W	-0.132401742690039	9.59607065091436	0.114034655854883	0.151008006828096
YGR035C	-1.14492718534956	4.22811444081732	1.21548584293113e-10	5.40495627788607e-10
YGR035W-A	-0.398528423898036	4.0224439567355	0.000374143214477447	0.000770588902171432
YGR036C	-0.200219987902669	5.3649603033627	0.0166647621923874	0.0261657221991729
YGR037C	0.100327279636695	8.62677640918984	0.133188914942245	0.173581564412048
YGR038C-B	-0.141838188171731	2.43306277219228	0.652780235620845	0.703318060314071
YGR038W	-0.319533614399825	6.25558771852727	6.54760337923731e-06	1.72347598581325e-05
YGR039W	1.52853567974529	2.93586619115319	2.26525484662801e-24	2.3561785705757e-23
YGR040W	0.081620292553903	5.88031943321241	0.440100089768124	0.502064846240221
YGR041W	-1.09413470269426	5.88388000360856	0.0120242259074122	0.0193546576051839
YGR042W	-0.476424167860974	5.62250532766879	6.74198863288723e-09	2.51132810786357e-08
YGR043C	5.20287192564581	8.27342398649527	2.39277954645048e-22	2.30905146601289e-21
YGR044C	-0.0601793381554804	6.53620805909385	0.96869159106888	0.976979339960763
YGR046W	0.459304877982292	7.04588067841155	5.64960811913597e-08	1.90282599508378e-07
YGR047C	-0.518264317198671	6.23644225659639	1.36702509849175e-13	7.76801029502115e-13
YGR048W	0.0512333280537965	7.02608114726735	0.606475753265431	0.660770610480567
YGR049W	1.1144503291402	7.74605381728072	1.74216614241648e-48	3.85069957654702e-47
YGR050C	0.208508645537969	3.78870985258188	0.283500705106169	0.340268764044378
YGR051C	0.646074845615436	4.10254507252132	0.000269751830359515	0.0005674415689718
YGR052W	5.01578241516256	7.50955523457485	1.90799366573509e-52	4.64407203174063e-51
YGR053C	0.238178759456637	2.70049213956496	0.089493282552345	0.121315358445253
YGR054W	-0.195134301415098	8.67840098190902	0.000880968626818375	0.0017118239768688
YGR055W	3.24005759982205	8.25029895685973	3.50984099509039e-26	3.98135170990253e-25
YGR056W	0.14097773053766	6.73503289735537	0.0115218874373154	0.0186609879507382
YGR057C	0.520716727667424	5.3443809701976	6.42207559397957e-14	3.76678228985416e-13
YGR058W	-0.26057813029975	6.0797063800725	0.00102256591699242	0.00196977452513887
YGR059W	1.16783802125399	2.13696633077001	1.89581721188256e-11	9.07456455241877e-11
YGR060W	-0.390756689599878	10.0408791115055	3.27765835700048e-05	7.89474440796749e-05
YGR061C	-0.111382489292826	9.90557378292041	0.351177782399941	0.412037632277214
YGR062C	0.106772969249967	4.51167238407292	0.431942274088709	0.49397697390552
YGR063C	-0.270027281765195	4.16662577216691	0.00133578172310399	0.00253414948542164
YGR065C	-0.178945777430073	8.92197813037808	0.449699238415646	0.511946945910786
YGR066C	1.16411255279418	3.79591990203279	5.3951161197328e-17	3.94112249232486e-16
YGR067C	4.81572183246519	6.2334491546388	0	0
YGR068C	0.638754735049357	5.5641210693494	7.18683038063038e-16	4.86020520228907e-15
YGR070W	1.36446727123395	5.72772522352407	8.24310424276062e-13	4.41689328943644e-12
YGR071C	-0.170020788552721	5.67683227933582	0.00663993561898386	0.0112038430932728
YGR072W	-0.307610114694429	5.94643944553771	0.000125444071827494	0.000277472317817107
YGR074W	-0.0139828907845282	3.28934769037635	0.922274282939287	0.937874321554633
YGR075C	0.113564213886507	4.90114698905921	0.115789823616489	0.152995257051062
YGR076C	-0.437479735136267	5.85601537257824	2.47976745410829e-06	6.89244657147436e-06
YGR077C	0.417605859203332	5.61555324419848	9.32830507026507e-07	2.73302973111275e-06
YGR078C	-0.304206234808961	6.20757965207668	3.45660183260121e-06	9.42453071092902e-06
YGR079W	-1.9395445643173	5.42991105067132	3.19591037174504e-14	1.93492579606557e-13
YGR080W	0.103069692580228	7.22932380925834	0.220805523019398	0.272248319194549
YGR081C	-0.727490221425567	5.73020274365987	4.27208869283889e-09	1.62247613527147e-08
YGR082W	-0.213306629474065	7.00014780364295	0.0105240124001984	0.0171650468122606
YGR083C	-0.557389190077012	7.71966741829376	2.55783969954056e-10	1.10313717888363e-09
YGR084C	-0.599499666800529	6.94581617498239	1.2221025381376e-10	5.42767974789343e-10
YGR085C	-0.123014397752444	9.17726189464033	0.207624820360272	0.258221021929242
YGR086C	0.853671841388969	10.4579904196933	5.04817683642419e-05	0.00011859960586394
YGR087C	3.67438846077634	5.62172759417579	8.81413112180784e-321	3.78504185344625e-318
YGR088W	5.70777843535033	7.39597177054787	1.01989629023495e-284	3.40645360938474e-282
YGR089W	-0.645499156000361	7.42794117516114	2.41879264493289e-11	1.14682818464799e-10
YGR090W	-0.619584523298798	8.17207707239418	1.0517382218218e-11	5.16589067777178e-11
YGR091W	-0.469780924420456	5.9402282225448	2.89335766540708e-07	9.08822689886486e-07
YGR092W	0.0568398117007925	7.13032588228056	0.812938858511558	0.84600803485745
YGR093W	-0.624510351940957	6.39767119914971	3.39427762321498e-09	1.30059892101775e-08
YGR094W	0.123222000655298	9.8891516695439	0.0970287308042291	0.130617270397453
YGR095C	-0.144187062596532	5.80587435386942	0.0593637645565624	0.0835037324553236
YGR096W	0.141393332523318	4.25942488006124	0.0969934201698579	0.130598979185036
YGR097W	0.522121956728156	7.7455668477474	7.06417333985283e-07	2.10038625713132e-06
YGR098C	-0.682936165263599	6.20065411425422	4.30635582502066e-05	0.000102290838482909
YGR099W	-0.549312592019747	5.69842437713729	0.00646026460708942	0.0109129280184944
YGR100W	0.306127917887545	6.8268892658506	0.00817094328685546	0.0136152192462791
YGR101W	0.126366115944578	6.29859085802364	0.262136314323384	0.317222931101486
YGR102C	-0.225040170795185	5.79251529313097	0.000384332058681925	0.000789680224468807
YGR103W	-0.61346841575402	8.76107397615662	0.000695296470837521	0.00137458809032396
YGR104C	-0.184175590703804	5.92172712899615	0.0160807418924959	0.0253480388719679
YGR105W	-0.114203508974623	5.92523698519831	0.162577458959877	0.207475203410482
YGR106C	-0.118362153181696	8.14159188125786	0.076419344483575	0.104941320017189
YGR108W	-2.64522565633637	6.97747956720085	4.11288566871598e-19	3.301290873207e-18
YGR109C	-2.93261644250079	5.54613956757382	5.1495949689925e-05	0.0001207463531731
YGR109W-B	2.8579109123164	7.65022995645793	2.34469728199343e-116	1.53220870210266e-114
YGR110W	1.13918243093369	5.56000071279513	2.42421130052795e-36	3.94969060671383e-35
YGR111W	0.444941318545609	6.25565721908859	2.67723336232722e-17	1.98710209559398e-16
YGR112W	0.282222187190424	5.5989006745976	0.00078680139983792	0.0015418024823421
YGR113W	-0.228658103712683	6.10444496845923	0.0624814242197139	0.0873171367756672
YGR116W	-0.490816990769561	8.01372355741941	3.72232095445072e-17	2.73911794102297e-16
YGR117C	0.122879128511064	6.68654990849827	0.117482982256503	0.154756286004841
YGR118W	-0.0689888595016384	9.66680153845076	0.475340559777667	0.53722507329671
YGR119C	-0.383958569800168	7.90288299064988	3.04171937732965e-07	9.53431537878302e-07
YGR120C	-0.138792200151099	5.38615449214196	0.15720762535856	0.201349008022084
YGR121C	2.45065841573961	7.20520414605863	3.29780939823286e-50	7.71456424209182e-49
YGR121W-A	0.461918444483247	1.41612711358877	0.074755555310345	0.102891574754074
YGR122C-A	2.77981771684416	4.01915523143814	2.23547223613892e-124	1.65921717082311e-122
YGR122W	1.03697265010314	6.12536708858978	7.81747462264197e-33	1.14074411241077e-31
YGR123C	-0.562612112752034	6.42059830011463	3.17207009227193e-06	8.70003895745386e-06
YGR124W	0.375944895636506	10.2049354928081	5.22058829017637e-08	1.76425951661272e-07
YGR125W	0.121386717883855	6.88579382355275	0.0961676224399175	0.129545092114897
YGR126W	0.977533138401962	3.00787232665514	3.03337587207773e-21	2.73413129579181e-20
YGR127W	1.04787845490635	4.88096029107588	5.20927249437411e-22	4.90880035049798e-21
YGR128C	-0.580944375687966	7.74005765997207	1.67942364526368e-07	5.4224999760071e-07
YGR129W	-0.427075864683398	4.91261801882904	4.59264842742577e-06	1.22988874591019e-05
YGR130C	0.816451514261368	7.85844243392968	3.88928380569086e-10	1.63398841647893e-09
YGR131W	0.981503957945302	2.38378117904737	4.97981729325328e-14	2.94866929885744e-13
YGR132C	0.0742593586982947	8.23890275501978	0.389903298932395	0.450874905401339
YGR133W	0.159266046616652	4.8518810593024	0.0635052449086498	0.0885215702274061
YGR134W	0.0732355838319792	6.06611201132435	0.245127908670369	0.298926772195996
YGR135W	-0.0486647846600505	8.32441051904996	0.570206043805517	0.626934662647909
YGR136W	0.648720731084727	6.84799488871838	7.97231904298094e-16	5.36725443296768e-15
YGR137W	0.972358275847683	3.70225204972726	1.50362225471476e-23	1.52441433311048e-22
YGR138C	-0.397507412880329	6.72516796585297	0.148080560061432	0.190879143887078
YGR139W	0.362305000032743	0.930372192417315	0.302879525472916	0.361363704533275
YGR140W	-0.757367054202445	6.52851160440363	0.00065102197476216	0.00129173073012215
YGR141W	0.238558308613659	6.09986038115633	7.63160729006264e-05	0.000173858366911166
YGR142W	1.32813143434274	7.58378262302681	0.00080225318284631	0.00156952363660007
YGR143W	0.266608720934158	6.31571416975141	0.116183027115267	0.153379964650195
YGR144W	2.17699311853941	4.20772723910913	9.37907505130213e-45	1.87332223283815e-43
YGR145W	-0.601087101957169	7.4073829381347	0.00207274568592507	0.00380964447073724
YGR146C	1.26190107365286	7.06847712253261	6.3269927635342e-08	2.11674348883515e-07
YGR146C-A	0.067337076329412	1.13803090221545	0.830396534139968	0.860303974366619
YGR147C	0.0472120089869236	6.69636991206847	0.574482858069952	0.631059920101691
YGR148C	-0.46112849832151	9.69003871492416	3.84545776376554e-10	1.61670573956353e-09
YGR149W	1.2654487211962	7.09571533494852	3.54517540601479e-15	2.28932272190773e-14
YGR150C	-0.440136463850195	6.95499790631918	1.17425895189775e-08	4.22986508017334e-08
YGR152C	-0.707523655349129	6.28598443887642	0.00213933302812898	0.00392004576809247
YGR153W	-0.204275777726359	4.62690849258291	0.359527752194197	0.419949649541774
YGR154C	1.48937669549179	4.19467573226135	1.47540735329035e-52	3.60575162926081e-51
YGR155W	0.403132082035837	9.37660192382372	8.53135363912362e-06	2.21557227120567e-05
YGR156W	-0.774477132316645	6.51605897764306	9.23025056994239e-20	7.5912813168938e-19
YGR157W	-0.0422027735376506	8.16136095347181	0.725598149774371	0.766794880724823
YGR158C	-0.739708797081255	6.51404903916518	1.97823948698413e-22	1.91825416060461e-21
YGR159C	-0.605416115038739	8.06048941834161	0.00712752827804323	0.0119761598679698
YGR160W	-0.774202868030921	1.71573867707906	0.00112405613501514	0.00215423190427511
YGR161C	3.38913171991647	8.07095832773977	2.32239779312811e-161	2.63438783628042e-159
YGR161C-D	0.225361126019393	3.62536477079857	0.214476883568404	0.265972570959827
YGR161W-C	2.37713587828428	5.43079455696497	1.80926898831384e-141	1.64807956935497e-139
YGR162W	-0.478681397287332	9.26203442976513	1.69319138161302e-08	6.00913021620865e-08
YGR163W	-0.165135053869651	6.4892042993104	0.0283609915563748	0.042361213779421
YGR165W	-0.175282285986282	6.87920612781196	0.0347428919556996	0.0511445314489877
YGR166W	0.00292471554149204	6.66235822413342	0.967959011031919	0.976815560163796
YGR167W	-0.0744775432605676	8.12904602475069	0.219926276115624	0.271386857965339
YGR168C	-0.143541275725135	5.35398227357545	0.0179872821988244	0.0280736086654549
YGR169C	-0.396842487288732	5.90406899960688	2.58374253954934e-07	8.1669085950424e-07
YGR169C-A	-0.188252186672779	7.29015006577205	0.0250909991433466	0.0379680560910646
YGR170W	-0.047121051973978	7.05992700326288	0.387961756373963	0.448802401254621
YGR171C	-0.19612250500532	5.96946150878382	0.0196328633882443	0.0304051454637106
YGR172C	-0.272068758768282	6.09688684458705	0.0166271134589868	0.0261134289747724
YGR173W	-0.70569524488324	6.45238794423601	4.1244139086991e-12	2.07497710620075e-11
YGR174C	0.546462540192667	5.44908222052211	7.66126860897106e-08	2.54613305014561e-07
YGR174W-A	2.63439859716077	2.15943511780864	1.68307918306219e-47	3.62676417511465e-46
YGR175C	0.62946532702838	9.05734504914651	1.85400944143998e-12	9.60060703009231e-12
YGR177C	-1.17948022507923	5.62698114147618	3.50732540563337e-17	2.58724421333347e-16
YGR178C	0.0192292332338321	8.62452869659314	0.71388062638896	0.757312932924385
YGR179C	-0.462282308348566	5.59775630099497	1.04220545422425e-05	2.68225136592304e-05
YGR180C	0.451093417599908	8.85210291571653	2.35825136294905e-12	1.20764967581343e-11
YGR181W	-0.0257057938682391	5.88941514154251	0.741530104680935	0.781338969262945
YGR182C	0.232132875980891	6.4482949366829	0.0119998445717191	0.0193309393261456
YGR183C	0.18450425552526	7.85410500507763	0.0613112335642874	0.0859214769670153
YGR184C	0.0230107703782964	7.24639376038948	0.711017536434013	0.754569713864305
YGR185C	-0.214965983331145	8.96901665356308	0.000720524553221006	0.00142092473821595
YGR186W	-0.225336778441933	7.74731561293331	0.000140406642204611	0.00030796232503981
YGR187C	-0.441109175269131	7.14130406668471	6.62786326274476e-05	0.00015297369523285
YGR188C	-1.38013755608481	5.03740601190367	2.18290335015611e-07	6.95843846295787e-07
YGR189C	0.0641077262949814	9.7354653681157	0.818042606438234	0.850289099223144
YGR190C	-0.155420899264242	4.81668593909467	0.186160703290982	0.234681935035728
YGR191W	0.224066368571431	7.20080916506082	0.03616078613887	0.0530369959177571
YGR192C	0.0957100872302143	13.324516022833	0.218543936635447	0.27006909497478
YGR193C	-0.239837019619817	7.62726043212217	9.73642518758223e-05	0.000218660396816378
YGR194C	0.943603063123534	5.88646006751446	2.05110954414034e-39	3.62684428805051e-38
YGR195W	-0.170269886653484	5.99810002212483	0.0492575144006772	0.070274365585399
YGR196C	-0.413828944178374	6.44276841450893	4.02645385909897e-07	1.24202363267845e-06
YGR197C	2.14512183794369	5.79333196158423	2.05443349500716e-43	4.02320982800751e-42
YGR198W	-0.0638273585800314	6.78202173025191	0.425150152680358	0.487043200822087
YGR199W	0.103987541263462	6.92179664020956	0.237835784761116	0.290978579158288
YGR200C	-0.2659630231605	7.63886944125989	0.00462427772790208	0.00802110724181976
YGR201C	0.564013917572315	3.96027314499804	3.11906785527113e-07	9.76658122181772e-07
YGR202C	0.0516443797491167	7.1964005655185	0.354792071741274	0.415710375230665
YGR203W	-0.126458638939082	5.6467500953763	0.19531645523446	0.245195767147541
YGR204W	0.0784598518888173	10.515769060798	0.344229120804723	0.404832839256259
YGR205W	0.828783468814592	4.20345411075896	3.37852284462373e-07	1.05405704939688e-06
YGR206W	0.359743065573564	4.06913579190467	5.36960614708239e-05	0.000125513499829935
YGR207C	-0.239456287777445	7.29060962245389	0.00289484238069512	0.00519206216967156
YGR208W	-0.813323282844166	7.78216279045097	1.15599519335816e-16	8.23441125884986e-16
YGR209C	0.321881755167034	6.48055901410499	0.00155570283242601	0.00291821698238538
YGR210C	-0.405788195328145	7.50288532036287	6.80377198108501e-06	1.78777435097391e-05
YGR211W	-0.248843232876087	8.66836293967377	0.212279706890929	0.263410856104905
YGR212W	-0.188021219115369	4.6507167207623	0.0597856160917412	0.0839988604682281
YGR213C	0.397167910529198	3.65377417407574	0.000116326895544544	0.000258446894314041
YGR214W	-0.327024384227849	10.3329225423225	1.17711008158223e-06	3.41214359232034e-06
YGR215W	-0.3907577436036	6.24131332519104	1.36399171781998e-05	3.45713246523343e-05
YGR216C	-0.13104508530807	6.08117715328515	0.0135726618447705	0.0216729994716495
YGR217W	-0.56980738547613	5.95149436716438	1.26863619202665e-11	6.18109052315997e-11
YGR218W	-0.00272917225865244	8.34930825250084	0.967646490844932	0.976744577394179
YGR220C	-0.225595630206986	6.08601163767912	0.00954492865317313	0.0156915808211312
YGR221C	-1.33819906378013	5.54330583241712	0.00200287573651842	0.00369426163915522
YGR222W	-0.230820584715519	6.11333645409982	0.138641551704292	0.179946677212047
YGR223C	0.924866922180584	6.12084291975705	4.34615664769353e-34	6.64862436792201e-33
YGR224W	-0.210449698617163	4.10268805982522	0.0938764142958727	0.126600494110988
YGR225W	-0.649130738342758	1.08708867016471	0.0155760810081506	0.0246300365652292
YGR227W	-0.00825257445193277	6.67287183583725	0.953017491331892	0.96570725735502
YGR229C	-0.429497943081357	8.02417883227425	1.8809265083869e-07	6.04066782501178e-07
YGR230W	0.167688484342385	4.30241093005413	0.285136680612974	0.342027478819872
YGR231C	-0.081367340578437	7.99918503998088	0.359641123299074	0.420000472663954
YGR232W	0.152122166194535	5.75485196674471	0.186614539618694	0.235204740500543
YGR233C	0.0160504540720504	6.30726898536635	0.857212390303107	0.882912607589906
YGR234W	0.026754295774632	9.98726664549286	0.888178159973183	0.908735040462691
YGR235C	0.033618907333381	6.8951982065672	0.618311758752165	0.671233350237995
YGR236C	1.98734627695331	1.50681693164327	1.2059625698764e-25	1.33276598715016e-24
YGR237C	0.367293107488088	6.61917023485838	6.76522945452378e-05	0.000155833561228341
YGR238C	-1.36646702086571	6.02070140115252	8.15381985846657e-22	7.62375816315723e-21
YGR239C	-0.860866951213882	7.01117428566697	1.08767331702367e-08	3.94634398427658e-08
YGR240C	-0.0257956586941122	10.2869253516403	0.745816912925278	0.785125421205879
YGR240C-A	0.324276412806652	4.05614633565725	0.0115947083688515	0.0187637649296192
YGR241C	1.3315346863543	7.40427816840082	7.77494283474543e-83	3.15830785962767e-81
YGR242W	0.667553611140293	2.84281197095608	1.9382115596626e-07	6.21468154490218e-07
YGR243W	4.1666556656687	7.0394106757456	1.47261929717994e-146	1.42796567978158e-144
YGR244C	0.439197053051516	7.92301448808844	8.70219112725124e-06	2.25506780418252e-05
YGR245C	-0.920838572451225	7.54585635343516	5.20051448268725e-07	1.58066193477835e-06
YGR246C	-0.519050200535839	6.40796990493318	1.20684995191762e-12	6.37013337219379e-12
YGR247W	-0.0518174923332188	4.4834907181809	0.491995640353009	0.552048859612223
YGR248W	2.12294750030278	3.92764348049767	3.73277633993139e-11	1.73964739191221e-10
YGR249W	2.37335604420818	4.97022214427539	6.94919746554737e-16	4.71009866548713e-15
YGR250C	1.78453514612244	8.02933101296293	3.28764809415551e-79	1.25893887529063e-77
YGR251W	-0.426689963403969	5.11591271943224	9.59679822843738e-06	2.4804794045299e-05
YGR252W	-0.586577348397857	6.39700796447058	1.68670872999767e-09	6.65386672227427e-09
YGR253C	-0.0505236230268859	8.09750015733784	0.49544007541093	0.555499017786369
YGR254W	1.24558797428753	9.73252702172121	3.65011231340894e-15	2.35203378651817e-14
YGR255C	0.316371032340606	6.77647191640502	0.000288894117343356	0.000605167746853052
YGR256W	1.28990181590166	4.04700782388592	7.80876953914841e-42	1.46250225761247e-40
YGR257C	-0.299001841019334	6.64278809933131	0.00012059162517797	0.000267526513125445
YGR258C	0.33692235252302	5.84144434348852	7.82027545738039e-06	2.03971783296186e-05
YGR260W	0.338650180512335	7.2295249415617	3.65360784593518e-05	8.73726745018389e-05
YGR261C	-0.0817389618722802	7.46968429489629	0.286029400282956	0.342961458815543
YGR262C	-0.41615906217702	6.43933678916248	3.23630822691032e-14	1.95741298392202e-13
YGR263C	0.0303661118071942	5.42284212425602	0.70031731778755	0.744923516372744
YGR264C	-0.184088458935295	8.54822589791293	0.0322892204899629	0.0477546847689194
YGR265W	0.0455099784402058	2.06246269294372	0.815636317488922	0.848374661028269
YGR266W	0.080722611521787	7.19175081986712	0.355300234033881	0.416143582117999
YGR267C	0.376274440467662	8.01552076550677	6.96096760798719e-10	2.8605151920177e-09
YGR268C	1.52278891835222	5.83858507901485	2.71716929956878e-57	7.19630917577422e-56
YGR269W	0.350952091200299	1.79429757565565	0.0386248961240445	0.0563399615578607
YGR270W	0.275123531318153	7.30232496902617	0.000867218384492226	0.00168728703157517
YGR271C-A	-0.922359213158997	6.17454670913633	2.51053562629433e-08	8.7700988874384e-08
YGR271W	0.0391802738247487	6.41503658048917	0.708283275782753	0.752331988340266
YGR274C	-0.483325743773167	6.8483976778144	1.18636060932093e-09	4.7612816977553e-09
YGR275W	-0.365891863695039	6.12095117015838	3.73010899495008e-07	1.15714217118885e-06
YGR276C	-0.202706020026231	6.8221359684698	0.00142245187378865	0.00268670457594011
YGR277C	-0.107106202962948	6.31719003141711	0.174511473007246	0.221109162427726
YGR278W	0.000943633355838509	5.68093103783979	0.983882163329515	0.988697716619763
YGR279C	-0.940644336906639	8.97231860566563	1.8909016978456e-08	6.67926028639703e-08
YGR280C	-1.14044532591145	6.98208293021189	1.66739855817409e-07	5.38946243642076e-07
YGR281W	-0.442344550440741	6.19007412013091	3.07711311413628e-12	1.56378732393806e-11
YGR282C	0.246597475343537	10.1884620037987	0.0133461902628247	0.0213453833094179
YGR283C	-0.190688723822497	5.69122930590836	0.0696588968778695	0.096406373855836
YGR284C	0.359567161249352	7.90708400200554	1.03267958051881e-05	2.66115286672914e-05
YGR285C	-0.153102273098052	9.78273835203647	0.0696416873042991	0.0964047488080696
YGR286C	0.0259163740784236	8.11199929783253	0.859336407417849	0.884494175893872
YGR287C	1.46310854060946	5.41910174602143	1.41149022649862e-73	4.99169367159394e-72
YGR288W	1.07215925096311	4.97297899845672	2.11268765460619e-23	2.12755078383457e-22
YGR289C	4.78110662933443	6.70108198643626	0	0
YGR292W	4.25884243795412	4.84737716604974	6.73584930820346e-121	4.65470414263439e-119
YGR294W	-0.00956252911321333	0.624026657539662	1	1
YGR295C	0.574970769031267	7.38345690879687	6.09973420441329e-11	2.78659589946297e-10
YHL001W	-0.0470449271861253	8.12294616813488	0.595825619548115	0.651054820923894
YHL002W	0.45278341715475	6.49902214586562	9.68564214500662e-08	3.1959429514698e-07
YHL003C	-0.278999387934054	7.14225705740273	0.0126693236430021	0.0203222982235135
YHL004W	-0.244279531909449	7.59195440273914	0.0125548830638521	0.0201494813080295
YHL005C	-0.0533016970350315	1.01574250478086	0.924359116491758	0.939698189914749
YHL006C	0.399642884487994	3.32146378879428	0.000386680737021315	0.000794234571565476
YHL006W-A	-0.295682232418901	3.81951000150202	0.00334796879711256	0.00594271875058774
YHL007C	-0.107346956468654	7.71391939349792	0.150962576716604	0.194260918497479
YHL008C	1.34492801301855	3.94026030790487	1.59042068469323e-21	1.4620197486813e-20
YHL009C	-0.12974795643973	5.55454125512109	0.151924565201138	0.195373365987004
YHL010C	0.130719878435572	4.92838758418507	0.252625485958725	0.306887133074127
YHL011C	0.0834703131676243	7.99878549849995	0.352672116617374	0.413468167921929
YHL012W	-0.558598443052806	3.63704913293691	4.66731474143558e-05	0.000110081978130681
YHL013C	-0.826928950495171	6.06216344728716	3.71868521357797e-11	1.73442478696903e-10
YHL014C	-0.371221513256261	5.25893136839961	2.11827410888428e-05	5.24076705457295e-05
YHL015W	-0.082737532223226	11.358243904397	0.20422468881305	0.254730047540261
YHL015W-A	0.292479439036325	1.34424639924893	0.144575476905345	0.186922100463427
YHL016C	1.49669434466583	4.18665704402535	3.87204801132703e-40	6.94888138629795e-39
YHL017W	0.182725993380164	5.89708110564118	0.00944947501811244	0.015543158360846
YHL018W	0.294720351538848	2.52676634375692	0.0544410420159418	0.0771387577040939
YHL019C	0.362465650501217	5.40692770863346	2.65239116392442e-08	9.23880398465446e-08
YHL019W-A	0.990960399312251	0.662931890752018	2.02493440156546e-05	5.02223829299156e-05
YHL020C	-0.725793873422324	7.42021771869083	3.47482568054349e-25	3.77087581072697e-24
YHL021C	3.72263194452394	8.11171635117281	3.26715110770488e-59	9.09357058311191e-58
YHL022C	0.486303487331195	2.88467302169565	0.000187851037816284	0.00040464365437173
YHL023C	-0.385188752758874	6.79980765744001	8.61217776652221e-11	3.88711807299786e-10
YHL024W	0.901642595348927	5.80107623540043	3.48500520847136e-07	1.08558815094973e-06
YHL025W	-0.0245473735081577	6.55351610366598	0.67166115301311	0.719534364204351
YHL026C	0.368040491076668	4.77241767593723	0.0351233603615794	0.0516287634459206
YHL027W	0.578379870999637	8.07717687467915	1.83107117092146e-17	1.36580643667244e-16
YHL028W	-2.46075097883169	5.11298887031437	1.86849949401727e-12	9.66731407748008e-12
YHL029C	0.235437402193644	7.2831341958254	0.000479401587925912	0.000970751885015353
YHL030W	-0.313604713215382	7.28757915003155	0.00486449890574484	0.00841351191638031
YHL031C	0.0171708750720442	4.68819018051775	0.802335408406379	0.835841357709088
YHL032C	1.14492787453518	5.97249640272153	7.060902138011e-49	1.57222754273045e-47
YHL033C	-0.453301712675691	9.73054034503132	3.32391992797267e-07	1.03809904451801e-06
YHL034C	0.0774342749793293	8.53104112632216	0.207012797839488	0.25777981371396
YHL034W-A	0.0959802249299529	2.05547532824176	0.561814558060317	0.619066921381713
YHL035C	-0.478572036196129	7.09387491886977	0.133222978998692	0.173588328942379
YHL036W	1.39720464814098	6.86468409069712	2.66810432920643e-18	2.06177933511427e-17
YHL038C	0.00940422376680863	6.32146197095747	0.872928526496646	0.895418239429763
YHL039W	-0.239396688349909	6.94064859018227	0.00884971758701656	0.0146367268591867
YHL040C	-1.69756218925752	7.00102931523954	5.07702344661381e-06	1.35297273763485e-05
YHL042W	-0.0840723738135411	4.52038443838314	0.695245784039967	0.740647074086868
YHL043W	0.0724178830863793	4.47977488577015	0.726881814656641	0.767881474207648
YHL044W	-0.130641219879866	3.04671995909709	0.358147241873131	0.418499750853501
YHL048W	1.59113358411061	0.599193183120558	2.22039458094571e-11	1.05692891691572e-10
YHR001W	0.137569270043214	7.18568526070856	0.0491767298628247	0.0701757654724192
YHR001W-A	0.62153163685842	7.29581403569081	5.38461377789188e-09	2.02326862704287e-08
YHR002W	0.878064169098571	5.03176877400948	3.62573762095322e-33	5.42237178536587e-32
YHR003C	-0.194249356197738	6.33211011447962	0.00887738496020341	0.0146703788842064
YHR004C	0.728162891481601	6.03105956869275	4.21491400386098e-17	3.09025158429417e-16
YHR005C	1.29624009009232	7.41963745275313	1.06156534885123e-10	4.74860928370058e-10
YHR005C-A	-0.395544985192112	7.71645303342801	2.79604620048546e-07	8.80095798812493e-07
YHR006W	0.362011451617581	7.10572435739256	2.13341418171063e-07	6.81151676072455e-07
YHR007C	0.107418813289613	9.75685757493327	0.401677337610539	0.463242692061109
YHR007C-A	-0.0129046674278349	2.47697355466607	0.961016648436629	0.971357110020345
YHR008C	0.526097103589792	8.10463528124635	2.94037101229679e-10	1.25399713589373e-09
YHR009C	0.286610605078003	7.83373369580584	5.16353582788592e-07	1.57180645049368e-06
YHR010W	-0.129930844805403	10.0115119677862	0.191276718186428	0.240626831918143
YHR011W	-0.508917323921601	5.03665082672557	3.76036583743911e-05	8.98542107101906e-05
YHR012W	0.100782072214868	7.04611215261414	0.149753955073306	0.192829466245602
YHR013C	-0.0829546834762919	6.41948957871137	0.252555154318355	0.306887133074127
YHR014W	-0.164766235653892	2.79009858412246	0.33742308909002	0.397996392311007
YHR015W	-0.693510048541708	4.46693227006778	3.66056262516773e-14	2.20293318343428e-13
YHR016C	0.695333148675952	6.28952479495196	0.000342056799540541	0.000708874691085051
YHR017W	0.0852436216821032	6.17214049483225	0.296720161930472	0.354577939480421
YHR018C	0.44766309520219	10.2412335459646	1.42700007283731e-12	7.45362679226579e-12
YHR019C	0.168059004376993	9.8814033029831	0.00982384479759045	0.0161016780052109
YHR020W	-0.0482922687737647	8.91879384440026	0.655184724461395	0.705150476810223
YHR021C	-0.0478242168379007	9.35622393618247	0.558993272130866	0.616297002026548
YHR021W-A	2.29174901255596	1.7808694317414	4.68207513314306e-41	8.52988960619882e-40
YHR022C	2.35275938967336	2.82942078751836	1.33529434876645e-65	4.33934574312643e-64
YHR023W	-0.763950755492164	6.45194460938925	2.63040771489578e-06	7.28756275666057e-06
YHR024C	0.35362701487534	7.61756969900173	4.54314240585177e-06	1.21717344670146e-05
YHR025W	0.292713151408823	8.4513013698088	7.37028217159225e-05	0.000168543691196701
YHR026W	0.0791144375028348	7.57881755306584	0.268648317743691	0.324320017324311
YHR027C	-0.167555329713548	9.55768359330228	0.00392942542387467	0.0068893863074758
YHR028C	0.440089520867977	7.50012404546553	1.37033317910533e-09	5.45231176226424e-09
YHR029C	0.20613087469548	6.32010743172852	0.0357358781393667	0.0524777966228317
YHR030C	1.10562380780871	8.15887364241676	2.39423409637477e-13	1.33650282148608e-12
YHR031C	0.11333209922499	5.74646727748853	0.550750028324313	0.60865977394959
YHR032W	0.346930814632963	6.90591791796301	0.00189458913807293	0.00350901722060828
YHR032W-A	0.455717745387841	2.22549046168407	0.0132540201374453	0.0212092544759971
YHR033W	2.79664105954481	5.50303686042967	9.05929920364411e-65	2.88171993715918e-63
YHR034C	0.355712211466635	4.83145758893232	2.06317911631322e-05	5.11076755141125e-05
YHR035W	-0.437212339433825	4.16914329907149	7.66779924264868e-07	2.26752626890329e-06
YHR036W	-0.416984232833043	5.6564491974634	3.66855017198693e-07	1.13922126208602e-06
YHR037W	0.346271755722761	8.07555614293354	0.000113930661563203	0.000253497830243516
YHR038W	-0.220609382375787	5.2788330333	0.0620539323172271	0.0868206285992947
YHR039C	-0.193125859914419	8.66904998246995	0.242590256968521	0.296132512668984
YHR039C-A	0.0411270129637288	7.31576727405855	0.488821269185883	0.549204535665395
YHR040W	-0.805336418458199	5.83428766546484	3.77563127039039e-14	2.2699095197587e-13
YHR041C	-0.308280526839062	5.02470221422167	7.52446834244543e-05	0.000171783213491164
YHR042W	-0.312183636928913	8.08515800715391	0.00243202772748087	0.00442133374587692
YHR043C	1.00108859487515	6.39058711354745	6.87957090456009e-25	7.39892312669325e-24
YHR044C	0.922129258612078	4.01434165141028	5.05969573414763e-26	5.68577397265337e-25
YHR045W	-0.0332742601490827	6.56043856010031	0.71416540888489	0.757312932924385
YHR046C	-0.330954381549015	6.38828301772542	0.000292882488928546	0.000613095237966022
YHR047C	0.0913074628671891	7.15855989488901	0.318592279399151	0.378010022448726
YHR048W	0.287588147768134	4.67201410253168	0.00395571185574411	0.00692739285660752
YHR049C-A	0.0403505430527157	2.93878179582336	0.781446510710375	0.817337582183502
YHR049W	0.867012095650555	7.34043050438289	1.26955004103436e-09	5.08496658674122e-09
YHR050W	0.0507106670177714	6.68357603250175	0.642939015624733	0.694083203795277
YHR050W-A	-0.475900076365251	6.31099890388437	5.74565061602473e-07	1.73407889073999e-06
YHR051W	0.0162688578757927	7.20849682484919	0.85380557992028	0.879855870154392
YHR052W	-0.609797513088845	7.67353478163776	4.66176067793218e-05	0.000110037319182286
YHR054C	0.943853772746183	1.19212893430997	0.000102897764345024	0.000230313238735027
YHR056C	-0.282243362721459	6.13362711825443	4.4906203425625e-06	1.20578872262107e-05
YHR057C	0.262489794042469	6.33207832698018	0.000325696865301489	0.000678008848404623
YHR058C	0.274798791358202	5.13152845890788	0.000426216100080082	0.00087038423698419
YHR059W	-0.225364485596793	5.9185425946993	0.0259162180193174	0.0390692835336349
YHR060W	-0.319454322229754	5.61404275017749	7.70360785917112e-06	2.01103301994515e-05
YHR061C	-0.377662181486599	4.70272555716895	0.0883242196153156	0.119865735514058
YHR062C	-0.947904063983425	5.90673943037605	3.78104915338151e-09	1.44145006405388e-08
YHR063C	-0.139006007655152	7.49242150043831	0.0201690518009809	0.0311548007703648
YHR063W-A	0.12476995592236	2.21470141911788	0.437726170467934	0.499830909183897
YHR064C	-0.0651129289469521	8.84434766607934	0.396726135361084	0.45797187515185
YHR065C	-0.388594000256938	7.3126801952973	2.73630799800224e-05	6.68455249247845e-05
YHR066W	-0.780422139746322	7.13778383396912	3.50837443705551e-07	1.09173639314584e-06
YHR067W	-0.223091164777469	5.59659813557202	0.0578522145008917	0.0815875002531928
YHR068W	-0.267892873876261	7.98799266885025	0.000900526681008899	0.00174756823958215
YHR069C	-0.199635738994592	6.60172662390695	0.0414305358153139	0.0599760128393131
YHR070C-A	-0.402460625480356	3.20432898127621	0.00145295482020442	0.00273837491997407
YHR070W	-0.240278300326388	5.60425870224878	0.007909193611634	0.0132120233379115
YHR071C-A	-0.126091252686067	0.90737367913899	0.724826119107321	0.766113682853941
YHR071W	1.66216205020797	7.693485744605	4.15346567029427e-33	6.19618749623055e-32
YHR072W	-0.195264416166208	8.47998756090895	0.000303182480288834	0.00063355337903944
YHR072W-A	0.0376278748438746	7.52708334771732	0.740388807545284	0.78036772632578
YHR073W	0.278464436633604	7.58988508632806	1.91155564424736e-08	6.74825163430132e-08
YHR074W	0.299344085346653	7.56285019823115	8.03191921798557e-09	2.95700540958538e-08
YHR075C	0.484938815319713	4.60703872650654	0.000682041128574166	0.00135005974132288
YHR076W	-0.0837855235049	6.55292978500184	0.174954167808129	0.221623357956694
YHR077C	-0.34892125939834	7.58775885265735	5.35009993766201e-09	2.01281607166608e-08
YHR078W	-0.0336925819544757	6.25925899404341	0.672698142879045	0.720260237754019
YHR079C	0.478219031925066	6.22711656273281	5.46440291372408e-15	3.49117856719545e-14
YHR080C	-0.196714131219799	6.36649426422214	0.119143409583648	0.156703167450644
YHR081W	-0.971199363125979	6.40864445427942	5.14784084673191e-22	4.86616653625035e-21
YHR082C	0.292430201669844	7.58623064179246	2.57540194214145e-06	7.14504682794388e-06
YHR083W	-0.381086524311116	6.66744511434717	3.60135847186578e-06	9.79772826430994e-06
YHR084W	1.12753013929136	7.32838418384319	2.34920083222815e-16	1.65185911150358e-15
YHR085W	-0.616389662560708	5.45786469692804	1.19731524151857e-05	3.05399203733969e-05
YHR086W	0.300608588941693	6.4511493865608	0.024370283129496	0.0369891800491113
YHR086W-A	-1.85363821480862	0.576920921838412	1.007396250756e-06	2.94003216482771e-06
YHR087W	6.61648940631183	7.71699845150294	3.32127841843094e-114	2.07995060954237e-112
YHR088W	-1.13633234750915	7.13708261486019	3.16356752351056e-13	1.75132301577767e-12
YHR089C	-0.348375666316438	8.05708402383666	0.0162544393752045	0.0255882926220815
YHR090C	-0.134386774394409	5.47078032954845	0.106729891666041	0.142410060184309
YHR091C	-0.570319192062614	6.70901893170153	2.027120024009e-10	8.84400985801314e-10
YHR092C	0.0291545038038798	10.1262649236712	0.863901917545598	0.888486486772906
YHR093W	-0.585092504993444	1.57180875840593	0.0159103759828757	0.0251124128141372
YHR094C	1.17998279901716	8.30986642734009	0.000152040011455772	0.000331663479271444
YHR095W	-1.32249125888573	0.749087150407946	0.000418000083588147	0.000854476879473629
YHR096C	2.24127539776183	5.92424969128347	8.08616171779395e-105	4.15504309806643e-103
YHR097C	3.847356755654	7.61591985917292	9.58262958365917e-126	7.29250241227328e-124
YHR098C	0.162807266354897	7.53111648874669	0.0696312367369237	0.0964047488080696
YHR099W	-0.883334451217627	6.94812619484944	1.82266802873565e-22	1.77311977164381e-21
YHR100C	-0.171780418162433	5.6249750815774	0.0281833685426474	0.0421760851897165
YHR101C	-0.223174453279813	5.26223529473439	0.00269492886541339	0.00484796898230559
YHR102W	0.0404473770575201	6.80181718235821	0.551927049763791	0.609288546305529
YHR103W	0.230349644424964	7.09560357493223	0.122371418972596	0.16056241179905
YHR104W	1.63320652249386	7.80621961958457	4.97798357453139e-50	1.15106297115703e-48
YHR105W	0.924197544300377	4.20015365203682	1.45456213896829e-14	9.02458986530169e-14
YHR106W	0.963607460419907	5.91771800752254	5.67548608538539e-48	1.24529278632617e-46
YHR107C	-0.26025269645065	7.34156102656234	0.0147382533134214	0.0233789917995487
YHR108W	-0.0130552397148196	8.30891415916926	0.866011323306737	0.889841065752881
YHR109W	-0.373761351254874	5.15020740330717	0.00172519457395044	0.00321608365227599
YHR110W	0.129927546072271	6.24124236870366	0.584550591060654	0.64057497681917
YHR111W	-0.0161408239296979	6.25137255147462	0.819056369157932	0.850754473285675
YHR112C	0.627127315166589	7.59304564726347	2.44124388051098e-05	5.99785787071191e-05
YHR113W	0.820857109025565	6.63797697645917	7.10127853160213e-10	2.91220235552469e-09
YHR114W	-0.127795439977064	7.045737414193	0.0105770311496879	0.0172468433067328
YHR115C	-0.0600652136497584	6.85662671841837	0.305428504722913	0.363899359967133
YHR116W	-0.38079290266716	5.22937026412891	0.00480705235643004	0.00831894034739707
YHR117W	-0.396395463800691	7.3287360171924	4.10053956816366e-12	2.06642446637049e-11
YHR118C	-0.12543637106266	5.3708329766857	0.119181118226769	0.156718478298193
YHR119W	-0.431902284319925	6.73548026605962	2.50682479534763e-07	7.93212140506841e-07
YHR120W	-0.895151555374334	5.68911880098192	6.31021289500645e-15	4.00601899944866e-14
YHR121W	-0.400167858511123	7.29182122032674	6.14716909246568e-12	3.05933614105163e-11
YHR122W	0.295243845755725	6.23286618291446	0.00275203166419563	0.00494477416770596
YHR123W	-0.0831356532640055	6.85755916132666	0.454843343627675	0.51741119808696
YHR124W	0.58497650039919	4.42631644733872	1.12974197863489e-09	4.55401443088547e-09
YHR127W	-1.24111761426645	5.72900690374251	7.20122793010743e-19	5.70405564108114e-18
YHR128W	-0.31583930104557	7.1606089713907	0.000348255636742296	0.00072047931455426
YHR129C	-0.268821364576675	5.23208381622701	0.00196027209534243	0.00362174426465848
YHR130C	-0.13909747117004	1.66306915031983	0.487323187645925	0.547944891711122
YHR131C	0.211518217725475	6.04649850644372	0.00339845843644218	0.00602877902622909
YHR131W-A	0.228221660351042	1.13529768851187	0.293110314232125	0.350473191957744
YHR132C	0.519860065466629	7.47415433655447	4.00237064449002e-23	3.99705187951395e-22
YHR132W-A	0.120646260619576	5.89074798534712	0.0402482642101398	0.0585181534295914
YHR133C	-0.191285818392923	6.34862372090628	0.0330584599402028	0.0487963322269824
YHR134W	0.0733926907606937	4.85881016973462	0.334487004256119	0.394998206558199
YHR135C	-0.339366869199326	8.09638640238906	9.36080301671309e-05	0.000210775834219023
YHR137W	0.88171065838194	4.01702928636431	0.00107311724590268	0.00206186669299039
YHR138C	1.98088167379527	6.19877567525027	5.48408159344118e-58	1.48514858287245e-56
YHR139C	0.326514475518087	2.49619704328081	0.0793690894845179	0.108595121980182
YHR139C-A	0.21476792267079	0.752575509651336	0.400988825853682	0.462537379323165
YHR140W	-0.444202340201171	2.41596576147192	0.00622275953563609	0.010541344133064
YHR141C	0.0388710125083523	9.67984927474105	0.651479079360903	0.702041983351452
YHR142W	0.169972449989912	7.04523513515019	0.0227679445279643	0.0347854847527627
YHR143W	-2.82312348057076	7.76630886173296	0.000130870798976496	0.000288944268617955
YHR143W-A	-0.632963149068583	6.59874709923711	1.97197662239646e-11	9.41661910551827e-11
YHR144C	-0.705613297569834	5.96523138615514	7.15045077919429e-19	5.67130739901267e-18
YHR146W	-0.557129206341996	7.79978621727476	0.000355129767679755	0.000733186869261913
YHR147C	-0.0735437965469895	6.37000938619613	0.352227698585246	0.413027681664618
YHR148W	-0.72254899744705	6.07070582665477	6.81538060921363e-07	2.03547283768467e-06
YHR149C	-2.14835474850719	7.08322172269197	5.26057293642882e-15	3.36452813763937e-14
YHR150W	0.332105381771413	5.27940545682455	4.8969451156433e-06	1.30788245380931e-05
YHR151C	0.0148645492114989	5.59099562849984	0.861215374068933	0.886124735393193
YHR152W	-0.427977119664684	6.80773512218683	0.198915502359821	0.24883062842015
YHR153C	-2.25869199608521	2.45711137372358	0.000200047860881437	0.000428460185115496
YHR154W	-2.15636376255891	6.8340028420844	1.641456076445e-07	5.31418090015474e-07
YHR155W	-0.322255688329116	6.59017407468268	0.00255039697774485	0.00461558899163216
YHR156C	0.12233594212277	4.96083585188172	0.195776824980431	0.245568594154464
YHR157W	-0.614967288786437	2.14190308198037	0.000654325831103141	0.00129785776858861
YHR158C	-0.897508462127269	6.89304356105839	6.60634945322211e-11	3.00889188733116e-10
YHR159W	0.0206637133021013	5.01431680006863	0.900227820202399	0.919186422394161
YHR160C	0.026357636647027	3.31373723485609	0.892478601908869	0.912669051654384
YHR161C	1.11275409218834	8.22673879060377	1.03124355616469e-17	7.80835800964999e-17
YHR162W	0.685184988489042	9.33421545816598	4.43851795830469e-09	1.68037594240099e-08
YHR163W	-0.0858146673395471	7.84745062438272	0.330145385973304	0.390462726079438
YHR164C	-0.114507688987889	5.74394919398892	0.158806168435473	0.203093530022136
YHR165C	-0.29780695305744	6.54003517742148	1.05103198331921e-06	3.06143618397049e-06
YHR166C	-0.130821546317253	5.34749044863196	0.0742166463391815	0.102272360896533
YHR167W	-0.497543814911027	4.70591838852447	7.82993525501049e-05	0.000177971912110106
YHR168W	-0.607870530740427	5.29810576679228	5.78256804729974e-11	2.65582880827854e-10
YHR169W	-0.617455232594578	6.64413356883818	0.000278754869304996	0.000585151632074594
YHR170W	-0.280043641303272	8.21938959420334	0.0634413232881195	0.0884724981997329
YHR171W	0.815784371492855	4.94169306992296	3.32227044636011e-16	2.30640761241535e-15
YHR172W	-1.7112140032253	5.88740560852432	4.5039680217701e-10	1.88695858863288e-09
YHR173C	-1.33408230499586	2.6958403060746	6.38169155050577e-07	1.91929612814611e-06
YHR174W	0.302110375938028	12.9540074012801	0.000932049185176575	0.00180408232494577
YHR175W	-0.327220173906542	6.24982273120605	0.00142527678371812	0.00269034977196651
YHR175W-A	-0.425490867355479	3.02687149576471	0.00128205909523398	0.00243993012996097
YHR176W	0.387221478059187	5.67688638224408	0.0242002527070134	0.0367868316749847
YHR177W	-0.947624223575888	5.80185373401811	7.83214660186774e-20	6.46797601242155e-19
YHR178W	-0.909444006984946	5.22399221343699	1.04870093593778e-13	6.02176697885187e-13
YHR179W	0.550882118056658	8.96749192207645	1.02281805853077e-07	3.36572641920469e-07
YHR180W	0.574074628116993	4.07821532463769	2.36922549862185e-07	7.53240808974859e-07
YHR181W	-0.0261016402095285	5.94096609392612	0.708033862614051	0.752271164651942
YHR182W	-0.40774146405313	5.60331899410723	1.21183012307736e-06	3.50265514420243e-06
YHR183W	-0.388951543468075	9.84464271142107	3.55929471038402e-05	8.52529075650547e-05
YHR184W	-0.77462291830957	3.24321906465023	6.11952163677139e-09	2.29081968121231e-08
YHR186C	-0.220063963230934	6.68897814498457	0.000245171159605336	0.000519185985046593
YHR187W	-0.292259164880676	6.4030204134852	0.000966650937786423	0.00186865126622893
YHR188C	0.276255403498682	7.15544533824015	0.00390450679274981	0.00684969210330081
YHR189W	0.34663917109324	3.5177337367252	0.0173439903096125	0.0271400493860985
YHR190W	0.116481140738595	8.74638727557	0.107638507964063	0.143454380376845
YHR191C	-0.234589535331544	4.77543002436819	0.00355933751413412	0.00628635050968694
YHR192W	0.0448170702280576	5.75577206021971	0.507071170038269	0.56642732706616
YHR193C	0.00794689787630677	9.48600849146035	0.894431656876803	0.91395638587384
YHR194W	0.0763823048399205	5.46258661495192	0.408545835219676	0.470203732743826
YHR195W	0.993541978026992	5.96133525719454	2.39728132091859e-43	4.6642250166222e-42
YHR196W	-0.741009151022226	7.69520858764005	1.16135812340595e-09	4.67341702671792e-09
YHR197W	-0.46367141136516	6.85436954243784	0.000185570985690023	0.000400018919314599
YHR198C	0.203944434960659	5.91212794317835	0.0119950673697108	0.0193309393261456
YHR199C	0.508744384966683	6.32836189295386	6.11636263004488e-08	2.05142403373989e-07
YHR199C-A	0.0576776827613287	4.22646128041234	0.503690592736578	0.563069513486856
YHR200W	-0.149173086148568	7.9270990308322	0.0920831117772638	0.124545257143962
YHR201C	-0.205828824141892	7.59671887100582	0.00134558599054426	0.00255194415619939
YHR202W	0.0944609764844552	5.12002905717042	0.315283430130681	0.374601577459616
YHR203C	0.0136640131149108	10.2457382089102	0.864101877604987	0.888486486772906
YHR204W	-0.329438633044709	6.51037906125527	0.0022969380051235	0.00418968182245221
YHR205W	-0.194192282399591	8.37452650499663	0.0631896687615783	0.0881634459490853
YHR206W	0.0642033062532591	7.37986187345672	0.360992745814698	0.42116987926217
YHR207C	0.0223101486613534	6.19605180374626	0.819834361495293	0.851268425096667
YHR208W	-0.142721206165796	10.8352455417099	0.109381176675313	0.145551047846831
YHR209W	0.350089044664681	5.35202019425366	0.0594132844857331	0.0835538400767784
YHR210C	0.570878592097065	3.36170694059144	9.99457182419577e-10	4.0490138684006e-09
YHR211W	-0.425582054525547	5.2677695315858	3.32368129644591e-05	7.99598717656376e-05
YHR213W-B	-0.850602008891877	1.66988209531799	0.00151068871116119	0.00283909363285435
YHR214C-B	-0.886891521733067	1.9011568083369	0.00169391069105391	0.00316168614548777
YHR214W	-0.0579048144873225	3.08307302661704	0.693383124551442	0.739510261629106
YHR214W-A	-0.318024682753575	3.92293091426479	0.0210196601238767	0.0323694151292897
YHR215W	-0.630196543292537	3.21008490669906	0.000102633165500561	0.000229892172499766
YHR216W	0.119591767924259	8.28260044280452	0.220172199448531	0.271634570713024
YHR219W	-1.12608492467696	1.25770696662989	0.00501921837243045	0.0086562079331761
YIL001W	-0.220856516624048	5.38318798880865	0.0101182975026982	0.0165662321857902
YIL002C	-0.37059182661288	6.90164977266092	5.50836571093546e-05	0.000128307999434886
YIL002W-A	0.0671809735097609	6.17418030514489	0.350185144185866	0.411033402351703
YIL003W	-0.0433185138778095	5.57209907307506	0.690847529029256	0.737460110888474
YIL004C	-0.651777199738883	5.46264986480924	1.81966682991575e-08	6.43519822438442e-08
YIL005W	0.0436720991341916	7.09369737747808	0.467952822743748	0.530217182498193
YIL006W	0.339306546070444	4.78148411808496	4.23464189849724e-05	0.000100627142663104
YIL007C	0.797178192656626	5.27621053229563	1.11350747218944e-22	1.09207290747193e-21
YIL008W	-0.599752449662038	6.66846561127053	8.22379434469743e-09	3.01819204918848e-08
YIL009C-A	0.650348209247331	5.30853340745802	1.59188548951297e-13	8.99475146893986e-13
YIL009W	-1.79945860854813	7.06053626404333	2.87133597451089e-20	2.44165090222906e-19
YIL010W	0.491211063758711	6.25196268802772	4.24700619998832e-08	1.44662896738412e-07
YIL011W	-1.28579193633333	6.9005472476055	1.16004939587789e-10	5.16608664297621e-10
YIL013C	-0.862056927785022	5.82864431454253	3.21018959061906e-17	2.37388189653158e-16
YIL014C-A	0.373113300264073	5.4130487327714	1.61220702165082e-08	5.73865518896668e-08
YIL014W	-0.0715833966322582	6.62333069030102	0.269440252319029	0.32514548312766
YIL016W	-0.864815109213923	5.4599094563674	4.49028693007747e-21	3.99343269580263e-20
YIL017C	1.02678710317915	5.94427912723537	4.24140086891649e-29	5.40239449659448e-28
YIL018W	0.139154323012982	10.6981564727256	0.139617234218019	0.181056689413014
YIL019W	-0.814930411543915	6.28861000264056	0.00168809600344519	0.00315181154432064
YIL020C	-0.811835112077029	6.18665080547464	1.91724860632976e-17	1.42831457512447e-16
YIL020C-A	-0.742582162725695	1.95350085163054	0.000134324839422623	0.000295593314278481
YIL021W	-0.674711408397133	6.44177792886961	8.70102346191389e-14	5.02502911172203e-13
YIL022W	-0.35899739675201	8.54393762569336	2.50395172991581e-07	7.92720263309839e-07
YIL023C	0.286520105736175	6.45547929442021	1.59490145840945e-05	4.00390746566032e-05
YIL024C	-0.00740380872653892	3.93093436641608	0.968559296779451	0.976979339960763
YIL026C	-0.770218434741036	6.82636210998982	0.0247009555907155	0.0374532522096801
YIL027C	-0.0234363042104426	5.61127286045507	0.773611660377995	0.810270610138067
YIL028W	0.217156484782602	1.45059255677814	0.275859316487501	0.332357958060692
YIL029C	0.998544648702381	2.96186019377737	3.17180958708208e-21	2.85462862837387e-20
YIL030C	-0.195714703187374	7.97355180597455	0.00249706057623121	0.00452860578711977
YIL031W	0.280224632159391	6.04571249666956	2.71642991386007e-06	7.50168885720108e-06
YIL033C	0.546791861476206	7.78628867501051	1.01198152587516e-12	5.37933946380326e-12
YIL034C	0.560454901098027	7.47378061168224	1.47999406659326e-14	9.17291167872026e-14
YIL035C	-0.324654317593917	7.70815121736656	1.04118373539481e-08	3.78680981076444e-08
YIL036W	0.4776993583966	6.60694533067306	1.7144012251975e-11	8.25879820984567e-11
YIL037C	3.55220282833608	5.72852363852994	4.25610054197616e-209	6.73359906798965e-207
YIL038C	-0.391477287680522	7.5776575576743	6.01505897026069e-06	1.58816576764195e-05
YIL039W	0.220611276344607	7.71861930154605	0.000135135831667551	0.000297269162087566
YIL040W	-0.402392125135909	5.83003161376038	8.07059929227765e-09	2.96942735282578e-08
YIL041W	0.318399595761548	7.77369391800417	4.56476313368903e-07	1.39945721365316e-06
YIL042C	0.899878223349669	5.25769513745983	1.7420411112967e-36	2.84596498943363e-35
YIL043C	0.310666382891904	8.39671564402312	8.93878531155702e-09	3.27084463135002e-08
YIL044C	0.0111545464333551	6.78729557342073	0.859510630332026	0.884522065997285
YIL045W	0.786166748357847	4.97591954553278	2.00674347760258e-12	1.03380820799886e-11
YIL046W	1.341878136058	7.6062150540688	2.81481638934953e-93	1.2820209191492e-91
YIL047C	1.1814178467027	6.63912591198873	8.39137379244398e-31	1.15974572965915e-29
YIL048W	0.280192155393287	7.14634191218805	3.16297117874211e-05	7.6368605327701e-05
YIL049W	0.122345065047137	5.09488449748306	0.234829804559202	0.287710777462793
YIL050W	-0.133317651115809	6.75084617096334	0.151152912562884	0.194464222197316
YIL051C	-0.0650387572878467	7.98658918251339	0.4168654503106	0.478921285546976
YIL052C	-0.0383395223239406	9.24646067789759	0.714827133235875	0.757810037914667
YIL053W	0.955203088953893	10.4510327928918	7.57368236340851e-30	1.00736677807106e-28
YIL055C	2.37469501888585	6.12992600597991	1.13614145457878e-229	2.27682747497588e-227
YIL056W	0.834265956960483	6.98394907324838	1.75528750117853e-21	1.60376724271814e-20
YIL058W	0.487082800983925	1.43551890717488	0.0207837423880374	0.0320225164625527
YIL061C	-0.0151652428522714	5.24869011080531	0.838554687321715	0.868008054438387
YIL062C	0.347320137962183	6.60975752836007	4.29076365554389e-06	1.15470327202909e-05
YIL063C	-0.621276560022668	6.64112222361143	9.83695589204133e-19	7.73830803687611e-18
YIL064W	-0.535408884567108	6.215041793637	0.000252154141412954	0.000533034703999535
YIL065C	0.146533152286874	5.59441851604306	0.111945847888895	0.148634813937287
YIL066C	0.0458263348763181	3.58772761675594	0.746711562009733	0.785929606232933
YIL067C	0.332560954052113	5.63337184067786	3.84114175622369e-06	1.04069149339418e-05
YIL068C	-0.265678285928878	6.41519090267821	3.50729002354952e-05	8.40742728133163e-05
YIL069C	-0.302528465112686	9.2395424653578	0.00304570894854602	0.00544316355489259
YIL070C	-0.730742195829437	7.31338747457928	1.75531885786407e-11	8.44238157878304e-11
YIL071C	0.358383207990651	4.04879073096156	5.5829274667882e-06	1.480571677562e-05
YIL071W-A	0.0926829669883109	2.66687338407562	0.465020448638038	0.527292142061842
YIL072W	0.0339707084186351	3.39645014705463	0.808306882762078	0.841478957431275
YIL073C	0.959437701049248	5.00554264840215	8.10016325184958e-33	1.17913272324745e-31
YIL074C	0.342039946294081	9.75489298643768	0.0346236909537044	0.0509940298906593
YIL075C	-0.0180263802121872	9.53353668269757	0.771572421796837	0.808557329587342
YIL076W	-0.157749228881022	7.58450067686297	0.0295020601539791	0.0439351958498197
YIL077C	0.370858419054463	5.53021831060142	2.6215175944843e-06	7.26628113325939e-06
YIL078W	0.116800328529245	9.43594017387808	0.223558076060241	0.275247010705339
YIL079C	1.6375527850084	6.84657062474851	4.97291368168714e-30	6.68840202557116e-29
YIL083C	1.831525069483	6.68825589384101	2.20606424545471e-83	9.08414948196829e-82
YIL084C	0.356748387514212	4.69608330107214	2.45035001828969e-08	8.56981053517021e-08
YIL085C	-0.0477501090074618	6.90025583881574	0.531024159122824	0.589787039469133
YIL087C	0.929562432626401	4.98327262098349	1.03333210636964e-34	1.60942814080163e-33
YIL088C	0.25231578885776	7.17938241333783	0.00224939428487358	0.00410794606338396
YIL089W	0.202230635606035	4.12517486359107	0.00883774639984246	0.0146290009239683
YIL090W	-0.0190921125770173	6.53025289957602	0.787888998636792	0.823646089341748
YIL091C	-0.857816821116414	7.13704201119654	7.31662865689223e-10	2.99642857528856e-09
YIL092W	-0.606701238923747	4.97522488183747	9.13308853634102e-11	4.10374650825727e-10
YIL093C	-0.705067619901942	6.59303024464615	5.34510303062714e-11	2.46243367204064e-10
YIL094C	-0.424971698732069	10.294901940607	0.00459834274669718	0.00798303106934549
YIL095W	0.226644943748742	6.4839311749319	0.000587163630893663	0.00117393673060615
YIL096C	-0.992966189000318	5.96785378904838	3.77584290417392e-07	1.1695191931939e-06
YIL097W	1.06782300395199	5.34814038498891	1.46007168222686e-20	1.25939038070988e-19
YIL098C	-0.35782169764869	5.18656368066791	0.000430445730376045	0.000878424891724637
YIL099W	0.693906923939639	2.79289828960791	1.44369981202508e-05	3.6468585167625e-05
YIL101C	1.56332314428757	5.01745806111471	3.48363558974342e-70	1.17003447852164e-68
YIL102C-A	0.5614196083551	3.81816505665253	5.10230542345002e-08	1.72525647951527e-07
YIL103W	-0.354778205401479	6.48902559347395	0.00280398554959504	0.00503361036851759
YIL104C	-0.453982902406861	5.81925032364373	9.16244880366438e-05	0.000206541590579791
YIL105C	1.47907848308059	6.9390827622575	6.39508296510082e-124	4.68868765685196e-122
YIL106W	0.152797847557994	6.58782883342306	0.343752458162472	0.404430485024028
YIL107C	0.441057597679507	5.91762010768722	1.46127576491165e-05	3.68970596331325e-05
YIL108W	1.91632756235137	7.58631566469936	3.38626181543887e-35	5.35742264063644e-34
YIL109C	0.356796088661849	8.79102511225616	2.33356427652152e-12	1.19602629415579e-11
YIL110W	-0.262597143766212	6.41131417440029	0.00264501095442016	0.00476387233612163
YIL111W	2.09891442399268	4.27564634333736	2.46598312247818e-62	7.48762148097921e-61
YIL112W	-0.224757285485337	6.77589950519961	0.000113484669918402	0.000252786156187267
YIL113W	0.499330948703712	2.85828504919895	0.0005495373235256	0.00110384844271163
YIL114C	-0.415380233043915	5.12993403197056	1.28732025275254e-07	4.19250777873688e-07
YIL115C	-0.261275830452147	7.3231533667252	0.000287140800087929	0.000602124342563176
YIL116W	0.169295000903174	9.40070091997324	0.0219382205715704	0.0336289092494343
YIL117C	2.05672123166692	7.01853655356235	3.19750851294383e-31	4.49145354668653e-30
YIL118W	-0.895170005446739	7.27821412803717	2.36760774128142e-20	2.02764355278973e-19
YIL119C	-3.57357034964863	6.27747221168814	1.11752732375754e-70	3.77447992720805e-69
YIL120W	0.00488397913905987	4.77903460864457	0.969944481052642	0.977914844891578
YIL121W	-0.00260946419968818	4.19330159596834	1	1
YIL122W	0.642855106336979	5.52911374392788	0.000114191377148425	0.000253983928751879
YIL123W	-0.683547944418742	8.478772683341	0.00541800143946127	0.00929065164119827
YIL124W	0.149834703382174	6.24954097286187	0.217671592095833	0.269212427829695
YIL125W	0.329342481497954	8.12355736792759	7.41466218815709e-07	2.19590882143844e-06
YIL126W	-0.52421770852234	7.72162573938058	5.70986898493135e-11	2.62444436830331e-10
YIL127C	-1.40192043374519	6.49095631073456	3.26816877618795e-18	2.5190039336464e-17
YIL128W	-0.287694875739554	6.9100343106217	0.000143121756784245	0.000313426987471016
YIL129C	0.0190012073528505	6.33026217845683	0.736858480382738	0.777055461157871
YIL130W	-0.675170551774814	6.87339428108158	1.24502933039456e-20	1.08322957081506e-19
YIL131C	-1.22761493927154	7.00861825041035	8.62569594669055e-05	0.000195100391390156
YIL132C	-0.438909755537748	3.51922027326402	0.074220610544174	0.102272360896533
YIL133C	-0.50713678116245	9.52648515734931	1.23539885177028e-06	3.56563509209934e-06
YIL134W	-0.494839517429288	5.78145001532679	5.1550626527684e-14	3.04741756818521e-13
YIL135C	0.258822924238323	7.24049708520137	3.26801653526413e-05	7.87467551503324e-05
YIL136W	2.06715168714724	6.7410214010009	1.1419351719761e-39	2.02516644658416e-38
YIL137C	0.192381896066331	7.4469857647398	0.00148542506372499	0.00279598480999206
YIL138C	-0.604531172836298	7.64406346752462	3.77524222629734e-15	2.42746056304809e-14
YIL139C	0.185288462639356	4.9070170909954	0.0214585228448127	0.0329523982996204
YIL140W	-0.195942799191193	7.06796359632716	0.757205591641627	0.795581967310287
YIL141W	-0.00757406950922125	2.63387669598705	1	1
YIL142W	-0.316786562423979	8.59270885078578	3.40499953562001e-07	1.06176645270474e-06
YIL143C	-0.171376543565594	7.16393880058659	0.017228332821696	0.0269801346506997
YIL144W	-0.161281821922521	6.36042541631645	0.0833545343914617	0.113660118113284
YIL145C	0.114740075970388	6.78665629229389	0.0775265612681491	0.106364602086744
YIL146C	0.351681315974928	4.97276713777364	1.89219069084566e-05	4.71049707385678e-05
YIL147C	-0.181383341441441	6.57059286865196	0.0402159844205526	0.058485364861239
YIL148W	0.0231768524397499	10.0220813683941	0.73471527359242	0.775203268662272
YIL149C	-0.768012037470379	7.04196209885271	5.47327286051371e-21	4.81776228951807e-20
YIL150C	-0.130283733443295	4.19425776979094	0.114456835918814	0.151433648227093
YIL151C	0.119368454991363	6.41402657007105	0.0485126225712209	0.0693432921774085
YIL152W	0.646602523905588	4.80382912008036	1.48393693865752e-14	9.187877317414e-14
YIL153W	0.956261395661858	6.22753642408671	2.33568777829444e-55	5.97538507366221e-54
YIL154C	0.492838903087101	6.5178690587423	1.66951566682097e-07	5.39340579738189e-07
YIL155C	1.94992766017281	6.98326270070466	9.74442789989693e-40	1.73838280516856e-38
YIL156W	0.0274519735276324	6.03215447695302	0.807188998452569	0.840595753599679
YIL156W-B	0.268095513827054	4.65096958524221	0.000837222951278502	0.00163421570879427
YIL157C	0.255754037694911	6.05452973520323	0.00743388435574261	0.0124595798011499
YIL158W	-2.45759479003616	5.8811232004623	3.10398017119109e-23	3.1153804322539e-22
YIL159W	-0.53294407668386	5.20838225188646	0.000766413907392438	0.00150528598864533
YIL160C	1.26794278139691	3.84575521454807	2.68141379608477e-29	3.45196140086973e-28
YIL161W	-0.392782909056122	5.51634384762569	6.39822062760734e-08	2.13938278160041e-07
YIL162W	2.42430029696279	7.74276630378198	9.59565099515995e-156	1.03016167469467e-153
YIL163C	0.856336179177444	2.47737285132864	1.02288078224597e-08	3.72249350052226e-08
YIL164C	1.77745106327637	5.77821750000919	4.43651945690619e-105	2.29934094611379e-103
YIL165C	1.78865872391876	5.21501304817559	1.5410613760631e-166	1.81663941037085e-164
YIL166C	0.187241919486892	4.5109772635296	0.139928381641934	0.181421054654154
YIL167W	0.252954551961062	3.12240576262812	0.101585570344148	0.136020589957465
YIL168W	0.632792487472997	3.90716028765499	2.7150896203353e-05	6.63811256504913e-05
YIL169C	-1.66649754571202	7.87293755849665	1.02058465856454e-09	4.13182152679464e-09
YIL170W	-0.0949227120713231	3.30732239394936	0.461317358806691	0.523883634519423
YIL171W	0.016881517118732	1.57797898151463	0.979374279295158	0.985439023786191
YIL173W	-0.228987205278375	0.820024114502216	0.504944605573336	0.564156656514941
YIR001C	-0.00495291538836425	6.83763325998601	0.962593055522593	0.972473373371129
YIR002C	-0.238628531532532	6.56428567905308	0.00043745415851285	0.000890611039952338
YIR003W	0.119393180999249	7.22515973798264	0.0282287805665168	0.0422272776227666
YIR004W	-0.662079918138133	7.37645019754682	1.93768465178444e-25	2.12579564352702e-24
YIR005W	0.666466274652824	5.37659020961307	1.2983386439701e-09	5.17956995855887e-09
YIR006C	0.0531365247449022	8.169207614018	0.449318584016487	0.511610478618773
YIR007W	0.38320371544501	5.56822552388152	2.56222093179956e-09	9.97027329577926e-09
YIR008C	-0.453571566830509	6.01216201323626	2.85383679874433e-05	6.9599409040998e-05
YIR009W	-0.140130021896714	4.73323086908909	0.215551278775928	0.267029525654415
YIR010W	-0.683941848187064	6.16117599778069	3.08711197401957e-05	7.47471493669178e-05
YIR011C	0.313629801306115	6.78383353463815	9.72895305816349e-07	2.84486701292212e-06
YIR012W	-0.306542436264843	7.58190902068135	5.76786406654425e-05	0.000133937422819869
YIR014W	0.842164789599645	3.32870253494668	3.76349986861514e-15	2.42250120022636e-14
YIR015W	0.114981118513251	4.56744882592131	0.317369632358435	0.37685684964229
YIR016W	1.06918460535866	4.8317842973415	1.02566038316003e-36	1.68938910234468e-35
YIR017C	1.06808944313413	2.32342956773604	1.64600775870297e-05	4.124001677434e-05
YIR018C-A	0.129221696428081	3.83620591615879	0.357249096920323	0.417759860289176
YIR018W	0.356583814227294	5.63185962912821	0.0036036369704827	0.00636272113554831
YIR019C	-1.00944465941309	4.30459702607109	5.19772200687308e-11	2.39821217999393e-10
YIR021W	-0.630328147674478	4.05176044049287	1.35021716203527e-05	3.42800066645102e-05
YIR022W	0.114305553937289	6.49808119912692	0.0739097598689187	0.101937480232149
YIR023W	-0.58895511458866	6.4032027009833	1.99498253070805e-16	1.40607678483198e-15
YIR024C	0.518948427909944	5.36074254821291	2.52621663743945e-10	1.09028100676856e-09
YIR025W	0.573866188584376	5.20506293631453	6.46362078953875e-16	4.39584707994422e-15
YIR026C	-0.344925541431685	6.61733834917226	0.0619459042935595	0.08668965936054
YIR027C	0.0769863522768233	3.86614625161238	0.455866535707061	0.518477036070914
YIR028W	-0.209679410498707	4.14670811588035	0.0240145496386772	0.0365322551689594
YIR029W	0.307848073332167	4.00572417409156	0.0103302604156658	0.0168902707693725
YIR030C	-1.27133951669279	4.82968822037296	7.76047736182275e-16	5.23636250272485e-15
YIR031C	0.281911299798911	5.30361057679924	0.000225389189849927	0.000479999932475297
YIR032C	-0.276649415642354	2.98791839476954	0.13833465134237	0.179587113770315
YIR033W	-0.255204683611804	6.56493175942582	5.91604360371986e-05	0.000137272304691485
YIR034C	-0.255740331685687	9.89636413612019	0.0897063216207917	0.121549336394906
YIR035C	-0.0535598155908361	6.43186194473517	0.621593495005814	0.674187279807857
YIR036C	0.805899666143016	4.65360017506892	6.65552570534524e-13	3.59829321407694e-12
YIR037W	0.599873906608919	6.91564405307011	1.26640354810897e-13	7.24416568147586e-13
YIR038C	0.62921182339581	5.29945980348668	3.9284347057683e-08	1.34344422361087e-07
YIR039C	1.12254711516	4.98448065071707	1.36297634262608e-20	1.18242622970678e-19
YIR042C	0.262383912774633	5.07093442475005	0.000917140151472417	0.0017769405706259
YIR043C	0.1278813646007	3.72848741421827	0.264741398254834	0.320107321645286
YIR044C	0.718055446367489	1.67077540899202	3.34434342093725e-05	8.0424770586699e-05
YJL001W	0.101730095629894	8.03092591829662	0.145173433576257	0.187417795001465
YJL002C	-0.136900752059064	8.7651829155454	0.136096156194949	0.176935481006908
YJL003W	0.383857729360815	4.60613878122039	2.78851197181882e-06	7.68789529310526e-06
YJL004C	0.333833919573515	5.53823846094818	5.6843299634021e-07	1.71643353791931e-06
YJL005W	0.434507133522452	6.63845401715328	6.96956730575228e-07	2.07533623784957e-06
YJL006C	0.0456891258714299	5.53883982905345	0.674513266475795	0.722075099368319
YJL008C	-0.262601407376611	8.59850046786978	3.49788623574166e-05	8.39157703482797e-05
YJL009W	-0.141650064130385	2.87957211416265	0.2831224316991	0.339882599715453
YJL010C	-0.687300873837339	6.95041280083892	5.93425692209679e-09	2.22285063025831e-08
YJL011C	-0.508510444166667	5.15567652460237	0.0108616228154123	0.0176629906319337
YJL012C	-0.0737231062308382	7.66483749080688	0.240396017368866	0.293752206589761
YJL013C	-0.536991788646536	6.28527237846788	2.37710449112806e-07	7.54518283984859e-07
YJL014W	-0.218956412722426	9.09651041428246	0.0025585454065436	0.0046252932260988
YJL016W	1.10154464614078	6.00081641854744	7.59944129584046e-28	9.17426527521944e-27
YJL019W	-0.636423670374654	6.03281229445901	0.000201032009987673	0.000429955334061148
YJL020C	0.651127339191045	7.81716055488021	3.02083075239131e-11	1.41663295502157e-10
YJL023C	0.631167630307762	4.2585097953403	6.93425102941987e-15	4.39754400726501e-14
YJL024C	-0.0970124674241608	6.40689561608791	0.135987300800358	0.176845263338039
YJL025W	-0.603415344909051	5.55824143541741	2.37826371947989e-07	7.54518283984859e-07
YJL026W	0.50740567063085	7.5922639961193	2.74793331886504e-08	9.54394864992295e-08
YJL029C	-0.123207781300357	7.04586850033232	0.101620128974973	0.136036565441446
YJL030W	0.193651905803171	5.57191218162007	0.0159517873135019	0.0251645618810741
YJL031C	0.546879537520754	6.1263041201678	8.73099083134329e-13	4.66584150026986e-12
YJL033W	-0.843715204280354	7.29723944290681	2.43889671529724e-05	5.99454090448366e-05
YJL034W	0.137888087805108	9.72155440579184	0.37469524862708	0.435887738921441
YJL035C	-0.404433435685823	4.52682565389608	0.0059077341734451	0.0100359700058638
YJL036W	0.249723625508804	6.91620231852731	0.000377201115951327	0.000776355052755692
YJL037W	1.06219469447666	2.18896355853428	3.55059311341698e-14	2.14318933713483e-13
YJL038C	-0.574666412328545	2.32748486996626	0.000322532808728151	0.00067188747265199
YJL039C	-0.187704715214095	7.0085192183793	0.0114626428891232	0.0185900752763444
YJL041W	-0.337122585254331	7.59331043740792	3.90600251642238e-11	1.81615523037365e-10
YJL042W	0.89623934927879	7.15989778275803	3.19282422942452e-10	1.35751479966763e-09
YJL043W	-0.436339558709766	0.844126902804537	0.115350987231095	0.152507213628538
YJL044C	-0.112258229406654	6.64753944238859	0.207079639720058	0.257809648787945
YJL045W	0.326672812464575	4.05292318557175	0.000832857545524709	0.00162622265790664
YJL046W	-0.174901249987825	6.39058881914862	0.056261979960873	0.079494012579264
YJL047C	0.219496320072216	5.87873928400409	0.0160929072119436	0.0253577038902848
YJL048C	1.28856103026391	7.08006930662917	9.82301419630482e-26	1.08959338280783e-24
YJL049W	-0.384074813100654	6.00147197602162	4.87615849837731e-09	1.84142367413595e-08
YJL050W	-0.958879556246071	7.58026447832365	1.07879125516842e-08	3.91648129593751e-08
YJL051W	-1.87124861085067	6.67893218924751	2.31038366833785e-14	1.41590485362356e-13
YJL052W	4.04676690205791	7.16217914986827	1.12033470974467e-55	2.89075204934977e-54
YJL053W	0.167307266712624	6.38142950875398	0.0194258435865417	0.0301000442377033
YJL054W	-0.123653892221248	7.34764010441576	0.0454281502310747	0.0652446343022506
YJL055W	-0.341517159679424	7.940119030598	2.23512153291753e-05	5.51623590143685e-05
YJL056C	-0.821582516156265	7.31488547734998	3.72220968545536e-06	1.00983414390603e-05
YJL057C	1.63118356753557	6.09906745535041	6.91573289979898e-82	2.75346928434381e-80
YJL058C	0.318066187771691	5.37718341950658	7.14752404514009e-05	0.000163886020440054
YJL059W	-0.243805257030719	4.54728451936408	0.0119048186687049	0.0192138979426185
YJL060W	1.17542281257439	8.46133699279853	1.71852602212196e-14	1.06075754055413e-13
YJL061W	-0.202566808887564	6.88193783160338	0.011720461534679	0.0189519673874369
YJL062W	-0.116633971777919	6.52821527150254	0.0959518642672871	0.12928341729604
YJL062W-A	0.140114932768414	5.36981622169146	0.181133147997691	0.228823804530809
YJL063C	-0.330348101433084	6.88738391697862	0.00418883108757643	0.00731221036542088
YJL065C	0.137171415971608	4.34310068352114	0.0919569108211077	0.124430553197502
YJL066C	1.0200237677156	5.14794576074224	1.70126081159402e-10	7.47659356674213e-10
YJL067W	0.894701300146049	1.43662730069099	0.000506400402298711	0.00102163732168451
YJL068C	0.380882717980773	6.82619610261571	1.08142013848847e-05	2.77841789427038e-05
YJL069C	-0.622625077847401	7.24487944504845	4.00344801059017e-07	1.23556105953122e-06
YJL070C	0.928908502203738	5.88068718932004	5.55382415180387e-13	3.01350097478745e-12
YJL071W	0.0877672724367062	6.94587315855592	0.226563046751393	0.278666235955354
YJL072C	0.00723759860184118	5.94482921900495	0.887830460580183	0.908533911320521
YJL073W	-0.36105960143495	6.3512357468206	0.0733491175966165	0.101257151547843
YJL074C	-1.73431867781808	6.1320334373603	1.59503632406129e-05	4.00390746566032e-05
YJL075C	-1.25912560636676	1.04710517699593	5.84758201044274e-06	1.54666357442946e-05
YJL076W	-0.778589679296811	7.92218969266695	1.41325652375606e-36	2.32144760131733e-35
YJL077C	0.231680164501311	4.79202667968531	0.274425807559431	0.330829748355183
YJL077W-B	0.225512559666255	1.98962373044467	0.271313603028726	0.327340433756513
YJL078C	-1.28061136961147	7.53314276574406	0.00243998186510464	0.0044344531357343
YJL079C	-0.668301533756864	6.86828617715549	0.0534119393221367	0.0758056135988399
YJL080C	-0.169452812978767	8.56467519183193	0.0508668793924547	0.0724157421045318
YJL081C	-0.206380164622164	7.24416742736238	0.000692114402532103	0.00136874729869178
YJL082W	1.38465484273199	6.92840258963814	7.38589853368273e-21	6.46346753777301e-20
YJL083W	0.727399338694938	4.74133872739017	7.07597817525309e-14	4.12216868116488e-13
YJL084C	0.186245002497084	6.19076489698127	0.0460355507642404	0.0660381129073284
YJL085W	0.0187280218275189	6.48247595340301	0.841807018008117	0.870774912640192
YJL086C	-0.864491224057043	0.623535095106555	0.0139552833186103	0.0222249439235723
YJL087C	-0.452679064190644	5.93852149453577	3.14369148442333e-07	9.83344079310772e-07
YJL088W	-1.08827929408972	9.87354880675089	1.8478442935599e-11	8.85198397839212e-11
YJL089W	0.7392945286851	4.45655629597729	3.22393333260829e-09	1.24006955826238e-08
YJL090C	-0.462299609864099	6.25474010244407	4.69569951565197e-05	0.000110708021521959
YJL091C	-0.200726791247268	6.09337862003426	0.145036043167227	0.187356401272319
YJL092W	-1.40702900289302	6.17273518176535	7.26055873008273e-11	3.29935593992875e-10
YJL093C	0.216012727459683	6.36231824582446	0.00100163780454352	0.00193193663167008
YJL094C	1.29279336918414	6.95212799863817	1.03518108647948e-60	3.05073955486011e-59
YJL095W	-0.566408315097094	5.81135660266804	9.37134022851638e-09	3.42287347836212e-08
YJL096W	-0.237444998761355	6.51101798803852	0.00862337322681523	0.0142859520087113
YJL097W	-0.194840732962678	6.56568980071583	0.108988362277843	0.14506044587434
YJL098W	-1.2476925352532	6.99175275197821	1.53478289426058e-13	8.68025847628845e-13
YJL099W	-0.159267788235213	6.13171078008318	0.148780240434949	0.191657768479733
YJL100W	0.276962344858068	6.34797244649305	4.57878503741354e-05	0.000108419281783892
YJL101C	0.81789107408936	8.27638421798557	1.52815227152341e-12	7.96122309913238e-12
YJL102W	-0.406287890607985	6.50719609614795	0.00905448754961627	0.0149548294363442
YJL103C	1.22066112011496	5.85327700578723	1.42820257241571e-19	1.16662416648958e-18
YJL104W	-0.526933733917403	7.11122328195207	3.79683513075937e-11	1.76813112363481e-10
YJL105W	-0.379956022106821	4.89640012398653	0.000586384325166475	0.00117276865033295
YJL106W	1.88695104690287	4.82335817050326	2.02106576242692e-25	2.20519915856818e-24
YJL107C	4.29917717164755	8.52699963545737	1.79833382871715e-90	8.06834550615484e-89
YJL108C	4.29183579930643	8.051386448296	2.60881851848546e-84	1.09679838693249e-82
YJL109C	-0.441707772238792	7.56203370338499	0.000734809329882696	0.00144746844405464
YJL110C	0.121405006062936	6.64182457559539	0.128806755747177	0.168235110917233
YJL111W	-0.251313040149737	8.95776197856768	0.000626106254503806	0.00124599496924094
YJL112W	-0.592506810814845	6.81114765311899	2.2921883159683e-10	9.96430669240885e-10
YJL115W	-0.837683527411318	6.97265168106218	0.0249670669174419	0.0377995483021054
YJL116C	0.63960357749925	5.00022421292703	1.38525772598611e-09	5.50804857713524e-09
YJL117W	0.114675803049558	7.24279602804474	0.0583655121113366	0.0822149622336822
YJL118W	-0.611384298987288	3.98220501731934	0.000169633790490456	0.000367774377363368
YJL119C	-0.1145450560941	0.946378501580598	0.688121182542245	0.734810754785786
YJL121C	-0.0524490772246284	7.47271045574155	0.369702228786952	0.430829579272563
YJL122W	-1.51180938520543	7.09810298621948	3.19819004203986e-15	2.07640588906519e-14
YJL123C	-0.0499966614457579	7.69225108290517	0.623187746197136	0.675672629420592
YJL124C	-0.485053624697053	7.09628397903931	2.89397441728303e-14	1.75920871554151e-13
YJL125C	-0.48865542953677	6.81822252953471	0.00271397693446592	0.00487931499103143
YJL126W	0.0534935817420895	4.71304918044393	0.546291561490435	0.604287924136245
YJL127C	-0.291907500551967	5.72422751478241	6.51465741475957e-06	1.71555498806546e-05
YJL127C-B	0.65993771528889	5.47423515771711	2.35889061520581e-22	2.28000809945617e-21
YJL127W-A	0.318194827916901	3.34948691782209	0.00529511217634401	0.00909029537526561
YJL128C	-0.137742087352521	7.38200553818901	0.0705592742437069	0.0975850832190398
YJL129C	0.456773667313159	7.02634998038486	3.360973493396e-10	1.42196851810674e-09
YJL130C	-0.369975889466721	9.38127376574991	0.000969626104138832	0.00187319798781576
YJL131C	-0.194961559978768	5.57738708032258	0.0142139229985322	0.0226188737605018
YJL132W	0.131831133547526	4.96902971394178	0.468138670741436	0.530327810155928
YJL133C-A	-0.0746610155312198	7.71109981014717	0.545557519210719	0.60358700874031
YJL133W	-0.148445201116695	6.39755519433439	0.0119453981423013	0.0192742172924088
YJL134W	-0.314267001531546	6.2279477861711	0.0353536178611071	0.051941825655175
YJL136C	-0.0621111162915631	9.56346428728239	0.521010112325671	0.579843168326903
YJL137C	-0.0648254937910919	5.45042467002098	0.708689926796921	0.752630955644425
YJL138C	-0.195034084553713	8.53681415950076	0.0404093324027734	0.0587381301754047
YJL139C	0.837020036007568	6.47458642132756	1.10743023496759e-55	2.86977179854531e-54
YJL140W	-0.373934778048464	7.74899995430974	7.15521374587172e-12	3.54926939275419e-11
YJL141C	1.40829935637886	7.01295108577404	6.72595769603709e-31	9.31715614483295e-30
YJL142C	-0.375453621338103	2.33125441241826	0.0218276433337707	0.0334679397405329
YJL143W	-0.308303167179356	7.53960303749333	1.17113848142634e-07	3.83073152901804e-07
YJL144W	2.76343125382273	4.51875005561129	3.71533457243547e-50	8.65759358507056e-49
YJL145W	-0.217550675706232	7.11447266415852	0.0204925701442937	0.0316144038253769
YJL146W	0.0813507761285625	5.85592273494403	0.292102089576912	0.349545732988932
YJL147C	-0.120505947747208	4.78398498133097	0.157285983371322	0.20140646049593
YJL148W	-0.881600237666097	7.39818345290367	1.67526237227985e-09	6.61739644030646e-09
YJL149W	-0.16913979660346	6.92503748792913	0.299709203705693	0.357865289509162
YJL151C	0.560765255037356	6.64603379117028	3.60850577300094e-22	3.44354550909232e-21
YJL152W	0.218271821734231	0.883557192870313	0.419650110982003	0.481568327395267
YJL153C	0.740968687725874	4.21130826676803	1.13255799997537e-14	7.08526399152127e-14
YJL154C	0.595099445678933	7.15163509529205	1.27881791906666e-15	8.50470501043007e-15
YJL155C	0.772018166001334	6.14125166586322	2.15529399763634e-08	7.56428926666066e-08
YJL156C	0.0981509865493929	6.77192557552741	0.260176439338073	0.315041440745317
YJL156W-A	0.565282154134362	3.02903418412428	1.78263421244846e-06	5.04101452739423e-06
YJL157C	0.330349202961953	7.11546178257602	0.29289440890411	0.350284699886913
YJL158C	-0.738087490011745	8.91767505568165	0.000801050381377471	0.00156768062918013
YJL159W	-0.299860648449152	10.9047987812521	0.501222717467433	0.56072775910201
YJL160C	-0.0798476598864183	2.57454815489032	0.798624998637229	0.832408719106627
YJL161W	1.02718196822218	2.90560610878315	2.32520278517235e-11	1.1033243207937e-10
YJL162C	-0.379089268269359	5.18804441011526	7.54474210720705e-06	1.97384636851735e-05
YJL163C	1.74031643600046	4.86046219786106	9.82333117985331e-31	1.35143860533817e-29
YJL164C	1.63445295303463	4.43352958482452	9.8466494481208e-19	7.73830803687611e-18
YJL165C	1.67404363177309	6.96512645825495	2.76064690089785e-126	2.1278216882305e-124
YJL166W	0.464841322290697	7.54945846859322	1.0597291045365e-05	2.7261837297704e-05
YJL167W	0.14395179880974	9.54331628334658	0.0290134268564091	0.0432503650534915
YJL168C	-0.76436726870369	6.5547028023967	1.59255445486481e-26	1.83770391221636e-25
YJL169W	0.53826866304959	1.00284968372079	0.0407396823120552	0.0591611038792453
YJL170C	4.96935196833405	5.52081610479001	1.08627669570344e-213	1.8659129984483e-211
YJL171C	2.37947099539974	7.08511132350138	9.76212273615367e-192	1.33386095203991e-189
YJL172W	0.493855921619849	6.51162161140467	0.00220861254363149	0.00403960408041147
YJL173C	-0.780328575503302	5.89970410795594	7.24228800790684e-05	0.000165869087632518
YJL174W	0.146464225339162	8.02187534069052	0.0240676170507915	0.0366037221627519
YJL176C	-0.512221593339152	6.71887605328174	2.7256447823971e-09	1.05515624158219e-08
YJL177W	-0.293511675428595	9.39374446255718	2.87239845644223e-05	6.99994305639671e-05
YJL178C	-0.0883491319546141	6.92892782344274	0.219864915746075	0.271366839142969
YJL179W	-0.466652228285537	6.23216213542585	6.41529007708748e-13	3.47153230814131e-12
YJL180C	-0.345299646203401	5.97983257516155	0.000350896773277645	0.000724945498606599
YJL181W	-0.711295518201937	4.82488662020894	0.0281875432954559	0.0421760851897165
YJL183W	-0.628914443360113	7.14082017653812	9.39893749227981e-07	2.75238247460235e-06
YJL184W	-0.334032731460431	5.89626250270472	3.24252636708773e-06	8.8892241308397e-06
YJL185C	0.83240532968526	4.31816872322837	2.84430678092486e-19	2.2952983042846e-18
YJL186W	0.163438148368497	6.7881237153057	0.214851839947505	0.266272781233643
YJL187C	-1.18327481679414	6.61606840259029	0.00967588802857539	0.0158851553325492
YJL188C	0.347627243675837	5.7830565764963	0.000289873727953494	0.000607008308065625
YJL189W	-0.166117277317265	3.15954886822553	0.387710676755149	0.448598265714387
YJL190C	-0.301638424292443	9.53226466598523	0.00251278646333508	0.00455437811804959
YJL191W	-0.547370653687371	8.07538575855096	0.000165154061272844	0.000358579348635732
YJL192C	0.059287523369721	7.68429738297569	0.268071723584645	0.323688933960812
YJL193W	-0.413406376311948	5.20251868457967	0.00100281617768961	0.00193358911490376
YJL194W	-1.70868821243188	5.04641235773418	2.56476530735942e-13	1.42508031680636e-12
YJL196C	-0.995095828510102	7.55762212541765	1.17932498371784e-09	4.73620694863839e-09
YJL197W	-0.220786396896484	6.59376931399428	0.0001995088089134	0.000427610324130966
YJL198W	0.048730061422734	6.63149159214731	0.703750364651825	0.748310433725994
YJL199C	0.683696248777451	3.63134545029868	1.20388893200943e-06	3.48137578607057e-06
YJL200C	-0.688248566272289	10.2011195056192	9.41091818516933e-08	3.10870550160648e-07
YJL201W	-0.223097684924952	6.5413384696664	0.0264177898240123	0.0397456837892798
YJL202C	-0.312037346084607	1.26329847242862	0.208854931422094	0.259536140493929
YJL203W	-0.131215116808919	5.20819632426554	0.135286979849817	0.176048771181191
YJL204C	-0.272392081608043	5.5927638478058	0.00117419110886184	0.00224744888458369
YJL205C	-0.0811616395297843	4.5188986476174	0.357204514224813	0.417759860289176
YJL206C	1.44910325402805	5.52464880784905	1.17121688082222e-108	6.45995952981946e-107
YJL207C	-0.213966119095934	6.46473722929036	9.37011984606959e-05	0.00021090662865807
YJL208C	-0.734384570069349	6.76889232509279	3.62358533035822e-14	2.18505466460518e-13
YJL209W	-0.27939984492461	5.89199418460862	1.18836803288291e-06	3.44145886979385e-06
YJL210W	0.466506074956461	4.77485921134011	1.00593343840087e-07	3.31379278447452e-07
YJL211C	-0.0593917117072402	2.07990865228005	0.693769599854835	0.739709321306124
YJL212C	2.28931223816343	6.15579778298318	3.19038112812909e-94	1.46416575132153e-92
YJL213W	2.61248970690162	7.43306769097292	2.63314600032597e-79	1.02132088735224e-77
YJL214W	0.578151326241229	3.90399406641018	1.12899287345375e-07	3.69689823268188e-07
YJL215C	-0.0544062244712521	1.52700510746928	0.818580933462046	0.850554540610754
YJL216C	0.752763832419396	3.341653658343	5.85805190108827e-08	1.97082305704212e-07
YJL217W	0.203903854122363	6.51534514261686	0.368861508695145	0.430016558129767
YJL218W	0.00511398648446974	4.07555696979511	0.971699659280028	0.979296372574968
YJL219W	0.534913538932163	3.50717031035281	4.44472116002108e-06	1.19399748052041e-05
YJL222W	0.0587452226399561	1.14319806609999	0.841472223621131	0.870578387267294
YJL225C	-0.428781002074256	1.90162351169632	0.165997692889003	0.211341371356356
YJR001W	-0.30593614142667	7.75633100095509	0.000897139384480867	0.00174155698401646
YJR002W	-0.375677083912328	7.44984877187905	0.00393742666099596	0.00690140206586231
YJR003C	-1.06452930369017	6.54694013187629	2.2120632819389e-20	1.89713615563718e-19
YJR004C	-0.210823222488645	5.75911975843159	0.0162975544275782	0.025649449533665
YJR005C-A	-1.71457138951159	1.25555790725576	0.00418615237487327	0.00730965671732154
YJR005W	0.0199449259439699	6.7187257661759	0.728844348913108	0.7697810903709
YJR006W	-0.70711794222925	6.86441451768303	1.09250463238786e-07	3.5832721494358e-07
YJR007W	-0.060984470977346	8.19714009963665	0.516450919354455	0.575408251882688
YJR008W	1.97099067822384	5.27521920359165	8.19146170582029e-50	1.87965907539662e-48
YJR009C	0.183721126789645	12.0808167079884	0.198563699064877	0.248545692021245
YJR010C-A	-0.15068592432167	4.67958599651153	0.0840738150880185	0.114536998937042
YJR010W	0.094779064907378	10.7170823883655	0.649124529973325	0.699881039131928
YJR011C	0.18759128976953	4.28454313297962	0.0410735713012627	0.0595883954303068
YJR012C	0.0154916359111956	4.70371289520334	0.827652440092269	0.858052503851478
YJR013W	-0.232963729794871	5.80255151781918	0.00443776801406005	0.00772389973557273
YJR014W	-0.357062445545182	7.60575361438601	5.41687849768497e-07	1.63896696165486e-06
YJR015W	-0.0566942981162959	7.45058355755929	0.384889920735876	0.445849364829304
YJR016C	-0.246395426382631	10.1542091029119	0.000280309338107782	0.000588209333579053
YJR017C	0.157010764847271	5.36274849498146	0.0827964010726163	0.112950297991507
YJR019C	0.958534955363157	5.24639642217485	6.5239214843815e-33	9.58968605479255e-32
YJR021C	0.188724001405552	4.77042672066665	0.0353667056532904	0.0519483592444617
YJR024C	-0.422436004954402	6.3869351013252	4.1015630613123e-14	2.45115279568684e-13
YJR025C	1.28499479131457	8.08583466291229	4.42374243287013e-31	6.18500918753843e-30
YJR027W	0.825888371310536	5.69087274991776	2.43501969578885e-16	1.71020308540685e-15
YJR030C	-1.14260631797556	5.86314080903647	0.0169208641686969	0.0265539638168117
YJR031C	-0.925570610818006	6.2050200088229	3.76706802733245e-20	3.16307443859256e-19
YJR032W	-0.253203969641366	6.61635051018562	3.09807140319008e-06	8.51557309083916e-06
YJR033C	0.618267121143248	6.08982073619892	2.7188590485431e-08	9.44842809239372e-08
YJR034W	0.315323771246932	4.38020636793731	0.000205546896385567	0.00043939888526947
YJR035W	0.457949577601966	5.95015585096467	9.55778345348001e-05	0.000214808949989988
YJR036C	0.925929677901553	4.05013635701005	3.56242340053277e-13	1.96488894348652e-12
YJR039W	0.799552455817996	5.35648920565827	7.70482581729466e-11	3.49331921671007e-10
YJR040W	0.278883012097509	6.13083847265793	0.00187794235884245	0.00348032967366239
YJR041C	-0.713699107266803	6.63664057808496	2.98385425865642e-13	1.65488300766074e-12
YJR042W	-0.308689049396054	7.7884482864676	1.24114984687959e-08	4.46279478435412e-08
YJR043C	-0.77679200107244	6.46141452173271	5.08929589794474e-07	1.54999224612177e-06
YJR044C	0.194172473843192	6.92434194205256	0.00181598878982161	0.00337174941457923
YJR045C	-0.201642176024937	10.2502152707735	0.117652546930635	0.154911763501309
YJR046W	0.0605463224692034	6.4851038615915	0.678113996047951	0.725671296589583
YJR048W	-0.472511399386872	9.02347263072711	1.30206281300752e-05	3.30993726503222e-05
YJR049C	-0.0346357086473217	5.9413968948125	0.541319700441559	0.599339602035848
YJR050W	-0.205408794748632	4.89556538314933	0.00914193213728597	0.0150868229506899
YJR051W	0.456576974834087	6.1501258182496	3.52219511366069e-13	1.94448457514491e-12
YJR052W	0.25165348083714	5.89789041851929	0.000319491131789748	0.000666243733721805
YJR053W	-0.79815047560024	4.42315270181248	0.000423664780995004	0.000865762292094482
YJR054W	0.00760798442558966	5.89148950548759	0.949751997299428	0.963047564136307
YJR055W	-0.0476116195352409	4.13551109343297	0.694389629184367	0.739927410609077
YJR056C	-0.215853921753107	5.07003723608416	0.00905872249735028	0.0149577148184757
YJR057W	-0.394641050964625	5.89699014061281	0.00375282743144409	0.00659900512367414
YJR058C	0.15375264532143	5.29250013126753	0.0253547316974246	0.0383189157780083
YJR059W	0.452539284491659	7.64351058928929	7.87459249808519e-05	0.000178851719299162
YJR060W	-0.271032034243958	6.22200233785144	0.00825415065488746	0.0137386361398625
YJR061W	-0.170080531974578	5.62075278129614	0.022160586009873	0.0339351612560765
YJR062C	0.344258767456933	6.23415859339139	6.46127132142279e-05	0.000149232282690718
YJR063W	-0.843396784115354	6.20089956665107	7.80010867987478e-13	4.18698690923278e-12
YJR064W	-0.473319654848906	8.56361606661343	1.18869810106702e-13	6.8191345263501e-13
YJR065C	0.489669856143818	8.16823634477538	1.58838572816541e-10	7.01644011589306e-10
YJR066W	0.276503838123112	6.08424560516301	3.69786840435194e-05	8.83959636062181e-05
YJR067C	-0.622361145908538	4.91890158942787	3.82739623739332e-11	1.78098345040315e-10
YJR068W	-0.330321380110965	6.64911474314785	2.71619660657965e-07	8.5675624337654e-07
YJR069C	-0.504621674873895	6.65223584716191	3.94191365055242e-14	2.36514819033145e-13
YJR070C	-0.38810042227498	7.89485436806536	0.0330572872558045	0.0487963322269824
YJR071W	-0.323870695364062	3.73904256072672	0.0412708246209577	0.059813014532108
YJR072C	-0.265961815428309	7.54314678787751	0.00112492681720056	0.00215521351976092
YJR073C	0.428471422905672	7.45314055892189	0.0177656061408904	0.0277420322387098
YJR074W	-0.0438026611211458	6.53180968285354	0.662606510115158	0.711991124005778
YJR075W	-0.170754264541311	7.72180276575783	0.0448016050085348	0.0644679869103186
YJR076C	-0.420293131830112	7.86946079710764	0.00037936619998783	0.000780276973769017
YJR077C	-0.0430477418904934	8.93907712967898	0.694133006404592	0.739785079685234
YJR078W	0.938061904424964	6.77184797967406	2.08395356943726e-28	2.57263426272213e-27
YJR079W	0.75076025332604	1.54528520060328	7.89572742143135e-06	2.05672067840751e-05
YJR080C	-0.243010658773924	6.6489118528886	0.0015807918610295	0.00296250644280217
YJR082C	0.00262430234077444	6.0087826045952	0.974187025130365	0.981204958130969
YJR083C	-0.21709772234356	5.46586240106086	0.0377547622178127	0.0551806049068951
YJR084W	0.072003379158701	5.60960532519013	0.344473826254781	0.405041393202375
YJR085C	0.328401470637671	6.14789176941261	7.80386309846327e-05	0.000177446387851593
YJR086W	0.702541877047515	5.09615596177943	8.27134266870974e-18	6.31057260460444e-17
YJR087W	-0.0844385813781986	3.27991764610409	0.50436730080722	0.56361639636673
YJR088C	0.0965757499787373	6.19416357187609	0.234821611490503	0.287710777462793
YJR089W	-0.243200007539363	6.39796152484888	0.000659452142793804	0.00130673245961646
YJR090C	0.388722309341293	6.99723464955659	7.96866560357187e-09	2.93731561058701e-08
YJR091C	0.637652562402124	7.73349889779048	2.80995101501666e-19	2.27062170729572e-18
YJR092W	-1.86417147343107	7.43230409875858	2.50492572091393e-21	2.26801407140581e-20
YJR093C	0.0939594235460683	6.15006846168035	0.182004425061404	0.22982789402839
YJR094C	1.58146914107395	4.5228190515576	5.65238305037482e-24	5.81885734569408e-23
YJR094W-A	0.060060288356203	8.44278519415926	0.589806156464862	0.645650876304944
YJR095W	1.25140061374735	3.16710864408655	3.42690825301239e-23	3.42804865509326e-22
YJR096W	2.03588690244953	5.49290118935248	6.78407589109029e-171	8.32364576678261e-169
YJR097W	-0.54512553440686	5.81801151657478	6.03576290811259e-08	2.0272070728253e-07
YJR098C	-0.754029919852248	5.27761087626551	9.95531635959288e-14	5.72740305778683e-13
YJR099W	-0.0347052870647366	5.78276351981356	0.67572665403315	0.723245263316236
YJR100C	-0.00759041292271056	5.96268661892943	0.920530820616992	0.936417137708059
YJR101W	-0.263774009085579	6.13550913376929	0.00334112540907744	0.00593232308309911
YJR102C	0.15355763101861	5.62220871681225	0.0762007492542945	0.104670885504357
YJR103W	0.703408700995592	6.58289819470028	2.29738560873172e-42	4.35706065605524e-41
YJR104C	0.705752715549822	9.82921131559834	8.50165365594982e-13	4.54732578110056e-12
YJR105W	-0.0287735465228355	9.34474378540889	0.613461958733784	0.666931879910942
YJR106W	1.09412973083176	5.71074387295619	2.67758957819534e-72	9.25153364604045e-71
YJR107W	0.605289820488293	5.4380340633058	6.8536424039001e-16	4.6505754099602e-15
YJR108W	0.0732446284882442	1.76090788679156	0.715571041518108	0.75833123596102
YJR109C	0.405542990635562	10.2727258613435	3.99360683121093e-08	1.36417978802501e-07
YJR110W	0.434233365627398	5.96045088132319	3.71413802610367e-06	1.00809922406028e-05
YJR111C	0.127357924846458	6.21408677093356	0.126198104540108	0.165043072546254
YJR112W	-0.915598940834543	4.64702466658276	5.20801518199566e-06	1.3854242156707e-05
YJR112W-A	0.295455213654293	5.17567622795448	2.07297870735573e-05	5.13292750766995e-05
YJR113C	-0.160315715328275	5.9672701867561	0.068367229985098	0.0948273986909514
YJR115W	1.91495656362112	4.19240978980974	5.17732870986241e-47	1.10376241857067e-45
YJR116W	0.402136843957041	5.23830037394278	4.15915589032169e-06	1.12129350729211e-05
YJR117W	0.0479335178521811	8.21489844094049	0.514467603351939	0.573517380187624
YJR118C	-0.699055253009955	6.59894415921851	6.95076637279213e-10	2.85827684221794e-09
YJR119C	-0.0146928421775095	5.23904178124345	0.883713687669183	0.904937266269312
YJR120W	0.259650454242025	3.5911458057077	0.0742469835384317	0.102285257798591
YJR121W	-0.160482611171575	10.5193918331495	0.0618828674388574	0.0866216062962539
YJR122W	-0.331757584309083	6.36255802596133	9.76781734698092e-05	0.000219283487266801
YJR123W	-0.0726522751207091	11.6215446410966	0.412195878910096	0.474009491967769
YJR124C	-0.884654970183139	6.0461216283417	4.5814103750978e-11	2.12526536844815e-10
YJR125C	-0.0184261403904063	7.61212628242525	0.848331106298237	0.875414797642465
YJR126C	0.470765489041993	7.17723790403864	2.52009729291132e-17	1.8727842923341e-16
YJR127C	-0.241352805769333	6.35971401588754	0.0365901876356662	0.0536014152206688
YJR128W	-0.299427994085517	1.31694566168472	0.199122474905176	0.249037719810676
YJR129C	-0.310493436217143	3.93140886258566	0.00119716265676522	0.00228850298647774
YJR130C	0.537083234191775	7.32170810105791	4.02096282979813e-20	3.36685634160813e-19
YJR131W	0.064157745001935	5.55818517018773	0.357305589089645	0.417759860289176
YJR132W	-0.333661712507229	6.94259427878083	0.000207726721723968	0.000443642291653461
YJR133W	-0.0953238668173069	6.27315807270236	0.204581631271251	0.255069424969466
YJR134C	-0.576559106491598	6.77941098134632	2.13017612717435e-15	1.39810249744238e-14
YJR135C	-0.404676075736367	4.12083456804241	0.000394581289408021	0.000808804197722818
YJR135W-A	0.336188251670137	5.31397790141421	0.000258073977173619	0.000544973920185388
YJR136C	0.104089251445588	4.94117503190462	0.131562411207446	0.171685091421569
YJR137C	0.492141175154287	10.7364029189352	0.00466448361734377	0.00808152031915583
YJR138W	-0.154598082689114	6.00383134197125	0.0198906611880494	0.0307806061937074
YJR139C	0.307672773257181	9.01852705314438	0.00014197276421566	0.000311170345776356
YJR140C	-0.413077393694477	5.80380602348726	1.01140821227836e-08	3.68297163671564e-08
YJR141W	-0.365729264410681	4.66814496652661	0.00174849710148594	0.00325649460165224
YJR142W	0.247864931980652	6.19199410403912	0.00959045633254552	0.0157535036806731
YJR143C	-0.415944699952956	8.09959235691366	0.0218101800200929	0.0334496944593874
YJR144W	-0.578278207180724	6.38669867326024	1.93252691472093e-10	8.44356963030686e-10
YJR145C	-0.0670259441478688	10.6019663076746	0.430426251825699	0.492711848053333
YJR146W	-0.214530598696682	2.12066614098678	0.331293179414233	0.391611206181354
YJR147W	-0.679930712853044	5.94445172975141	0.00624879958169001	0.0105824741084846
YJR148W	1.22487974907174	6.37662582465472	5.30301109688118e-33	7.8720253615925e-32
YJR149W	0.607671163959697	5.24324771012187	4.25479488998153e-09	1.61692963834191e-08
YJR151C	0.29450082392794	4.4859393660764	0.0753779926806896	0.103629657442558
YJR152W	1.79764629926964	4.92064723127474	2.64663246639288e-53	6.57502247436116e-52
YJR153W	0.928334829225453	4.58009559634157	3.36055331623701e-12	1.70351151241289e-11
YJR154W	0.920283080778215	5.60404529862848	2.78897199505366e-06	7.68789529310526e-06
YJR155W	0.974580103051378	5.58741372033697	1.64838721817702e-07	5.33374809240058e-07
YJR156C	0.784857884697777	2.72052314303189	2.28862613891122e-10	9.95602051167455e-10
YJR159W	2.67824761443156	1.57037417297932	1.45994618944928e-36	2.39160667328858e-35
YJR160C	0.131246839651724	1.62119515421712	0.545482769356844	0.60358700874031
YJR161C	1.22592132019385	4.29472340577841	1.35410704192179e-34	2.09816792165819e-33
YKL001C	0.215936956022947	9.90871386838463	0.215029131549386	0.266437580147344
YKL002W	0.0884916806800306	6.84776576643313	0.139401408942764	0.180854827484656
YKL003C	-0.0619411679107622	5.93327688910978	0.532428434394135	0.59080098700213
YKL004W	-0.52919942456109	7.25728581655528	0.000578596071404329	0.00115834817891536
YKL005C	-0.220438774986829	5.80511432901392	0.00175867141458634	0.00327240252073446
YKL006C-A	-0.0281187003957367	4.90630175861144	0.721247754553984	0.762867962768922
YKL006W	-0.118847733814051	9.42270184488976	0.170441520454793	0.216499983303236
YKL007W	0.327882376117974	7.33862475607599	1.37782841522383e-05	3.48926050224334e-05
YKL008C	-0.310908322632562	5.86863450856916	0.137572191541529	0.178751678311578
YKL009W	-0.663048948796811	8.19277039152593	0.000322345752000267	0.00067173055841442
YKL010C	0.149387979951107	7.26344545496382	0.0639555324322124	0.089066634464318
YKL011C	-0.0629899453057953	4.96536327878813	0.44282599627304	0.505078711742272
YKL012W	0.0510800174678877	6.60757382302245	0.332826204762052	0.393114173483193
YKL013C	0.214484644062677	6.96617029115084	0.000588755282576195	0.00117672764589364
YKL014C	-0.668043841754854	7.14018173151797	3.29138027657567e-10	1.39645576730931e-09
YKL015W	-0.286828103922653	7.41615467293942	0.000822972387494719	0.00160848829441425
YKL016C	-0.212909920918667	8.5608348225606	0.0237924512928221	0.0362218833052537
YKL017C	0.124093281709433	5.91356237689697	0.0267358664051665	0.0401940557208954
YKL018C-A	-0.282152964554201	5.12469468578226	0.00182861816389355	0.00339310259300248
YKL018W	-0.115206762522982	5.99786080026512	0.12572254767592	0.164528506013851
YKL019W	0.887545444711185	6.42107153525229	1.02468718650706e-54	2.58841149801699e-53
YKL020C	0.781979225505292	7.20541495184363	1.85812068067787e-63	5.72872899088994e-62
YKL021C	-0.111248803505455	7.3939153812052	0.360530179365378	0.420875230746534
YKL022C	0.121075859198731	6.40689618512801	0.0458569987563888	0.0657976793611956
YKL023C-A	-0.0415018706428266	6.2102950180445	0.538337994466489	0.596725021696022
YKL023W	0.528741971249379	5.85224723045799	8.33630238842272e-17	6.01654861454951e-16
YKL024C	0.0241605126541416	6.16286976252379	0.761628847751421	0.799530754789863
YKL025C	-0.24077942822603	7.1573551275549	0.000456775410695381	0.000927747894966428
YKL026C	2.2741643221912	3.63891039030454	1.78621197898175e-84	7.56246930819598e-83
YKL027W	-0.19836123611955	6.75063193942164	0.0079008863410894	0.0132029972293411
YKL028W	-0.283094399328851	7.37257848089416	1.14524908064415e-05	2.93238393221152e-05
YKL029C	-1.04649168788781	9.71296457590738	6.79837854449613e-07	2.03140416548264e-06
YKL030W	-0.441821238462541	2.36338819111321	0.155636176607799	0.199634028966521
YKL031W	0.205400892881503	1.28153777856442	0.360808546274424	0.421036680939798
YKL032C	-0.991915994475429	7.64195969509907	2.4696427480558e-09	9.62872386596076e-09
YKL033W	-0.327982563278724	5.9619439951747	0.000119992229002737	0.000266295046424678
YKL033W-A	0.215131980458869	7.05150088320742	3.03731037785459e-05	7.3600604561313e-05
YKL034W	0.674272203676475	6.49962928165975	5.62251582628631e-19	4.47123877614197e-18
YKL035W	1.46065803792599	8.61206969809128	2.05074622949912e-57	5.45534793440207e-56
YKL036C	0.510314454018253	3.1070312293003	5.94074928904376e-05	0.000137792379343098
YKL037W	1.13650706615442	1.27039706943271	3.93692623918867e-07	1.21690491259652e-06
YKL038W	0.353238595713027	5.93068035173795	0.00245689971515951	0.00446250183913565
YKL039W	-0.00238879353925488	7.95188637206281	0.983684013557073	0.988697716619763
YKL040C	0.101585275780559	6.90807493248224	0.0936831448812446	0.126424930870043
YKL041W	-0.192016587796772	6.42967046602961	0.000680782360413861	0.0013481105239816
YKL042W	-1.06649601825066	5.90181836506795	5.89035468113457e-06	1.55660713595521e-05
YKL043W	0.523780833703351	8.20030862879629	0.0002375746010508	0.000504520841228334
YKL044W	0.62670998156343	5.48126744205041	6.00529907739286e-07	1.80971719565343e-06
YKL045W	-0.964771406879305	6.34831794001371	0.00568579010429957	0.00968905048385744
YKL046C	-0.000370440832688566	7.40825853980396	0.997649310609757	1
YKL047W	-0.384047652060489	6.14829374169487	0.000136915600641266	0.000300854017198572
YKL048C	-0.30563143065508	5.43615145171794	0.0396933233209405	0.0578091714645092
YKL049C	-0.285128086876776	5.6011262717497	0.0412777484001983	0.059813014532108
YKL050C	-0.891384359256445	3.77711266160598	2.9045986152897e-10	1.24023060192626e-09
YKL051W	0.127490274575348	6.11382470859392	0.0567689344934656	0.0801726178470085
YKL052C	-0.00801898744768878	5.59906790613131	0.962606294898801	0.972473373371129
YKL053C-A	0.292825965582882	5.38894713060563	0.0186907809323048	0.0290284099625463
YKL054C	-1.05634170503525	9.41433918398252	7.39137922364404e-36	1.19133972902273e-34
YKL055C	0.741096350854824	2.30680928893647	5.63751427650422e-08	1.89981703084884e-07
YKL056C	0.310106452120121	10.1816133732697	0.000641092762830064	0.00127413212897003
YKL057C	-0.17376164222138	7.38749562925404	0.022310241552167	0.0341295603591928
YKL058W	-0.225713859216482	6.27965284258786	0.00191368244476928	0.00354110768173373
YKL059C	-0.206278047727888	6.42241123763133	0.0121999847125191	0.0196113123239745
YKL060C	0.145519793135778	13.3810921427555	0.0501416509669238	0.0714340297661483
YKL061W	0.654576224384455	4.80306524047267	6.66296195042552e-16	4.52629686395008e-15
YKL062W	-0.712284924315219	6.90042502080045	5.17480663014795e-07	1.57444015488105e-06
YKL063C	-0.551142767591297	6.52426968258468	8.6770096231694e-14	5.01597902447062e-13
YKL064W	0.472846358343047	7.18033960401112	5.09860980595307e-10	2.12130395525189e-09
YKL065C	0.759763261423308	7.57572792363354	1.83270663425151e-16	1.29321975177466e-15
YKL065W-A	0.635944699351428	1.80424265566906	0.000120995149981935	0.000268223761685617
YKL066W	-0.24826953236057	5.08895100765887	0.273883472196322	0.330308412205474
YKL067W	0.0450579136794503	7.32510224987166	0.807318676195035	0.840595753599679
YKL068W	-0.467731065953716	8.21615944117955	2.0291355026422e-08	7.13401324086836e-08
YKL068W-A	1.09218927659179	6.53599568963022	1.31229909588566e-09	5.23179188624971e-09
YKL069W	0.102227777050873	5.31349174969634	0.513083703154487	0.572186834235721
YKL070W	0.278168976173767	4.92326410090166	4.32294359525202e-05	0.000102644300531813
YKL071W	-0.0804254466726033	4.31057492801628	0.477549187778353	0.539058527398321
YKL072W	0.162099387793047	5.56649708270833	0.0541343838613966	0.0767946946141379
YKL073W	-0.0465569070562443	7.06437117918598	0.556437811450209	0.613929917863582
YKL074C	-0.181610822388439	6.21915025862483	0.024820798600729	0.0376159922328165
YKL075C	0.00192463248870391	5.68739368689443	0.979244553263799	0.985439023786191
YKL076C	0.00696201311536128	1.54163120299028	1	1
YKL077W	0.201383669973854	7.60938745000116	0.00404130935323663	0.00707111520129761
YKL078W	-1.05711635369804	5.38295722394961	0.000131261064499197	0.000289699530018051
YKL079W	-0.1744561738061	6.13256515970039	0.0599401573772414	0.0841766470805829
YKL080W	0.0786977347772927	8.53062173365467	0.162133313234204	0.206952331032703
YKL081W	-0.189067735455433	10.2653486554995	0.0449181774564802	0.064589352515752
YKL082C	-0.919819300337233	6.82311897526069	2.12409667704646e-13	1.19012760693414e-12
YKL084W	-0.043503387237903	5.30022501868599	0.653737178304722	0.703844540825213
YKL085W	-0.228989626351734	7.4820307691749	0.0261088818521651	0.0393399994223601
YKL086W	0.375302753494407	1.54825017014938	0.053638102114755	0.0761086310865959
YKL087C	-0.366910149947672	7.06164687708389	4.08952747453227e-05	9.73712442649029e-05
YKL088W	-0.229170583833787	6.76432108302826	0.00422447479983722	0.00736801348901113
YKL089W	-0.442382264451087	5.50618475674765	0.0201739253824069	0.0311548007703648
YKL090W	-0.0292753404433071	5.19593526011538	0.719303607094037	0.761079423767925
YKL091C	0.832607423557124	5.558751009058	1.28348300782291e-15	8.52629816909538e-15
YKL092C	-0.669037837002114	6.00454007069693	3.42572245505883e-06	9.34457504528752e-06
YKL093W	0.616482990829771	4.82652205307884	7.77316762456261e-13	4.17625413394731e-12
YKL094W	0.595451289771608	7.59000333202272	1.37482047014541e-15	9.11292245481172e-15
YKL095W	0.11231156009513	4.99912031075276	0.218720868555482	0.270176671821565
YKL096W	3.54521432108459	7.63076183330178	2.4027591298463e-35	3.82153118746983e-34
YKL096W-A	-0.111224377153394	9.24601109148673	0.587704454721786	0.643584550416644
YKL098W	0.31600554899038	5.50534121761493	9.02236975669858e-08	2.98363514726468e-07
YKL099C	-0.679524077096364	6.23499262561173	6.1841969289326e-06	1.62996019012463e-05
YKL100C	0.726773422674649	7.17807631529061	2.42027329852984e-29	3.12917915500245e-28
YKL101W	-1.58992913589272	7.81542827272456	0.000744236358314386	0.00146555813501018
YKL102C	1.09549454518467	1.28168433298595	1.24783408336924e-06	3.59807122744167e-06
YKL103C	0.833894318123106	6.94120982419194	0.00105561238942423	0.00203017968177174
YKL104C	0.369286124531806	9.14229452283132	0.0693639592993389	0.0960679844171523
YKL105C	0.295329898285596	6.74613126855333	6.0465333957499e-06	1.59577518767552e-05
YKL106W	-0.740618587834655	7.18613588824919	1.94976103828511e-25	2.1312660658491e-24
YKL107W	0.602455949270365	2.69003792311421	1.80859775346115e-06	5.10962861551148e-06
YKL108W	-0.474173783769443	5.72084537388627	0.0534003912594642	0.0758056135988399
YKL109W	0.0434686183379688	7.66911935688158	0.747517324275592	0.786364681285189
YKL110C	-0.466122144695471	6.69283706867371	7.55747834171515e-07	2.23600195818856e-06
YKL112W	-1.04769054456584	7.50211327657481	1.28745682019709e-14	8.02924315666483e-14
YKL113C	-1.38591060318434	6.96573574928421	0.000148309766927711	0.000323878793595859
YKL114C	-0.230167574123519	6.86501976230884	0.000612650452349424	0.00122123823591669
YKL115C	-0.406633411579465	2.49928180376796	0.0138206020842143	0.0220337999815158
YKL116C	-0.163434264553012	6.61920618452522	0.418199506393415	0.480270378689056
YKL117W	-0.100017931483411	9.3340473238033	0.315977688079242	0.37527812341612
YKL119C	0.0977248320870693	4.65877439542183	0.254165348568543	0.30825944635749
YKL120W	-1.30288283952252	8.92820251430815	2.82322766983609e-31	3.98432975376868e-30
YKL121W	0.40653088313052	5.69139585554535	0.000361992373203037	0.000746842192071606
YKL122C	-0.842790965529508	7.39795833993298	3.35047998469923e-27	3.9651743440968e-26
YKL124W	0.854875812145337	5.74126224862712	1.35100600287529e-33	2.04590631971946e-32
YKL125W	-0.495094586725811	6.51816117153527	4.00800252530203e-05	9.55815596275914e-05
YKL126W	0.573295597867509	7.97515965485751	1.27447767345017e-17	9.58968682450869e-17
YKL127W	0.43757709782012	7.64888056286042	0.0047555941657231	0.00823225802600843
YKL128C	0.221413614244848	6.84691703122789	0.116961850193517	0.154204965649874
YKL129C	0.582283038534548	6.61843124412597	0.000224578597000854	0.000478443134361848
YKL130C	-0.411697902526884	5.74143347104173	0.00204668384858095	0.00376519684751184
YKL131W	-0.568756982017845	1.26689785672614	0.0228414565849217	0.0348889321617249
YKL132C	-0.081620158333313	3.26484765495853	0.6166725335267	0.669816670562335
YKL133C	1.02350506095323	4.81244385033896	1.45954002659087e-22	1.42447315582213e-21
YKL134C	0.258556585982277	6.28485297351069	0.0261487793440698	0.0393902434017909
YKL135C	0.364532444620903	6.99148744858865	1.78333237596064e-10	7.83155167587683e-10
YKL136W	0.193405067108741	1.49648957684289	0.329443591286041	0.389731379537914
YKL137W	0.2095486143135	5.56340591114981	0.0273094379372762	0.0409641569059143
YKL138C	-0.294487056709369	6.13779996851646	0.00140853167765715	0.00266208905052501
YKL138C-A	0.139319585019628	5.45935208303502	0.018090221271284	0.0282049819198546
YKL139W	-0.252086377348619	6.24039711562017	0.0011163669370645	0.00214154372228199
YKL140W	-0.0487026311440863	6.2569971336141	0.464857819215012	0.527207170179334
YKL141W	0.333237034015802	7.56697606734048	0.000426062838008985	0.000870366898440374
YKL142W	1.1147169495812	7.11931945650823	1.45276540633694e-20	1.25488873892208e-19
YKL143W	-0.603805772530216	7.05260922253451	0.000657623059992837	0.00130396762423382
YKL144C	-1.22702406711027	6.18381687423093	2.3483947287014e-37	3.90015168755603e-36
YKL145W	-0.12830193688339	9.26173473019291	0.125520810562612	0.164365615597182
YKL146W	0.227660650061244	6.92453417691961	3.12095139610047e-05	7.54449529286531e-05
YKL148C	0.84966538707773	7.76273055503786	1.78002734784092e-07	5.73193594816262e-07
YKL149C	-0.0866620730521152	5.3488347753574	0.249978288908824	0.304163018198714
YKL150W	0.0270210800891921	8.7187227781385	0.797778234153491	0.831958845399964
YKL151C	1.31862319841448	6.45971895122056	5.75250679442326e-39	1.00243683617602e-37
YKL152C	0.305929591164905	11.2568523400428	0.00858557790951576	0.0142351060099307
YKL153W	0.691523009846588	4.64503593331163	3.35129133425505e-07	1.04610402396373e-06
YKL154W	-0.490951549930004	6.17346353736719	0.000601905250034339	0.00120101372824641
YKL155C	-0.561699991677587	6.7709854429165	1.43178356034365e-08	5.12373974094405e-08
YKL156W	-0.74368731191351	7.54718385640168	6.84915676050635e-12	3.40025850075675e-11
YKL157W	0.244545178803814	7.98180045618954	0.00178790599885782	0.00332474199354569
YKL159C	1.49515794666779	4.69343452154072	2.90862329863635e-58	7.94847421427351e-57
YKL160W	-0.136901170387809	7.31126030562084	0.0485857413672631	0.0694147996910613
YKL161C	-0.0454762479940393	6.77146802361491	0.941741261639731	0.956053438868298
YKL162C	0.211362944546016	4.66911778765323	0.0185568789487604	0.0288651891953292
YKL162C-A	0.136773236207358	1.42490975662145	0.53130627618709	0.589991380206277
YKL163W	0.829608826452165	4.51384251640121	0.00842160365463784	0.0139941075654181
YKL164C	-1.01370448103243	10.2445455739419	0.0443317151683281	0.0638682654186409
YKL165C	-1.02668291349222	6.94232958856883	1.95691010698578e-06	5.48994100009263e-06
YKL165C-A	-0.00787123228290745	1.19157326113165	1	1
YKL166C	-0.794821598960418	6.42973774310533	3.20837561539421e-21	2.88322185347534e-20
YKL167C	-0.0521517896784537	5.75962717947595	0.515522161669874	0.574586436032496
YKL168C	0.543183352436748	5.46458985633604	1.51711034481314e-15	1.0033957528071e-14
YKL169C	0.109859855436406	2.11028558882876	0.578617431116809	0.635137483270816
YKL170W	-0.0222042614084532	3.7734672831813	0.894497567279054	0.91395638587384
YKL171W	0.517778583848344	6.26566529965008	3.4895145195774e-11	1.63133447058315e-10
YKL172W	-1.18947034993069	8.2587983934706	1.374954136253e-18	1.07291052465156e-17
YKL173W	0.283805343182604	6.41703889409462	6.76312457437343e-06	1.77787078885584e-05
YKL174C	0.739184772277727	6.0660754451512	1.44380729611494e-37	2.41787450257466e-36
YKL175W	-0.715339400008699	8.7984877822956	0.00226097995813637	0.00412769155183169
YKL176C	-0.304220567174386	7.02350304203956	3.75472915779755e-08	1.28623542431219e-07
YKL178C	0.32729063049632	3.56548019487167	0.0022615795029497	0.00412769155183169
YKL179C	0.300349177707676	7.02370452407876	2.99270283361459e-05	7.2695472467438e-05
YKL180W	-0.141968122271235	10.0552536048734	0.0934574223080452	0.126205306135662
YKL181W	0.0423508843742137	8.70153654357053	0.669991013998892	0.718385228493194
YKL182W	-0.418243569676315	9.17149829122213	0.0466274010434179	0.0668074201794635
YKL183C-A	-1.70517712344542	2.47075506340599	3.17733958765412e-16	2.21089879640932e-15
YKL183W	-1.13117502918682	5.90531394594554	1.14381230598744e-16	8.15729487971113e-16
YKL184W	0.695104567594441	5.99775005167034	2.27395810008506e-27	2.71250716224432e-26
YKL185W	-1.35515671770009	7.74561186372608	0.00675353403265462	0.0113859356714301
YKL186C	-0.534286583358075	6.59281113654704	1.9864519511895e-08	6.98803342922837e-08
YKL187C	0.318518716742968	5.11288767901081	3.49453240213167e-05	8.386877765116e-05
YKL188C	1.10947098707224	4.88483062410124	7.44086902557498e-25	7.98830438959943e-24
YKL189W	1.45354446093438	5.83051949388494	6.71213391694421e-58	1.80956722460397e-56
YKL190W	-0.107730218812599	7.20237343407231	0.141016371699909	0.182634732154212
YKL191W	-0.21784238103282	7.0949017917149	0.107593649224477	0.143454380376845
YKL192C	0.0439059647323506	7.56206093080836	0.585333681688282	0.641105136511195
YKL193C	0.898587243600802	6.13054860165987	1.89860531426456e-42	3.63516406030527e-41
YKL194C	-0.278037783698496	5.97604580759594	0.0139090805881561	0.0221689799830314
YKL195W	-0.490427614308575	8.24893401740546	7.01566090925395e-09	2.60198355252528e-08
YKL196C	-0.132168428781833	8.15264587686061	0.0934124536144282	0.126172920945842
YKL197C	0.184554403856619	5.79728275641512	0.0251055515013772	0.0379805172688172
YKL198C	1.41049368294019	6.14350499856771	1.94815180385118e-25	2.1312660658491e-24
YKL201C	0.868527362945214	7.14585046264541	2.63967795725391e-22	2.53915902064168e-21
YKL202W	0.802477274550462	2.35803458701172	4.88973057552329e-10	2.04288118276901e-09
YKL203C	-0.644818057359955	6.39147267549977	5.77132171586543e-14	3.40502317524857e-13
YKL204W	0.0984412843818292	7.35744905920177	0.0850218565316689	0.115749864462951
YKL205W	-0.278765694439866	7.12090941846209	0.000367338375668547	0.000757351959711696
YKL206C	0.357556448755653	5.9200745770068	7.67443375773888e-06	2.00515844204807e-05
YKL207W	0.0171294303758634	7.37690465822424	0.747226381705138	0.786333801297268
YKL208W	0.277164019239848	4.97470399191398	0.00213517893255847	0.00391362675077485
YKL209C	0.943635840034326	8.22730986149519	0.00342783875562515	0.00607194065964006
YKL210W	-0.0959273879327228	9.11705373308614	0.205361999519524	0.255936223281795
YKL211C	0.111393889289	8.77217732179604	0.123975029778296	0.162489182260109
YKL212W	-0.291755233722653	7.83674517856011	0.000435615054214389	0.000887167244558573
YKL213C	0.451772316824237	7.65690505780926	8.65052617798466e-11	3.9014976280603e-10
YKL214C	-0.242761899045667	5.82048494688205	0.00151847179353983	0.00285282888211296
YKL215C	-0.0908620616784996	6.65694381307068	0.238769734984869	0.291990547810227
YKL216W	0.589287993906916	8.17255176334023	3.4952323146868e-10	1.47462011760681e-09
YKL217W	3.98132058125745	6.06039513123711	0	0
YKL218C	1.53041866291121	8.16602513174299	3.39613729835096e-15	2.20254341291111e-14
YKL219W	0.522019817871323	5.46187456507634	5.54797949425645e-12	2.77030338201576e-11
YKL220C	-0.380765079370029	4.40129982621707	0.113044758728941	0.149829164347089
YKL221W	-0.0763270503650971	2.30256766969143	0.81602984722308	0.84849039112853
YKL222C	-0.131193080791303	5.66895539741177	0.144728861039792	0.18708017900908
YKR001C	-0.290576768958177	8.5026103433719	7.8900339633939e-07	2.32752130460864e-06
YKR002W	0.0302018231459647	6.97612373779225	0.639534695787366	0.690904329033899
YKR003W	0.219160306231664	6.41230497163962	0.0580507425989989	0.0818290889812852
YKR004C	-0.909607497277443	5.09006477702918	4.12457489545043e-13	2.2624949152781e-12
YKR005C	-0.337704281153235	3.09225962071813	0.00520862903634796	0.00896230044834687
YKR006C	-0.0357401138416634	7.00181786192129	0.719067978103772	0.761079423767925
YKR007W	-0.221056194838685	5.51310265430353	0.000756992349425206	0.00148921400678807
YKR008W	-0.224097787941889	7.04159651398588	0.00879587942351375	0.0145677209625798
YKR009C	0.858343655706929	5.21294195009184	1.36672992886186e-22	1.33606184265325e-21
YKR010C	-0.803726134224082	5.5463989011402	8.9639512981396e-05	0.000202598778963967
YKR011C	0.214069789915642	7.12065836371884	0.0432815991928469	0.062535201717711
YKR013W	0.641579833999133	8.37872433455094	0.124362069888263	0.162889926834039
YKR014C	0.146533821631861	7.49474674599316	0.025564138189444	0.0385906746147874
YKR015C	0.032770493733923	4.53653998744434	0.662103127591881	0.711577404912833
YKR016W	-0.0951346414518674	7.74610564732648	0.208499452219854	0.259201552263391
YKR017C	0.506828180439889	5.00814212858322	2.77012596014898e-09	1.07168579616574e-08
YKR018C	0.370017509711839	7.69574379109689	5.03292696501825e-07	1.5351576313389e-06
YKR019C	0.657687810870014	5.13970362483985	5.55738571339052e-19	4.42529839853031e-18
YKR020W	0.147164302750485	5.25214105422709	0.0522680266553648	0.074269765126933
YKR021W	0.168211552209602	6.71898174360692	0.0172375759806475	0.0269875798947012
YKR022C	0.00241752423235699	5.33728647705939	0.983928549324026	0.988697716619763
YKR023W	-0.26003806705618	5.91772653217332	0.0115427434681187	0.0186897316806705
YKR024C	-1.01727337528652	6.68958950744664	9.99075050197651e-13	5.31543292193653e-12
YKR025W	-0.199737171671533	6.33210811082537	0.0650599591676266	0.090562740105527
YKR026C	-0.197019122866057	6.99317405481192	0.00583107523078612	0.00991414714012618
YKR027W	0.129894622350603	5.91937881701684	0.112552468627683	0.149209579137735
YKR028W	-0.223104622934121	7.58358791066035	0.00884270523930038	0.0146331802638794
YKR029C	-0.156740857224601	6.18473848333451	0.0679262907598345	0.0942688965946733
YKR030W	-0.0130254031127469	5.8471215197635	0.879672629632224	0.901413303110437
YKR031C	0.0473952490712778	6.52106778680096	0.4699220299429	0.532047315257385
YKR036C	-0.202638536658176	6.35883453010953	0.00290757048705422	0.0052117810877072
YKR037C	-0.636705308575869	5.65958647268232	4.60778558685749e-06	1.23284410094291e-05
YKR038C	-0.135357728529555	7.30962929459418	0.0133191106561997	0.0213077416884174
YKR039W	0.978921159064054	5.88375182947342	0.00250502000378752	0.00454167076681863
YKR041W	-1.96709504620094	2.1808385113091	9.08879318795512e-13	4.84843164560658e-12
YKR042W	1.10706322360597	10.4684292553923	1.82358296153086e-06	5.1471271195885e-06
YKR043C	-0.340525388537944	8.30328629965355	0.000197750824084057	0.000424296200711404
YKR044W	-0.333119588049078	5.87790475692816	0.00426498543469135	0.0074365117266138
YKR045C	-0.232942731100775	3.84577677922221	0.0276703643850134	0.0414538327143535
YKR046C	0.261067361172494	8.64895119082466	0.0071958310833353	0.0120740542765872
YKR047W	0.34856203798333	2.01141144784699	0.0253906103754981	0.0383538566777625
YKR048C	0.331662612647255	8.50571616752018	1.18539045307937e-06	3.43449031513888e-06
YKR049C	1.4243385894369	4.68379085580687	1.4515800600688e-58	4.00316482620808e-57
YKR050W	0.146343838598255	5.49316346271709	0.044033716644758	0.0634845814072626
YKR051W	0.0839381757428778	5.54962646855408	0.197064868856873	0.24687518057252
YKR052C	0.0685551895723826	5.8406267666316	0.737298544697554	0.777383172697596
YKR053C	-0.13594583729365	4.61100874381879	0.0950587154482061	0.128108719406997
YKR054C	-0.511992903437345	5.91004032935342	1.1235411807508e-12	5.94606476995933e-12
YKR055W	-0.424822281603679	5.59218396914063	5.32150546888596e-06	1.41373799730192e-05
YKR056W	-0.346552102781413	7.07741497222691	0.0152304567453587	0.0241025285478011
YKR057W	-0.0894396872941279	7.94547135354261	0.327081631403284	0.387165734986521
YKR058W	0.924030587376863	5.52324388747095	1.64844132226311e-13	9.28812486358559e-13
YKR059W	-0.05238684706887	9.84019034664224	0.425615179512223	0.487390182709997
YKR060W	-0.949815477703962	6.0994427604236	2.07160704329044e-13	1.16180051718863e-12
YKR061W	1.45351710273822	6.11617044377741	6.22566467035938e-48	1.36104349084366e-46
YKR062W	0.359765249667535	6.31171523617689	2.06175214248268e-05	5.10933795573201e-05
YKR063C	-0.604089683879819	5.83883727074099	5.95061843101612e-17	4.33637794027502e-16
YKR064W	-0.0796273594962952	6.14133995544473	0.201606134062605	0.251881977968492
YKR065C	-0.0366375773335063	6.68020239216883	0.659140148402565	0.708915566817643
YKR066C	0.42336629941268	7.28160328199255	0.000143158767065105	0.000313426987471016
YKR067W	1.20709434187672	6.53757728469511	3.49629156345527e-29	4.48181340714138e-28
YKR068C	-0.0958586703392746	6.95432910761943	0.145915848926185	0.188290638279508
YKR069W	1.42976453327375	8.73162159200061	7.2874052627272e-12	3.611861536646e-11
YKR070W	0.210991810685091	5.66717603536252	0.00713524017313568	0.0119857680695422
YKR071C	-0.26499851368586	8.81251689139583	0.00193567399000197	0.00357959767083724
YKR072C	0.475307059527939	7.0785355913434	2.23495881890269e-09	8.73068734738459e-09
YKR073C	0.133092317642258	1.69221899195375	0.439411577002489	0.501469704050676
YKR074W	0.434371724244095	6.54445613528821	6.5044450431658e-07	1.95133351294974e-06
YKR075C	2.76472507249837	5.80048260529828	3.71037383387886e-130	3.14179823792672e-128
YKR076W	1.46576033328495	4.84573639164138	1.16634423502991e-25	1.29135571657455e-24
YKR077W	-1.16176707112333	6.22546784658521	0.0135130860036306	0.0215893364480008
YKR078W	-0.216208085860148	5.45981408252813	0.0283049232132393	0.0423306463577101
YKR079C	-0.726578405626554	6.59123496730134	3.82800077179072e-16	2.64832458458065e-15
YKR080W	-0.189645655742377	8.64826949176352	0.195387540189001	0.245233797832207
YKR081C	-0.654470893220044	7.48124752291576	0.000235696919035731	0.000500710203972727
YKR082W	-0.448704813422896	7.33358781861597	8.6071906054109e-10	3.50348205279149e-09
YKR083C	-0.57871636755914	4.96247381962939	0.000842535399108341	0.00164351811143392
YKR084C	0.0662780385480562	7.22062368036762	0.30458843218411	0.363114347469932
YKR085C	-0.423936262270045	6.12531463723197	5.6782389467107e-06	1.50452060588915e-05
YKR086W	-0.520493287929348	6.16053832732033	4.82509635328448e-13	2.62996185638679e-12
YKR087C	0.000680438595028	5.78399041514965	0.998859545831781	1
YKR088C	0.580470531425864	5.87868310571014	1.58331630634606e-19	1.28807816424256e-18
YKR089C	0.602372631558743	6.84837443504594	5.19921361020585e-21	4.58323639656269e-20
YKR090W	-0.570710053823236	6.63351576932477	1.13462412871054e-05	2.90889563403317e-05
YKR091W	0.79497690299718	6.20618937693145	0.0261827029739545	0.0394215903529713
YKR092C	-1.35339902302318	7.87896245874658	7.34714220058543e-16	4.96303583257524e-15
YKR093W	-0.00779988209996178	5.08558583295255	0.939755377109494	0.954198501466353
YKR094C	-0.347118762284356	9.9875407015305	1.04831061675812e-06	3.05615653857661e-06
YKR095W	-0.605521041737513	7.17238209938841	7.10601505346113e-16	4.81096424565409e-15
YKR095W-A	-0.499529004010586	5.40025758263257	7.99919244953491e-09	2.94676133618896e-08
YKR096W	0.241105145357318	6.71532078790863	3.96553519685934e-06	1.07197830951072e-05
YKR097W	1.11297380651453	3.74026975253782	6.26498516021825e-30	8.38866164437241e-29
YKR098C	0.657675016065274	5.48854199201257	0.000233543963465233	0.000496663002600983
YKR099W	-0.117059186465717	6.15698695196965	0.228318458883757	0.28059087792501
YKR100C	-0.0020039216649646	6.87380412576846	0.98530641815433	0.989916809148367
YKR101W	-0.00597369777949536	5.498472807655	0.947205636057282	0.960951786023688
YKR102W	-1.11251454635803	4.37642156114627	1.7274293743597e-15	1.13873962704502e-14
YKR103W	-0.690869307030568	3.72923015344831	5.19564063975e-07	1.57997933870394e-06
YKR104W	-1.21014140947858	2.1732776082025	7.86498552937226e-10	3.21224816593655e-09
YKR105C	-0.712558079076147	3.85270979692242	4.66417827415241e-10	1.95271864792509e-09
YKR106W	0.403062990847376	4.27184174502871	1.15328734366312e-05	2.95170860370485e-05
YLL001W	0.0679494545335812	7.35992060738808	0.469467105692829	0.531732524383061
YLL002W	-1.11007576390339	5.43962550172539	1.32141777805407e-07	4.29889809613695e-07
YLL003W	-0.329583949799039	6.37507115575174	1.36223862043387e-05	3.45414533363494e-05
YLL004W	-0.254099024287354	5.39038531572547	0.0554932214482687	0.0784815919423645
YLL005C	0.129321088492744	5.08569351591983	0.140795227350851	0.182387611901167
YLL006W	0.605733516162889	5.26173885876143	2.10161892057916e-15	1.38086698912808e-14
YLL007C	0.10515313378485	4.70068191361283	0.228430243826837	0.28067088205333
YLL008W	-0.696580846231258	7.87881276271137	1.29366896122175e-05	3.29138290091629e-05
YLL009C	-0.20034855389406	6.51490830387966	0.103358155978359	0.13820934914188
YLL010C	-0.000920450078923811	5.50777805671588	1	1
YLL011W	-0.58280200470961	6.88373263727152	7.00501281740961e-07	2.08485827021122e-06
YLL012W	-1.08469653156211	7.38707468673901	8.23658544096344e-39	1.41481004774492e-37
YLL013C	0.554471509783149	4.9948403980122	5.55645754557804e-10	2.30382225958725e-09
YLL014W	0.0960535491213338	5.99676493824397	0.29237051378823	0.349727721626509
YLL015W	0.315070659152867	6.91359115729421	3.10930548622062e-07	9.74108628616903e-07
YLL016W	0.975410174498766	5.53751282033753	2.89459119722453e-28	3.5660414503512e-27
YLL017W	0.786400625959197	2.12563439594162	4.31747083674412e-08	1.46813544516435e-07
YLL018C	0.678849734416559	9.14374091519458	1.72512311958867e-31	2.44609438560544e-30
YLL018C-A	1.24779561899671	4.37847412010597	2.33390723658853e-39	4.10276324747667e-38
YLL019C	1.84141555215003	6.96317290165568	4.45456923509982e-49	1.00302884799326e-47
YLL020C	2.15963954083365	2.29581137072618	2.32566807074443e-38	3.97213535264646e-37
YLL021W	-0.90380293940216	7.77976148248315	2.02958188812641e-06	5.68850643888856e-06
YLL022C	-0.508271214222846	6.10438770501077	0.032613520342018	0.0481987424523629
YLL023C	0.893174798050335	5.30436595651071	1.46933388399993e-32	2.13372833589555e-31
YLL024C	-0.786070027015222	11.341894976505	1.17615280831216e-05	3.00511291269559e-05
YLL025W	-0.247199546903596	2.00862701097214	0.136115535538415	0.176935481006908
YLL026W	1.44711091582567	9.26280934523018	7.83989836660787e-14	4.54517540791191e-13
YLL027W	-0.0398523975146021	7.48287491291811	0.642416552065782	0.693643734019304
YLL028W	-2.73879808907354	7.50363039809612	1.88389813233628e-33	2.83859538135481e-32
YLL029W	-0.0816054795292336	7.87246287662896	0.395091541089212	0.456347808843101
YLL031C	-0.862554541225952	7.76073876386375	4.72197192004535e-08	1.60025339252044e-07
YLL032C	-1.0051219707254	5.8772078843914	3.20862502844953e-09	1.23497142580273e-08
YLL033W	-0.693507866748023	3.96829534568442	5.0208332939227e-10	2.09329055222353e-09
YLL034C	-1.04424217260245	6.81827518739006	2.6515270910184e-09	1.0296446127853e-08
YLL035W	-0.745070169921176	6.38434255370513	1.93566919232598e-11	9.25059076650542e-11
YLL036C	-0.667600068342084	6.61276855298265	2.8746567721321e-14	1.74923446498565e-13
YLL038C	-0.159943332745462	4.67809458286057	0.0637961135954766	0.088885801839167
YLL039C	1.27973900010888	8.09763222118897	7.39306375873496e-19	5.84830254177823e-18
YLL040C	0.256569698319483	6.52995624601922	0.0104290304568184	0.0170286070359566
YLL041C	0.278000485606583	7.6383383120921	0.0446155705640044	0.0642464216121663
YLL042C	-0.373261607788477	3.41668411104139	0.00120311317544034	0.00229888060190973
YLL043W	0.625319364540873	7.6050233540841	4.10997565839847e-15	2.63705161774723e-14
YLL045C	-0.0176040273595574	9.42301153994371	0.847933162513782	0.87515436446916
YLL048C	-0.324140234471136	7.6692019889082	8.19292153904927e-07	2.41095664673344e-06
YLL049W	0.225550692240452	4.8638994075135	0.0103046832116498	0.0168622088917905
YLL050C	0.24639046634228	8.03118241808564	0.00017685828085358	0.000382196975014997
YLL051C	-0.651788469102465	7.02279081719667	0.000193301588625231	0.000415375106112059
YLL052C	-1.11159955048046	5.47168222301957	1.6449805728901e-05	4.124001677434e-05
YLL053C	-0.936240319233045	4.93604162863339	0.000927234579490165	0.00179591955280118
YLL054C	-0.428372389244717	5.6392546518679	1.08978372712181e-08	3.94923433843059e-08
YLL055W	3.605990746858	7.18168374980973	3.1912877318627e-72	1.09634410536906e-70
YLL056C	1.75484743859035	3.52730371979818	6.53068596791204e-49	1.46501806115997e-47
YLL057C	1.42389606974284	3.95315342798386	4.62965323822839e-44	9.18596543505911e-43
YLL058W	0.902794129117136	6.00938775474459	3.0848505188642e-24	3.2031297615564e-23
YLL059C	0.435588905634149	2.16443272660738	0.0031464126885934	0.00560480980261437
YLL060C	0.822825320892284	3.93475587546706	1.27829404532128e-16	9.08404704547461e-16
YLL061W	2.58164798719832	8.1416803564933	3.25182249621491e-34	4.99998896348953e-33
YLL062C	1.2671259202435	7.44178526621583	1.69324290271704e-11	8.1699649527567e-11
YLL066C	-0.818786529655963	0.444064318125773	0.353888910141357	0.414732968376187
YLL067C	-0.0483689425931494	1.11565882365361	0.975689320668551	0.982224413238333
YLR001C	0.402105561582627	6.41984096031709	3.19198418580752e-05	7.70072589288715e-05
YLR002C	-0.704974908572993	6.78118353733724	1.15679194622652e-09	4.65816020141582e-09
YLR003C	-0.865247904046802	6.73000665840494	2.20147405831019e-09	8.61670705635472e-09
YLR004C	-0.0094235024177339	3.34942492662802	0.946715929796307	0.960617075094582
YLR005W	0.133283105357788	6.61871552793538	0.021272471648513	0.0327001021607927
YLR006C	0.827717740868917	6.77326450008677	6.46682421838488e-31	8.97887926118474e-30
YLR007W	-0.156726587153246	6.10972407664734	0.0162356438438534	0.0255653983209132
YLR008C	-0.389121702513117	6.98487394393959	1.90687108291735e-07	6.11745408244348e-07
YLR009W	-0.607458396829499	7.62921929757237	8.34487969717907e-05	0.000189033220570613
YLR010C	0.849725194895021	2.69692706437683	1.55098479417065e-11	7.49559532359641e-11
YLR011W	-0.0591977989044045	4.88754068610977	0.475940871714428	0.537456967680461
YLR014C	-0.612618617143524	5.17651260217375	3.78988441377886e-12	1.9146878231629e-11
YLR015W	-0.432569550962861	5.7551521898489	2.22585905573435e-08	7.80738893995034e-08
YLR016C	0.140428662296625	4.72879059273933	0.0337435909150627	0.0497587609961631
YLR017W	-0.166927128716378	7.13707491172407	0.117090222200234	0.154340367434293
YLR018C	-0.129452140265746	6.80396830993552	0.0801523255655702	0.109542118958902
YLR019W	-0.025700634902366	6.71690830849006	0.78877461042497	0.824428539268936
YLR020C	-0.595223880285087	7.0087258656984	1.84766094934896e-20	1.58687680392657e-19
YLR021W	-0.201984915348974	5.0808384391248	0.0165190394928752	0.025970833010242
YLR022C	-0.144615739954174	6.27029941913266	0.0407923623010651	0.059223299240281
YLR023C	0.815667695463969	6.93366200991061	1.32641017851715e-29	1.74494047992235e-28
YLR024C	-0.510071608703078	5.32934448796297	1.2275310260132e-11	5.99505810592312e-11
YLR025W	-0.0652861862339785	7.48702445855097	0.381933706728184	0.443022466689146
YLR026C	0.126121995499015	6.55832197602271	0.114650354351931	0.151656310311069
YLR027C	-0.273680215676447	9.86170431913307	0.0016762194830735	0.00313158220392725
YLR028C	0.101845228435178	8.92450724733374	0.176924913520123	0.223883936030936
YLR029C	-0.0260441386637742	11.087900295907	0.793289985174564	0.827996422025951
YLR030W	0.0842647804853478	3.47993958102545	0.563601466253127	0.620808357477793
YLR031W	0.33024758495774	2.89895053610523	0.018780193363655	0.0291371670973662
YLR032W	-0.390270272042484	6.26451003361263	0.161330441360967	0.206058766403682
YLR033W	-0.4378327275375	6.85868628581201	8.56119321327148e-07	2.51440613571999e-06
YLR034C	-1.05212791373875	7.7758674251	2.64749072918481e-08	9.22708073267193e-08
YLR035C	-0.0560667930501077	5.4472739645485	0.405248342168603	0.466734297532115
YLR036C	-0.281633817940682	2.94082191072561	0.0290413618812079	0.0432812760609375
YLR037C	1.05030367603032	2.40131195051782	2.94061978767352e-11	1.38225224108626e-10
YLR038C	-0.264466892603224	7.01360364286045	0.00581879754110469	0.00989607095250958
YLR039C	-0.059117772459229	6.58816356787911	0.41312371493961	0.474985613734353
YLR040C	1.51288481208611	4.28319111797488	3.65628560460033e-60	1.0517506724812e-58
YLR041W	0.949095744391698	2.05976873025821	7.54583770263455e-12	3.73072173258544e-11
YLR042C	3.76509862211835	6.37867610561727	1.7021617854506e-41	3.1487374320397e-40
YLR043C	0.0525261145669922	7.78825145467212	0.384281185551125	0.445315822577749
YLR044C	0.186619924469471	13.3866845214864	0.0553976642888716	0.0783833273016465
YLR045C	-1.2543065523158	7.05188018846417	3.60659047576085e-06	9.80679418375135e-06
YLR046C	-0.100461029467246	4.82773208648328	0.471375237125116	0.533290915618403
YLR047C	-0.187268543714297	6.08037564620838	0.171274555222871	0.217420317989843
YLR048W	-0.263272186029947	10.9188413520821	0.00210825200652837	0.00386780929607829
YLR049C	-1.77042893841675	6.56163523400686	0.0020147629951584	0.00371353389558063
YLR050C	0.171248011981651	5.75562534653528	0.419403648152143	0.481469301640383
YLR051C	-0.594469364468939	6.01418711202183	7.47386211722535e-07	2.21235150412402e-06
YLR052W	-0.366066628049641	6.35288389093729	8.22823813809034e-09	3.01819204918848e-08
YLR053C	2.07174885481884	3.88312245931103	1.17232541385321e-17	8.84318743799936e-17
YLR054C	2.42748190541907	4.08214156172612	3.77073820726005e-209	6.12694002758039e-207
YLR055C	-0.307835968425108	6.61990274290948	6.45562361988156e-08	2.15737683172473e-07
YLR056W	-0.563578978081415	10.2027673521962	0.000349693221745502	0.000722955862838362
YLR057W	-0.655692963344145	6.67024361289741	6.17808051192364e-23	6.12914522074009e-22
YLR058C	-0.350060517590538	11.4974347105363	0.0173888296455402	0.0272031339653885
YLR059C	-0.43252698074041	5.61841992716868	0.000277791674199349	0.000583333407365171
YLR060W	-0.131701720799187	9.20672477474147	0.0187674592590365	0.0291249264494909
YLR061W	-0.75679729352755	2.64036905182101	0.000302143828575556	0.000631602467801197
YLR062C	-0.393365133132641	1.27631994784061	0.0918649669135284	0.124334124512412
YLR063W	-0.701685432709457	4.96276745548642	0.000462052898124316	0.000936884324965729
YLR064W	0.484876333146492	6.52871064006344	2.45419574297443e-12	1.25464496656142e-11
YLR065C	0.116083987272903	6.11680740320152	0.0988505605413832	0.132683538730698
YLR066W	0.369730018241715	6.43229230508484	6.92222186834732e-08	2.3107383604944e-07
YLR067C	-0.818873133443657	5.84818877150629	2.04869713361084e-28	2.53431423194823e-27
YLR068W	-1.32717324244971	5.50552595471344	2.1585927017823e-15	1.41366659293194e-14
YLR069C	-0.34869639602258	7.58584348560581	0.003418662277223	0.00605925637106859
YLR070C	0.587543697063644	4.65152362946489	0.000105340638318436	0.00023551800579042
YLR071C	-0.0722419575431238	6.49909805216889	0.23332404818903	0.285982503101417
YLR072W	-0.0373186134235193	6.51719030789874	0.69115726065842	0.737659764082802
YLR073C	-1.52240757334894	4.89651142993923	3.75658363180415e-13	2.06629284486793e-12
YLR074C	-0.0508367765934626	6.59389702535072	0.814027822800442	0.84699468166775
YLR075W	0.217140738056868	10.1340480237677	0.00235906602652892	0.00429778937923996
YLR077W	-0.213491707077949	6.05742127184616	0.00258369156754873	0.00466601192673565
YLR078C	-0.103259779228261	5.83137940775919	0.0919900097752166	0.124447330956031
YLR079W	-1.02792013982032	7.13510423111534	0.00401460110912965	0.0070264284914374
YLR080W	1.23137374990125	4.50764477338306	2.35703619208606e-17	1.75377494886403e-16
YLR081W	0.463816606855437	3.69183109001268	2.44613007137907e-05	6.0074076752986e-05
YLR082C	0.106829100612264	4.87636622267457	0.238570506060903	0.29181808391417
YLR083C	-0.429974519211056	7.81859071540431	0.00152731205322544	0.00286854110090326
YLR084C	-0.680708977597111	7.16009233036978	4.94738590827901e-10	2.06410021378025e-09
YLR085C	0.0304183575784103	5.96181887932612	0.728936085742105	0.7697810903709
YLR086W	-0.696408620416408	6.49609259610914	8.58705852478565e-21	7.50369125741444e-20
YLR087C	0.222333694621388	5.31468231188996	0.00961649387307667	0.0157919587994911
YLR088W	-0.439874619691009	6.04629419947878	2.33539348375346e-05	5.75189906772872e-05
YLR089C	1.68750058737906	8.15768231568921	4.17642215347473e-88	1.84622426372721e-86
YLR090W	0.20350234927364	6.82274093431454	0.0257135062445345	0.0387928731598849
YLR091W	-0.472283272291883	4.98743657761863	2.24574866779755e-05	5.54018916323302e-05
YLR092W	1.01256797273112	9.4641032634237	5.39303270818624e-10	2.23915142552594e-09
YLR093C	0.606764886887385	7.21092591249313	3.67605899839798e-12	1.86030864464383e-11
YLR094C	2.21763491432051	5.20070926374752	1.07549561354617e-98	5.09124380207841e-97
YLR095C	-0.187996860344782	7.22034620222755	0.0106770178696263	0.0173957266753912
YLR096W	-0.283422293458711	7.04178278742726	0.00019125282713434	0.000411381751961234
YLR097C	0.489962039022525	5.43563949138342	1.63846211028321e-13	9.24055741746963e-13
YLR098C	0.00750720688999331	5.12222478701786	0.914925074223682	0.931503733485652
YLR099C	0.675311838543782	5.81334042583084	7.82818637044114e-16	5.27612740572782e-15
YLR099W-A	0.261187330975775	4.85913713928966	0.00339551276031726	0.00602533137987821
YLR100W	-0.111636584706969	7.1643385241437	0.325535983892461	0.385563895815893
YLR101C	1.67334921867351	2.09039502340888	4.6193581307105e-20	3.85716403914327e-19
YLR102C	0.768013061523102	4.46309818913993	7.32681357090513e-14	4.26003899306399e-13
YLR103C	-0.966890186508476	6.427547221712	0.00258824142655854	0.00467142223250373
YLR104W	0.0778633407539007	5.64165101112921	0.227163033634049	0.279285103927997
YLR105C	-0.206956411604376	6.35348472168141	0.00307971257674113	0.0054990294064056
YLR106C	-0.604772712277141	7.53590278100738	2.41821503971685e-05	5.9485715297781e-05
YLR107W	0.729683403610571	5.96898810840586	3.67118177024594e-27	4.33617776084845e-26
YLR108C	0.542423154015324	7.67208245985741	0.00578935097212077	0.00985435391970273
YLR109W	-0.303152924131013	10.2376142889432	0.0683710993730841	0.0948273986909514
YLR110C	-0.338989060629789	12.0734345213873	0.000200489729044893	0.000429219284669092
YLR111W	0.8658113324615	0.765234153651318	0.000345720180544065	0.000715973036662391
YLR112W	-1.12836746615526	3.90125826449301	7.79207685095086e-14	4.52181139265604e-13
YLR113W	-0.476435302582344	8.44357193221715	9.60345953660597e-19	7.57690272100723e-18
YLR114C	-0.101979231182872	7.57001942130576	0.116353460933717	0.153537534489356
YLR115W	-0.188189252902663	6.66753108230322	0.00463121577965897	0.00803082470934806
YLR116W	0.670636747651256	6.00575141744217	3.55526212288282e-30	4.80319907478011e-29
YLR117C	-0.105234596466279	6.38469235793751	0.1119987977303	0.148672283496261
YLR118C	0.356592300750221	5.58976789337966	5.75992731500245e-05	0.000133804803005389
YLR119W	0.302652564748719	4.82401864175405	6.90534273906639e-05	0.000158974711736633
YLR120C	2.69663275458418	8.39220290049164	6.70954236379909e-82	2.68918457941067e-80
YLR120W-A	1.4563529143796	1.70896511224839	1.64633229128931e-06	4.67757548923976e-06
YLR121C	1.46503663486473	7.09684992915925	3.84104111710543e-07	1.1884888932598e-06
YLR122C	0.388571726582151	1.08498637755026	0.132250386318957	0.172426692655275
YLR123C	0.310141572862982	0.803433459058208	0.218351326842957	0.2699420474974
YLR124W	0.11644881731479	1.98050535914231	0.529273103377442	0.588168188078592
YLR125W	0.427606282411492	2.66204897185944	0.00130045553455214	0.00247225889191149
YLR126C	-0.552179631769425	5.45550771229026	7.78734386388718e-05	0.000177137765076389
YLR127C	0.062406577009311	5.60214731279298	0.335893291579173	0.396581003333462
YLR128W	0.281948450719275	4.72513722028684	0.00292377413069213	0.00523926380736842
YLR129W	-0.679761918750232	7.67672646809114	5.82021471675285e-11	2.66836791792088e-10
YLR130C	-0.573967714009531	8.54467999999848	0.000767584797415737	0.00150709333836166
YLR131C	-2.10971279963141	6.49105472207776	6.3978595872218e-30	8.54754040852833e-29
YLR132C	-0.461883356426383	6.03776128759779	1.82095493751671e-05	4.54822645797692e-05
YLR133W	0.0558401209675864	7.03937170160933	0.572454533061838	0.629176718970342
YLR134W	0.479357435547723	4.19804036193223	2.86723419940122e-07	9.01087925081031e-07
YLR135W	-0.138642322159883	5.51285843265458	0.261830338906988	0.316916448058951
YLR136C	-1.22403421344649	6.70783691367042	0.0499945613005412	0.0712413611137363
YLR137W	-0.768912859823726	5.72132186750191	1.47339794190902e-07	4.78039310672263e-07
YLR138W	0.540314014807331	7.48904932074048	1.38325596696005e-23	1.40475251239253e-22
YLR139C	-0.37089392322657	5.93309471750877	6.92228201014097e-07	2.06367200374029e-06
YLR140W	-0.558921175069987	1.53046760781203	0.00617015464069884	0.0104551774802372
YLR141W	-0.753719133642329	5.267500791445	3.92188660680682e-17	2.88093368453917e-16
YLR142W	2.32527663956086	5.99699424936373	1.70089427292554e-29	2.21817274811895e-28
YLR143W	-0.254821244585023	6.61955910949681	0.000461400651948758	0.00093587743573412
YLR144C	0.106848608778152	6.11936687584761	0.164800115882282	0.210044158720433
YLR145W	-0.314891006788946	4.80193047142781	3.38980185624384e-06	9.25919525658245e-06
YLR146C	0.000214445507678517	5.53180187905796	0.99470221573014	0.998522244276107
YLR146W-A	0.210563342435173	3.641393868068	0.0622451639475103	0.0870476682141037
YLR147C	-0.440040271951483	5.39907918731346	6.9236402996306e-07	2.06367200374029e-06
YLR148W	0.045548296353292	6.25237906696531	0.49777694208721	0.557775434585326
YLR149C	2.66862780572315	6.13314148690359	4.10478006930282e-39	7.19473404567012e-38
YLR149C-A	-0.61645057863935	3.35642197828453	1.94673197546295e-06	5.46707598543319e-06
YLR150W	0.00310382153218496	10.7775037578853	0.959379318098949	0.97019149880755
YLR151C	-0.142706484825993	4.72113947448707	0.275449671859725	0.331930933497829
YLR152C	1.47637913895766	5.87028380092743	4.06982066695713e-22	3.8714813053396e-21
YLR153C	0.014957042165219	9.98751285125716	0.856981644940026	0.882912607589906
YLR154C	-0.420093436764788	5.3972003557173	0.00314548455624654	0.00560480980261437
YLR163C	-0.266473848877852	7.25296659322367	0.000124107202502583	0.000274616305279916
YLR164W	1.03107672310729	2.98239263053785	5.47738104287763e-19	4.36737597211941e-18
YLR165C	0.0111209557637785	4.39691603036616	0.901365024738429	0.920035064300074
YLR166C	-0.0600559459900942	6.56658129204612	0.312582043974933	0.371832854843154
YLR167W	0.0452448900499848	11.47718814664	0.482631600208921	0.54382099312176
YLR168C	-0.858417273835561	7.34871379183491	1.06908748718953e-11	5.24253994533723e-11
YLR169W	-0.393638691968501	4.43586650406372	1.35197187360168e-05	3.42955903126298e-05
YLR170C	-0.510193005943846	3.0975865870421	0.000940011955530287	0.0018189095193589
YLR172C	-0.0675824524580166	7.73795210355392	0.39235936947322	0.453540574749663
YLR173W	0.18240661390987	5.49616433158156	0.028511024744826	0.0425436288820785
YLR174W	0.5197550005222	3.89334569215423	1.31838658374493e-06	3.79059786775443e-06
YLR175W	-0.482342000023631	8.97295640112308	1.73000617700495e-05	4.33005709248701e-05
YLR176C	-0.330873800352905	4.87027095030267	9.84810355071254e-06	2.54324736026133e-05
YLR177W	0.823942093662583	6.23631909554908	1.03538768797964e-09	4.18893053844793e-09
YLR178C	1.85103277110549	5.31649675001	1.76958262273729e-57	4.72832476795403e-56
YLR179C	-0.0194806180861126	8.22868568668333	0.788976892415782	0.824496623883832
YLR180W	0.012073378048115	10.3382733818068	0.875101691440552	0.89749426286943
YLR181C	-0.315200136673035	6.44893871917255	1.00269097434414e-06	2.92772129079988e-06
YLR182W	-0.469716847996327	6.99336812953527	7.17615258207486e-06	1.88151021907693e-05
YLR183C	-1.85156481072678	6.89217938985965	0.000891352623623169	0.0017308824202915
YLR185W	-0.12380061481612	8.6644477408369	0.241799942929616	0.295407692926814
YLR186W	-0.570828870691182	6.93187076596845	8.07238846283831e-07	2.37781476916139e-06
YLR187W	0.497836963358585	5.5042548021165	9.97511419635906e-07	2.91401295182268e-06
YLR188W	-0.203354697245213	7.19351068959582	0.0160953090561089	0.0253577038902848
YLR189C	0.257290203006673	6.86785795083604	0.00129526520439156	0.00246350345106045
YLR190W	-1.60104010944298	7.6349847616335	4.90121977844924e-09	1.84972588248819e-08
YLR191W	-0.232966241028922	6.06545087359259	0.000299450935036687	0.000626190963979325
YLR192C	-0.165046722939739	8.69863029342431	0.0298030404826429	0.0443504651934775
YLR193C	0.28227812749785	5.67643086955915	6.62835123222846e-05	0.00015297369523285
YLR194C	2.0197743238316	8.73754674774665	1.2344180252358e-07	4.0289474308999e-07
YLR195C	-0.0304277164921018	7.4266743837501	0.651131602224343	0.701793329611465
YLR196W	-0.861107330557382	8.01152358791368	2.70561436955847e-10	1.15938371987067e-09
YLR197W	-0.201702479734133	8.67268131010869	0.143398059627444	0.185519503869205
YLR199C	-0.00480356479769365	6.81434932584247	0.966749538966415	0.976003061001862
YLR200W	-0.459079432940436	6.23610120500599	1.44260549748466e-09	5.72849686319537e-09
YLR201C	0.268547631246073	5.57296078617692	7.93395550629757e-05	0.000180063950561952
YLR202C	-0.0945023550616183	1.56918275630446	0.718060470336336	0.760165442447976
YLR203C	-0.0175026621188845	7.3257238641946	0.844394030333027	0.872700173691277
YLR204W	-0.342756990326966	5.98175200019714	0.000567562403918361	0.00113815382667018
YLR205C	0.269922387882197	7.98856727377702	0.348446438036053	0.409152340912647
YLR206W	0.177580866847616	7.81348389983981	0.0391792740488471	0.0571158573185424
YLR207W	0.295643249639449	6.46710148702053	0.000179702899076323	0.000388065312229472
YLR208W	-0.0482809755971478	8.03451071148768	0.42450278342839	0.486394269863061
YLR209C	0.464821512384802	6.27225719656623	2.89166416266618e-06	7.96366694729688e-06
YLR210W	0.335353512333791	5.64403890827571	0.0298748480257829	0.0444353256632871
YLR211C	0.252182443050858	5.66019226577279	0.0133805733989411	0.0213889942234603
YLR212C	-0.947549917591136	6.60697009757944	3.13872124779124e-07	9.82300475883444e-07
YLR213C	0.516531677755836	3.40067153692263	2.97162043300345e-06	8.17263588436265e-06
YLR214W	-1.55708397483996	7.19689975737761	3.98026308921473e-06	1.07499288824613e-05
YLR215C	-0.598344622423579	5.94299019166565	8.80597903014359e-13	4.7017358729328e-12
YLR216C	0.457701908691055	7.86767313482332	7.28064934804423e-06	1.90724461352688e-05
YLR218C	0.640124124458392	3.81238567844893	0.000198966902871314	0.000426753128812822
YLR219W	0.466259712112561	6.67628080090178	3.57783949638494e-09	1.36744889079887e-08
YLR220W	0.446020076997445	6.81215655231446	0.000243660590867564	0.00051653295920162
YLR221C	-0.784740798683677	7.08657568971326	3.34250232190912e-09	1.28321353507776e-08
YLR222C	-0.431624012270818	7.1837523383225	0.00111542576622638	0.0021404212277539
YLR223C	-0.302617924728248	6.78609706292421	0.00824045499087586	0.0137196387164624
YLR224W	0.696831987850181	6.60926495219591	6.13087794508022e-24	6.2899041306864e-23
YLR225C	0.817887320041652	7.05875311377803	6.29925646175279e-14	3.70196772708287e-13
YLR226W	0.100204741238148	5.74567676175547	0.190324876308978	0.239579806610046
YLR227C	-0.232815641430763	5.02343803555728	0.00127547676269947	0.00242817172176986
YLR227W-B	0.595608093725449	6.5467942402294	3.44828721697956e-05	8.28250209687619e-05
YLR228C	0.278892902642025	6.25513590871317	0.020040044673325	0.0309798787801568
YLR229C	0.239425993201339	6.25389503490293	0.000697034971306399	0.00137757207346945
YLR230W	0.158024815226571	5.07907016500225	0.0454069232604826	0.0652297306193599
YLR231C	0.710541020574052	6.44490802967431	5.20344106216252e-31	7.2582569990072e-30
YLR233C	-0.372241401566457	5.24475356360725	0.0208771416367905	0.0321581797387611
YLR234W	-0.748073158394538	4.5948055508931	1.62294484088079e-05	4.07226393296132e-05
YLR236C	-0.59282952402824	1.67057766251416	0.00882558104570825	0.0146128871514178
YLR237W	-0.421809011002442	5.86149995464124	1.01634269910054e-07	3.34624989430036e-07
YLR238W	-0.341264843886822	5.70679962072546	8.48679508816484e-05	0.000192030907301645
YLR239C	-0.0634262136088859	6.00507650468005	0.50119855943964	0.56072775910201
YLR240W	0.323429187945024	6.14266301512956	1.66908731511545e-08	5.93058684306979e-08
YLR241W	0.736789281456908	7.149096196774	2.24560466159167e-26	2.56177898016871e-25
YLR242C	-0.304777498290564	4.5346161269575	0.000768541983903542	0.00150848005459618
YLR243W	-0.231998699061166	5.95278518456752	0.00373953184969218	0.0065794748259729
YLR244C	0.183672220742946	8.16273556930276	0.0234307163478277	0.0357254543959269
YLR245C	0.409789082491238	3.89925185605131	0.000382988846109779	0.000787189382157946
YLR246W	0.420597496810645	4.56393007866645	2.28875120074201e-06	6.3821763538316e-06
YLR247C	0.195426970321069	7.20674156808347	0.0259656710503949	0.0391340221496551
YLR248W	1.17345653996925	7.80865061873819	7.69948360961073e-88	3.35429677253476e-86
YLR249W	-0.118467003988735	12.0750826347206	0.250413967409364	0.304569850711126
YLR250W	0.60032225321732	7.31589070087386	1.74119206306612e-13	9.79237294962909e-13
YLR251W	1.96694365996546	4.57828983303146	2.03619858170406e-105	1.06448920636564e-103
YLR252W	1.86891178095624	2.96672720833539	1.04682139505635e-55	2.72445464375705e-54
YLR253W	-0.609101507247913	7.13635979856261	4.0373678134353e-18	3.10789440388899e-17
YLR254C	0.0427007428725527	4.82276401686789	0.857151300134228	0.882912607589906
YLR256W	0.09938896890093	6.40845828003261	0.172056576776315	0.218228721430212
YLR256W-A	0.469093680261444	3.61567664908127	0.000142340485396706	0.000311862608675291
YLR257W	2.25653327305278	8.04900502622458	1.12161420268317e-59	3.19580312157879e-58
YLR258W	1.70269048743959	6.40325791157651	1.64285528598948e-17	1.22846343026975e-16
YLR259C	0.0017964826835178	9.9882971269815	0.974819542897797	0.981677569832756
YLR260W	-0.143932296111006	6.97956811409433	0.108187094590533	0.144089679370466
YLR261C	-0.254644308451155	1.89894798784933	0.226566959639017	0.278666235955354
YLR262C	-0.337643043050499	5.60776031022499	0.00210594931019346	0.00386476411870668
YLR262C-A	0.397946935771169	6.79485067990432	4.79345962568713e-06	1.2808124119836e-05
YLR263W	-0.613205578798867	4.70869230904602	9.84740291665174e-15	6.1992236999906e-14
YLR264C-A	-1.5130906665124	8.21022487665408	2.89360701729604e-76	1.06075398707218e-74
YLR264W	-1.35263828108419	7.66978811543485	5.8000084785752e-44	1.14702799253928e-42
YLR265C	-0.607424992626484	4.98680049506829	4.18772747925545e-14	2.49520491628184e-13
YLR266C	0.523705628789014	5.99535260820891	2.27596763741587e-09	8.87937536414291e-09
YLR267W	3.74122238990619	5.68183909713802	5.83488859748573e-245	1.29923519437349e-242
YLR268W	-0.328794275587448	7.04508444313378	1.7814674574289e-05	4.45329827611749e-05
YLR269C	-0.00534497410932208	3.20733391566242	1	1
YLR270W	1.10296729197103	6.72309621916333	7.41928415422812e-29	9.33153479816307e-28
YLR271W	0.707361076790937	4.50986406692843	4.55027801288965e-16	3.13359351815494e-15
YLR272C	-0.787094036410931	6.42839138634732	2.87674678188359e-09	1.11007712790014e-08
YLR273C	0.042262950417096	5.74644655182909	0.861901291104033	0.886678740950967
YLR274W	-0.0332475846499633	7.09208646109416	0.956461482939602	0.967577406392828
YLR275W	0.183069546464511	5.53040817078829	0.0452830855565964	0.0650673781946123
YLR276C	-0.632211931464556	7.74018659509462	7.08410905220681e-06	1.85899884861927e-05
YLR277C	-0.170867945162197	6.36262296028082	0.0155823512265984	0.0246334724097579
YLR278C	-0.502730841426688	6.46405425367426	3.34005107391523e-09	1.28309182468871e-08
YLR279W	0.184418310875544	1.94448430961872	0.290632771554522	0.347925970248065
YLR281C	0.505649914400136	1.94074964055243	0.0133765659119281	0.0213882750698169
YLR283W	0.279468631465364	4.53669829994181	0.00120441177236241	0.0023001663200263
YLR284C	0.140960120379894	4.29202219944214	0.141824914245521	0.183642339962109
YLR285C-A	-0.483626327101585	2.65602199965802	0.0973275761699897	0.13096091941226
YLR285W	-0.363268706469765	7.00924050748343	1.13581523244027e-12	6.00045797665281e-12
YLR286C	-1.31688835363063	8.45643455782427	0.0631529084589862	0.0881326104121228
YLR287C	-0.390813159113813	6.87869411128724	4.42965398478886e-05	0.000105095026663578
YLR287C-A	-0.0172860943606663	10.0987618656666	0.763028335674637	0.800301178310523
YLR288C	-0.287219547775585	5.4355819899094	0.10311204941452	0.137910932387118
YLR289W	-0.276799485269079	5.39198664921639	0.000593570122834019	0.0011859566561908
YLR290C	0.342736286186258	5.04826223161638	1.15633618989736e-05	2.95699411895488e-05
YLR291C	0.183763294147296	6.72783463076007	0.00232911159860514	0.00424450407117736
YLR292C	-0.0502566108610325	7.46600203178624	0.478216896245368	0.539710902989891
YLR293C	0.254098068697713	9.29154345836165	0.00550385691555447	0.00941670589120839
YLR294C	-0.514768444610004	6.87406610271134	1.09624999059478e-06	3.18697047555889e-06
YLR295C	-0.411979457560541	8.14682099045523	0.000429631421967826	0.000877060817952654
YLR297W	-0.744678004429039	3.49061228722918	0.00953615376525477	0.0156814432266717
YLR298C	-0.569874304776467	5.72216683485223	1.35254525188511e-13	7.69300099747711e-13
YLR299W	-0.0259049877344343	6.09930737279088	0.796568439775207	0.830841335865466
YLR300W	-0.77216185653792	10.6343445394053	0.000205593656730376	0.00043939888526947
YLR301W	-0.155056563679327	7.32010781483966	0.0491561836537903	0.0701630997451536
YLR303W	0.0223719109974839	11.639461135576	0.846656277518508	0.874436959361153
YLR304C	-1.48463779342242	10.2271256387644	9.01555782731182e-11	4.05700102229032e-10
YLR305C	-0.343266871996647	6.87847289834309	2.58721718074495e-08	9.0274809580027e-08
YLR306W	-0.286977215761436	4.27826023503683	0.000570399060419858	0.00114346087070496
YLR307W	0.697011428082547	1.56939298370177	0.000101746184296106	0.000228075339294627
YLR309C	-0.472845833300489	7.24570456487846	6.91830217909e-09	2.57222218309765e-08
YLR310C	-0.191402945692541	7.55905997591369	0.0180083984916031	0.028099271147552
YLR312C	1.12857768886702	3.50418017403881	3.96309915411018e-14	2.37548874521539e-13
YLR312W-A	-0.693772048566939	6.43703101364725	2.16127001913813e-15	1.41387979924466e-14
YLR313C	-0.671521104371182	5.31690666919521	0.0283395464679121	0.0423402965619005
YLR314C	-0.328032210919437	8.44053536137051	0.000159001502754536	0.000345470558207542
YLR315W	-0.0247050388434291	3.02390330338298	0.876757547597412	0.898885807666378
YLR316C	-0.285930231228904	4.82458887889053	0.000496405793868036	0.00100248291324643
YLR318W	-0.393853928965869	4.98288250353819	8.52705211586803e-07	2.50560299709671e-06
YLR319C	-0.409781654944769	6.06896598919612	1.00938152566447e-08	3.67781923169382e-08
YLR320W	-0.178295370272015	5.29666494701774	0.0114158386049023	0.0185241624001815
YLR321C	-0.717152455924567	6.26602283030464	9.89488894595277e-19	7.76606688551802e-18
YLR323C	-0.227697669376595	5.38933290305405	0.0144746965875972	0.0229912485824662
YLR324W	0.463119044384129	6.59235325604363	8.19649157363224e-08	2.71799819860326e-07
YLR325C	-0.344980482507129	9.93428133083796	3.38958803207873e-08	1.1671364976436e-07
YLR326W	-0.953755528885841	5.63171199468021	2.89383552457206e-11	1.36132544395362e-10
YLR327C	3.48921236150818	8.31770336641756	8.64889950259356e-123	6.19014092971339e-121
YLR328W	0.971854382258519	7.15747999989645	7.49610241084312e-42	1.40833024043715e-40
YLR329W	0.37883841122919	2.6191687872107	0.0160245929062195	0.0252727839853599
YLR330W	0.0434942390819056	8.59813076255451	0.379816508201067	0.441077235330271
YLR332W	1.2334564851062	7.3697432222131	9.16097454758318e-87	3.95041158257168e-85
YLR333C	0.0578607028100711	8.58558499652719	0.581770318874533	0.638132303790128
YLR335W	-0.476387210102569	8.2390333219063	2.37498925767653e-07	7.54275510678884e-07
YLR336C	-0.48792395437116	6.79610662686113	7.53509556091596e-05	0.000171920282778849
YLR337C	0.531826989888317	6.59629839198328	7.60418003929184e-06	1.98853111771303e-05
YLR340W	0.0771425698913158	10.3877494759814	0.324603039126085	0.384534674133206
YLR341W	-0.541327180945527	3.08306287004984	0.0147104073117416	0.0233409788224309
YLR342W	-0.652979857005334	9.70388068346129	7.85003808751802e-05	0.000178361409607552
YLR342W-A	-0.438483892584628	2.00040899473548	0.0348484050119707	0.0512654331982434
YLR343W	-1.36366474832345	2.08870789883259	3.26953284006076e-07	1.02164404544934e-06
YLR344W	-0.141411549378553	9.56531437557858	0.121498170668895	0.159486244991571
YLR345W	0.92462623578991	6.74374668287533	1.69214420297756e-10	7.44196850643827e-10
YLR346C	2.15885821811522	1.13132461707404	2.30743112776138e-21	2.09868017248131e-20
YLR347C	0.287387183209825	7.56400681733363	6.66718798849657e-07	1.99816222267405e-06
YLR348C	-0.673965682451129	6.35724173125106	0.00228130068454068	0.00416242176493431
YLR350W	2.15000239955685	7.45402524478682	1.08470340459487e-203	1.63030921710609e-201
YLR351C	0.0903337097763972	7.40554923290843	0.121275494864257	0.159263493910859
YLR352W	-0.178562196765946	6.52618584550737	0.094293259071366	0.127134127278998
YLR353W	-0.427923025211872	6.02254984575169	3.09872085384096e-05	7.49980264625276e-05
YLR354C	-0.215627507334564	9.79952470775486	0.034770693357539	0.0511729274089411
YLR355C	-1.59745867062813	11.8504465044014	1.44564402713284e-43	2.84026532389628e-42
YLR356W	-0.0208414378921825	6.06470245915418	0.849308650358327	0.875972483436998
YLR357W	-0.3544201109121	6.52344712077349	2.25789949742782e-07	7.18987911998732e-07
YLR358C	-0.408362213574428	3.25168701620863	0.000245616087997628	0.000519658046678446
YLR359W	0.195139421595317	10.3490946058663	0.0893816937658789	0.121191416987024
YLR360W	-0.00621446287794093	5.41523704150311	0.953260190168895	0.96579040500428
YLR361C	0.0770538271052892	5.73676211725787	0.289570403473524	0.346859133928692
YLR361C-A	0.201358092872734	4.59023761950736	0.0515747558038913	0.073354017481191
YLR362W	0.435867709814646	6.34610266227569	2.18990789595235e-06	6.11790254203788e-06
YLR363C	0.304506484869272	5.1517495583168	0.000175224617668515	0.000379075351357724
YLR363W-A	-0.843270411619498	5.41383126585472	7.4265303119115e-10	3.0372993357287e-09
YLR364W	0.928258189591549	5.64160803136566	1.42613257454989e-06	4.08865476308724e-06
YLR367W	-0.428043613883963	8.60138697132216	0.0221243771570323	0.0338969815158202
YLR368W	0.14483488307552	6.10655252339331	0.00511804590229599	0.00881653064888353
YLR369W	-0.167747854284035	7.18950595367775	0.0361316158864667	0.0530071436577447
YLR370C	0.239998278145634	7.08121399807338	0.00523147108757447	0.00899645428446731
YLR371W	0.0908596608245845	6.06718668464522	0.34221149355501	0.402855226606671
YLR372W	-0.411416766192183	8.97779692415207	0.0348506030407886	0.0512654331982434
YLR373C	-0.610293454354333	6.5853381912218	7.30737841939366e-06	1.91341285093182e-05
YLR375W	0.307669212917822	6.4806102729972	9.52121034242327e-05	0.000214067002911925
YLR376C	-0.725860005850262	4.63336944448797	7.89937491997127e-06	2.05677964568503e-05
YLR377C	0.190972216525218	2.80509485811331	0.220909477656154	0.272320643770514
YLR378C	-0.147102411407016	8.25818588649458	0.158362790833703	0.202655831948111
YLR379W	-0.0855880262254904	5.48547329155374	0.511615008062251	0.570760703000603
YLR380W	-0.275233566296498	7.0557870442204	0.00440325201669365	0.00766869963046415
YLR381W	-0.641739512266495	5.7301771233844	5.39487276896716e-05	0.000125957184804002
YLR382C	-0.266648164320288	6.74547248791813	0.0400987138992022	0.0583571696833705
YLR383W	-0.661180462841829	5.87486570083492	0.0103551452986528	0.0169263549579936
YLR384C	-0.187474000481384	7.41855868847793	0.0029012180096645	0.00520194532481448
YLR385C	-0.535754440869492	2.10279134205818	0.00841753283185043	0.0139912102253483
YLR386W	-0.50363833556071	6.28447247932419	0.00205268121271851	0.00377392032136505
YLR387C	0.192594650226019	7.82029745609467	0.0371675475304512	0.0543677118620614
YLR388W	-0.349920262404295	8.58925565097344	0.000205732947265264	0.000439540326566725
YLR389C	-0.0670989667609609	7.50598174217572	0.253076097815379	0.307124243049265
YLR390W	0.00329561047341111	5.21712660563523	0.955790770790058	0.967577406392828
YLR390W-A	-0.206470093592771	9.86455284868509	0.00635796258576428	0.0107491763401617
YLR392C	1.86454027910757	6.21556603958968	3.21209860131343e-100	1.57001112122735e-98
YLR393W	0.254398562215151	5.09523947082598	0.00520290424783724	0.00895501297967292
YLR394W	0.103818084668651	5.73612891726658	0.278456954776517	0.334950622672353
YLR395C	0.0163300681467668	7.27868937368975	0.844748788974162	0.872842400123345
YLR396C	0.225164050626248	6.12044253851389	0.0020969673037243	0.00384945570381389
YLR397C	-0.380852961920041	6.74966613313443	5.85653695094473e-06	1.54835093003869e-05
YLR398C	-0.195171954256269	7.33570791073687	0.000781489410104468	0.00153189251175353
YLR399C	-0.473252720712243	7.8693964145425	3.37444224826857e-08	1.16258720897367e-07
YLR400W	-0.775332998152351	2.24001135657305	3.18984114726211e-05	7.69864511334397e-05
YLR401C	-0.528249845894803	7.26483225832773	4.76441838277186e-05	0.000112196174372207
YLR402W	-0.26069032216481	3.45491455201836	0.0118096599387679	0.0190756785469835
YLR403W	0.358089900265186	7.37450958109794	5.06976196576298e-10	2.11076239183982e-09
YLR404W	0.124980593603258	4.99565101498811	0.154949102341286	0.198837567401453
YLR405W	-0.53293251892277	5.61565198583816	1.48563872366127e-08	5.31330161014369e-08
YLR406C	-0.3835761749269	9.2401577826169	6.91298215177932e-05	0.000159054147326817
YLR407W	0.0244666572304198	5.91631589257258	0.843910608200465	0.872500529062974
YLR408C	0.362187045109824	3.61990249469022	0.00193278607303414	0.00357535688340961
YLR409C	-0.647082312271857	7.6318030082168	3.28510838629158e-06	8.98956377714383e-06
YLR410W	-0.218647845938158	7.69599178089361	0.000327093297478281	0.000680680133070067
YLR411W	-3.17761617499318	5.66365261676824	1.39486773795003e-13	7.90381229081581e-13
YLR412W	-0.197297944358726	6.51320921665042	6.94595379326445e-05	0.000159751622819839
YLR413W	-2.40722311154204	7.31804774390528	3.34344263457109e-27	3.96465031933755e-26
YLR414C	3.9819332001895	8.77109546871725	3.14619364895378e-152	3.15248603625168e-150
YLR415C	2.54257304849577	2.35364861228007	8.64604663973713e-52	2.05454673510275e-50
YLR417W	2.41967657485233	6.6479692645976	3.27000837893884e-277	1.03469949337791e-274
YLR418C	-0.209479914864623	6.51599792462453	0.00550107634811522	0.00941670589120839
YLR419W	-0.792095003922303	6.84131546459749	1.23676338570903e-21	1.1456735708602e-20
YLR420W	0.00327290644422924	7.90513193874681	0.956038753276824	0.967577406392828
YLR421C	0.11133757127912	7.26059488627323	0.165082798617312	0.210226177777436
YLR422W	0.324937402436394	6.12363164985685	2.87051690556569e-06	7.90905024576578e-06
YLR423C	-0.213012869173608	4.49303732048783	0.0129396742572679	0.0207117469740934
YLR424W	-0.522506412064637	5.32324148708272	2.93264460316058e-06	8.07282937463435e-06
YLR425W	0.15463410420988	5.87810866645777	0.0762050009734818	0.104670885504357
YLR426W	-0.0756330305719914	5.31236739152642	0.445218822195844	0.507326679120813
YLR427W	0.114794833959005	6.89207619013104	0.044765042646546	0.0644307963588782
YLR429W	-0.160124456893473	8.4636710961639	0.0114988064640912	0.0186336454075785
YLR430W	-0.530417459640413	7.16867050594763	4.36783142843e-12	2.19376796555732e-11
YLR431C	-0.0390902515621849	5.47945901859996	0.634518191320746	0.686224746576781
YLR432W	-0.282002290371885	8.56182906139493	4.20402071142199e-05	0.000100018094646098
YLR433C	-0.0236258430957132	6.10533468160552	0.780131126177165	0.816245793695983
YLR434C	0.104617103133116	1.93083427315128	0.596650247534811	0.651718984044201
YLR435W	-0.616158677965333	6.50186066447915	1.0758683100016e-09	4.34393571506353e-09
YLR436C	-0.106999782415289	6.88015866535882	0.347477197734617	0.408093946626395
YLR437C	0.0173189607192665	5.22497575190626	0.909089238626141	0.926710883136601
YLR438C-A	-0.520125071345694	6.37015817218923	3.64956143740914e-17	2.68886805903232e-16
YLR438W	2.43388666664802	4.07111008293185	5.89402121876301e-81	2.31600363184335e-79
YLR439W	-0.100346988482252	6.27137908828625	0.323584126930915	0.383478764263486
YLR440C	-0.266879801725733	6.16699184815431	7.56250726052671e-05	0.00017248024905268
YLR441C	-0.0171526534196508	10.8526949796795	0.837523189124616	0.867089618222351
YLR442C	-0.361626765124189	6.32336434639181	6.58795762148504e-07	1.97540155712559e-06
YLR443W	-0.0301514491432821	5.97824820583686	0.745376395721709	0.784799105267761
YLR446W	0.0703775456860749	4.96075378104674	0.497305839626852	0.557486986357754
YLR447C	0.0855209765455443	8.22142326596818	0.145163802960843	0.187417795001465
YLR448W	-0.18792287605648	9.23146255270621	0.0438878693015884	0.0633046713630397
YLR449W	-0.409868764688262	8.22810797437946	0.000123263274987763	0.000273050408705391
YLR450W	0.263736337446734	6.13069067471188	4.66565234487066e-05	0.000110081978130681
YLR451W	-0.464768628650834	6.40719144428166	1.81670911834684e-11	8.71672403790996e-11
YLR452C	2.89429621033061	7.86642835643497	3.69931906664021e-31	5.18422056611676e-30
YLR453C	-0.000444520374425321	4.19070030383915	1	1
YLR454W	0.411280121607755	6.07441462679111	0.00500925308170235	0.00864646268366193
YLR455W	-0.215999311563165	5.94117617597999	0.166071274394248	0.211341371356356
YLR456W	0.72263614409857	4.10898156961528	1.39550182505937e-10	6.17347827244806e-10
YLR457C	-0.141625207703733	4.31363193563807	0.430910071476975	0.493077912013622
YLR459W	-0.0589748809363264	6.72560444073588	0.498021856682152	0.557775434585326
YLR460C	1.53392399571638	4.07838151356504	4.03661396767918e-27	4.75845552425239e-26
YLR461W	0.367399097401331	1.93187754436778	0.0385601732071431	0.056267903233336
YLR466C-B	-0.203438107460435	1.22735054522351	0.389613477502281	0.450626438388556
YLR467W	-0.831752727931134	1.94716393986233	0.0632297750300305	0.0881989344502421
YML001W	-0.422307491684876	6.75344903500544	5.31359521505968e-12	2.65768173318958e-11
YML002W	0.372790538363049	5.74419059996368	1.06355198197997e-05	2.73484795366279e-05
YML003W	0.664323757036699	3.89569435997844	9.38914346667661e-12	4.62684676407047e-11
YML004C	1.04378530558953	8.01514946785789	3.49298006933346e-37	5.76917477385515e-36
YML005W	0.353729748388029	5.59201474657113	1.09619144287904e-05	2.81516572173807e-05
YML006C	0.298783847730641	6.27157288478888	4.44116436891057e-05	0.000105243516696454
YML007C-A	0.25679581020048	0.637887655036043	0.447793328790652	0.510066974742213
YML007W	-0.444645303798273	8.38777305926181	3.48184479956533e-08	1.19684682304098e-07
YML008C	0.300852279180203	9.49753111418393	5.43415428028584e-05	0.000126825060299218
YML009C	-0.0976896717192162	5.9333917651754	0.184543138177196	0.232838058073726
YML009C-A	0.507031948222699	1.13491823678354	0.044101217107674	0.0635514183248649
YML010W	-0.324166263611427	8.18766112945319	3.10729051649958e-08	1.07362244742503e-07
YML011C	0.00354152632699399	4.92129388376868	0.960727040292714	0.971227672143903
YML012W	0.0358537624868942	8.01269912377824	0.780294396719476	0.816274562915867
YML013W	0.303823972731596	6.06347985192465	4.88911936276351e-08	1.65503297347602e-07
YML014W	-0.485730905552226	5.88520044101065	1.42151587281048e-08	5.0930592534783e-08
YML015C	-0.553214601198645	6.22255920834462	8.27154788219711e-12	4.08280343741946e-11
YML016C	-0.175434379467652	7.97601415255922	0.054259773687923	0.0769362640122154
YML017W	-0.374664849098425	6.43570075346448	1.81194072285026e-06	5.11666868284442e-06
YML018C	0.329350100603538	7.99368563870036	0.0328486930323135	0.0485224428772159
YML019W	-0.250588046555398	5.97594214513853	0.00263582399102092	0.00474874852682583
YML020W	0.169362163155339	6.25728092966549	0.243279113776467	0.296792620134765
YML021C	-0.576846180361309	5.91308259508081	0.00295021297046028	0.00528349132511386
YML022W	-0.0963680340224065	7.08524588006863	0.486737929620872	0.547660302120249
YML023C	-0.340098906145411	5.54485112965826	2.36003313320505e-05	5.81020442130581e-05
YML024W	-0.142582373432051	9.72462576642784	0.0745490495547464	0.102630841750203
YML025C	-0.424095146364321	6.97403239858118	4.78787871427096e-07	1.46487159441206e-06
YML026C	-0.20807331792695	10.1476845075384	0.0407276275146032	0.0591578875616803
YML027W	-1.93845450482258	7.12959717570758	2.16587657535677e-05	5.35193175957456e-05
YML028W	0.0455544071025322	9.73753883958145	0.670286175206963	0.718573553021445
YML029W	0.344102089268779	6.47469268492117	0.000154743212368987	0.000336583282475525
YML030W	-0.28232697139201	6.171625098697	0.00325415790744013	0.00578474196911001
YML031W	-0.512044781800595	7.38117524247559	3.59066039366036e-08	1.23354573066778e-07
YML032C	-0.225716651497068	7.51219700814451	0.00631467391265605	0.0106850040987583
YML034C-A	0.0584720173082997	1.14493166897792	0.842107386690069	0.870797951382799
YML034W	-0.134725732298257	6.9215030015954	0.383679265078917	0.44470401805561
YML035C	0.0709281398717572	7.4224771426178	0.259961593143183	0.314844701445772
YML036W	-0.586341018478961	5.44196489830224	7.35058823871266e-10	3.00828703139146e-09
YML037C	-0.343366763735492	4.08043918662316	6.27109969406236e-05	0.000144954735178462
YML038C	0.00568980552065145	7.02617334444133	0.951862841107929	0.964862485371922
YML041C	0.284530699652993	5.18709958848388	0.00274068021778007	0.00492585036451234
YML042W	1.50713854794662	4.9539448019841	8.16935112843387e-55	2.08110758407392e-53
YML043C	-0.862202131886905	5.55401292736553	5.47728424763491e-07	1.6555773200996e-06
YML046W	0.275194315663877	6.47808461900344	5.19723341293843e-06	1.38316809555493e-05
YML047C	6.99552868096789	3.63782209864247	4.73022588218889e-214	8.61761151627868e-212
YML048W	0.37083031486239	8.8659346394479	5.04573423458907e-07	1.53828368247208e-06
YML049C	0.172142032115478	7.22744636432729	0.00849754308832528	0.0141008084590151
YML050W	0.12525093427798	4.51729502855212	0.232090548937033	0.284586657191401
YML051W	-0.29914916156332	6.36985002694933	8.01709086047143e-07	2.36268383593893e-06
YML052W	-2.0819473258896	8.24581675524442	8.19069367998271e-19	6.47075563785231e-18
YML053C	-0.679521230447225	5.98616806128322	1.87588603795229e-12	9.69718560633636e-12
YML054C	3.81127831375672	7.9407811249882	1.02733244157139e-63	3.18367146326144e-62
YML054C-A	-0.118877317947265	1.44311750096207	0.583610486295546	0.63991724304374
YML055W	-0.327553853754538	6.23313414025727	1.63483664541091e-06	4.65371113267538e-06
YML056C	0.10819380899675	7.92003112914407	0.448235181045039	0.510473557196964
YML057C-A	0.494159815983593	1.67238608623717	0.0121889697409233	0.0196033676628708
YML057W	0.857560520963722	7.12295243468147	2.64594069436649e-25	2.88177453886438e-24
YML058W	-0.299092092982834	8.83938743235062	0.196661984720255	0.246524573006291
YML058W-A	-0.921180746697718	1.5391305267442	0.000435457332312935	0.000887146554342719
YML059C	-0.619949570586115	7.37396542401583	3.82659943193598e-08	1.31010909936214e-07
YML060W	-1.2270779938327	5.81085424137186	1.18756237366189e-05	3.03297578184168e-05
YML061C	-1.15045463869992	6.33520515574559	5.78395865337824e-07	1.74476464747165e-06
YML062C	0.178494734108992	6.26400194204479	0.00761117276701532	0.0127425148079354
YML063W	-0.289786079571526	11.3526387598671	0.00165674754844125	0.00309712881257115
YML064C	-0.260711883866362	6.36624702661517	0.0158124498596612	0.02498335926712
YML065W	-0.724605680179404	6.57450207578533	1.91507804188615e-06	5.39765711085673e-06
YML066C	-0.0750018105616804	3.35588801667634	0.6161547529392	0.669375203229214
YML067C	0.294607809799999	6.511386705089	7.80013760300599e-09	2.8769587281762e-08
YML068W	0.33176520801611	5.18645066560175	5.2262201115062e-05	0.00012235216242358
YML069W	-0.312426390950917	8.12407699316815	0.00187133150809074	0.003469147402603
YML070W	0.948908146807636	8.01846123063305	7.44127329614436e-35	1.17112395435654e-33
YML071C	-0.351456242086564	6.5712514718719	0.000147118960693766	0.00032151188356631
YML072C	0.138626388920535	7.98976024903487	0.170948584125226	0.217052352219822
YML073C	-0.108717644859078	9.47508507395031	0.326051195710741	0.386098047786681
YML074C	-0.106124176461289	8.98359229201557	0.067866305358626	0.094229151920568
YML075C	-0.266392698861972	9.0342289001965	0.00384708905206035	0.00675882506750054
YML076C	0.110017224995813	6.58233095248925	0.0912834290977108	0.123602697237711
YML077W	-0.335901834406971	5.97389942270978	0.000110969245971646	0.000247549946857713
YML078W	0.395419827514963	6.80628811087689	8.06405497717635e-08	2.67555731361944e-07
YML079W	0.284113873313663	6.23803099302241	0.00525598699625152	0.0090334459180858
YML080W	-1.095029989464	6.62928130796547	2.8061857328896e-12	1.42972784967223e-11
YML081C-A	-0.303404238059853	7.08565467730869	0.000297409665581554	0.000622355346145597
YML081W	-0.118401341162607	6.82315583950602	0.216259786980934	0.26768660476207
YML082W	-0.625507423162027	6.33194443554804	3.82546151909218e-13	2.10225545272232e-12
YML083C	0.117746996156378	3.44050113090929	0.49172251447264	0.551845390518856
YML085C	-0.221197015848535	8.4855712910513	0.323000669551992	0.382938281472407
YML086C	-0.112617606363203	7.35532568200662	0.0614926663641123	0.0861355801912961
YML087C	-0.213303510210773	4.23306217796965	0.0242896897517541	0.0368854798655079
YML088W	0.124218006845433	7.17496458583299	0.0470948169064021	0.0674128664860213
YML089C	1.95344541748062	0.473497665083405	9.99162653036672e-15	6.27687133757207e-14
YML090W	0.108809913466635	3.89236664567413	0.401978179492961	0.463411853329182
YML091C	0.298681982517503	8.38527196024605	0.0171205881708475	0.0268393679486662
YML092C	-0.0740414258122846	8.13749609945084	0.338468408571541	0.399151053811711
YML093W	-1.31860479666966	7.72748725874478	3.73805282816387e-22	3.56151721123949e-21
YML094W	-0.207755421023895	5.16925165068106	0.00310045720818659	0.00553278383366512
YML095C	0.156179949191667	4.22473995782201	0.0809440084454194	0.110573819307853
YML096W	-0.378695205121604	6.38993638525281	0.000539022346378188	0.00108381349378785
YML097C	-0.719053711192456	6.68760477389624	5.03132174096012e-21	4.45984745995525e-20
YML098W	-0.375801935688043	5.97848569614853	1.36326227819277e-12	7.16427693749555e-12
YML099C	-0.306526309387485	6.5492977397279	3.18117516130703e-07	9.94551485687877e-07
YML099W-A	-0.169222191429229	0.751855000709881	0.63196912034278	0.683590923263907
YML100W	3.60702062121079	7.49108669405664	4.69291019230612e-28	5.72287547183456e-27
YML101C	0.0260614362310291	4.5535618379276	0.822888161806275	0.854144272924608
YML102W	-0.877515513999723	5.84053872081921	1.13456804087437e-06	3.29518022306122e-06
YML103C	-0.173656447582913	7.40891909111894	0.0205653392624708	0.0317185273591519
YML104C	-0.680443772074473	6.1556184699238	1.31340792697400e-11	6.38851816906773e-11
YML105C	-0.0771685792435714	6.93367055549667	0.20224108063713	0.252517835262809
YML106W	-0.195393474099503	8.07454200646707	0.0169964037678626	0.0266655478737969
YML107C	0.0301551193082972	4.77850257294874	0.689452067311066	0.736101194934138
YML108W	0.410354815940178	5.59924213355294	0.000266090143095721	0.000560523454902409
YML109W	-0.520199187500071	6.59062733352389	2.21270324831782e-06	6.17871431903702e-06
YML110C	-0.124099468347324	7.85816119976641	0.397078359147283	0.458290477096077
YML111W	-0.636250597384304	6.6464588296377	1.58749646795944e-09	6.28309991137074e-09
YML112W	-0.431183497657391	5.93814615587496	3.14549350645161e-06	8.63108487484576e-06
YML113W	-0.633832449730152	6.1917944864372	4.70605480838827e-10	1.96887971524219e-09
YML114C	-0.306424203694564	6.67792861158676	1.16920329738524e-06	3.39085876694649e-06
YML115C	0.470727979179314	7.66877560503646	6.36845700100364e-14	3.73898080957362e-13
YML116W	0.102891333907131	8.09943790360253	0.279957066817029	0.336418526025181
YML116W-A	1.65947811593149	1.19334415495598	3.92462522893809e-17	2.88093368453917e-16
YML117W	1.15661693216811	7.65315558716904	7.68244157581588e-44	1.51432258209197e-42
YML118W	2.8448712753341	4.1937743672025	5.7183779367506e-110	3.21298020147146e-108
YML119W	-1.17162724175041	5.86080527083354	1.37871866093404e-06	3.95838423569029e-06
YML120C	0.436238171753297	8.27918655294605	0.000337598960650739	0.000700602330490937
YML121W	-0.000236159054076536	5.94437935540487	1	1
YML122C	-0.206961476521107	2.6241088198908	0.154289785091137	0.198203031617077
YML123C	0.552229079794852	5.43669063693062	2.62187858006148e-10	1.12613221081288e-09
YML124C	0.0592997911954457	8.41424687274786	0.551012170326931	0.608837560743523
YML125C	-0.278365516701896	7.40576816255212	0.108867538262779	0.144960394408978
YML126C	-0.0784678018818456	9.59181371225128	0.259377185454606	0.314263530623355
YML127W	0.311285455897224	7.12714753431817	6.4933187749606e-07	1.94994168207109e-06
YML128C	4.10150758185827	7.12843829901754	2.09655189312852e-250	5.25186249228694e-248
YML129C	-0.0263394136773385	5.60963313346635	0.794859422160303	0.829490513110179
YML130C	0.407671892868906	7.43881439251757	6.97717150873117e-05	0.000160408241340313
YML131W	2.1332696953348	8.02687013809636	1.02562903041059e-34	1.60157967034505e-33
YML132W	0.683422836226742	1.09463390698082	0.00117514780924229	0.00224856417223573
YMR001C	-1.95369629790251	6.91585912333638	4.49874058789819e-19	3.59659952319733e-18
YMR001C-A	-2.36344939551044	1.85628908965155	6.12151483121982e-08	2.05142403373989e-07
YMR002W	-0.247574347816294	9.02404216213332	0.0226856864194354	0.0346862529892283
YMR003W	-1.04019190871346	5.4409156819237	0.000650923243662524	0.00129173073012215
YMR004W	0.214326767799701	7.15173962791363	0.00639605330180362	0.0108105348469056
YMR005W	-0.536050337940835	7.56340913684103	9.90568009124057e-23	9.76277847680956e-22
YMR006C	-1.01213383424469	5.46944837716447	1.75804010592795e-23	1.77635917930064e-22
YMR007W	0.549937016031703	1.7977271936104	0.00132900468900928	0.00252288480906972
YMR008C	1.4091003835903	7.46037740599152	1.65248070329295e-24	1.73380697874297e-23
YMR009W	0.70853457188979	6.87251755642729	8.11222313359345e-17	5.86186123547642e-16
YMR010W	-0.291819389425543	7.08774355320069	9.47179337379355e-05	0.000213035622009902
YMR011W	1.9439760834038	10.7042748457831	3.29534013110008e-52	7.9885422855539e-51
YMR012W	-0.147674814491195	9.06911033483447	0.0249625764828885	0.0377995483021054
YMR013C	-0.344908279372959	6.1796185495452	0.00850950455850315	0.0141167608735433
YMR014W	-1.01590432751577	7.175541544648	7.08832327882802e-17	5.15296246098115e-16
YMR015C	-0.200048046489944	8.74089056108307	0.0366451798772466	0.0536688968141307
YMR016C	-0.033495030431393	7.59738812098843	0.665404707367214	0.714359482266373
YMR017W	-0.0431848154341737	2.58945860506405	0.798379247695634	0.832296867894252
YMR018W	-0.689087915236039	2.97521741647472	6.83071448682104e-07	2.03903949825065e-06
YMR019W	0.301689277349881	6.90257949661233	6.02235338990316e-07	1.81394732365219e-06
YMR020W	1.57315285967036	5.68906681809192	7.0665011062048e-109	3.93368561578734e-107
YMR021C	0.665203077739886	5.9169953969726	6.60067252830957e-23	6.5376018517623e-22
YMR022W	0.184448795136546	6.31373954073004	0.0273731598028511	0.041047372298441
YMR023C	0.339800033636338	4.56791372247056	0.00021614623275792	0.000460968836942395
YMR024W	-0.570702439567196	7.18708153675413	5.49002479987769e-11	2.52726103345059e-10
YMR025W	0.180661964214297	3.7941048636615	0.164897428968136	0.210123642000092
YMR026C	0.00177545451078023	6.21412747177136	0.980254855571659	0.986160005304018
YMR027W	0.060900320793515	7.94858510964432	0.485845843883572	0.546883582368103
YMR028W	0.0241703932075928	6.0064534651178	0.783403963278035	0.819099935170008
YMR029C	0.173574887016503	6.66747083732349	0.145177091038228	0.187417795001465
YMR030W	0.689322762905786	4.8072332249951	4.43052142157058e-12	2.22154251763823e-11
YMR030W-A	-0.103278795431076	0.652812052599026	0.850929706650374	0.877343405313333
YMR031C	0.0792700528927764	7.69046096400533	0.754054200856406	0.792547876844181
YMR032W	-2.38053036820595	6.49886852112818	1.25663284685396e-08	4.51576609401436e-08
YMR033W	-0.437216946418482	7.4200641555735	1.23444537886775e-09	4.95095771697994e-09
YMR034C	2.58683744583902	4.50219645677862	7.39928721636276e-99	3.53051704323595e-97
YMR035W	1.23558162830361	4.35458607127455	4.50685525523622e-41	8.23562729315506e-40
YMR036C	0.939595377357446	5.35249317514527	1.30784867634303e-19	1.06976683566997e-18
YMR037C	1.11515777754377	7.93310942232559	1.32476039288911e-71	4.52526106934622e-70
YMR038C	-0.154299349811986	7.34622131677037	0.0779080556780263	0.106766179789445
YMR039C	1.01768649244497	7.76279570655732	1.20864741476554e-45	2.50565112330016e-44
YMR040W	2.94535307808299	3.7769738079909	1.61201624513003e-29	2.11142519950365e-28
YMR041C	-0.0872069526031284	6.08668748564254	0.22471525619333	0.276615094233067
YMR042W	0.329054476908415	5.3771054529701	7.91656119289728e-05	0.000179737031313061
YMR043W	-0.327361660924218	7.06262267828916	0.000118537927007227	0.000263164703533032
YMR044W	-0.319468240087386	6.68365113333243	2.57189832325117e-06	7.13862083074148e-06
YMR047C	-0.200727756984827	8.022613748099	0.000512389642651969	0.00103302700591001
YMR048W	-0.808153342110894	5.76236112513704	0.000298437116003634	0.000624288079823885
YMR049C	-0.437309560503554	7.90984757443714	0.0144075400335697	0.0229027315393499
YMR050C	-0.0566006036110849	2.48392007661225	0.865259237787758	0.889372292285861
YMR052C-A	-0.480826146574099	1.10413499811621	0.0912138590319547	0.123536319103427
YMR052W	-0.0703017161797086	3.85143581551592	0.573921097671275	0.630640246164385
YMR053C	1.43243095403037	4.85185754995766	2.54439740715731e-36	4.13430194914317e-35
YMR054W	0.0127040017175202	8.12217324671791	0.88104308415104	0.902663773332661
YMR055C	0.027045029047968	4.37101652410563	0.792069705403684	0.827441019789217
YMR056C	-0.414854766323067	3.75110879269552	0.00452339422215064	0.00786427011670609
YMR058W	-1.55913014630204	10.2881288079233	2.72713886099731e-05	6.66486131394951e-05
YMR059W	0.201828614999992	3.57096526634254	0.0867929734358764	0.117920758485082
YMR060C	-0.252661241395459	5.55035184480894	0.0110517756348684	0.017952789818111
YMR061W	-0.520933871733253	7.12501854336113	4.56346935903154e-18	3.50838590620174e-17
YMR062C	0.446943805319301	9.27313551244914	3.59784996300823e-07	1.11784361641372e-06
YMR063W	0.192909434444431	3.9161206377065	0.0736012390251558	0.101558560711324
YMR064W	0.0797558169189338	6.46199483074327	0.13103958676283	0.171039946942713
YMR065W	2.49124274276444	5.08667598089826	5.47418703412202e-107	2.93846539724478e-105
YMR066W	-0.164726767347495	5.74698236001527	0.030015684780923	0.0445950306090402
YMR067C	-0.13517169030811	6.85904169315518	0.156932639942905	0.201039640174035
YMR068W	0.870434024423718	5.559926134355	2.67228209670744e-16	1.87028637548372e-15
YMR069W	-0.914332515218234	3.35103912628478	3.46267651122976e-06	9.43253791822081e-06
YMR070W	0.629613975471871	7.39356411510021	8.44610132847859e-15	5.32822257993843e-14
YMR071C	0.991979985187694	6.36174676001303	1.04891863094827e-51	2.48271606663819e-50
YMR072W	0.292089557909591	7.84297435901205	0.000631726888936938	0.00125634867889146
YMR073C	0.101712448034013	5.87500726442212	0.150755880732437	0.194036470769302
YMR074C	0.10432164348793	6.46566959831228	0.0944066938354345	0.127258529896554
YMR075W	-0.16108512107972	6.03418977004094	0.107482989723798	0.143342443260753
YMR076C	-1.51558342466746	6.7770863630676	0.000268736148483612	0.000565502878783154
YMR077C	0.325687466326925	5.29762379442906	0.000100442636419929	0.000225237273463862
YMR078C	-0.908210625784892	6.50439421504072	0.000258382162203261	0.000545433131729637
YMR079W	-0.032936731813845	7.27493465989611	0.671583430615523	0.719534364204351
YMR080C	-0.0301252639378663	7.41293091889252	0.60993260454526	0.663454825135897
YMR081C	2.1209972985768	3.84566841229981	2.42525266674515e-27	2.88725129355878e-26
YMR083W	0.0614006382342936	9.64732151388775	0.659915004489771	0.709479436157458
YMR084W	3.74733834674267	4.41679561086023	2.17065804868816e-195	3.03488283458447e-193
YMR085W	3.72399991082302	5.40177436793332	3.34361584682497e-203	4.90288255392969e-201
YMR086C-A	-0.0986137511951448	2.71128521163112	0.486809157440221	0.547660302120249
YMR086W	-0.0635396975727592	6.92971971170596	0.358391594979465	0.418703899925484
YMR087W	-0.238357107360158	4.20567528371801	0.0084537553598277	0.0140397727136144
YMR088C	1.47470135291199	6.72578123770673	9.19922856886286e-87	3.95041158257168e-85
YMR089C	-0.260516228594479	7.63155142725098	0.00328703627979717	0.00584146086731912
YMR090W	2.22709325424552	4.94904549974307	1.17545003778554e-107	6.42436875196972e-106
YMR091C	-0.427337043296163	7.21339159298613	1.22300919545322e-06	3.53326827634057e-06
YMR092C	0.311008005072746	7.80867885827191	0.000315012588955067	0.000657360529259932
YMR093W	-0.388925952251902	6.96353524738044	0.000123372056859769	0.000273090134698429
YMR094W	-0.241658351688818	4.62180522924407	0.192649258961447	0.242060341066658
YMR095C	0.971037022510323	4.82697621698636	2.30218517980969e-12	1.18195877890827e-11
YMR096W	1.9780418927378	7.46695525543462	2.06469761939619e-30	2.81473063215644e-29
YMR097C	0.254180608256645	5.84231008570333	0.00130414013932537	0.00247803113704934
YMR098C	-0.45263469359714	6.46220176425373	1.75125087736459e-11	8.42955986766688e-11
YMR099C	0.0823983157331744	7.54037822990541	0.279325695104919	0.335726925024145
YMR100W	-0.31712739041317	6.0994359987259	4.24432403680744e-06	1.14271724627346e-05
YMR101C	-0.338982528284099	1.25574034102499	0.162621105272783	0.207486860123084
YMR102C	-0.0827214311666794	6.27619545838063	0.323394093424915	0.383329118625905
YMR103C	1.30946104464119	3.84648713758873	6.11460303606704e-13	3.31180121196712e-12
YMR104C	1.47143620132745	6.66954818858326	5.30047326560871e-16	3.62943568027785e-15
YMR105C	2.8014463985202	5.73592901491886	1.67167032428279e-75	6.09095878156857e-74
YMR105W-A	0.21162558886612	1.61876775294662	0.330191699831648	0.390462726079438
YMR106C	-0.0125275191583998	5.05118458676842	0.920685579007374	0.936417137708059
YMR107W	5.94377114979039	4.23356207467474	6.42408168098532e-268	1.75552632118563e-265
YMR108W	-0.0926035058380256	10.2335951433188	0.475721312250886	0.537398821730989
YMR109W	0.0718009050345365	7.25998447370012	0.418831718886735	0.480904563397069
YMR110C	0.976115478911914	7.68481541839847	3.53252225625809e-34	5.41773566444481e-33
YMR111C	0.323108791746936	5.46285328552082	3.06314921852036e-05	7.41968295799532e-05
YMR112C	-0.0518554980658802	4.90926554252717	0.562831473443647	0.620073816812022
YMR113W	-0.0483769049099388	5.99940059726095	0.617578721106305	0.670660952571184
YMR114C	0.687887175478403	5.47047609468217	1.3347915857627e-15	8.85735873466374e-15
YMR115W	-0.0822978971096604	6.6745632836911	0.340724872754523	0.401418368606739
YMR116C	-0.167794945179787	10.4570930438181	0.0788453135072048	0.107952180552338
YMR117C	-0.774223820488627	5.02054492074562	8.3109459965789e-08	2.75443259820465e-07
YMR118C	-0.238664417030615	4.01558716363863	0.0222458049814226	0.0340483145489594
YMR119W	0.228647739132502	6.18212658622196	0.00464029664415607	0.00804209505318559
YMR119W-A	-0.833465877297113	3.34578858528494	4.25259894463517e-08	1.44771375170706e-07
YMR120C	-0.987236296413043	11.272766441133	1.66785438375181e-10	7.34051285147575e-10
YMR121C	-0.132955451042859	6.19334695157985	0.0343035232750595	0.0505596425422059
YMR122C	-0.941122018301026	2.69304907115254	5.25665195253582e-07	1.59611068376997e-06
YMR122W-A	0.598714070963862	9.34324721536817	0.00654362909297364	0.0110506455356622
YMR123W	-0.51994895140611	6.68787614919805	2.40589186098382e-07	7.62478748984434e-07
YMR124W	0.111786143735778	7.1794533444958	0.346427786912208	0.407100049827246
YMR125W	-0.351918849654196	8.12370076120255	2.97228784517067e-11	1.39495663740562e-10
YMR126C	0.216050182064693	4.81645744264474	0.0707728481535756	0.0978579491948704
YMR127C	-0.646855287749766	4.99526959467013	6.49758237314076e-07	1.95024788953182e-06
YMR128W	-0.806181749243362	6.94429864929496	2.02461093562514e-09	7.93996147748098e-09
YMR129W	-0.244242250416288	7.19503208018583	0.00668677777504302	0.0112765520290487
YMR130W	-0.333389443809047	6.76187031156029	2.0241419646442e-05	5.02223829299156e-05
YMR131C	-0.286546076783503	8.27922185344185	0.0741901865831697	0.102272360896533
YMR132C	-0.874649599338212	5.05690398165088	1.28879312640388e-09	5.15517250561553e-09
YMR133W	-0.162331288891961	4.35531447541324	0.0845380895730604	0.115117326050564
YMR134W	-0.339485932930342	6.17080734714792	0.00241346095347482	0.00438890721484894
YMR135C	0.558917790244485	6.40013562636921	6.85490341132687e-21	6.00753342695293e-20
YMR136W	-0.301922053495597	6.65334436825625	0.15387308722437	0.197709980849094
YMR137C	-0.528724521704755	4.8203226497678	7.74425706043502e-12	3.82567571465369e-11
YMR138W	-0.599253934211524	4.47054608875473	2.68724725784e-08	9.35479473893113e-08
YMR139W	0.656686423545062	6.27116361292447	3.24868618064732e-17	2.39939819632084e-16
YMR140W	1.16311188320135	6.1749450884984	8.43085920842854e-55	2.13866352578365e-53
YMR141C	1.34382032573995	3.19265610211641	1.85265062827367e-34	2.85593219927725e-33
YMR141W-A	-0.181991533376413	3.87230722720804	0.356932387244461	0.417567136040806
YMR142C	0.0517644557192149	10.2286189944606	0.539780480901162	0.597855610018015
YMR143W	-0.090770341287743	9.76382134311363	0.294144424943612	0.351639746025253
YMR144W	-1.29649791385702	6.06186511440966	1.11080388289844e-07	3.63932040544166e-07
YMR145C	-0.35622228223055	9.55661977094652	0.0105870635392888	0.0172585211491877
YMR146C	-0.0997293681567235	8.99729089147353	0.212415227232263	0.263524627759051
YMR147W	-1.04100045027718	4.95110332584651	7.61078918305848e-20	6.30248823258231e-19
YMR148W	-0.453839713847653	5.44442414714047	2.50495178491335e-09	9.76005841276671e-09
YMR149W	0.213710435920383	7.4003014618175	0.000928004404166983	0.00179683171589433
YMR150C	0.395453750435749	5.52895717633169	7.39724418710829e-05	0.00016903166876813
YMR151W	-0.139577777974734	1.65304487367916	0.671903912564584	0.719666189620217
YMR152W	0.214937719897644	6.63566900431188	0.0482963751513527	0.0690506081830993
YMR153C-A	-0.455014833059128	0.6968650618711	0.164445435139973	0.209681008708699
YMR153W	-0.240463119284009	6.51237681350892	0.00455034815984832	0.00790655871011794
YMR154C	0.140751791345297	4.7294895493469	0.069738540198868	0.0964943851957639
YMR155W	0.2024717760828	5.55407256016381	0.0115922564987315	0.0187637649296192
YMR156C	0.596775548635156	4.58299716221988	5.19222094669437e-10	2.15875742265052e-09
YMR157C	-0.157387419830817	5.20596917210997	0.155851600993543	0.199867710147862
YMR158C-A	0.652104272760533	1.78509398274586	6.14222275308012e-05	0.000142136424909614
YMR158W	-0.435013565283991	5.86549636601829	1.63043026874138e-06	4.6433665446107e-06
YMR160W	0.159031546546976	5.89724350330959	0.048264465024822	0.0690213995550024
YMR161W	0.340192321038402	6.44202447275083	6.40149453238805e-09	2.38893762437722e-08
YMR162C	-0.285262058068379	6.51169114581383	0.0212377883754613	0.0326718484424957
YMR163C	-0.179322283017418	5.14656850029573	0.0686856195502646	0.0951908586298273
YMR164C	2.59574128154705	6.80151931612234	4.4009502831922e-160	4.81063874591846e-158
YMR165C	0.801812855532623	6.63014600596954	6.73843509357564e-52	1.60759808661019e-50
YMR166C	0.14836276225407	5.89887686627031	0.0885167636534323	0.120099928477643
YMR167W	0.0274270004574353	5.73710905638371	0.65301405458599	0.703443916174695
YMR168C	-0.0587474039504339	5.52983368094529	0.394258968872522	0.455561199473688
YMR169C	3.60396652507559	5.21172409919863	4.30165156614518e-149	4.23959495338768e-147
YMR170C	0.487892597233649	4.35616161713196	4.39072800195495e-10	1.84079893638446e-09
YMR171C	0.356612723565075	6.67967985790633	1.15202110554983e-08	4.15723342530946e-08
YMR172W	-0.462098648827317	6.36164520026007	1.54661217216355e-07	5.01522782041384e-07
YMR173W	1.71656067700911	5.50854704373428	2.9636965359778e-13	1.64522101332397e-12
YMR173W-A	1.64994222218459	2.30021524733304	2.71125600671489e-09	1.05026231394136e-08
YMR174C	1.4361606344098	3.74901029333911	3.21366226993994e-45	6.54933476843353e-44
YMR175W	1.56635001595747	0.67575117803938	3.87068733454317e-12	1.95386836736134e-11
YMR176W	-0.0898540076351963	6.02476280409108	0.0975680213081416	0.131225714564776
YMR177W	-1.15160217448427	5.76778717412565	3.97687499133207e-28	4.87938213222213e-27
YMR178W	-0.0102381101603793	6.49085580688619	0.89216100972923	0.912647488885913
YMR179W	-2.3096635724508	6.18289869534437	2.05311381142965e-06	5.75178016510487e-06
YMR180C	0.0515898341033977	5.08779041296563	0.500597574672876	0.560236898535617
YMR181C	0.483870106103499	5.29233793317986	2.01437154632855e-10	8.79477250292467e-10
YMR182C	-0.417156881722627	4.66190723291354	0.000131496705867903	0.000290113099331315
YMR183C	-0.836930532684555	7.50085179777357	1.06053452601685e-34	1.64752805437036e-33
YMR184W	-0.113293404440579	5.53665312770359	0.217540152099243	0.269105225189434
YMR185W	-0.362709916335557	5.95051957302787	0.00218951508628039	0.00400589309151482
YMR186W	-0.57237411719204	11.6739015539468	1.88036542113027e-05	4.68299789222667e-05
YMR187C	-0.360305089766123	5.14916145676175	3.96946722866303e-05	9.47001467409608e-05
YMR188C	-0.446658955666573	7.08295438448865	1.15086996344781e-08	4.15723342530946e-08
YMR189W	-0.422345177604454	8.18823836314197	0.208767215739807	0.259480773419003
YMR190C	-0.342554119671546	6.19224365740786	0.00410707143192794	0.00717782367696243
YMR191W	0.346944814549686	7.42603272265293	0.00968056260637119	0.0158884909608254
YMR192W	-0.175457896815558	6.07306321337095	0.0135509204382074	0.0216440312631516
YMR193C-A	-0.459736147380865	4.49084466550351	0.000434270816094554	0.000885329313787881
YMR193W	-0.337453080489231	6.08252250502161	6.90688534690759e-05	0.000158974711736633
YMR194C-A	0.45840153190957	1.96153559744735	0.0300193095267441	0.0445950306090402
YMR194C-B	1.81775844082829	2.63947006833266	1.12163641240283e-45	2.33331422538609e-44
YMR194W	-0.257290322530347	7.26375875265555	0.0364340128919268	0.0533986556573047
YMR195W	1.91039795978313	5.89006102803432	5.38437703835354e-28	6.55280865477358e-27
YMR196W	2.00668676962374	6.49757851015192	3.04753863564217e-65	9.85043133197887e-64
YMR197C	0.40107411408332	6.59829217471682	8.72709232171568e-06	2.26054627480201e-05
YMR198W	1.11438640362482	6.12424397308019	1.06861893714044e-11	5.24253994533723e-11
YMR199W	-1.98446292204605	7.16175491174558	0.000635100276117541	0.00126263983466225
YMR200W	0.104799198339601	8.25360579515573	0.110305696287041	0.146606855598894
YMR201C	-0.0695519545182404	5.63572116584717	0.288235724141425	0.345400273776809
YMR202W	0.179781913188565	8.93206516992829	0.0185649773516046	0.028870316564368
YMR203W	-0.0754218848810719	8.07586568955465	0.239280343827231	0.292448348666256
YMR204C	-0.194354737664762	4.58304068270594	0.0412781432624279	0.059813014532108
YMR205C	-0.198146537940191	9.84208524425452	0.0610619827653561	0.0855921287911682
YMR206W	1.87001884432231	2.67681563839435	1.82389977664354e-26	2.09261172846964e-25
YMR207C	-0.532803875533768	5.98798852166605	4.18188295069756e-14	2.49419447416605e-13
YMR208W	0.0684952940768444	7.71955394214592	0.356153188849251	0.416817786910978
YMR209C	-0.750803313052227	6.06171193495058	8.91935513103722e-20	7.35571509571959e-19
YMR210W	0.361724867703161	6.40977689396362	1.31228384488219e-07	4.27149457251312e-07
YMR211W	-0.165391739629983	5.70314674430378	0.0923862568285934	0.124899072645267
YMR212C	-0.391560968669551	6.9294052058392	6.22017761162415e-09	2.32560371897291e-08
YMR213W	-0.175050755859398	5.33812486532844	0.011701403973235	0.0189262417775326
YMR214W	-0.0680191581893935	7.13028888978199	0.430528425488749	0.49273498839489
YMR215W	-1.00535847805642	7.15855840828816	0.0333103481027673	0.049131946220274
YMR216C	0.0900895661986663	6.9322948158573	0.259497767683975	0.314346278322801
YMR217W	0.0816003067724057	9.84518444824067	0.559495190108867	0.61673727226522
YMR218C	-0.17880616661992	6.2085644054655	0.0121917817184754	0.0196033676628708
YMR219W	-0.439799279960691	6.52425944046791	6.45567736615519e-07	1.93960681285982e-06
YMR220W	0.0164523394360666	7.73534746115556	0.79938677497645	0.833058292799171
YMR221C	-0.0824192884087326	7.13840576132171	0.219430359523892	0.270886102968714
YMR222C	0.315157136431815	4.83236254968159	3.62272961347602e-05	8.6703226258829e-05
YMR223W	-0.107492219532584	5.72882827387234	0.218591324254524	0.270072141680682
YMR224C	0.0443251212341781	5.67294406041297	0.530374787068702	0.589174652597383
YMR225C	-0.307493936433247	6.09609389107035	0.00137672863948433	0.00260689530097001
YMR226C	0.860064334435497	8.63560996380572	2.2126824105101e-38	3.78992782107884e-37
YMR227C	-0.408119022358597	6.14447202132354	4.25126738995891e-07	1.30868507672468e-06
YMR228W	-0.371429151677702	5.24736296876556	3.27259210838389e-08	1.12879080640298e-07
YMR229C	-0.701021949949329	7.90028454671682	4.26236765533949e-08	1.45021812925303e-07
YMR230W	-0.21646255528711	9.39039271229701	0.00543559251011163	0.00931550232918788
YMR231W	-0.0972841920231348	6.22444171138746	0.223004286838651	0.274677683358732
YMR232W	5.37112536897585	5.8982026730267	1.25432777275238e-248	3.01640742791493e-246
YMR233W	-1.57577322866243	4.26806573219412	4.05823258371335e-29	5.19108389218822e-28
YMR234W	-0.209071725716706	5.32424609379603	0.00341669103358506	0.00605754836151973
YMR235C	-0.295037964342972	7.9898802237656	9.860009305437e-09	3.59698883157083e-08
YMR236W	0.551187782371729	6.35788405991933	1.98013251699355e-24	2.06676331461202e-23
YMR237W	0.0465139646463528	7.47955953333587	0.443854868031623	0.506060206069811
YMR238W	0.649893724997486	7.25710229945465	2.84279677578269e-10	1.21643375202886e-09
YMR239C	-0.612915530962978	5.7873250304925	5.95882312923223e-08	2.00248432939878e-07
YMR240C	-0.0826371342496053	6.06398899155303	0.394799471636658	0.456098082913064
YMR241W	-0.823747574010508	9.27231058330547	5.8770068802491e-14	3.46397699647624e-13
YMR242C	-0.321189087651308	10.1206501912404	0.000151431651361208	0.000330576284670872
YMR242W-A	-0.441876374009519	0.686066006982641	0.175280914632814	0.221990490577729
YMR243C	-0.569205196004608	8.53913090079118	1.91634153606292e-06	5.39765711085673e-06
YMR244C-A	0.649104535766821	1.42657923705949	0.00118029065859899	0.00225768610865324
YMR244W	-0.0510178803149263	0.782430448754876	0.968041767707235	0.976815560163796
YMR245W	-0.44155937129376	2.94930464915602	0.00512734008329242	0.00882748241144159
YMR246W	-0.0637007069513344	8.07392134453093	0.647777930873783	0.698646528007878
YMR247C	0.374281890333922	6.97875238112404	3.41784942582086e-05	8.21595791604758e-05
YMR250W	2.56192429442951	5.14889286954474	5.16238714420945e-60	1.47791769099939e-58
YMR251W	2.42418920551195	4.05109449136945	1.99982744613366e-58	5.48993726308473e-57
YMR251W-A	1.51478904181356	8.2461327291481	6.42313146488523e-07	1.9307933183445e-06
YMR252C	-0.316425668070074	4.40223877738698	0.00389214737143706	0.00683000291800339
YMR253C	-0.260247582420358	5.4307434027949	0.0734218327934368	0.101334265095074
YMR254C	-0.499912929380951	2.35445771760983	0.0177236781022333	0.027683749740355
YMR255W	0.41709361053173	6.38538478398249	4.68406353125669e-12	2.34476186094215e-11
YMR256C	0.404400588992982	6.7482933368036	3.44907632889881e-08	1.1862612636922e-07
YMR257C	-0.0325240513290817	5.8025312378139	0.662956057117099	0.712112169981776
YMR258C	0.322259976225771	6.32879596354869	0.00691422543459997	0.0116405273908751
YMR259C	-0.494164836530619	6.65388581400784	1.81293324148664e-07	5.83165042686873e-07
YMR260C	-0.187773882692034	8.57299052024462	0.00812185597399776	0.0135371771876004
YMR261C	1.2117937649537	7.52234478020596	1.49660753030595e-24	1.57852710038586e-23
YMR262W	0.966212772382358	5.04745635198191	1.61711709933723e-09	6.39191847548682e-09
YMR263W	-0.615499602435865	5.20551882658153	1.93671216650212e-08	6.83304785505327e-08
YMR264W	-0.276299353400698	6.56290341921134	1.03965507291668e-05	2.67683353249468e-05
YMR265C	-0.140494717388583	5.75042927485157	0.0938000618060847	0.126554302418802
YMR266W	-0.0396657150289932	8.23964806781526	0.742618736011838	0.782032552268904
YMR267W	0.05525265018396	6.07263446480865	0.392650307903458	0.453789629203305
YMR268C	-0.441081210234614	4.96873996285335	2.10480539198051e-06	5.88836203656902e-06
YMR269W	-0.776077112542632	5.54480533601204	2.19820246879534e-19	1.78348086941937e-18
YMR270C	-0.572030173064671	5.69431226391981	4.92922842676244e-09	1.85912931629208e-08
YMR271C	1.21085182600345	4.1836473663582	2.25965876662167e-42	4.29907231168654e-41
YMR272C	0.115357874940989	7.52882019296094	0.406577663555126	0.468124979956223
YMR273C	-0.276678764476755	5.79482532910712	0.0114432110876273	0.018563568553377
YMR274C	-1.43803853257567	4.62807933608311	2.41095652903365e-30	3.2719346845486e-29
YMR275C	0.29117758935987	6.85197457677587	0.000130636571326352	0.000288533088469517
YMR276W	0.0519545203280619	8.9991609208265	0.543386381608808	0.601517018271433
YMR277W	-0.630510096232779	7.23586115824222	2.42402536629718e-10	1.04918938100638e-09
YMR278W	0.808711601423665	5.31179601493588	4.90142025234227e-27	5.75533956193003e-26
YMR279C	-0.192469150846002	3.84028655549322	0.196510886348809	0.24638653779542
YMR280C	1.97806252575082	4.96898407594746	2.9071577995393e-83	1.18896821026056e-81
YMR281W	0.3508320250577	5.36833837330487	2.15987268487883e-07	6.88867617055252e-07
YMR282C	-0.499965533130576	6.21391006517907	2.69217354996977e-11	1.26943901038575e-10
YMR283C	-0.108407819499283	5.27594647876585	0.249424857075172	0.303551060877719
YMR284W	0.404942073650266	5.77159740603085	5.20821204059832e-05	0.000121978070853436
YMR285C	-0.121565434309529	6.50961494221592	0.153627946368934	0.197437198283461
YMR286W	-0.12377923790212	5.61924628618976	0.148395342143603	0.191202914052152
YMR287C	-0.468668243707481	6.24063038479102	1.11632224737028e-09	4.50424788670478e-09
YMR288W	0.02613882977879	5.75457377256893	0.691913600961296	0.738335919236655
YMR289W	0.121311008776118	6.68438569593324	0.112523765719852	0.149204428651907
YMR290C	-0.613769796519739	8.37922976416613	0.00134692487279422	0.00255367780991449
YMR291W	1.56890624829236	5.69496020993892	1.59446649502298e-20	1.3733427747963e-19
YMR292W	-0.763222317862776	5.20078462693379	2.80311303624496e-07	8.81397258049409e-07
YMR293C	-0.158538880989918	5.35359851426832	0.0593632557237574	0.0835037324553236
YMR294W	-0.506253291617281	5.51547490508551	1.29675971085992e-09	5.17670609673959e-09
YMR294W-A	0.343418083392564	4.32992671036068	0.0683760434672778	0.0948273986909514
YMR295C	0.589811974393288	7.28748131377353	4.72918861466267e-05	0.000111410195734138
YMR296C	0.105981214249529	8.31854646787591	0.127864336177727	0.167076807020321
YMR297W	0.534005646727494	8.65391869405556	0.000389341725785339	0.000799154132953724
YMR298W	0.593903117584938	6.25245124876256	9.23733544173465e-13	4.92330325139262e-12
YMR299C	-0.459805889089025	5.99259819297257	1.31286635890659e-06	3.77653232045284e-06
YMR300C	-0.998597452004652	9.11734624474956	6.80408722144279e-17	4.95232111081284e-16
YMR301C	-0.16361541047923	7.14058149567746	0.105555391446021	0.140930349691147
YMR302C	0.0888909751807441	7.4850279303735	0.110320927267032	0.146606855598894
YMR303C	-0.0794385161660906	4.19222237444306	0.459366384580676	0.521963845038561
YMR304C-A	1.22420272578635	4.38397952819068	7.52623061104e-05	0.000171783213491164
YMR304W	0.758482973119636	7.01648747901425	2.2281373807178e-12	1.14589922436915e-11
YMR305C	1.02425334432124	9.80120724961358	0.00271203228312302	0.00487727732160802
YMR306W	-0.933193256691359	5.00625632048878	0.00136519021598043	0.00258586124085519
YMR307W	-1.49018795940797	10.4015577101498	6.97740341884197e-09	2.58939193543691e-08
YMR308C	-0.0614522975595861	8.41156906546716	0.383472534671658	0.444635849266347
YMR309C	-0.430561670739528	8.75822943207816	5.92406241120224e-09	2.22041541247804e-08
YMR310C	-0.376446944170148	6.81267471983316	0.000194369029566099	0.000417487176045512
YMR311C	-0.0110591397214236	7.80415592131321	0.865092782874047	0.889353250793223
YMR312W	-0.541727332335106	6.5625686403621	4.27975838182361e-09	1.62436284037396e-08
YMR313C	0.507204463001161	6.27832425453423	1.38167534580053e-13	7.8368042309137e-13
YMR314W	-0.283429742969184	8.32774651682205	0.000324988843959051	0.000676769286415592
YMR315W	0.808636709832953	8.02178561400429	6.06232740044533e-08	2.03499231331532e-07
YMR315W-A	0.730158420779891	1.0936901992916	0.00183345171576501	0.00340102181893836
YMR316W	3.54072060043482	5.88871439675017	1.27155691275504e-202	1.82014289511507e-200
YMR317W	-0.166260564653033	5.08716990289776	0.038411822272281	0.0560786487374827
YMR318C	0.847184993266433	8.63786364387176	3.49160637568747e-15	2.25958423365265e-14
YMR319C	1.03827850593453	6.282323266759	6.31100098211468e-57	1.65684444997701e-55
YMR320W	-0.141368108446151	2.2329078439386	0.456738241712851	0.519271994927697
YMR321C	0.222199070200702	4.24456357139624	0.0357618786511944	0.0525031537120832
YMR322C	0.851631346323307	2.19242833953876	7.18789874466109e-06	1.88376840683969e-05
YMR323W	1.05462822459172	2.74309695822668	1.02926496206748e-07	3.38508804811253e-07
YNL001W	-0.189377212351629	6.52115296223483	0.0683959090403151	0.0948330731435365
YNL002C	-0.47692830758607	8.04912838501337	0.00179109419100188	0.00332964077807771
YNL003C	0.387673754998539	6.22016345179784	0.000715852622330891	0.00141244042187506
YNL004W	-0.319556967168226	8.01249642667378	1.42807614709046e-08	5.11351625747935e-08
YNL005C	-0.165043800294594	7.31001005316618	0.0377599814682247	0.0551806049068951
YNL006W	-0.0977642104178916	6.6977420611709	0.328617307038511	0.38883039754291
YNL007C	-0.497901295123618	9.3385779468515	0.00498189422705319	0.00860665175087465
YNL008C	-0.0305506618560501	6.64787893315956	0.65371252154806	0.703844540825213
YNL009W	1.101310744055	3.79689952446584	4.93692451524787e-35	7.79023364453285e-34
YNL010W	0.0135534862633751	7.08024605616688	0.866481015964768	0.890171542717052
YNL011C	0.430501786044463	5.00791081156995	1.2383629096799e-11	6.04305017288601e-11
YNL012W	0.750886093153948	4.19940482985259	3.92337191561122e-20	3.28972272756689e-19
YNL014W	0.602479156011956	4.32438092782869	6.33792125361053e-09	2.36815305013714e-08
YNL015W	0.365002237618868	6.88986623394528	0.297489588801434	0.35542675037246
YNL016W	-0.0912125285497823	8.7898404192455	0.089560280100502	0.12137881063215
YNL020C	0.521068925388808	6.16227618937625	8.4037464838216e-08	2.78365420720306e-07
YNL021W	-0.214511249501398	6.57117153361199	0.00102826966912944	0.00197949319590335
YNL022C	-0.211155610533932	6.37352736119827	0.0312241925611483	0.0462934268008937
YNL023C	-0.425208768851683	6.36316360570218	6.36709694926071e-07	1.91586520815592e-06
YNL024C	-0.395674656360624	3.23085830740875	0.0628985337100129	0.0878591971804362
YNL024C-A	0.288508579076178	5.76787489499373	7.39178956010086e-05	0.000168971250324435
YNL025C	0.206528515965194	5.55044879824285	0.0121864052090404	0.0196033676628708
YNL026W	-0.0487979986858127	7.03680723848687	0.439647430314815	0.501643642257101
YNL027W	0.302621602516142	6.81693099646403	2.69858619618682e-06	7.45926446504605e-06
YNL029C	-0.521364705997444	5.51999479946666	3.48936623532587e-10	1.47317905946482e-09
YNL030W	-1.52041035350239	8.82209153356489	0.00268141094312819	0.00482653969763073
YNL031C	-0.683761562850859	9.87568422960265	0.0935453361110259	0.126295657017626
YNL032W	-0.127877600286967	6.30531975020522	0.150718827939819	0.194030319823167
YNL034W	2.32626350940176	1.22916196342226	3.44670354911412e-24	3.57268650642656e-23
YNL035C	0.237067455860469	6.39552730476306	5.46992954282957e-05	0.000127511502177167
YNL036W	2.27541076170694	9.83560501528511	4.76794463847274e-29	6.03471224557855e-28
YNL037C	-0.752712159538033	9.20238840604048	1.84887620829626e-09	7.26974739324859e-09
YNL038W	-0.109661889338748	5.62219203223966	0.198868605195153	0.248823736614623
YNL039W	-0.351074478863446	6.91434708723293	4.51369258307661e-05	0.000106920093811886
YNL040W	0.28266524587714	6.47681329988016	0.00152884077372358	0.00287051553142604
YNL041C	-0.173671695950564	6.91467851880135	0.0200069375351567	0.0309366534108442
YNL042W	1.55892213137855	5.81785127938815	1.36618194360814e-42	2.64099223311001e-41
YNL042W-B	4.91905623224169	1.44123589311024	3.28719890230113e-79	1.25893887529063e-77
YNL043C	-0.121134327041692	4.32013424208741	0.280293807006535	0.336688584959698
YNL044W	0.121829541150841	6.90005249551404	0.22277500029766	0.274507747856022
YNL045W	1.34397506624724	6.99372291622366	1.43057930183662e-59	4.05690696351026e-58
YNL046W	-0.708343407632876	5.35331296187286	0.0144603364523793	0.0229778259216998
YNL047C	-0.291492399750702	6.00913650314555	0.00224689612742062	0.00410463066485954
YNL048W	-0.291472564697773	6.61763580215568	0.000193316624567788	0.000415375106112059
YNL049C	0.0379329355340707	7.03398768199016	0.511452199251767	0.570684970657316
YNL050C	-0.276161842714206	6.11260315082763	0.00303658557110267	0.00543008698794445
YNL051W	0.150187394621538	5.62667707750462	0.0508643710843368	0.0724157421045318
YNL052W	-0.220328269569933	8.51917322573789	0.0266363284568941	0.040064450008218
YNL053W	-0.421835739401939	5.91868735599127	1.84711534930277e-05	4.60973743462361e-05
YNL054W	-0.239633019920286	6.69928780400239	0.00198350944535983	0.00366242591692362
YNL054W-B	0.792805310325296	6.29384583550673	4.6683190797142e-20	3.89263998713478e-19
YNL055C	0.458679179539701	9.37550562962796	5.16596127116611e-06	1.3754543473096e-05
YNL056W	-0.361436860720606	6.07107463863576	0.00522802822919184	0.00899310606978579
YNL058C	-1.57990893046512	6.41942034240258	0.000174646412164296	0.000378096589820578
YNL059C	-0.346903200223533	7.35468115464318	2.32177182537324e-08	8.12958195349093e-08
YNL061W	-0.378653569981296	8.4032616072287	0.00511206402822008	0.00881127549818208
YNL062C	-0.525226735002167	6.64499859237501	0.00062739735920887	0.00124815119906146
YNL063W	-0.0372781267882939	4.74566827528728	0.672613784355512	0.720260237754019
YNL064C	-0.63764447157905	9.73229549042625	0.000254351189285848	0.000537490105443415
YNL065W	-1.81656163895141	6.20381465647361	5.80339988200387e-20	4.81906631085736e-19
YNL066W	-3.10268264147321	7.40795466654587	5.66322999197734e-25	6.12362207046183e-24
YNL067W	-0.320455797170721	8.9826295205158	0.000154456407626813	0.000336081043305247
YNL068C	-0.709278671770449	6.76771554545985	1.74535697798309e-08	6.1796738231062e-08
YNL069C	-0.0869227431019872	10.4919392620456	0.276898158344618	0.333342356421274
YNL070W	-0.262975502767306	6.89592144775651	8.0302207681276e-06	2.08723247980904e-05
YNL071W	0.10171178634854	8.53742006878626	0.139452641660807	0.180882261416348
YNL072W	-1.19581077552167	5.5007638106416	4.33582671182021e-11	2.01289499547978e-10
YNL073W	-0.0256003272679163	6.67907894367991	0.819520718778197	0.851089749748579
YNL074C	0.1539556272622	7.52315068903645	0.0603460478738064	0.0847070837771011
YNL075W	-0.52491658382375	6.87282632489873	0.000147786146233729	0.000322852583996068
YNL076W	-0.0191775977991537	6.74874214418803	0.76378019852486	0.800950035501737
YNL077W	0.451182624392471	5.76518010320279	0.005393401374941	0.00925110672357926
YNL078W	-1.3875957265482	6.85553641163853	0.00563940252034887	0.00961818097938649
YNL079C	-0.213533125091412	9.35410782746943	0.00347151289622484	0.00614387269122866
YNL080C	-0.511189933452069	6.67306224504082	7.72633628632142e-17	5.60322481946494e-16
YNL081C	-0.326191477404158	6.66777484485074	0.00121255737482845	0.0023135179109707
YNL082W	-0.98191879854206	5.68160199148285	0.010428016846141	0.0170286070359566
YNL083W	-0.11147059994843	5.66329031283591	0.101657274077034	0.136055995492237
YNL084C	-0.101860809093754	7.46309343988841	0.132274102881924	0.172426692655275
YNL085W	-0.324610520855738	7.82534201349427	4.96732766233039e-07	1.51668734920926e-06
YNL086W	0.27491932157929	4.19255928939222	0.00147734413279055	0.0027816451382201
YNL087W	-0.882502820605264	8.0786695462302	2.45924536503378e-11	1.16508929350537e-10
YNL088W	-0.498860354326906	7.22376150958968	0.00626197299846843	0.0106017971463791
YNL089C	-0.592430872905781	1.42842293353379	0.00829852806124715	0.0138086771946354
YNL090W	0.0843360771097188	4.1802447973501	0.415163607165697	0.477148462297873
YNL091W	0.0383612674414971	7.77375592483944	0.549277221489799	0.607367050873031
YNL092W	1.93619624880137	4.12589352281282	1.52928315280734e-28	1.89568047725314e-27
YNL093W	4.18506431979194	3.85639377088944	9.60261143618379e-231	1.99072068808059e-228
YNL094W	0.288081150698613	7.08614755074612	4.01544925260312e-08	1.37086206170642e-07
YNL095C	0.171421311885095	5.86324526230558	0.20940738406679	0.26016887642272
YNL096C	-0.400032442761572	9.08302234101983	1.73228592735483e-05	4.33395879952444e-05
YNL097C	-0.213075670967719	5.74757736039506	0.0147938670806803	0.0234548335677875
YNL097C-B	-0.71111047115674	3.670188144196	3.05361400545858e-08	1.05568300177211e-07
YNL098C	0.416022141288109	7.86383772520809	1.65057084644854e-07	5.33794079012836e-07
YNL099C	-0.306188939176973	6.60523381312983	0.000130504133584432	0.000288346509044325
YNL100W	0.443124373244508	6.62159854966478	2.4558578561707e-06	6.83537873420953e-06
YNL101W	0.30641083008991	7.41001424933699	1.53909638131359e-06	4.39992745813472e-06
YNL102W	-1.70365371569846	6.26985334171042	0.000456250938464631	0.000926995823605733
YNL103W	0.0865980953955913	7.43291620132892	0.215988327395903	0.267405647509095
YNL103W-A	-0.148240926983526	4.74957545763634	0.0981506671880264	0.131891330159681
YNL104C	0.148769916704623	9.72238906323789	0.0157166591493012	0.0248392625671921
YNL106C	0.918443970919889	6.17188345106116	3.69305271525789e-13	2.03320814323539e-12
YNL107W	0.270488657413721	5.63258099410598	0.0127551539767944	0.0204436112259366
YNL108C	0.161018755696331	5.17649130318136	0.0721272101639194	0.0996160779934489
YNL110C	-0.954357280682572	7.18256304270656	5.09449703715398e-11	2.35238987614207e-10
YNL111C	-1.15989538518856	7.79217117039031	5.32064676570931e-32	7.59803523882289e-31
YNL112W	-0.448625261498587	8.12571848018514	0.24846323412707	0.302564505483481
YNL113W	-0.831387957307291	5.26216791852017	2.23610147548889e-12	1.14901214278968e-11
YNL115C	0.702668226710069	6.43741821582933	2.76042555829171e-08	9.57627146938822e-08
YNL116W	0.0411390703916681	5.6202987844469	0.626727442711695	0.678775965696759
YNL117W	0.7815085350275	2.81579980413257	1.95033216671462e-08	6.8690081934905e-08
YNL118C	0.0117299467271064	8.00298789044855	0.857990408412398	0.883259988934133
YNL119W	-0.380262084239315	6.07133272647445	0.00108163294436369	0.00207756462029218
YNL121C	-0.399093872513157	8.83520132715283	3.7546272536052e-10	1.58183735449716e-09
YNL122C	-0.18635483937548	5.30272812430046	0.111751601617259	0.148409681670634
YNL123W	0.0128581259909518	7.99404770837743	0.853697501801021	0.879855870154392
YNL124W	-0.597915169205443	6.87316030161085	3.77277408883262e-07	1.16917102175576e-06
YNL125C	0.656821484017901	5.83848964392709	1.51559850686946e-19	1.23465829584e-18
YNL126W	-0.990751922101244	5.76299087488169	0.00164864041821962	0.00308389116189681
YNL127W	0.662878632507207	6.02662503922784	7.48539032172251e-10	3.05929072836137e-09
YNL128W	0.0374327832672623	2.93357864205819	0.755509329699897	0.793938488053798
YNL129W	-0.174208220121252	5.71015668925097	0.00942524483551001	0.0155075456899524
YNL130C	-0.620519440116902	8.00678768052009	5.36424857526287e-09	2.01687695024893e-08
YNL130C-A	0.0262302000502408	1.94098683740623	0.953912601141504	0.96612576786771
YNL131W	-0.208084048586771	8.07596918429228	0.00255883653859026	0.0046252932260988
YNL132W	-0.77402826775921	7.28761368847837	7.15878754214267e-09	2.6517948677364e-08
YNL133C	0.277591216630764	4.71694617906466	0.0227291025923367	0.0347350991652821
YNL134C	0.0410589764854878	6.62174470607078	0.863964191879886	0.888486486772906
YNL135C	0.17872342891833	8.63896799735119	0.00136057538168744	0.00257874501724618
YNL136W	-0.488335687577453	6.52532295240998	2.29083794655527e-13	1.2811644404363e-12
YNL137C	-0.423106260847192	7.64181190333642	1.29763667664952e-05	3.30008109137772e-05
YNL138W	0.206498738022291	8.02139950538171	0.00917327226766853	0.0151343888236068
YNL138W-A	0.301881969809722	4.27076346099367	0.000981676856693353	0.00189526052101491
YNL139C	0.272974791662756	6.3388337246104	4.01927304477281e-05	9.58123296795167e-05
YNL141W	-0.452189138125553	7.26636579653215	0.0543741539339802	0.077080267260337
YNL142W	-0.00728075457650481	5.9877201191424	0.976903704505951	0.983282282184795
YNL143C	-0.0215773838334873	3.19933497736466	0.902677777828111	0.92121860470253
YNL144C	0.962559757168098	4.42750123350698	1.57183928172097e-08	5.60492156684844e-08
YNL145W	0.667363450364201	8.43361379631477	0.126491944992457	0.165391381751772
YNL146C-A	1.78109117768058	2.54624220961972	4.02032937414392e-08	1.37174915989519e-07
YNL146W	0.191859909304482	4.01347131818564	0.284086704972823	0.340904045967388
YNL147W	-0.6761751519147	5.84737963678553	9.12433056929178e-27	1.06309060818958e-25
YNL148C	-0.360458804652711	5.15222632281723	8.82272219863775e-05	0.000199481782091802
YNL149C	-0.233089136704976	5.6981667735022	0.0489451043174341	0.0698950040751576
YNL150W	0.139562648396647	2.8327161327887	0.314791711341798	0.374091276652874
YNL151C	-0.833976603349575	6.67796586232573	1.42696853561345e-11	6.92407977087012e-11
YNL152W	-0.283919162223404	6.17401231288813	0.00121294411399901	0.00231352157784328
YNL153C	-0.277200416067554	6.96462065937607	2.4128865404119e-05	5.93789352474675e-05
YNL154C	-0.385807719871492	8.20873706323493	4.59707188418644e-08	1.56027381803252e-07
YNL155W	-0.701593294824386	7.52357131341482	4.8004982480582e-11	2.2217548473692e-10
YNL156C	0.319190354647956	7.4313422923637	1.42861361820792e-05	3.61178514409842e-05
YNL157W	0.69057750183549	6.75479317740897	1.80548593830383e-26	2.07544578605786e-25
YNL158W	0.11235522157136	5.90525691001826	0.144934397107238	0.187265333206257
YNL159C	0.561134147713532	5.4517145627824	4.7328063173251e-11	2.19247715852572e-10
YNL160W	2.45224217445759	6.11329734550341	4.38535381006771e-33	6.52592750151661e-32
YNL161W	-0.287275716988532	7.50038558481321	3.6503088854963e-05	8.73285197755819e-05
YNL162W	0.0886026050977523	8.85875134037927	0.464642227031835	0.527062088474603
YNL162W-A	-1.02907351102067	3.60400570872361	1.30726283289244e-06	3.76401539815581e-06
YNL163C	-0.501871268840489	7.04065498406989	1.06718145756777e-09	4.31465697572119e-09
YNL164C	-0.188289201192598	6.07419986443445	0.0859472358693487	0.116877354002833
YNL165W	0.0518278091254267	5.42488216654829	0.710547969781791	0.754204518772622
YNL166C	-0.771070345087516	7.17094062548338	0.00015416655718377	0.000335637787757107
YNL167C	0.545883451802708	7.22358906221878	1.39891613612559e-20	1.2118564568281e-19
YNL168C	0.317027572742171	6.44782860572318	6.72109203946824e-09	2.50509642537403e-08
YNL169C	-0.58840172927634	7.48430958444157	3.68877368385209e-09	1.40805761189325e-08
YNL170W	-0.150316377986864	1.67181972763881	0.447222229401065	0.509512989039076
YNL171C	-0.26435425512674	1.79839201498158	0.18448243966893	0.232810333184217
YNL172W	-0.13254071653534	6.09296883414016	0.2010675922804	0.25126135206605
YNL173C	0.843372841100652	6.94841452692008	0.00252101523937318	0.00456791549701976
YNL175C	-0.424220601586716	6.16421724578715	0.0491081226815673	0.0701111454670108
YNL176C	-0.0371025460469343	7.26469160276823	0.64024008674763	0.691542113102184
YNL177C	-0.221038093337261	7.3369250368023	0.0103078171495131	0.0168627474021423
YNL178W	0.186079188509115	10.521029421032	0.0510412484473295	0.0726295824059988
YNL179C	0.805178614176538	4.69824179190672	6.70278139100697e-07	2.00483192650417e-06
YNL180C	0.829636818998137	8.09527175861407	5.58329961577604e-08	1.88260220359201e-07
YNL181W	-0.657654366617364	6.56109132031781	2.58008288898985e-10	1.11113598342457e-09
YNL182C	-0.91745791199375	7.09584800029951	1.15170694564947e-08	4.15723342530946e-08
YNL183C	0.0385004269679176	7.40712459755494	0.697672135718925	0.742635424918941
YNL184C	-0.416762200660611	2.58842687579373	0.0167027641377989	0.026218542557819
YNL185C	-0.424692057550874	5.81133286742326	1.53516503138256e-05	3.8616787316619e-05
YNL186W	-0.690029721799916	7.6141371083022	1.19092146055392e-15	7.93771598763875e-15
YNL187W	0.090990505137566	4.69368370231158	0.231601714455601	0.284103143706809
YNL188W	-1.64913785381035	6.00087936149212	8.0996482491284e-17	5.85981772247412e-16
YNL189W	0.0184921894202401	8.72196490299291	0.752680140561834	0.79151880445299
YNL190W	-0.760243877965675	9.27171823815931	4.24864238273548e-22	4.03520347630421e-21
YNL191W	0.899354085687487	6.60936146677435	1.1638161783052e-09	4.68017582874305e-09
YNL192W	2.31539627293888	9.49214914229623	1.1907350251827e-15	7.93771598763875e-15
YNL193W	1.19180914771282	6.32400772137799	1.90826851338826e-115	1.23360325833228e-113
YNL194C	4.67267509557583	6.02921838412091	5.86143235565499e-177	7.49764496216975e-175
YNL195C	2.77372228204285	4.41703792049263	4.9641819158202e-229	9.62731021868097e-227
YNL196C	1.7312453612295	2.75174812151032	7.08615417028548e-39	1.23127048762301e-37
YNL197C	-0.398045295652772	7.61182322031401	8.45447495599983e-05	0.000191371624380538
YNL198C	-0.302698526706449	2.10814386541596	0.073028450506232	0.100837630786281
YNL199C	-0.418226431024428	6.7923232103586	7.07717909300346e-06	1.85799129725488e-05
YNL200C	1.23855999117335	5.150672851562	3.03501768762006e-10	1.29224690778837e-09
YNL201C	0.490329776660386	6.41513834513282	3.79698330714653e-05	9.06931412100316e-05
YNL202W	0.455802831706144	2.18108136996468	0.00100598376248982	0.00193907482529298
YNL203C	-0.277146298370506	1.08356119471178	0.243962193435651	0.297565572516764
YNL204C	-0.192821142890933	2.82962023082571	0.125543397675027	0.164365615597182
YNL206C	-0.284304208914962	6.99820206196718	0.0300388521021373	0.0446130382505062
YNL207W	-0.362475203569448	7.10383753482077	9.02246346404803e-05	0.000203844608590217
YNL208W	1.80324392868387	8.62154712237531	1.23659331761936e-29	1.6339338517643e-28
YNL209W	0.12923685687853	10.6600452448359	0.154928290948177	0.198837567401453
YNL210W	0.981678808879657	3.39047764016952	7.20056911926686e-22	6.75348230031706e-21
YNL211C	-0.448508173918119	3.66754714507558	4.76170450120281e-06	1.27289317302051e-05
YNL212W	-0.260906103701993	6.97552291885324	0.000152129177174193	0.000331737618125227
YNL213C	-0.144167929638244	6.25956483453483	0.0216701887394217	0.0332519588313944
YNL214W	-0.0189292768982193	4.66867268583641	0.899631167741593	0.918733239419476
YNL215W	0.0349093309210085	6.81591241229383	0.600964059414256	0.655753816919938
YNL216W	-0.73058402297472	7.58946205987105	3.92305040447515e-06	1.06144820124683e-05
YNL217W	-0.111801227352037	6.04659907900501	0.226390670252401	0.278620411373068
YNL218W	-0.222855717049055	5.52820360667311	0.116043204623543	0.153262685895594
YNL219C	0.18725929262729	7.85355849146807	0.004640390508899	0.00804209505318559
YNL220W	-0.201015667234896	9.36753517567498	0.0351901408515562	0.051714281789185
YNL221C	0.0410163146818321	7.6981859216459	0.623873530628155	0.6759285756238
YNL222W	-0.556793634460096	5.58094799046969	3.72867549603998e-09	1.42238560166195e-08
YNL223W	0.578729632459696	4.50575310817537	4.91764361798691e-06	1.31224471510596e-05
YNL224C	0.0570878985605987	6.05447287205261	0.480230661096589	0.541678561822269
YNL225C	-0.517203769029535	5.90595510141558	7.96035667272485e-05	0.000180594959684611
YNL227C	-0.747106997547589	6.01279674414394	1.2236433841376e-11	5.98093010197986e-11
YNL229C	0.156524658250799	7.62572170965648	0.0170031869118944	0.0266692302933235
YNL230C	0.320149944973183	5.09415837519504	7.99724772304813e-06	2.08046098273325e-05
YNL231C	-1.57276562075258	7.56741699139549	2.03092996928831e-24	2.11610935448203e-23
YNL232W	0.0400480282644089	6.75890911712539	0.529793656401915	0.588637860337888
YNL233W	-0.605223491520145	6.61766764973491	0.00997143148536046	0.0163346719591245
YNL234W	-1.90998365498638	4.22490305887293	2.89892647467964e-43	5.62204708573356e-42
YNL236W	-0.0948619400950905	6.81124800258385	0.304968713325372	0.363495619451257
YNL237W	0.355327332821352	4.81775889455526	4.21863766171817e-06	1.13631046694667e-05
YNL238W	0.24568240107277	7.58173413774588	0.0544410760044029	0.0771387577040939
YNL239W	0.397548842869591	8.028551409665	2.26982096029068e-11	1.07960155168256e-10
YNL240C	0.121950332800627	6.15976878208677	0.257557751337187	0.312121991743432
YNL241C	0.294536425327657	9.4486404829087	0.00719133722036756	0.0120698825708682
YNL242W	0.68527776253368	5.73120506761282	5.88760636806888e-10	2.43776098380373e-09
YNL243W	0.0238330842456468	8.207289542465	0.687806782919675	0.734605503448763
YNL244C	-0.557311080210979	8.79916008258452	9.54809686600954e-08	3.15228766383577e-07
YNL245C	-0.0657886207613003	4.6303583463038	0.401792296493137	0.463286399408657
YNL246W	-0.283603560663127	6.65056295869063	1.05070647545349e-07	3.44994392704881e-07
YNL247W	-0.54349934355107	8.74830078579591	6.43360849537379e-12	3.19924352970945e-11
YNL248C	-0.471490077745373	8.0048805934882	0.000865414357976978	0.00168486759072461
YNL249C	-0.309139999432709	4.67050918092239	6.71143013634908e-05	0.000154831611587608
YNL250W	-0.170350988366881	5.56324944170154	0.0404797185380619	0.0588120028639025
YNL251C	-0.792538543330738	7.58024109158235	5.86252755647389e-07	1.76757851903315e-06
YNL252C	0.0075704145823756	6.47236884270672	0.914182846718165	0.931063404111402
YNL253W	-0.309459253322083	6.33637018312181	0.055338495853916	0.078336481533728
YNL254C	-0.819846033030356	5.55585849503283	1.76815561076009e-06	5.004779440626e-06
YNL255C	-0.00690946531947169	8.42254395613582	0.973464099777986	0.980805457996523
YNL256W	-0.727382524823273	7.67185012724214	2.20674112042943e-18	1.71407333540332e-17
YNL257C	-0.238872782826282	6.44053628325143	0.00498855326821287	0.0086132057003147
YNL258C	0.152113986265434	6.90338616278905	0.0136336375848266	0.0217530332165546
YNL259C	0.327161539989945	5.94933248167119	0.0615902333641071	0.0862521507069676
YNL260C	0.00996404839424626	5.46957048561709	0.915836164131886	0.932273453904656
YNL261W	-0.0314007009187334	6.41519863907771	0.750147055187253	0.788993018856852
YNL262W	-1.37648332016078	6.05089098473901	3.13240927609047e-05	7.5691497459228e-05
YNL263C	-0.421838488321086	7.44642779531246	0.000105593509689854	0.000235995606042901
YNL264C	-0.0276546456957089	6.02966722802371	0.659588347917988	0.709255079177776
YNL265C	0.465104507293942	4.74965633284113	7.17039263179132e-07	2.1298616848977e-06
YNL267W	0.0150690299260549	7.58284056758759	0.865833690761314	0.889810623736243
YNL268W	-0.573692759528823	8.60732551822621	6.92696291341967e-07	2.06367200374029e-06
YNL270C	0.502799761385669	1.510599274163	0.00718498573571233	0.012062589847278
YNL271C	-0.222390771615889	6.69773868760789	0.00133403314912532	0.00253163108981736
YNL272C	-0.346076922512076	7.02458771063873	0.00185786183132125	0.00344523915172837
YNL273W	-1.68859908376032	5.78008330757043	1.19101760320559e-06	3.4474712712913e-06
YNL274C	0.70252524622751	5.90476916806576	0.0037358779693471	0.00657497024347621
YNL275W	0.737759870149574	5.58542806523007	3.30116759334178e-21	2.95776744726837e-20
YNL276C	1.3700394018302	2.44259335133477	3.90381483601371e-14	2.34462885056088e-13
YNL277W	0.977006736978119	8.39420637004905	7.4309144937907e-12	3.67995534898432e-11
YNL277W-A	1.02574271665401	1.03931733197117	4.42674850850032e-07	1.36061411212188e-06
YNL278W	0.452783694648764	6.15227614619916	0.00181498682518497	0.00337093011832315
YNL279W	4.97668170658708	7.53863018874378	0	0
YNL280C	1.29992999547794	7.06021118618514	1.87021032062669e-42	3.59223784268616e-41
YNL281W	-0.409635442176542	7.92864006506433	0.000180651417301537	0.000389833568132392
YNL282W	-0.255734031249087	4.16520616123502	0.0458249870038579	0.0657814019952068
YNL283C	0.215155891877468	7.57267342905291	0.343866376275356	0.404485355931802
YNL284C	-0.295174132629306	7.16117914069888	0.0024410364757849	0.0044350291001568
YNL284C-B	0.459785694558716	5.38220141303049	0.00201533855725098	0.00371353389558063
YNL286W	-0.0714637645171669	5.46501866134317	0.276264071081321	0.332755892487452
YNL287W	0.0944947903843964	8.34282222154912	0.0658912128068848	0.0916718984358318
YNL288W	-0.102877215542321	7.28401991760338	0.119979594382921	0.157664988290737
YNL289W	-0.741840414379861	6.79440592063171	0.228477754722254	0.280671896483489
YNL290W	-0.556619768269858	7.12908384955988	6.83816829416722e-13	3.68709128112406e-12
YNL291C	-0.695135456473753	6.27273618026968	1.19070994966503e-11	5.82469342342244e-11
YNL292W	-0.532733471170916	6.51330655726706	2.70602403120578e-14	1.65331468248061e-13
YNL293W	0.422424524401783	6.32272632539946	0.00075648783493187	0.00148870862965971
YNL294C	0.324731649930533	6.88010966172624	0.000135471576603524	0.000297898726605847
YNL295W	0.344481571488336	6.13834321021705	1.24431599959306e-06	3.58964865141723e-06
YNL297C	0.300270748696275	6.66002793217622	0.000114580914642132	0.000254756086844858
YNL298W	0.448088780008908	7.73817925215406	2.78069932158502e-05	6.78472577977644e-05
YNL299W	-1.03158776130727	6.21511399502826	3.65069659425924e-14	2.19919718684234e-13
YNL300W	-1.36684186452215	7.26996557767093	0.0429826080016513	0.0621181344485403
YNL301C	-0.625723189218513	8.19993614531456	1.93452468880174e-06	5.4398529701553e-06
YNL302C	0.0408034725460744	9.5246185376595	0.614202113486467	0.667495138517831
YNL303W	-1.03378783680699	1.54614351951116	0.000137234126427788	0.000301443758890706
YNL304W	-0.949809529962138	4.99213348204658	9.34337064278437e-06	2.41601480879224e-05
YNL305C	0.8395748279552	6.41414927110002	8.46141832161186e-41	1.53223032980513e-39
YNL306W	-0.466919620278747	7.31459992646691	6.69025061866045e-07	2.0030770278579e-06
YNL307C	-0.639209890324448	8.06161160812957	6.08835031447323e-27	7.12123776081966e-26
YNL308C	-0.986977120871701	7.98704180910559	6.69534577104305e-13	3.61656952160924e-12
YNL309W	-0.809602064566147	5.99334233742904	0.00190847656446879	0.00353256191674457
YNL310C	-0.208068501862637	5.54488762345043	0.116746206091827	0.153954417860071
YNL311C	0.289178531545301	6.78395900084684	9.29268546339802e-08	3.07133727355409e-07
YNL312W	-0.41726843165784	6.59136446285785	0.0843329777342532	0.114864037638951
YNL313C	-0.718460881078062	7.42541072400026	3.64530091484132e-10	1.5368547755979e-09
YNL314W	0.213871687930369	4.67910896034611	0.0128570269689123	0.0205849390511587
YNL315C	-0.145246517213175	6.67101616532407	0.0810951194630746	0.110729924645016
YNL316C	-0.044140013223434	6.18277293244385	0.576984445259377	0.633576344273858
YNL317W	0.436397225906659	5.7460917776135	2.88773056832741e-08	9.99483948001405e-08
YNL320W	0.401018713020715	5.64125986704674	3.60162665737275e-06	9.79772826430994e-06
YNL321W	-0.147276611173275	7.03850976890837	0.0267653556823039	0.0402182750217474
YNL322C	0.404324560917473	7.56964648311578	5.25265995530441e-07	1.59570447960031e-06
YNL323W	-0.156547804246656	6.38220586474599	0.0181706354099619	0.0283156713542485
YNL325C	-0.0543072133599034	4.94129752451098	0.638198242882809	0.689584442165969
YNL326C	0.538244259614559	5.48553831213375	2.79349519293381e-10	1.19618896723063e-09
YNL327W	-4.17083647302702	9.27047189072442	6.17115383160967e-08	2.06575594853214e-07
YNL328C	-0.698449149497871	2.77377333444643	0.000344945954980791	0.00071461581024966
YNL329C	-0.349598614924467	6.41157503642671	0.00239857501950587	0.00436335893855498
YNL330C	-0.311586527929398	6.97261043228142	2.79789394368579e-07	8.80216556223912e-07
YNL331C	0.127531075158334	4.9358188354733	0.0604561790585863	0.0848220649942172
YNL332W	1.02706236021997	2.81716479850945	2.24308917053623e-06	6.26065556790335e-06
YNL333W	0.535344501113882	3.76494340722366	2.26784179506439e-05	5.59239740439996e-05
YNL334C	0.151834825577417	2.72013275423288	0.380201871269167	0.44121999311026
YNL335W	-0.509238620418598	1.31466689926964	0.0839659996983901	0.114441983719502
YNL336W	0.559149687916055	5.64023956183919	2.48306405321015e-11	1.17544732975586e-10
YNR001C	0.486455796265415	9.06729909717536	0.00803467048648318	0.0134030074818915
YNR002C	3.55272479466033	5.29365308287311	8.40745593268312e-141	7.54412314437177e-139
YNR003C	-0.545539477108423	6.29287305750556	0.00137978525159017	0.00261186049513857
YNR004W	0.739489545280349	3.74963117867488	4.76996306412103e-13	2.60700163104506e-12
YNR006W	0.743668561960831	7.07136157167874	2.70631480370438e-22	2.59909977633717e-21
YNR007C	0.638350145870144	5.76440656051385	6.58581696315947e-26	7.35946683689865e-25
YNR008W	-0.444818259187821	7.03492343875017	4.11088807577993e-10	1.72467963095527e-09
YNR009W	-1.34928860763857	5.90014256189281	0.00162404501388211	0.00304166935310258
YNR010W	1.49098839264592	4.69109521467851	7.65145915831642e-96	3.56593584959677e-94
YNR011C	-0.599887302329381	6.48415983461886	1.68477591263342e-09	6.65060590069082e-09
YNR012W	-0.238748748209697	6.49017354046889	0.115369728473485	0.152507213628538
YNR013C	-0.0399583528004623	7.49216843300782	0.494622018196159	0.554685240327422
YNR014W	3.34919250004377	5.63254762863302	8.92391237329877e-154	9.25009675659866e-152
YNR015W	-0.0501219836205727	6.84518426828084	0.66588014983573	0.714614684186435
YNR016C	-0.162674229449235	9.11318447413365	0.31768478386304	0.377156394764538
YNR017W	-0.259295322568256	7.77881510826711	4.43983637583632e-05	0.000105243516696454
YNR018W	0.456486730672179	6.4456373248399	1.71367844947588e-13	9.64666183356648e-13
YNR019W	0.91113174856091	7.51324429015007	4.15485348584669e-29	5.30339260231642e-28
YNR020C	-0.72926477656235	5.58043375121012	2.50508553277254e-13	1.39449761324338e-12
YNR021W	-0.118765586471855	7.59061710718274	0.157857433203268	0.202095163632463
YNR022C	-0.411992363371327	6.0556881475041	2.05625460780134e-07	6.57913927732924e-07
YNR023W	-0.377285254273339	6.24157191423482	0.000155112650565375	0.000337264830090067
YNR024W	-1.09911664378342	4.39842026370118	1.7182751421451e-21	1.572339445141e-20
YNR025C	-0.180040777640957	1.58599452922256	0.350424933516309	0.411234569646702
YNR026C	-0.197083479824873	6.51348146604056	0.00701020463198336	0.0117955080457554
YNR027W	-0.121016368403077	5.56015764010851	0.0629457492292992	0.0878843112788079
YNR028W	-0.677508814852376	6.54761374374266	1.58482342600051e-06	4.51562011237681e-06
YNR029C	-0.341466602025366	6.5045409622923	1.73210601037286e-07	5.58061164756787e-07
YNR030W	-0.242071790689238	7.36560479331287	0.000136031924201514	0.000299021545996162
YNR031C	-0.0455974373830508	6.16533220287109	0.486288960466592	0.547279900847089
YNR032C-A	-0.0104047120441927	4.34765483470895	0.895246185670416	0.914565856966957
YNR032W	0.804954523162174	5.96095084096391	2.23785322263903e-33	3.36349339362646e-32
YNR033W	0.840903538308275	7.25268508361671	8.72109276178987e-45	1.74770698946269e-43
YNR034W	1.11376255028655	5.36314965056423	5.34289039151173e-58	1.45345959428817e-56
YNR034W-A	5.11412284596801	5.60244951543735	1.35077685379906e-213	2.25579734584444e-211
YNR035C	0.0868104846046252	7.92585425506142	0.182618583726308	0.230555003226074
YNR036C	0.131606573769503	6.62302397015356	0.140345592046275	0.181922746740449
YNR037C	0.420397867883114	5.5081290513395	1.67594571082272e-05	4.19649546583349e-05
YNR038W	-0.530207305819694	6.85438486865624	7.30254634908626e-08	2.42960202826268e-07
YNR039C	0.277406104753718	6.36968858376772	0.000480306582450115	0.000971929711777211
YNR040W	-0.318936537747933	5.14764775435202	0.000120670895091121	0.000267603622754636
YNR041C	0.0962265759584012	4.89609497161647	0.335982630830806	0.396608595435854
YNR043W	0.389267019589285	8.55273669626639	1.08788335391761e-07	3.57006262213573e-07
YNR044W	5.6732481999021	9.38867628607065	2.94259716427742e-234	6.31817648272709e-232
YNR045W	-0.482147431569142	5.60931602760309	3.94270153247504e-08	1.34755665794428e-07
YNR046W	-0.238753263720018	6.82752643631008	0.0147743881994329	0.0234301297428095
YNR047W	1.21729478878622	5.74056612369209	2.80230637135992e-75	1.00883029368957e-73
YNR048W	0.361525343666155	5.37525849859355	1.13960315603454e-05	2.91917093058357e-05
YNR049C	-0.281457159936942	5.49118817634707	0.000585235131292286	0.00117124953706033
YNR050C	-0.106972135992651	10.6647819837799	0.473812964992758	0.535645646020395
YNR051C	-0.865086670739649	7.74254839592028	2.13311532517627e-22	2.06510295248949e-21
YNR052C	-0.0593413215746747	7.52120427445533	0.470146782658832	0.532109433232246
YNR053C	-1.00880251035673	7.45018086590942	1.11215991986705e-08	4.02546986047003e-08
YNR054C	-1.09414563327747	6.43169338777984	2.1395204527865e-35	3.41188248332956e-34
YNR055C	-0.04724614776451	6.41469531937657	0.487335551560108	0.547944891711122
YNR056C	-0.11647167781567	5.59051477695042	0.594651247381566	0.650007872592359
YNR057C	0.0637279450941471	4.68242798109645	0.470153910400813	0.532109433232246
YNR058W	0.625030488032667	4.88439633349844	4.02804474634838e-14	2.41010953282564e-13
YNR059W	1.73805637469018	5.42584394721449	4.28136024572376e-119	2.89208289857205e-117
YNR060W	0.0704660158438316	6.68695107251709	0.798143183926266	0.83219507834976
YNR061C	0.565994265885424	5.82625929453092	2.71215761814626e-08	9.4305908619406e-08
YNR062C	0.336443582132909	4.22648849277491	0.00371678862835373	0.0065452059852556
YNR063W	-0.32634981591087	3.69100438624122	0.0255666428793577	0.0385906746147874
YNR064C	-0.100027832376806	2.99238437886735	0.46403561898625	0.526572695610671
YNR065C	0.521113647656375	6.52566572983641	0.00693636625500002	0.011674533573645
YNR066C	0.636839668440478	5.0661953695252	0.00104066469033916	0.00200207235786209
YNR067C	-4.09880377525509	7.92586224308857	1.31630904019722e-09	5.24430082814162e-09
YNR068C	0.348226417991604	4.61056136197355	0.0461343226073878	0.0661482345613201
YNR069C	0.490487436257323	5.23139808602439	0.0105091424012929	0.017150098837289
YNR073C	1.35078700943237	1.86824644354478	2.21289955280425e-14	1.36171464805109e-13
YNR075C-A	0.683057519917479	2.24203057449305	0.000128584136888086	0.0002843132883307
YNR075W	0.789382591991254	5.10469270203722	2.42073068525828e-10	1.0485182190038e-09
YOL001W	0.0708767980745692	5.56876376352907	0.385594717305107	0.446493728897979
YOL002C	-0.146314015855818	6.23810954436876	0.252789121467413	0.307023878436785
YOL003C	-0.00279368736391252	5.87724121106217	0.966486728141743	0.975997081804924
YOL004W	-0.000244000141900206	7.65535481287243	0.996998284783766	1
YOL005C	-0.322757896820872	6.47208767881597	1.62675090632624e-08	5.78699789871797e-08
YOL006C	-0.61226920106459	7.31344299547791	0.000557169743447302	0.00111880577742324
YOL007C	-0.955621937116593	6.73435153909139	0.107716269289146	0.143526199238995
YOL008W	0.514634887530456	4.5543667313465	1.6163897530655e-09	6.39191847548682e-09
YOL009C	0.0117162266323944	5.05632007978117	0.895538600013103	0.91470915108372
YOL010W	-0.202482560577874	6.90055528513376	0.172142350680151	0.218259561653445
YOL011W	0.197765598861664	7.4106857897886	0.286209166458848	0.343062269158463
YOL012C	-0.956855944612546	6.5021384226352	1.0531424267733e-06	3.06609795145814e-06
YOL013C	0.839107399820218	6.30687683324422	7.9951032117091e-39	1.37726534409155e-37
YOL014W	0.770651341759644	6.10982143992505	2.27832327704292e-15	1.48883473278066e-14
YOL015W	0.0103508958766476	2.81903701949335	0.973750728441259	0.980929855795719
YOL016C	2.94102864452304	7.29383882667575	2.13776666184009e-112	1.28522531709826e-110
YOL017W	-1.1734027979302	5.68877532545954	0.00223006700453653	0.00407636449719478
YOL018C	-0.111535107234221	6.36165482321341	0.186973151243778	0.235557960033025
YOL019W	-0.194450126534097	7.61297271283058	0.68428319635291	0.731491923270571
YOL020W	0.434443452373299	6.94057932856515	3.30984911475187e-10	1.40330133130383e-09
YOL021C	-0.217904358069086	7.95134747338565	0.00819627532542089	0.0136536456792547
YOL022C	-0.265636016380882	7.17417462688799	0.0194150695139386	0.0300911054183549
YOL023W	-0.6097797362436	6.13551763917935	7.30538608269109e-13	3.93195891934994e-12
YOL025W	0.424154728096353	5.66031599775716	3.95541427652741e-07	1.22199129653046e-06
YOL026C	-0.062114051686682	5.17982192517161	0.378908956919086	0.440363550937086
YOL027C	-0.166690731840566	8.04471007462104	0.0399322647837225	0.0581290014236657
YOL028C	-0.349340103066344	5.56001546353312	2.15222078242848e-06	6.01541206134822e-06
YOL029C	-0.509200707352067	5.2593800318497	4.40675237627708e-12	2.21146872171768e-11
YOL030W	-0.395367470520703	8.94870088260036	1.23283104101791e-05	3.13792557942408e-05
YOL031C	-0.149894339941093	6.64693843234705	0.043926207202233	0.0633447727752038
YOL032W	1.05467597957549	6.08466667937054	7.63754715130358e-15	4.83336141827759e-14
YOL033W	-0.611356201138091	5.5756560373215	3.21499742377688e-05	7.75313458152693e-05
YOL034W	-0.543206946546054	6.12593514715708	7.60425180369414e-05	0.000173300840954546
YOL035C	0.684532921374514	1.28691593711702	0.000404255100805612	0.000827786670995689
YOL036W	0.677607346293214	7.26790708994368	4.44605302291441e-19	3.55921048918262e-18
YOL037C	0.486603523520886	2.36805195741066	0.000700783781866104	0.0013836164520785
YOL038C-A	0.505434925298109	3.5615798153163	2.34938628288818e-06	6.5451855109934e-06
YOL038W	-0.385875054801168	8.56144867569424	5.30041600443887e-06	1.40875778155113e-05
YOL039W	0.154088028375823	9.2671284522843	0.0760416636253317	0.10449428153497
YOL040C	-0.195686552721304	10.9874839162709	0.00597659897133621	0.0101386323407656
YOL041C	-0.758136049434767	7.6099649458843	1.0635583769959e-10	4.75398733271328e-10
YOL042W	-0.0117901824929373	5.94280416448211	0.892305711854856	0.912647488885913
YOL043C	0.430776518797149	5.07682884048873	1.58276610652837e-06	4.51189655402967e-06
YOL044W	0.495022929795939	4.59664598577452	2.59847420312767e-11	1.22814676959147e-10
YOL045W	-0.13478000613144	6.04295160995091	0.215917815830981	0.26737341066444
YOL046C	-0.477047120024969	0.844907930346767	0.0822262147224509	0.112223383180789
YOL047C	0.904768217939339	2.67908128605773	2.95375495756071e-12	1.50363884884462e-11
YOL048C	0.825429607192834	5.61387613655976	1.77229962050356e-08	6.27137452528982e-08
YOL049W	-0.232954481292304	8.47833839966465	0.00167967057889205	0.00313705483699877
YOL051W	-0.31502574269428	7.68672333770758	6.84251561830794e-06	1.79716923972334e-05
YOL052C	-0.0900047384913701	6.82812541147499	0.251195494201931	0.30545859853196
YOL052C-A	3.21737832834689	4.0952116005104	6.13120806144871e-59	1.69865543158662e-57
YOL053W	0.245105266234824	5.66442353264558	0.00387439728056806	0.00680282606623107
YOL054W	-0.0955587899093475	6.19838818485603	0.237688033075339	0.290857002818835
YOL055C	0.230872993735997	5.37517183037091	0.00100864602123794	0.00194358329477004
YOL056W	-0.296882786107975	5.14401565175656	0.00753783794646648	0.0126302903383937
YOL057W	-0.132857857974271	7.49349179900479	0.01271851501965	0.0203903232795028
YOL058W	0.298707921884042	10.5932035049685	0.0154170789941932	0.024385024707469
YOL059W	0.782547801878437	8.65525769592357	1.25752583599721e-10	5.57540215782835e-10
YOL060C	0.692039502885496	7.75878399600981	1.37593814788149e-18	1.07291052465156e-17
YOL061W	-0.0477889177744975	7.87233402598348	0.424241134260033	0.486198548004978
YOL062C	0.350283308859089	7.02575388903522	9.1538956526145e-07	2.68323845263376e-06
YOL063C	0.203391598386993	6.00854698198974	6.09225844234288e-05	0.00014108882032113
YOL064C	0.731444509292445	9.29739034320768	4.34527634667338e-14	2.58651498972281e-13
YOL065C	0.283536581627839	4.59194962136522	0.000349249071532661	0.000722286005522656
YOL066C	-0.309404315960989	6.43090062796848	0.000101864049091041	0.000228254440229347
YOL067C	0.0709274822723491	5.21127815183238	0.40877630451386	0.470347012964082
YOL068C	-0.0919213604136385	7.1281129051675	0.167776549478567	0.213295118516631
YOL069W	-0.831971328096964	5.1648827863303	6.06730097657781e-14	3.56914026136848e-13
YOL070C	-1.40768498269801	7.25292163880254	3.48416017740378e-20	2.93303749481041e-19
YOL071W	0.508278279675494	5.72985124611503	0.000154196867895065	0.000335637787757107
YOL072W	0.359135202073606	5.644052624914	2.13688607596283e-07	6.81898040800876e-07
YOL073C	0.704431526354155	5.5525976496838	5.8952396530958e-28	7.14560096661531e-27
YOL075C	-0.276218224639303	4.94715845471147	0.000359485541909586	0.000741924846536364
YOL076W	-0.675495340204812	6.71620604901239	1.39322938510423e-14	8.65299076781679e-14
YOL077C	-0.696490668663525	8.02384378705458	1.20224212279209e-05	3.0652585420806e-05
YOL077W-A	-0.409630574157832	7.55755963261513	0.000402731411397376	0.000824947613397282
YOL078W	-0.567186671994108	5.45126507520357	5.80430554947216e-11	2.66377747812417e-10
YOL080C	-1.13130380710704	5.19170324270119	3.25827786022808e-09	1.25247867619509e-08
YOL081W	0.996259597901474	6.54537890217076	1.26372492521758e-52	3.10102622465636e-51
YOL082W	0.700193587969772	6.82631432289532	8.18913324071789e-09	3.00764839272074e-08
YOL083W	0.934620672065682	4.21602926866536	8.01692959930126e-08	2.66139043351735e-07
YOL084W	4.8339704487669	6.89262990553848	5.49747549168789e-113	3.33846693495228e-111
YOL085C	0.156778597974709	0.64535154725217	0.654913431238842	0.704984699840272
YOL085W-A	3.06079067173622	1.49542238726265	1.7788451686267e-46	3.75242707150306e-45
YOL086C	0.286858168192606	11.9649301767481	0.0298426035979987	0.0443983501190715
YOL086W-A	0.248395231555292	4.91393329798478	0.00607559925323394	0.010300762185686
YOL087C	0.565196734849376	6.42592936404093	1.07361221267369e-15	7.17970703291903e-15
YOL088C	-0.28005878081616	6.60375241719433	0.00375143927993848	0.00659849413428618
YOL089C	0.62466789806772	6.00975086210742	1.95331974077786e-24	2.04232317940113e-23
YOL090W	-0.585822992602754	6.88711820150914	0.0268076540482388	0.0402717681504278
YOL091W	0.0920315519244077	3.29733769023082	0.490688554069549	0.550890679190687
YOL092W	-0.125000352418325	6.9497775371049	0.242844968886646	0.296323107965601
YOL093W	-0.690055120551137	6.55397120220448	2.47225606456044e-10	1.06852648886681e-09
YOL094C	-0.37907561079968	5.62793048669426	0.00052242461500936	0.00105219992811935
YOL095C	-0.604743470410976	5.38167191114087	1.46725875664606e-05	3.70325761752986e-05
YOL096C	0.53389812029436	5.10707808009399	2.78442102491469e-12	1.41984217148321e-11
YOL097C	0.0149068980787456	8.4646324281542	0.85036838674092	0.876915049929058
YOL097W-A	0.303675954934759	0.886428302088472	0.210943360164549	0.261968907521022
YOL098C	-0.0211755546782226	8.06716862322036	0.716223051110771	0.758754710709772
YOL100W	-0.00237702044099388	6.26833775650767	0.975316230792035	0.98201326068024
YOL101C	-0.486495925252246	1.47593849952758	0.0186636387321997	0.0290004028012546
YOL102C	-0.472498704159894	5.03589538621987	1.3871521499113e-05	3.51139314748073e-05
YOL103W	-0.641459084295482	7.10179860312049	4.59589369691619e-21	4.08131652966915e-20
YOL104C	-1.2710383919753	0.65450983863643	0.000164956055404711	0.000358278831319769
YOL105C	1.18816190066431	5.65086530534876	9.67779466142665e-29	1.20461493798131e-27
YOL106W	0.144536361871882	1.17646443361338	0.534812141683341	0.593190558144561
YOL107W	0.370219950061117	5.83515753256359	1.83889263564521e-10	8.05226488166494e-10
YOL108C	0.42317129116407	5.48357582400469	4.03646232628408e-11	1.87536410398917e-10
YOL109W	-1.38163707543712	10.3238538056437	2.1798506072411e-55	5.60053925245021e-54
YOL110W	0.844324418937586	5.44941002787535	7.53131933210376e-28	9.11032028664141e-27
YOL111C	0.276918737236747	6.38718424863876	0.00109134750657546	0.00209555452236719
YOL112W	-0.338313159569513	6.6784721219527	1.50893922574478e-06	4.31987744056077e-06
YOL113W	0.199064644005803	6.80627426183461	0.0420404246940819	0.0608003447824923
YOL114C	-1.05990190624748	2.93977753805331	3.65265286172834e-13	2.01280925799365e-12
YOL115W	-0.764538033591529	6.49935210264394	2.34004199277773e-13	1.30746584206131e-12
YOL116W	-0.539785607686526	5.73269333666942	8.73487393236568e-18	6.65577466177218e-17
YOL117W	0.28889481196804	4.90115206588611	0.000457054018975789	0.000928000257373335
YOL118C	0.413124253840883	4.80151380180801	0.000154161928340627	0.000335637787757107
YOL119C	0.0305544097260104	8.07940211295664	0.726394752169595	0.767501801413639
YOL120C	0.035520316824733	10.4817323861517	0.684889012446879	0.732009376503225
YOL121C	-0.31906002337345	8.8435367526738	0.000133934456353178	0.000294950165419525
YOL122C	0.0974711060485775	6.85781319588266	0.273425361397733	0.32982208521733
YOL123W	-1.65714549881485	8.60878340061582	1.6054153741631e-21	1.47355072205627e-20
YOL124C	-1.36762120311569	6.71127395891117	1.38372432726714e-12	7.2527904581779e-12
YOL125W	-0.437236311836249	6.09846341619017	0.00064815650446446	0.00128731975713258
YOL126C	1.68956132645854	5.26245132468434	2.17600681243111e-51	5.13025606130818e-50
YOL127W	-0.0894538195245555	10.3031116856739	0.247498021634986	0.301450183563521
YOL128C	0.00768996335029578	5.37685396183999	0.944514673661415	0.958545276511213
YOL129W	0.71718639809957	7.1080310671526	1.75687788640641e-18	1.3664100715492e-17
YOL130W	0.371086244849784	7.19512999181833	8.77340024715617e-10	3.5687200464075e-09
YOL132W	0.514647299724432	3.60585629331347	7.03063341195967e-05	0.000161452131675712
YOL133W	0.51470818880427	4.66339820155581	1.53637140886324e-09	6.09278688000382e-09
YOL135C	-0.179557903448024	5.70137370516902	0.0321857421130945	0.047625075457525
YOL136C	1.10374242555079	7.46167180843932	7.94141070882403e-45	1.60753404651347e-43
YOL137W	-0.577283165333088	5.56950318637916	6.48634579694191e-14	3.80077104592737e-13
YOL138C	-0.204952935497333	5.78546333854297	0.00512638486390454	0.00882748241144159
YOL139C	-0.276771281448168	9.29046810359965	6.00086258176985e-06	1.58511361342708e-05
YOL140W	-0.398933767367949	7.01191631726293	0.000265875248871013	0.000560267085949011
YOL141W	-0.714405644631868	3.67568212220001	4.9085357616864e-06	1.3103959591145e-05
YOL142W	-0.281492061541	6.53257092113768	0.011354494864414	0.0184295958760413
YOL143C	0.555440969235311	6.59005354999212	3.6982805535278e-16	2.56152795942501e-15
YOL144W	-0.77494208015285	5.9611045841172	6.92822275077303e-09	2.57431861419329e-08
YOL145C	-0.800692630861921	7.68154452854546	1.70208379726377e-32	2.46576573232526e-31
YOL146W	-0.417593915651966	4.95722305133721	0.00136126061046883	0.00257923063036199
YOL147C	-0.349659381721659	6.59319984415168	0.000649936488211443	0.00129042872097992
YOL148C	-0.277651860888737	6.45793813024094	0.000447981860550229	0.000911118723148842
YOL149W	-0.988900893783131	6.01243483850847	1.71229637178838e-14	1.05799853927973e-13
YOL151W	2.63513541220804	7.6945985069906	1.91651699701428e-60	5.59325251749993e-59
YOL152W	0.972430007685922	4.53021098122319	6.16986230281811e-08	2.06575594853214e-07
YOL153C	0.384353430499005	5.28535054803829	0.0713310965773511	0.0986071631692424
YOL154W	-0.436430872501906	9.76710621182843	0.378716788709235	0.440225315877789
YOL155C	-1.41182971720068	8.21716971103221	0.000525449663420106	0.00105793817028857
YOL155W-A	-0.535477615612307	1.52816860021617	0.0653195353098772	0.0909030199729125
YOL156W	0.0707883418038074	3.50949759736728	0.537779775272548	0.596298784385569
YOL157C	0.381785846728602	3.56412604513182	0.000433120538305477	0.000883283811496788
YOL158C	-0.720894766650298	8.72540467020645	0.0181100375728551	0.028228557399016
YOL159C	0.314272202838832	4.32035853239602	0.0269266989251013	0.0404404981108441
YOL159C-A	-0.00362085832233683	3.72537581089276	1	1
YOL160W	-0.647044466720769	2.4095717496834	0.00165065888189798	0.003086706437938
YOL162W	2.35441606469777	3.66069005450728	2.57978101261195e-75	9.34315870350787e-74
YOL163W	2.48914693097295	4.48842689263042	2.78127860089169e-111	1.60779297582316e-109
YOL164W	4.16463007199865	8.13514666208914	1.15276378392121e-110	6.53812817823991e-109
YOL164W-A	1.50563990960063	2.02837937650585	1.84496027079453e-26	2.11274307581271e-25
YOL165C	1.04523068344601	1.86379508550853	2.30004153161076e-08	8.05818746389505e-08
YOR001W	-0.172360441998501	7.26919653094722	0.0718670862468273	0.0993024413964435
YOR002W	-0.0116088233403849	7.17269266941648	0.871987487850472	0.89485594981264
YOR003W	0.297998918669117	5.01066471166729	0.00919807109185296	0.0151711394798958
YOR004W	-0.679293055319794	5.92617109570299	0.0039427403207577	0.00690732991571557
YOR005C	0.96479504126428	5.73165114834784	8.86738233377301e-42	1.65048614831713e-40
YOR006C	-0.391448203118681	6.28074734008654	7.71028609047876e-06	2.0119027767343e-05
YOR007C	0.0647163135246739	9.48301645531437	0.380162972983704	0.44121999311026
YOR008C	0.0686281693291982	7.68403269807221	0.421551737671877	0.48356593147936
YOR008C-A	-0.116548407545277	1.28225659550228	0.683582757211199	0.731133167826673
YOR008W-B	-0.156821997911103	1.91948794690617	0.37348616072348	0.434733552423923
YOR009W	-0.0529432841833608	3.9691309524226	0.722553182813858	0.764114289371489
YOR010C	0.3997205199707	3.81848189259371	2.1537182599437e-05	5.32626663051481e-05
YOR011W	-0.376479474565269	5.55427193358558	2.0128957781273e-05	4.99650264991796e-05
YOR012W	-0.249131111001158	3.13026750579222	0.0674719794302294	0.093703289520568
YOR013W	-0.0668876689752439	2.75114740005743	0.665056371428692	0.714113038940757
YOR014W	0.414324275001495	7.67755973707021	5.48987432877987e-08	1.85317936353872e-07
YOR015W	0.294405320257289	4.06625866036684	0.00262767647616089	0.00473548890128276
YOR016C	-0.397040563421448	6.1156708318434	0.00112017760885843	0.00214748334963549
YOR017W	-0.740547857828824	6.20002203807791	5.15087040447468e-15	3.30138943195115e-14
YOR018W	0.0843831155279555	6.20695641147405	0.664685097897872	0.713841873626654
YOR019W	1.29565520861674	4.47552147401165	2.53348901094759e-46	5.32564193490103e-45
YOR020C	0.118113843646713	8.82995159074832	0.245246798636596	0.299011103914666
YOR020W-A	0.673743808055642	5.76244211461741	4.73359173613836e-11	2.19247715852572e-10
YOR021C	-0.323517337108981	7.08751574224416	0.00452990636816003	0.00787331514465975
YOR022C	0.274498711395595	5.27550920980931	0.00300578053106006	0.00537659998593665
YOR023C	0.350625568613274	7.65802606761744	0.000170716124331335	0.000369854176389183
YOR025W	-1.07295637141872	6.66571010642782	1.64563167014829e-06	4.67757548923976e-06
YOR026W	-0.779757178611835	5.68455157129114	4.20899898795564e-12	2.11576102973155e-11
YOR027W	-0.0543790462069415	9.75897198367152	0.792771940138824	0.827743123326608
YOR028C	2.67915363557662	5.38953157117029	4.29191881972006e-38	7.24803818656095e-37
YOR030W	0.237285595241507	6.10205343386361	0.00247756557371337	0.00449515679626504
YOR031W	2.71141823199062	3.73725935521022	5.6907539708859e-125	4.27660160912076e-123
YOR032C	1.31322540262545	4.16589140159276	1.60790174413947e-24	1.68998344156757e-23
YOR032W-A	1.47086581390178	0.668092934575842	3.4276068292556e-10	1.44914010249541e-09
YOR033C	-0.58618169472853	5.98162729404788	0.00884968006529391	0.0146367268591867
YOR034C	-0.220364091986073	5.3080269253984	0.0165407457574777	0.0259913652624036
YOR034C-A	0.732726212771717	1.30979354840278	0.000105843633583668	0.000236378872624447
YOR035C	0.876275900101626	6.28024464591604	1.46291237160078e-21	1.34893085553127e-20
YOR036W	1.68530109678047	6.51758378467431	5.57880590665969e-63	1.71121332198153e-61
YOR037W	-0.101598714310646	6.02418217654905	0.139022294692809	0.18040190712134
YOR038C	-0.713704202313336	6.32750538825036	7.27899850246691e-13	3.92126693519991e-12
YOR039W	-0.0914922024495471	7.38572500529259	0.189721355210101	0.238870112570289
YOR040W	0.173239901162031	4.62659098536852	0.0938735661733218	0.126600494110988
YOR042W	0.165880229866963	7.37063830928415	0.0520224195602841	0.0739557309993918
YOR043W	-0.207925165586882	7.15248005572045	0.000180459749380345	0.000389559789326619
YOR044W	1.4848093047056	4.87055926883824	2.80087602706362e-21	2.52835835956554e-20
YOR045W	-0.00593440098459612	5.89947607238723	0.955981079515224	0.967577406392828
YOR046C	-0.321675633888566	8.0427267280815	7.27677040015823e-08	2.42236675779354e-07
YOR047C	-1.08064450902352	6.0944014334793	8.86691929422108e-29	1.11058164160119e-27
YOR048C	-0.261076388975084	7.73502775814083	0.0003330692375842	0.000691918540551559
YOR049C	0.157851400271672	4.48853606322969	0.0754030276594443	0.103640375466068
YOR050C	0.162807866278056	2.73412784487424	0.235270423185673	0.28813321139505
YOR051C	0.177700728918849	7.62882633383139	0.036373505800161	0.0533229741210847
YOR052C	1.39135105339177	7.80915689292806	3.82163352817547e-45	7.76204755790235e-44
YOR054C	1.4337563157417	6.02112988340157	3.22630111172233e-53	7.98210793566858e-52
YOR055W	0.44787856744441	1.97150518198073	0.0348705324566866	0.0512822018418786
YOR056C	-0.355413207863195	7.38019033072371	0.0266812973783523	0.0401220509851561
YOR057W	-0.0260138163990162	6.63151088548397	0.693815845449972	0.739709321306124
YOR058C	1.37910988820314	6.91490837959987	2.13660221311573e-15	1.40079089479299e-14
YOR059C	0.253218400653258	6.81167665596189	0.0604949556310941	0.0848368726974896
YOR060C	0.400146234486613	4.63304217557166	1.97519026542558e-08	6.95248470476499e-08
YOR061W	-0.016179450565684	8.08378372956028	0.840543436395504	0.869767149674659
YOR062C	2.28342460632236	5.00480417038683	0	0
YOR063W	-0.101074953923065	11.6069155276578	0.424251094949121	0.486198548004978
YOR064C	0.0489910130844665	5.53632678127815	0.563897514304972	0.620906933333607
YOR065W	-0.200178139339188	8.78071654501315	0.062939049078844	0.0878843112788079
YOR066W	-0.56409812411195	6.64151825795635	0.179063336970219	0.226399323210295
YOR067C	-0.248733682000716	6.42178613296938	5.82301211415208e-05	0.000135165825599546
YOR069W	0.159509230731736	6.70807751661614	0.0242359732663149	0.0368132064873889
YOR070C	0.406308221926084	6.34820754538201	1.69300743706355e-14	1.04715645181338e-13
YOR071C	0.585482957771663	5.56315284918678	1.52970934609039e-15	1.01061676798851e-14
YOR072W	0.718125847230769	1.42884891879495	0.00015152007372788	0.000330649249819244
YOR073W	-0.783570025041982	5.90594059795304	2.21988624202927e-05	5.48088545670636e-05
YOR074C	-0.507132977663127	6.0379108852533	0.198727544405772	0.248699000201395
YOR075W	-0.180848131325582	6.03277368176557	0.0467936701510587	0.0670137077056134
YOR076C	-0.141912804255875	6.2443011448611	0.0373398753932577	0.0545932224864458
YOR077W	-0.159162848272031	4.27134261554798	0.0923639092069792	0.124896946053162
YOR078W	-0.591799213321404	6.72105812511991	1.16375073797109e-05	2.97468938634446e-05
YOR079C	-0.0660378123427334	5.20834102658111	0.438949183210488	0.501079158936422
YOR080W	-0.0561725068080424	5.50035508565403	0.577639053606618	0.634179326202153
YOR081C	-0.131049683924026	6.53641501029744	0.285962757856801	0.342949950176558
YOR082C	-1.18906209215113	0.987680680616126	0.000350077287766122	0.000723501084238545
YOR083W	-0.723797628476952	4.0281661161142	0.0109097125872443	0.01773160099338
YOR084W	-0.983198918641705	5.01410383866739	0.000258939280568294	0.000546417323543904
YOR085W	-0.300467867923888	7.56953150606937	9.05216293676782e-05	0.000204438781276665
YOR086C	0.410360012900283	7.45948733500675	0.000338981146428389	0.000702985392317169
YOR087W	-0.173843054263698	6.65814006782412	0.00797536234161665	0.0133188551104998
YOR089C	0.406583506594057	7.44267952102673	8.48549196697893e-12	4.18496945902193e-11
YOR090C	0.143856775015397	6.97626118944342	0.0244764344188933	0.0371315477482681
YOR091W	-0.732376258115537	7.71147670110388	4.78826423257838e-13	2.6146271177349e-12
YOR092W	0.792989719692945	6.90770284947088	1.5384090658053e-23	1.55705644842112e-22
YOR093C	-0.263331974576996	6.24048402021241	0.00201859169503191	0.00371806779121687
YOR094W	-0.279703539893374	5.62104788894164	0.00204998232590214	0.0037701112705181
YOR095C	-0.414240987513353	6.61687543161794	0.0174956315881579	0.0273488656027054
YOR096W	0.0354299306676644	9.59969208643644	0.706328824186575	0.750786579032831
YOR097C	0.455390612010665	5.59580246026329	1.20271085022862e-07	3.92972697368177e-07
YOR098C	-0.191985205444447	7.93982532246697	0.0135777558744037	0.0216753766109706
YOR099W	-0.0951511954668005	7.62902853948882	0.462246171041308	0.524740177549159
YOR100C	1.0224536599013	3.43609434760491	2.56339861367765e-10	1.10474211221721e-09
YOR101W	-1.27935722325724	6.54596792178316	1.42714872936312e-26	1.65637416234191e-25
YOR103C	0.662306459378847	3.44445063486582	4.45162742541341e-09	1.68427841923131e-08
YOR104W	0.149615978080061	5.49213182148195	0.135376085660103	0.176126601815308
YOR106W	0.182711304752682	5.68733753769127	0.0183923930771833	0.0286315554583185
YOR107W	2.45740885936687	4.86794195279134	9.97888294528682e-130	8.21822524206361e-128
YOR108W	-0.393714136296023	8.12931822165279	0.00545549944159032	0.00934429135123675
YOR109W	0.329731104947569	6.94781794724607	1.93780899249042e-06	5.44652064649481e-06
YOR110W	-0.31125995578894	6.08516975750702	0.000140689163859965	0.000308469457741105
YOR111W	0.226920965314768	4.44571464174173	0.0182887487070575	0.0284849630121321
YOR112W	-0.265930991182775	6.75463746354617	0.000908740903613966	0.00176289484644226
YOR113W	0.239443873547766	6.47170790227634	0.0104023928888884	0.0169987636667125
YOR114W	-0.108870643492622	5.22215773498304	0.709390179194148	0.753108556827691
YOR115C	0.0714908314413127	6.77778335725314	0.386984104514395	0.447930003146043
YOR116C	-0.321675044031703	7.2530692155153	5.31205573361614e-05	0.000124264899107005
YOR117W	0.0324797528969613	8.77556488469664	0.684159449812012	0.731491923270571
YOR118W	-0.431071043464372	6.83800734389822	1.02498171771214e-11	5.04270874540539e-11
YOR119C	-0.355662640784918	6.24069757659272	0.0032473754684178	0.00577439258093103
YOR120W	2.63820626007364	5.86724562829799	1.06940135905074e-22	1.05052957036161e-21
YOR121C	0.591683344969809	3.18228472151053	1.10053878148608e-07	3.60765493691076e-07
YOR122C	0.352669105412744	8.7301636509404	1.07103321350058e-12	5.67817608427292e-12
YOR123C	-0.493294914841639	7.87504731235071	1.32389312919149e-17	9.94905686587401e-17
YOR124C	0.142159643678638	7.36357799287957	0.0744634899562824	0.102536532665408
YOR125C	-0.0588476824344021	5.27510765484017	0.466163868693663	0.528289760336721
YOR126C	0.231376764144561	5.24482075989355	0.0521466077627076	0.0741147531606142
YOR127W	-0.339531492085851	7.18319547829452	0.0287537798919936	0.0428845757158684
YOR128C	0.0759552845936459	9.51745384997573	0.423908002432778	0.485990638944673
YOR129C	-0.157811272171319	6.22391618607359	0.190386517694768	0.239607231396472
YOR130C	1.06060159804505	6.22278072340957	5.23950193109727e-57	1.38157393025249e-55
YOR131C	0.431316907177117	6.13841587439201	5.3612865982284e-12	2.67930631991265e-11
YOR132W	0.605729116788401	6.72736737353643	4.7992797294436e-09	1.81353046721653e-08
YOR133W	0.399774300822697	8.39805817536959	6.48023225922148e-10	2.67026431408085e-09
YOR134W	4.4855712614291	5.60498848360911	1.45492230710049e-120	9.939764670782e-119
YOR135C	-0.974694759162494	5.25493773885705	2.80978624706974e-08	9.73627372759844e-08
YOR136W	-0.77234442654946	8.70607093977692	3.09914735907453e-06	8.51557309083916e-06
YOR137C	1.99040013246532	6.2835765427306	1.24011261065972e-74	4.43783155671801e-73
YOR138C	-0.0127358460038595	6.82631895209912	0.828425200935324	0.858557543186203
YOR140W	-0.125801814795921	6.32570123305134	0.0972009991755217	0.130819880690225
YOR141C	0.0972865382871128	7.4025673458496	0.113556204117386	0.150440700562743
YOR142W	0.298399069958853	8.00865410845801	1.83838551339968e-05	4.58985619043143e-05
YOR143C	-0.263741395890306	5.78667399712281	0.00361958938482744	0.00638713571516952
YOR144C	-0.913085311659818	6.0847207341909	4.64169204994921e-05	0.000109735952042055
YOR145C	-0.615408762240933	6.92880455753898	0.00139551352997198	0.00263997084398726
YOR147W	0.506188070110835	6.46591127510304	4.7549925160085e-14	2.82201530170218e-13
YOR148C	0.173795147507721	5.11099101730388	0.041154689922396	0.0596916757089131
YOR149C	-0.185501606139457	6.05390260270045	0.00246666525011273	0.0044788859811772
YOR150W	-0.00348989467171823	6.05624033966667	0.98986904981037	0.993836460831654
YOR151C	-0.289505490268098	8.37752257402122	5.63305937803974e-06	1.49320780338514e-05
YOR152C	0.0139702340859188	4.23771626728954	0.893118656149332	0.913012984317256
YOR153W	-1.16156363041523	9.00083679490263	2.80349901696183e-09	1.08389942700801e-08
YOR154W	-0.154192115046415	6.22809551183191	0.038423620573105	0.0560822546456681
YOR155C	0.508676301308671	6.39367610309444	3.56288964922738e-05	8.5305028160713e-05
YOR156C	-0.485745220171511	5.36722749640172	2.52310160472834e-09	9.82440858006917e-09
YOR157C	-0.101662531222657	7.85219449280302	0.312120012557025	0.371356721846989
YOR158W	-0.4558038214752	7.04815267455082	1.78098684476529e-06	5.03872607563713e-06
YOR159C	-0.456015872647354	6.00816070961936	2.62239703116771e-10	1.12613221081288e-09
YOR160W	0.00467978936166721	6.61410292685	0.937378711940836	0.952106912685979
YOR161C	2.85092179842959	6.49800174984283	1.18185441604717e-83	4.93424218699696e-82
YOR161C-C	0.696419617165048	1.36484065275237	0.000109054140555926	0.000243458408103314
YOR162C	0.373050255608027	5.90136730911413	2.53530320676725e-08	8.85147670097833e-08
YOR163W	0.158174037508512	6.08711373741597	0.22070078261759	0.272174995917323
YOR164C	-0.0620271912374557	6.97842636290594	0.452814693538649	0.515396050275342
YOR165W	-0.286942652961773	7.6200081326546	6.37757089875123e-05	0.000147355711926566
YOR166C	-0.425529541054916	6.27217069194914	5.34441824163658e-11	2.46243367204064e-10
YOR167C	-0.146535136798207	9.00232188367932	0.0325581637525327	0.0481287633342087
YOR168W	-0.09128832677729	8.43611794505319	0.324166047693485	0.384092684023104
YOR170W	-0.0653143895249998	2.35695619340907	0.792981727060929	0.827818396091389
YOR171C	-0.0051737063566987	7.43491219405679	0.958898644395494	0.969868548133531
YOR172W	0.33979456344822	5.87773986366772	4.93983946732088e-09	1.86196331520584e-08
YOR173W	2.21976175569662	4.05997937860976	8.80368981082926e-104	4.41064859522546e-102
YOR174W	0.447366655375463	5.84861592724829	1.62548776275312e-11	7.84934331700542e-11
YOR175C	-0.0856402589179823	7.08512227187536	0.337402906594145	0.397996392311007
YOR176W	0.454211656604946	6.83132977778538	0.000457271633919916	0.000928128650616657
YOR177C	0.392807539633512	3.81526324655095	0.0568172914418698	0.0802032299010381
YOR178C	0.214388564115712	4.60153416749993	0.100850880434558	0.135187400930337
YOR179C	-0.179657187101789	4.51116984402256	0.0221534949869628	0.0339329456972282
YOR180C	0.723380369084624	4.21448910136334	7.03681011210860e-09	2.60821839667058e-08
YOR181W	0.246851150685069	6.4038327298102	0.0044277287535204	0.00770909506694603
YOR182C	-0.0694095202811063	8.33050673704127	0.50911747209962	0.568501902351953
YOR184W	0.0978801018109742	10.0369785846499	0.317810095787949	0.377156394764538
YOR185C	1.1408452983271	4.46858894295994	2.02135417712616e-26	2.31033865263925e-25
YOR187W	0.017130054046573	9.25376644574765	0.830643099445443	0.860411149873536
YOR188W	-0.0877868877897197	6.55752612953402	0.593945372944027	0.649472459465167
YOR189W	-0.2265445177488	5.73352495476238	0.000672141657114793	0.00133143843247912
YOR190W	0.105866766252372	3.9186130461685	0.356363193154144	0.416982389498387
YOR191W	-0.029050601826281	6.72934702110525	0.647106123564295	0.698205673881648
YOR192C	-0.250819858942882	3.18747441414976	0.087784055090589	0.119186481301857
YOR192C-B	0.350477411979271	4.94388606658482	0.115769395370235	0.152995257051062
YOR192C-C	0.152944917629531	2.05991080777577	0.482877654764251	0.543949870796829
YOR193W	1.13206623072058	5.78677290578703	1.10922166634123e-21	1.03070180186143e-20
YOR194C	-0.728310089285678	7.61127303047371	3.42226903950249e-22	3.27101454141319e-21
YOR195W	-0.746988605937362	6.71721414599263	0.00572430472230916	0.00975191838779334
YOR196C	0.351654413995515	6.97919804278778	1.36240705749815e-06	3.91342151441897e-06
YOR197W	0.387551259471362	7.8386557349552	7.01287764436334e-15	4.44272080062301e-14
YOR198C	-0.0271783810612782	9.12529250468999	0.681448559221414	0.728980202498068
YOR199W	-0.276544673975542	2.91724007461332	0.0361180379003796	0.053000157153303
YOR201C	-0.451768117656704	6.85208574066764	7.71384815825878e-07	2.28002237598091e-06
YOR202W	0.495857552026155	8.05805353495688	3.51687897879416e-13	1.94333422982633e-12
YOR203W	0.384811477512957	1.32045752650383	0.100172320813144	0.134397677466776
YOR204W	-0.330653114254898	7.76336318311647	0.00237523232194985	0.00432462044808071
YOR205C	-0.503338116727962	6.40359987102396	1.02733072030649e-11	5.05013269867751e-11
YOR206W	-0.700230928241174	8.00129547475586	6.69692600630531e-07	2.00407760825821e-06
YOR207C	0.409263525073649	7.63754988254799	9.86996756338173e-10	4.00123027586318e-09
YOR208W	1.45055332267705	6.56144040742915	9.61814015679836e-49	2.13373648054139e-47
YOR209C	0.626839044711352	8.56003244045159	9.56404785556129e-29	1.19292646696337e-27
YOR210W	-0.406572154847874	6.34106959277324	2.04085163843636e-07	6.53333336010617e-07
YOR211C	-0.102191964329566	6.52494135304171	0.110305455455912	0.146606855598894
YOR212W	0.328424437278294	7.59385302802126	2.73893788630405e-07	8.6302382455241e-07
YOR213C	0.819671669498264	5.73101932697238	5.6555960284421e-33	8.35416297862257e-32
YOR215C	0.458686430392597	6.542955828507	0.000377591197475887	0.000776891950453467
YOR216C	-0.365302305487569	7.26825910349978	4.17086771181322e-08	1.42149981198532e-07
YOR217W	-0.399306277176807	7.24216422301211	2.65289338856358e-09	1.0296446127853e-08
YOR219C	1.11151184707314	6.67184931727665	8.63654624370064e-45	1.73655237515479e-43
YOR220W	2.48580561677367	6.90706772513645	1.43438425325366e-166	1.7247036261122e-164
YOR221C	0.617703117937358	6.64237778518709	2.7916763279118e-14	1.70218641819531e-13
YOR222W	-0.257949272897545	8.86476583785623	0.00641407539113884	0.0108379486373037
YOR223W	0.329101256228362	5.58539128401052	4.66087442697226e-05	0.000110037319182286
YOR224C	-0.7361386438823	7.57508026560959	8.24099320338274e-16	5.53573755740079e-15
YOR225W	-3.03892861502676	4.65606423940375	6.72616487164914e-33	9.8628544410621e-32
YOR226C	-2.73313726130795	6.36263681539518	5.48546519255497e-39	9.58680719117456e-38
YOR227W	0.00394675957912801	7.04159949029481	0.960158914276534	0.970816581337121
YOR228C	0.809209199647508	4.4642000356835	2.87019476693016e-09	1.10826017590136e-08
YOR229W	-0.357111240730109	5.21421633010279	0.00157937472805562	0.00296077357813233
YOR230W	0.697392135760209	7.93366367301692	0.000757450268234306	0.00148962741662566
YOR231W	-0.0869575033483746	6.51922517526789	0.137690262445727	0.178866434274786
YOR232W	-0.260585294466296	8.24114431227781	3.82892812982253e-06	1.03831826416297e-05
YOR233W	-0.622457589697865	6.62426169040171	0.000209528108836728	0.000447171810552506
YOR234C	-0.071473285368562	8.86779160929077	0.522516243238253	0.581411744280655
YOR236W	0.0525922518788204	4.98852711014672	0.591870459468987	0.647321302952073
YOR237W	0.0805443207788945	1.35350334270543	0.741622197259593	0.781338969262945
YOR238W	0.569845090592919	5.51290019609841	2.49264427129568e-16	1.74863213057522e-15
YOR239W	0.102170944699064	7.78530855303057	0.0742077796956832	0.102272360896533
YOR241W	0.0433941469844239	7.01387171988321	0.431939950164052	0.49397697390552
YOR242C	-1.01009806442437	2.8547325502564	2.93404743464738e-08	1.01493056254891e-07
YOR243C	-0.389180079273422	7.4244849822163	2.93920196417086e-07	9.22258987922505e-07
YOR244W	-0.033152949321358	6.10518139441447	0.600998591355433	0.655753816919938
YOR245C	0.818645797095438	6.12402817512698	9.82574228422163e-36	1.57947493616953e-34
YOR246C	-0.222943308697013	6.87231501027256	0.060963894305145	0.0854745644968591
YOR247W	-0.65074688797725	9.1245906569399	0.0410240470724848	0.0595309126236492
YOR248W	-0.59785573226546	2.34426538287616	0.0582012875446436	0.0820220676789492
YOR249C	-0.0435963353195879	5.4526910158878	0.618510018175223	0.671327356791739
YOR250C	0.406532679444664	5.30748451534437	6.06990054415071e-10	2.50633530710399e-09
YOR251C	0.0309469838044601	6.43302141929237	0.656639892906375	0.70649903798523
YOR252W	-0.622205653816196	6.05682697135273	1.03698491800429e-05	2.67110253943523e-05
YOR253W	-0.358636136352423	5.78456224703011	3.23225910661771e-08	1.11551904414384e-07
YOR254C	-0.0697655166765732	8.19223690510086	0.40333052061292	0.464881727362898
YOR256C	0.543396073666229	6.95513101778972	2.68740457358451e-11	1.26818495262089e-10
YOR257W	0.436546464847242	5.78995797324822	6.84109178547826e-11	3.11109257294216e-10
YOR258W	0.32236584570589	3.74537586975478	0.000375655791798175	0.000773439253524188
YOR259C	-0.192806358712612	9.04776627283191	0.00802721797047245	0.0133942921006051
YOR260W	-0.360379723371784	8.47513464741867	5.32948063605407e-09	2.0063141881e-08
YOR261C	-0.33342999467438	8.2623286505943	1.99226140106016e-05	4.94937005916267e-05
YOR262W	-0.0499350763477916	6.49906032340802	0.613696542535212	0.667066283442722
YOR264W	-2.52798013613889	5.86252548951978	3.99829058802904e-06	1.07889241540532e-05
YOR265W	-0.679133295494984	6.34230707315479	3.69772478078437e-08	1.26815295961641e-07
YOR266W	-0.406201825026894	5.74196216557879	2.72619177192539e-07	8.59458045769032e-07
YOR267C	0.0922005546159325	7.24129092859854	0.165075344564433	0.210226177777436
YOR269W	-0.789056860285708	4.93062396791177	2.28490449733585e-14	1.4017189630595e-13
YOR270C	0.127748571537211	8.744191783779	0.107166548318576	0.142952138560301
YOR271C	-0.512988398005262	8.22199707854171	2.20582068519346e-09	8.62810277123168e-09
YOR272W	-0.449818307170579	7.48811031897748	0.00634685148551912	0.0107334096008273
YOR273C	1.17826115346072	7.76927175284994	2.52167680208401e-07	7.97491895535458e-07
YOR274W	-0.215387286002144	6.36476700322786	0.0107572521050647	0.0175027333303515
YOR275C	0.465508747857008	6.63536942613989	4.32608871292739e-13	2.3708701314603e-12
YOR276W	-0.0845158804673064	5.99679213460794	0.166434876273674	0.211723757121737
YOR278W	-0.0720670013329514	5.09247661058708	0.332636039660752	0.392966765659352
YOR279C	-0.245909013304175	5.24747270157074	0.0045827839562728	0.00795831806617911
YOR280C	-0.0402717420211283	5.89939079952998	0.599697854054748	0.654809934358362
YOR281C	-0.367233071636358	6.62581065925038	4.03458059457686e-10	1.69384766303045e-09
YOR283W	-0.420683029712069	6.50889700783396	3.81382985832865e-07	1.18067688508094e-06
YOR284W	-0.34298996061351	4.69655637306632	0.173242248802033	0.219547301812357
YOR285W	0.888118534528303	8.42881026817241	1.12804241548597e-28	1.40119648799621e-27
YOR286W	-0.357441169080713	6.48867784861508	9.2921686928787e-06	2.40380887184108e-05
YOR287C	-1.42572919734306	4.9373136786234	1.49916484763822e-17	1.12381285087294e-16
YOR288C	0.161945853512453	5.87004393931922	0.280219184785237	0.336666214813918
YOR289W	2.36997215567572	4.0206673204162	4.45044190792562e-129	3.52053378295379e-127
YOR290C	-0.344581298145844	7.52623917267068	1.20510916854481e-05	3.07126592678737e-05
YOR291W	-0.182046803390176	6.24716123514727	0.024950440144492	0.0377995483021054
YOR292C	0.555843086921791	5.18842941147575	2.66978393074903e-11	1.26085946517385e-10
YOR293W	-0.4693361167772	10.4077517247161	1.37481304789885e-11	6.6780265061681e-11
YOR294W	-0.785492471823735	6.83937581883854	1.6431956439521e-06	4.67529210195932e-06
YOR295W	-0.430111107989565	5.13862813941403	3.11111370872685e-05	7.52676684783334e-05
YOR296W	0.058254635122243	5.19670386657908	0.565837846339628	0.622701287240316
YOR297C	-0.0742442123415391	5.31642424978913	0.534877913456697	0.593190558144561
YOR298C-A	-0.0889620476601697	9.42118051219643	0.609068783770891	0.662635093744226
YOR298W	-0.482857309425723	3.26814363333052	0.00550404266495447	0.00941670589120839
YOR299W	0.73829224123188	7.14769264540312	1.91928617862097e-41	3.52866926784993e-40
YOR301W	-0.292105913804409	5.74364355038335	0.0604754678937451	0.0848293310726075
YOR302W	-0.0926407793665022	7.65885294898855	0.435633562866694	0.497630435104421
YOR303W	0.493431710938238	9.61605210594931	5.23706945253553e-10	2.17589920861393e-09
YOR304C-A	-0.160296323574517	4.27563521912775	0.167453750541361	0.21297481452394
YOR304W	-0.160164675352169	6.92760289042362	0.0306583328473014	0.0454769052746055
YOR305W	-0.244091718983488	5.67491582856088	0.00736102060719463	0.0123477834515776
YOR306C	-0.785637112153698	6.42729196362015	1.53199848556522e-12	7.9743505586304e-12
YOR307C	-0.420350247335432	6.17293041024843	0.000199227125954166	0.000427158873479474
YOR308C	-0.591893128776874	5.60013715717985	1.41093087154305e-16	9.97943105849036e-16
YOR309C	-0.265003447818344	4.03914025014149	0.0614253440170459	0.086061330279767
YOR310C	-0.371284000331168	8.74185089456327	0.00658088337768185	0.0111073191652508
YOR311C	0.0402898991938741	6.91284451148469	0.563835073248865	0.620906933333607
YOR312C	-0.147919802920123	10.3093621388773	0.0752735032294895	0.103509675529664
YOR313C	-3.49812338931979	4.10401097313877	4.59856738088074e-16	3.1632250679468e-15
YOR314W	-5.73194111660766	1.35198192893494	4.46620785683761e-12	2.23757013627564e-11
YOR315W	-3.6534880088079	7.70216227999656	3.06759786979967e-29	3.94068341735804e-28
YOR316C	-1.00612045140915	7.7173203438104	1.31630587739438e-13	7.50107197620383e-13
YOR317W	1.46499352742332	8.52755627006424	3.70388347626629e-42	7.00243630796004e-41
YOR318C	-0.415029604035958	1.08218496910649	0.192657806387884	0.242060341066658
YOR319W	0.152272781229596	5.7645869517676	0.0213750998266355	0.0328410682744014
YOR320C	-0.423029861930062	6.99202594211845	5.31091653309785e-08	1.79377697735867e-07
YOR321W	-0.555330720303929	5.53134004998076	0.00910832188805093	0.0150354835779687
YOR322C	0.274931832411973	7.04423431096287	9.80700083488153e-07	2.86629504226095e-06
YOR323C	0.439378528627466	8.2109827238657	1.25193173528763e-14	7.81579812310407e-14
YOR324C	-0.0567131041797786	4.84445123496042	0.488399420667743	0.548833143374668
YOR326W	-0.476582749541654	8.56918069888802	2.95175872790766e-05	7.18169707494167e-05
YOR327C	0.337564784417308	6.70517737460899	1.44306488864081e-05	3.6467869316976e-05
YOR328W	1.42859234750688	5.60551702213734	2.69330294695101e-59	7.53122665910208e-58
YOR329C	0.132498467118298	7.09473177026454	0.252939376901464	0.307123634081619
YOR329W-A	0.181697992933065	1.73372334085377	0.347019450291243	0.407635977950557
YOR330C	0.227349322332551	6.5130622224497	0.00313418683145565	0.00558634190059632
YOR332W	0.481315981029843	5.8165577606286	2.54557272606882e-13	1.41572462804123e-12
YOR334W	-0.151109806995222	4.71258242458152	0.0665564042374972	0.0924958627544691
YOR335C	-0.111545799931032	8.896369409686	0.0928556020314952	0.125505368573145
YOR336W	0.16541346686832	6.31323605312038	0.0179353398215785	0.0279998086230408
YOR337W	0.174541776064827	6.64318852638531	0.0506578807758148	0.0721523760303716
YOR338W	0.840266326866254	2.93258881603805	1.56120450850426e-07	5.05981752297983e-07
YOR339C	-0.174161101950315	2.86655478789246	0.355703752412675	0.416453935638754
YOR340C	-0.83679227648565	6.95824612344424	1.00497704826702e-07	3.31245724461694e-07
YOR341W	-0.486837782730132	8.49815120408761	0.000329722724394612	0.000685850361170685
YOR342C	-0.773801704725676	7.39757329836295	0.00790159415022773	0.0132029972293411
YOR343C	3.42196293149074	3.01646112548491	9.37886285093096e-40	1.67814653154158e-38
YOR343W-B	1.28819241983196	5.80015876590111	6.12010008214854e-33	9.01814747398946e-32
YOR344C	-0.0137265442356569	6.37892617206144	0.95257517064031	0.965421767681986
YOR346W	-1.1760042487279	6.53397961930094	1.46373745952555e-26	1.69230569358992e-25
YOR347C	1.96300800591979	5.9017857271284	4.55917981101191e-23	4.54557031903874e-22
YOR348C	4.0460181441676	5.81437466249738	6.95999198442469e-114	4.31375998044961e-112
YOR349W	0.165670121505885	5.44738078087645	0.00784178262129402	0.0131176397104117
YOR350C	0.190141043251045	5.46304709707125	0.00224388720265284	0.00410037989737047
YOR351C	0.274751907666001	2.19345072745461	0.102487551384695	0.1371061768858
YOR352W	0.157676430681571	5.53937547535502	0.029534692172148	0.0439728997867641
YOR353C	0.191520652434441	6.50503540680325	0.0142871429635881	0.0227233607135163
YOR354C	-0.343924215385986	7.4914269040093	3.03683391548034e-05	7.3600604561313e-05
YOR355W	-0.49747961201412	7.89877652591231	1.2778027193194e-08	4.58909793820086e-08
YOR356W	0.350515924812383	7.51550827868278	4.65736664262907e-05	0.000110019993145328
YOR357C	-0.26509955329393	5.27298943224693	0.000819926631466297	0.00160305655556923
YOR358W	0.091752258117402	4.89165512870085	0.337095910085986	0.397844642999008
YOR359W	-0.295889638385125	6.36710086715623	0.00688064050431613	0.0115897484658454
YOR360C	0.0973818975342146	6.63910016087566	0.0777452053061407	0.106567299202124
YOR361C	-0.182063954844272	9.01686731348991	0.0464012250690042	0.0665150608285296
YOR362C	-0.04901350698088	8.68453516369249	0.588418300274647	0.644248920278852
YOR363C	0.183427006315582	6.40378780636018	0.00605305320789774	0.0102654318436901
YOR365C	0.104677921218345	4.20749297336933	0.276434943688443	0.332851368206473
YOR367W	-0.145288003923668	5.62162272054325	0.138241623027205	0.179505105321719
YOR368W	-0.26769534285215	5.17767158475512	0.0174033228415143	0.0272187244857398
YOR369C	-0.013228094954493	10.1970078612449	0.887280630925551	0.908125834716447
YOR370C	-0.0864627440462029	7.63875469673623	0.267687607621889	0.323355012461884
YOR371C	0.127623335647246	5.74124835253628	0.0571358464553062	0.0806150455032388
YOR372C	-0.633241159109819	6.67482859312206	0.000485461646614731	0.000981700443810213
YOR373W	-1.79540588757955	6.29005496830275	9.14907878986297e-18	6.94498253594144e-17
YOR374W	4.45713277731169	9.40361897983199	2.59247424265171e-60	7.52944693083192e-59
YOR375C	-0.298178403902259	10.994739037732	0.196975636796722	0.246814824598144
YOR376W	0.652089000809072	0.640134229401178	0.0261824517035836	0.0394215903529713
YOR376W-A	0.765454542091757	2.79763997555815	5.03238116219617e-06	1.34167075596999e-05
YOR377W	0.368243315041226	5.36530988361987	0.000682215817388373	0.00135005974132288
YOR378W	-0.589418123519183	3.79361946909074	4.10481321012485e-05	9.76965044310001e-05
YOR380W	-0.218037349751007	4.62347179646036	0.0220747876418063	0.0338296261286106
YOR381W	-1.21734070022139	5.67991642464122	0.000195975078515524	0.000420786490012617
YOR381W-A	-0.242650971940734	1.60157417798979	0.366446051851071	0.427366375117097
YOR382W	-2.97888023134364	8.1212860650823	4.03550115458817e-05	9.61610501045742e-05
YOR383C	-2.66127819734858	8.12089530249561	9.50805894393621e-10	3.86232772776652e-09
YOR384W	-0.126096280774725	5.85660536202293	0.444830048796221	0.506979763670689
YOR385W	3.6004825264676	7.09255429876579	0	0
YOR386W	0.809300592108031	5.23891847989582	3.64075550362923e-06	9.89521794205196e-06
YOR387C	-0.461172586400201	1.8156446558238	0.0365625591972366	0.0535739960745275
YOR388C	-1.22602029416791	3.33106447782954	7.33542754008288e-07	2.17458532401273e-06
YOR389W	-0.306151906550262	5.41377741780811	0.00412738205496699	0.00721122374730065
YOR390W	-0.790130395370059	4.26932907580461	1.16938706180922e-11	5.72504480097477e-11
YOR391C	0.653799875120389	0.748617655593638	0.00547123715936883	0.00936857812649542
YPL001W	-0.0530976035523602	6.42788858672646	0.630116888364068	0.681832745292437
YPL002C	-0.00174023482920703	5.6645842598242	0.982205179940923	0.987791492439751
YPL003W	0.775849214468278	5.42244039419137	3.2977763530465e-11	1.54409902137972e-10
YPL004C	1.23927816624168	8.73296358469253	1.43812000481547e-11	6.97256247496018e-11
YPL005W	0.762529100797499	5.21781435854935	4.77296507556101e-16	3.27943611820261e-15
YPL006W	0.713571433273033	6.21478291213382	1.22472183055778e-20	1.06710545584252e-19
YPL007C	-0.208725165809888	5.76456984532122	0.0240019635436126	0.0365223499934698
YPL008W	-0.552681656753063	5.96881728524931	3.93130289072954e-06	1.06320256316086e-05
YPL009C	-0.261244634772749	7.62942474584321	9.11734709814343e-06	2.36061545021698e-05
YPL010W	-0.0622971787451077	7.36307955579823	0.343050569475522	0.403762729774244
YPL011C	0.0415834171995865	6.29167631257748	0.520025912443665	0.578854987152622
YPL012W	-0.941162681744603	8.22533881240823	1.65382703849337e-10	7.28944879429774e-10
YPL013C	-0.323677685111034	6.1812144823247	0.000466296674493002	0.000944851906657205
YPL014W	-0.484478795001059	6.05302445778668	0.203289278288825	0.253721225051363
YPL015C	-0.35195108841586	6.56498083352346	0.0283919099768834	0.0423869289250119
YPL016W	-1.90245182978554	6.57660991378391	5.96175024878626e-78	2.25421650916371e-76
YPL017C	0.157471340295724	4.72881469918814	0.264786046331006	0.320107321645286
YPL018W	-0.177486565899248	4.80943803456148	0.204130423940682	0.254665305816846
YPL019C	-0.0865586465141542	6.79264636433717	0.266636837762589	0.32221520977461
YPL020C	0.185725265917937	6.2675662964567	0.00388724737497477	0.00682339597616009
YPL022W	0.1657890341769	6.81027289763535	0.0133970175408789	0.0214095878404475
YPL023C	0.477649147940385	7.42645503931838	1.10266117503418e-20	9.6214789322286e-20
YPL024W	-0.472388502892119	6.18243686716958	4.45594607130662e-09	1.68485206167896e-08
YPL025C	-0.79593521193306	0.898824804770518	0.0127658713634609	0.0204505630622512
YPL026C	-0.454012119367372	7.01396582058435	8.71228705146636e-08	2.88426595558457e-07
YPL027W	0.662608289397755	0.81139698653156	0.0142556577526221	0.0226792840457169
YPL028W	0.485798847055433	8.7602270952493	1.16570169698234e-08	4.20155791502267e-08
YPL029W	-0.853354027360624	6.08092341628408	1.01139044784559e-30	1.3882372996456e-29
YPL030W	-0.363906820303993	6.3312393783661	0.000838003072062194	0.00163520755249527
YPL031C	-0.1875431831362	6.83980123075962	0.00439482564974111	0.00765624219247857
YPL032C	-0.455433259956144	7.89184843156719	0.0170949488972415	0.0268061639984913
YPL033C	1.03883973862825	1.11460384035327	1.40233860592962e-05	3.54834162409465e-05
YPL034W	0.113563660788069	4.21880422954467	0.181194563120941	0.228853301151911
YPL035C	-0.16504593588977	3.73663450845168	0.0623020242788184	0.0871069232475015
YPL036W	-0.0891019553920351	4.53296430268704	0.497980524871476	0.557775434585326
YPL037C	-0.119122145712598	8.79072666770415	0.0206081647640348	0.0317764264071242
YPL038W	0.281980224658548	4.5152683845159	0.0039167917901356	0.00686923927721564
YPL039W	-0.205808659320048	5.21279397283122	0.0765418119686565	0.105085492933447
YPL040C	-0.620917762510411	6.13858476894539	5.23172415183403e-15	3.34964063906562e-14
YPL041C	-0.393424482803792	3.72329300847555	0.00157113423096826	0.00294624422850317
YPL042C	0.453776517271194	5.84586154315371	2.44365382009628e-14	1.49605364220151e-13
YPL043W	-1.07872619532123	7.040226668967	1.48370576149974e-11	7.18199600494079e-11
YPL045W	-0.0542543269892511	6.39893537755367	0.457472206874157	0.519909812424845
YPL046C	0.243443232833549	4.45513621440656	0.00755276373646746	0.0126517736371252
YPL047W	0.443432441045978	5.57557059127402	3.30244112326999e-08	1.13843325877862e-07
YPL048W	0.344097697144342	8.569123171285	1.15554101800087e-08	4.16743407331807e-08
YPL049C	0.361007427470138	7.55536659991114	0.000131846937809829	0.000290672456953682
YPL050C	-0.390167357742508	8.25992202392332	6.06054237873544e-05	0.000140408403780183
YPL051W	-0.13892332850755	5.44267855077241	0.112354134472146	0.149067358431176
YPL052W	0.442194802636824	5.51740368908358	3.01813147559154e-07	9.46531373565798e-07
YPL053C	-0.110586452006612	7.50390830828547	0.155415149162824	0.199393059489308
YPL054W	3.81185571426767	5.68289783655132	1.55341384736023e-121	1.09872047650937e-119
YPL055C	0.527995850570287	6.33887163059873	1.34043466250279e-12	7.05047523269184e-12
YPL056C	0.449893401516136	3.9256022138788	3.44110793980243e-05	8.26856152441735e-05
YPL057C	2.02256720286034	7.95876365508298	3.27482843051671e-33	4.90979264944301e-32
YPL058C	-0.668714160291492	5.77321687289867	1.06185036882961e-14	6.64983793479543e-14
YPL059W	0.240585929089378	6.66938236276464	0.000156816717184776	0.000340846747546954
YPL060W	-0.460118748382339	3.7927676777282	0.00892059326882027	0.0147377319956437
YPL061W	1.48372098398609	11.4812801958101	2.28863398817214e-08	8.02289652296847e-08
YPL062W	0.843626760639254	1.25242761611439	0.00150712293080695	0.00283327800500668
YPL063W	-0.266886574914579	7.96982446487403	4.42559528556034e-05	0.000105040184985348
YPL064C	0.0846635461615848	5.75880233483295	0.21480479822456	0.266269370500217
YPL065W	-0.391504557073021	5.34055866506455	2.45307627115568e-05	6.01954879272978e-05
YPL066W	-0.56922097807691	6.89174554074601	0.00261403990081206	0.00471232620200362
YPL067C	0.0173020436778341	4.37205598725492	0.912097025454357	0.929411409666371
YPL068C	-0.979712189694134	4.58254085927847	2.28274497393189e-11	1.08489033859909e-10
YPL069C	0.18814469514067	5.38419285461605	0.0360183962692355	0.0528668453053329
YPL070W	0.413510901772511	6.44754269528062	0.000463393362762726	0.000939285535040292
YPL071C	0.287677637664321	5.21235519167233	4.95804245169863e-05	0.000116618744990658
YPL072W	-1.14271678574535	5.43834038298412	2.70398552941786e-20	2.30260070862042e-19
YPL073C	-1.18444527693982	0.752831944770663	0.000274729226644071	0.000577305875772161
YPL074W	-0.33019260375962	6.32623236508381	0.00017558000712534	0.000379571018639893
YPL075W	-0.867373445622282	7.43094979362419	4.40916309531861e-19	3.5343851372074e-18
YPL076W	0.163347811342499	4.95656993372479	0.0283676391676561	0.042361213779421
YPL077C	-0.38528901032785	4.3906655707434	1.54790252704917e-05	3.89209117215376e-05
YPL078C	-0.013944680461722	8.3740563993122	0.867965832651149	0.891240065909259
YPL079W	-0.051505267933021	9.71237935092106	0.523457127324823	0.582243154389794
YPL080C	-1.13226094448747	2.71361881722492	1.11956185353618e-08	4.04982302253881e-08
YPL081W	-1.34450608367572	8.81729668128406	9.93962200921444e-23	9.78019763001592e-22
YPL082C	-1.15338639454605	6.27659585152665	6.92929865124407e-14	4.0406346742269e-13
YPL083C	-0.150627522559951	5.69169340839974	0.0283170522817583	0.0423353423244126
YPL084W	0.0142602988765576	7.55126172521041	0.857713601804421	0.883126250051067
YPL085W	-0.169898372281452	7.0818501703566	0.0040866354951556	0.00714626311718309
YPL086C	-0.141710067209196	7.06735609873385	0.326365880769764	0.386394579595868
YPL087W	1.19286185742982	5.88776332721714	8.96576880099614e-34	1.36807619369515e-32
YPL088W	0.633074988670683	6.28919823823742	0.0243552450499474	0.0369756902121929
YPL089C	0.836816922633297	6.90181270833395	2.2785752359253e-14	1.39926397532001e-13
YPL090C	-0.186696632988218	9.58839313047917	0.097350195022001	0.130962043515836
YPL091W	0.0335515324692897	7.77104300430087	0.614875964178119	0.668106686542355
YPL092W	1.03335933865547	5.31734454972115	3.8211539504163e-10	1.60761214484974e-09
YPL093W	-0.788599753822226	8.6094809034015	1.89173728153938e-06	5.33698945875868e-06
YPL094C	-0.387438748681401	7.38071633273082	7.04434269344935e-10	2.89082513808993e-09
YPL095C	0.352141577473745	5.21784784728706	0.0166096259454069	0.026092780554948
YPL096C-A	0.176662728810045	4.16683620293785	0.0685254058190471	0.0949907170357646
YPL096W	0.657724522199502	5.87343803116006	7.37945679750602e-23	7.29692339911286e-22
YPL097W	-0.406157405797567	6.18421724587286	0.000387909596728552	0.000796486508036903
YPL098C	0.161079138022502	6.0776016558833	0.0801376709403487	0.109542118958902
YPL099C	0.407305661844201	5.3319194302092	9.53570105182336e-07	2.79107277135161e-06
YPL100W	0.428985540536666	5.75747635738638	1.61421099386693e-10	7.12528377028485e-10
YPL101W	-0.304844151359241	6.8182749605448	9.22102269240723e-05	0.000207784064568037
YPL103C	-0.0239931547617886	6.08024723511856	0.665620435490889	0.714463499048603
YPL104W	-0.245277732746512	6.25925689196969	0.005242243886555	0.00901240212924469
YPL105C	-0.562677190656471	7.88699885348728	7.88270577516798e-17	5.70973820726625e-16
YPL106C	-0.0382573590569915	10.7871202339625	0.791334935365145	0.826817106606753
YPL107W	0.0296920830563233	6.10600220366854	0.792274362518715	0.827511026313848
YPL108W	-0.432682238322434	4.24373715675921	9.84999146600924e-05	0.000221045721140902
YPL109C	0.549226275806516	5.05762972157591	2.59978730440043e-08	9.06607962532213e-08
YPL110C	-0.0768472904683656	6.49575487842361	0.642002655584867	0.693321351783046
YPL111W	3.20208091682003	6.85847728887037	2.75269101943946e-301	1.10327856059133e-298
YPL112C	-0.246368384761225	7.47228776331862	0.00040469801846833	0.00082841146987797
YPL113C	0.538806091385648	4.10486950727245	1.59285503158793e-07	5.15961446654454e-07
YPL115C	-0.0617180781944702	6.77452852091452	0.596498843883037	0.651672006073927
YPL116W	-0.0709898284274911	7.18764357040501	0.73045299955145	0.771247529558012
YPL117C	0.0810104759873578	8.6054992734014	0.214267895871724	0.265768225702662
YPL118W	-0.198888813791054	7.77026249001586	0.0123684798194128	0.0198609243254033
YPL119C	1.07093549782066	4.52588579302705	6.874262358214e-38	1.15764888788747e-36
YPL119C-A	0.745039659929786	2.50057587740468	7.03656902205887e-08	2.347605602698e-07
YPL120W	-0.145579570546694	5.5811064754436	0.0776737578487212	0.106539083846911
YPL122C	-0.567555484759009	5.89812713982313	3.4425456592703e-11	1.61062914424381e-10
YPL123C	1.08594011188679	5.1800759651823	3.35340662277225e-12	1.70132325874319e-11
YPL124W	-1.07682564057513	4.5281689417464	0.000114717450549739	0.000254965365140492
YPL125W	0.100147801200633	7.28833088328628	0.0859134855401993	0.116857890286805
YPL126W	-0.479224570687234	8.03788009197239	0.00112683736223802	0.00215818611716311
YPL127C	-1.10103931001563	6.99608342596797	0.000978331643430117	0.00188940887899192
YPL128C	-0.690722855223142	6.39898324205213	1.24510164543053e-07	4.06161209567464e-07
YPL129W	-0.269441039272001	7.53953106323775	1.43908092847522e-06	4.1218458989962e-06
YPL131W	-0.0629654577176539	11.5987435371731	0.482672790967683	0.54382099312176
YPL132W	-0.145455061864892	5.58826855215232	0.252974501838296	0.307123634081619
YPL133C	-0.321293508156106	4.851527925305	0.00847011737444216	0.0140591788114705
YPL134C	0.816777147312573	5.25142377999718	1.58317436262133e-17	1.18531061868984e-16
YPL135W	1.06076314378861	8.31366239708291	2.41225900431518e-20	2.06294468477139e-19
YPL137C	1.4252678231004	7.43962650539353	3.83878169070331e-62	1.15393777622542e-60
YPL138C	0.0413423917801832	5.45307151901231	0.607582747048083	0.661377417210406
YPL139C	-0.155683904869883	6.59025266448982	0.142759710691918	0.184773171298129
YPL140C	-0.149733696189494	6.51012669275538	0.00684125802677244	0.011530598053534
YPL141C	0.699630611679038	7.56529273648818	7.98238643117046e-06	2.0774938192293e-05
YPL142C	0.172927866423119	1.69886283976417	0.479530917201241	0.540990781425007
YPL143W	-0.207202136030774	3.31454864733557	0.257535431353911	0.312121991743432
YPL144W	-1.00763373777524	3.86782785568925	7.13239548192863e-14	4.15101274320958e-13
YPL145C	-0.466506643856107	8.96476643852419	1.28994741206534e-16	9.15603759307773e-16
YPL146C	-0.944654640945898	6.87691872525446	3.47755903033091e-13	1.92337487491715e-12
YPL147W	0.233170764157122	5.04646374860045	0.00143961382469229	0.00271570703296205
YPL148C	0.163039467360847	4.19182176092915	0.125622307494869	0.164433118366896
YPL149W	2.03054028204796	5.81924326022855	1.42557212989143e-134	1.2421071949141e-132
YPL150W	0.16967104874216	6.3583325092015	0.000847939660942199	0.00165352359441599
YPL151C	0.160650291825808	5.95933835067947	0.0215571263249294	0.0330953634998661
YPL152W	-0.169260740295399	5.24914535148067	0.00981025014267945	0.0160837807084235
YPL153C	-1.43242045543125	5.74961852978498	9.13591073831188e-05	0.000206020612748428
YPL154C	0.893077568390916	8.78904851842156	7.36075772404274e-22	6.89297125186058e-21
YPL155C	-0.399392468228344	5.98907834764083	1.71758940691926e-06	4.868527823856e-06
YPL156C	3.30744866163415	6.96322498381146	4.70946299378129e-64	1.4670099232442e-62
YPL157W	-1.50215309084123	5.68290781326434	7.79051336271994e-20	6.44244378771283e-19
YPL158C	-2.60179930871249	7.08827530016951	1.95370578722663e-07	6.26102302388407e-07
YPL159C	0.397031403195622	6.27563051681914	3.61827551513195e-08	1.2423228096501e-07
YPL160W	-0.241539485469271	9.13652609558869	0.000547205768484134	0.00109953244656638
YPL161C	-0.42146500596229	6.22584398147221	5.84798860841984e-09	2.19463842158677e-08
YPL162C	-0.239937601685011	5.44970429146641	0.00782035730488801	0.013085440611463
YPL163C	-1.23766174350202	8.1502793823803	0.0435718275733801	0.0628789792057517
YPL164C	-0.383850991320892	5.12779869094347	0.00120629293381508	0.00230229622796706
YPL165C	1.39361785620304	4.25953729133779	1.4576413663229e-26	1.68850479659601e-25
YPL166W	1.7048684705964	3.72955330595239	1.42782009749892e-24	1.51661738978154e-23
YPL167C	-0.102245625022724	4.91153337278648	0.29224572756218	0.349648022707229
YPL168W	0.0475832648664155	5.51306314678568	0.540224899840101	0.598237630841533
YPL169C	-0.12531415134383	7.94001512292155	0.0242248799101058	0.0368056552993571
YPL170W	0.376186910908793	6.42603310826735	0.00471386648956896	0.00816237480855086
YPL171C	2.12798555929763	3.00156316524436	2.659899066019e-66	8.69093107875338e-65
YPL172C	-0.657623064303381	6.24459952168016	4.35840985799298e-09	1.65317098209803e-08
YPL173W	-0.33653313557843	6.66294670832185	0.000540950781998294	0.0010873273491721
YPL174C	-0.326097435744926	5.61768875768141	1.49775826884882e-05	3.77548122109815e-05
YPL175W	-0.412942556406402	6.17501055373256	9.97560742361523e-09	3.63695280962855e-08
YPL176C	-0.149781461563781	6.99287111411282	0.112061495218021	0.148722673123785
YPL177C	-1.25365614791133	7.29194818204839	1.45083971343542e-24	1.53835068027755e-23
YPL178W	-0.128566102871616	6.82669708915172	0.0825301335753903	0.112612610770596
YPL179W	0.6427047157224	8.22659820324546	1.24655436617124e-24	1.32877390947189e-23
YPL180W	-0.0436711135766914	6.54886273151025	0.434072921282293	0.496036191360795
YPL181W	0.402505929884708	7.07277162759877	6.8679358347976e-09	2.55507612863881e-08
YPL182C	-0.301294677109009	3.06448848193695	0.0348831839412061	0.0512882616420961
YPL183C	-0.680560819459168	7.09055392766245	1.06742125926117e-10	4.76770922041468e-10
YPL183W-A	-0.0573945943574539	5.31596621526395	0.525899927371571	0.584723631549847
YPL184C	-0.685674016224321	6.7493965811268	6.82821763298291e-13	3.68503091647157e-12
YPL185W	0.391557866107342	0.772868426576588	0.115817637449979	0.152998381970836
YPL186C	1.68220580383001	3.42198000565903	1.91679976951667e-41	3.52866926784993e-40
YPL187W	-1.04994155152242	1.32486394489199	0.0184138198918836	0.0286500738069369
YPL188W	0.140279613456988	7.26515633635252	0.0289664973959841	0.0431911166529406
YPL189C-A	-0.0354950001931747	5.02107390428135	0.698429071399241	0.743046465625949
YPL189W	-1.26895409870254	3.49505449050976	3.49845969997872e-14	2.11384318756503e-13
YPL190C	-0.632356411805125	8.51862876428454	9.86083159995596e-17	7.0913061697291e-16
YPL191C	0.461916735087869	4.87506690869905	0.000249971834081781	0.000528607339605933
YPL192C	4.03520242951731	5.2123080934712	1.1198770384296e-162	1.29475014519976e-160
YPL193W	-0.0527839249191646	6.00063481712647	0.473065277574922	0.53490096836194
YPL194W	-0.604958941500234	5.43264327147589	1.41670855132004e-12	7.40630592220529e-12
YPL195W	-0.100719186706373	7.18149013269859	0.108889078701089	0.144960394408978
YPL196W	0.644112607733644	5.52164573030815	9.05738277870846e-18	6.89278294501206e-17
YPL197C	-0.74611934897033	4.51224312165437	1.29724527366809e-10	5.7430328315851e-10
YPL198W	-0.710802260750237	8.30173045949187	1.85970570747132e-10	8.13722759338978e-10
YPL199C	-0.0902700379722083	6.52734206677087	0.211974846582655	0.263133278190601
YPL201C	-0.10119814219653	1.1550051051797	0.709008816387719	0.752836630894201
YPL202C	0.102388803066195	6.34877480787918	0.100798452369546	0.135161084801963
YPL203W	1.05560117491301	6.61637348452505	8.80881235631986e-35	1.37912968453633e-33
YPL204W	0.439404359096566	7.97588631983343	1.46930256625223e-11	7.1180072750269e-11
YPL205C	0.358211541322009	5.11120824813662	4.2301797507586e-05	0.000100560856708425
YPL206C	0.648472584440212	6.67878285371494	3.26624643984459e-20	2.75795977476765e-19
YPL207W	-0.425399290563899	8.31518576793924	0.00594517567327014	0.0100938706997176
YPL208W	-0.611072061631375	6.09362664063423	0.000242883569380568	0.00051524912459985
YPL209C	-1.09902447156904	4.38389033462745	2.58877140476551e-10	1.11407971978885e-09
YPL210C	-0.661327386869839	8.03472690709515	2.04744562287295e-21	1.86786693242977e-20
YPL211W	-0.467651421105231	6.42348823684621	0.00501739048499887	0.00865553847799518
YPL212C	-0.821697461032334	7.94144451187988	5.67082660231105e-11	2.60849346083351e-10
YPL213W	0.318359218261202	5.59751913394666	0.000561627567554378	0.00112738061306742
YPL214C	-0.0151912872636224	5.86597495880247	0.87556254706508	0.897813752849269
YPL215W	-0.303250533679223	6.9232347410932	0.000521463575513759	0.00105061629222142
YPL216W	-0.0723357446544029	5.6346607475593	0.307320023434927	0.366080440041764
YPL217C	-0.869491399322915	7.64637972202967	4.43363416303483e-14	2.63649936579282e-13
YPL218W	-0.0405823325747182	7.68035271665089	0.607374300184199	0.661270244966933
YPL219W	0.826323919111623	4.91559827679576	1.33053330134197e-29	1.74654284010216e-28
YPL220W	0.181388252751709	9.0903561424313	0.0111257353808274	0.0180631707020076
YPL221W	2.05872460522541	8.32861270316214	1.42411700585388e-49	3.21871858616298e-48
YPL222W	0.953289395350215	5.2768486950102	1.00898585256817e-13	5.79925711820251e-13
YPL223C	2.62971846420818	3.24801374185391	8.17757555878057e-42	1.52681938693754e-40
YPL224C	0.536398089290653	6.23001940428705	6.10818969055547e-10	2.5186856254883e-09
YPL225W	0.202922841969067	8.38965559212148	0.000799305595595622	0.00156477539587134
YPL226W	-0.853447517968206	8.54472325459559	2.66209372487209e-18	2.05978217167709e-17
YPL227C	-0.663025321383238	6.56026627323312	2.91161226180931e-07	9.14079003550787e-07
YPL228W	-0.210061304505504	6.69792302722622	0.00201551249189614	0.00371353389558063
YPL229W	0.270751887422041	5.61341286125271	0.000861028624092695	0.00167782592138285
YPL230W	1.33125246750512	4.92885915810967	9.52707274605024e-29	1.19078505923605e-27
YPL231W	0.0646746107925112	9.58866310446141	0.670529187715237	0.718705914876806
YPL232W	0.243895434753185	7.75251961060835	0.123898115120147	0.162423782839582
YPL233W	0.431209660737878	5.21361561440626	3.55248678405855e-06	9.6728036892029e-06
YPL234C	0.206606852559875	6.74556486424099	0.000880349949687245	0.00171117487795658
YPL235W	-0.160320560036322	7.76757343677325	0.00275629838504907	0.00494948204627092
YPL236C	0.379135026397169	4.69159052779345	6.72222132267261e-07	2.00964667289447e-06
YPL237W	-0.163105500071034	7.28417467500846	0.0302939207844377	0.0449585415344457
YPL239W	-0.312774082336865	7.52248230990199	0.0222668718498772	0.0340718843373535
YPL240C	0.225057245060586	9.72036893259266	0.425576111275641	0.487390182709997
YPL241C	-0.684183343906518	4.9251075938154	0.0240840596800734	0.03661946555301
YPL242C	-0.989493158767444	7.41151096914573	5.42755075311158e-06	1.44063731248154e-05
YPL243W	-0.441857930499782	8.17109811148631	2.10778811981289e-07	6.73685389490436e-07
YPL244C	-0.325077672878418	6.58342630577606	4.64661113974545e-05	0.000109809065142098
YPL245W	0.273778311234716	5.37699877623765	0.00397244998745691	0.00695467947716684
YPL246C	0.40494821079777	6.63797700239715	4.00023487572728e-13	2.19629333998835e-12
YPL247C	1.70595008691572	5.3924055792954	1.21604466433056e-25	1.34144229760649e-24
YPL248C	0.543569326093816	5.09123933156152	1.23570782482528e-14	7.7225316453738e-14
YPL249C	0.561248559737428	6.50954312623847	2.84864827212532e-10	1.21720493333457e-09
YPL249C-A	0.000656131821675197	4.36194670238463	1	1
YPL250C	0.672550561191002	7.74962232617025	1.16319258997989e-07	3.80681211266147e-07
YPL252C	0.0161683221620708	5.33857910111775	0.870406589820661	0.893441082124264
YPL253C	-0.97437687148392	5.69471113655281	4.52732698890033e-07	1.38939713411275e-06
YPL254W	-0.266864765777645	6.44491037610666	0.000744590935514816	0.00146577626205471
YPL255W	-1.73540894257203	5.66075152555833	4.74249058070501e-10	1.98274362803884e-09
YPL256C	-1.62504111809865	8.06572309569572	0.0104783005554634	0.0171044102469307
YPL257W	0.177330135750873	3.14073233736844	0.103548876028963	0.138433587432984
YPL258C	-0.276375687971571	4.40470506671612	0.110875336038084	0.147311054201317
YPL259C	0.461350645146474	6.55747864217825	2.34399741750116e-18	1.81833709342155e-17
YPL260W	0.188405617473674	7.7023364232375	0.00455557068005152	0.00791334612206579
YPL261C	0.150291383571716	2.84442057916669	0.202018441108742	0.252292245107137
YPL262W	0.0482476711283556	8.29042279512854	0.482245934131733	0.543543786276712
YPL263C	-0.601842632362473	7.67675413901937	3.07012929471797e-09	1.18242263419887e-08
YPL264C	-0.169999313492256	5.04857299206861	0.219237216263969	0.270703254093034
YPL265W	1.72326200658158	6.17305340550247	1.02325328546346e-21	9.5229082851491e-21
YPL266W	-0.325898454639215	7.15198540924128	0.0096865084782112	0.0158939107453618
YPL267W	-2.46709889683818	5.62827942126003	1.92122998592001e-05	4.77883106137821e-05
YPL268W	0.161838681359992	6.08159426507249	0.0207484530353023	0.0319763393099814
YPL269W	-0.362231159542396	4.78999191850615	0.0227291883094178	0.0347350991652821
YPL270W	0.403344497833551	7.18746770261093	9.15863711208677e-10	3.72290238795576e-09
YPL271W	-0.0965165642095372	7.59598504475151	0.310132653523856	0.369211388709984
YPL272C	0.079463895060196	3.97770699187591	0.461681531743864	0.524198181084818
YPL273W	0.425932002197858	7.63968130339365	3.37965665148831e-09	1.29582243550687e-08
YPL274W	1.4234353674871	7.74798608758865	9.84389091802595e-13	5.2419373072783e-12
YPL277C	0.226551673595451	2.12177344669274	0.175497997933257	0.222218610693922
YPL279C	-0.642526780312887	2.61121488217411	2.91404905104607e-05	7.09856681316409e-05
YPR001W	0.453404350568968	4.25841880622776	0.00175026865374184	0.00325878449869804
YPR002C-A	1.38792882506855	3.10183396239175	4.30157327591118e-25	4.65965018644648e-24
YPR002W	-0.920138431767372	7.38518873910802	0.0232596071305359	0.0354915629616198
YPR003C	-0.414931769808936	5.70226672847955	1.09878399906692e-05	2.82061887377896e-05
YPR004C	-0.205872435439428	7.86632058433705	0.0488603661000421	0.0697905728185918
YPR005C	3.01208113594148	6.52367131984275	1.78942372979825e-59	5.02711002969488e-58
YPR006C	0.294104801952148	5.40909701184562	0.000187795748462469	0.00040464365437173
YPR007C	-0.438439254812478	2.95081761859077	0.000967650599734076	0.00186998245117366
YPR008W	0.0572148550268134	6.98284208502497	0.413761880507474	0.475628379657922
YPR009W	-1.03097783001906	5.87867462515901	1.69331415647784e-40	3.04796548166011e-39
YPR010C	-0.350761194719497	8.93566617840093	0.0380610108753691	0.0555934881882214
YPR010C-A	0.671898215752692	7.63212138067534	2.59461453315076e-15	1.69001327988108e-14
YPR011C	-0.183854813366314	5.6382508869488	0.0163821613074271	0.0257758580948054
YPR012W	-0.231478720166932	1.94822858497556	0.37067011326804	0.431873783133228
YPR013C	-0.210310886248814	5.67385282790218	0.295589387071356	0.353296897628826
YPR014C	-0.281665154997386	1.76516778893565	0.166099131679771	0.211341371356356
YPR015C	0.569892610189819	3.7914532247194	4.52682903111197e-08	1.53758735226244e-07
YPR016C	-0.444401703687746	7.79499312749993	8.48647710666241e-09	3.11101831495454e-08
YPR016W-A	-0.383413474497452	4.67786316604466	0.000188403068279359	0.000405687409203262
YPR017C	-0.140212003548833	4.45246251447774	0.128093641284905	0.167340063321349
YPR018W	-1.24184813929317	6.22112632098937	7.9629885962538e-07	2.34789050714457e-06
YPR019W	-0.284295642334135	6.87804307803849	0.162832005639258	0.207711864609213
YPR020W	-0.179846547739019	6.90828048988287	0.185522750479555	0.234024921502955
YPR021C	-0.0910349344869582	6.12827452441525	0.176973493519125	0.223898283467378
YPR022C	-0.439697479516028	6.84120442383852	1.20571362820691e-13	6.91015284345087e-13
YPR023C	0.568993660611422	7.05839489158159	3.21578811821721e-16	2.23506568401409e-15
YPR024W	0.164019493667501	8.22466754408488	0.0105120173453323	0.0171501352184907
YPR025C	0.0300247378471864	6.60660328606676	0.716941803562684	0.759382333160475
YPR026W	1.13911869274416	5.83374771364048	3.13274527235483e-37	5.1884475419827e-36
YPR027C	0.977619924680084	3.87030888334182	6.17090797632182e-26	6.90865898578152e-25
YPR028W	0.591605643847121	8.03508784898617	6.73144550485633e-14	3.93289119292481e-13
YPR029C	-0.0394939047721294	7.89102734929443	0.558907713424943	0.616297002026548
YPR030W	3.11065775832466	5.39409456030819	2.51769459902715e-115	1.61025318397353e-113
YPR031W	-1.03831399377321	5.73520916938916	1.06700790050844e-19	8.73957969735249e-19
YPR032W	-0.32657488046364	6.55985512259109	0.000153444850987928	0.000334364060942161
YPR033C	0.104663462770845	8.72778888583726	0.105557113216772	0.140930349691147
YPR034W	-0.284427686100587	7.75854844211641	0.00592639170067206	0.0100648211594465
YPR035W	0.100431445838425	10.7915758530957	0.604493636150878	0.659088817653079
YPR036W	0.339291068125039	8.47904417798144	4.68747242808448e-13	2.5642478833161e-12
YPR036W-A	0.721179668244748	10.9260728156542	4.68378110494234e-17	3.4298285021819e-16
YPR037C	0.251200863916461	4.03544313441972	0.0518843725851647	0.073776927148063
YPR040W	0.596032748255822	5.82720853453886	4.00074608939626e-16	2.7614793902928e-15
YPR041W	-0.403391171811007	8.91173859673357	3.6760808866999e-07	1.14097048481362e-06
YPR042C	0.507136782725093	5.39692936643015	0.00031858069388675	0.000664575687594427
YPR043W	-0.576710014090991	2.45145108004222	0.00316992539458267	0.00564334956240184
YPR044C	-0.877982857234854	3.93845887102596	4.54051092174267e-06	1.21701077403107e-05
YPR045C	0.255632702682631	6.20516006216613	9.69231320970313e-05	0.000217751072558801
YPR046W	-0.430846131024463	4.53955722428957	8.02833605491624e-06	2.08723247980904e-05
YPR047W	0.0273870560710988	5.74202940412373	0.84418445317139	0.872633585362173
YPR048W	-0.281058147790954	6.83214896734858	0.000330503664055441	0.000687063633575833
YPR049C	0.0231577490754576	5.91800974435613	0.759659361281475	0.797741848039167
YPR051W	-0.206594093504308	3.33672838747636	0.133796244138022	0.174222009910719
YPR052C	-0.685845223301679	5.17422748527258	6.11945496571204e-08	2.05142403373989e-07
YPR053C	-0.121938541143214	3.43751589963833	0.312739527250337	0.371946595020579
YPR054W	-0.0205844956698996	4.71646726846308	0.848835497658957	0.875634696624167
YPR055W	-0.042821475874736	6.30490173325727	0.564407969797492	0.621304834086201
YPR056W	-0.50196473240483	6.03773369182788	8.53901643523337e-09	3.12646570089056e-08
YPR057W	-0.197489985268554	5.79485868752612	0.000576268460238685	0.00115445717525991
YPR058W	0.386602937626286	6.24040011911593	8.79894613828591e-07	2.58171128274158e-06
YPR060C	-0.2957123969235	6.65635253235337	0.000111226615333948	0.000248027780844296
YPR061C	0.827698595615888	3.99975435086035	5.63323663047626e-24	5.8090941033316e-23
YPR062W	-0.255692970025744	7.51235303204983	0.000777425779678778	0.00152442393588676
YPR063C	-0.0141063542928982	7.13082983190301	0.8477151845256	0.875106255273722
YPR064W	0.967131382414904	0.968098608060005	6.1418327132822e-05	0.000142136424909614
YPR065W	0.0134812246476173	7.3950399620945	0.917849122911034	0.93400625032856
YPR066W	0.546534629676253	4.00476532337247	9.73300075912492e-10	3.95103312382573e-09
YPR067W	0.0561900070304584	6.14683083631388	0.465805424212606	0.527983071336008
YPR068C	-0.820518046435161	5.09945340572674	1.4422986593523e-20	1.24764022158648e-19
YPR069C	0.0343326174443676	7.70992579292566	0.566855427187717	0.623592832251154
YPR070W	0.00499948927567083	6.14123303326851	0.943133965303756	0.957305655817353
YPR071W	0.0776382139269378	4.77519684425923	0.376842114223117	0.438215626829667
YPR072W	-0.291931157849973	7.8062230899882	0.00023442591804868	0.000498362312343942
YPR073C	0.0873488104550432	6.67319277073805	0.152116027398425	0.195577749512261
YPR074C	-0.0394235591388348	10.3748709556194	0.538362694224755	0.596725021696022
YPR075C	0.534076244951223	6.85567995962015	5.92338068996846e-08	1.99168706421087e-07
YPR078C	0.690156155851157	3.22723464340144	0.000829926321159756	0.00162102567992607
YPR079W	0.200739482212633	6.02165276477753	0.0101736523695787	0.0166523272654253
YPR080W	0.1800727176724	10.6164280455158	0.0164411835895913	0.0258551911432443
YPR081C	0.752077773650561	5.84606555405831	6.07450187437405e-10	2.50651374528050e-09
YPR082C	0.0983536849623764	5.30755645859196	0.107900947102849	0.143740415240933
YPR083W	0.241758409699953	5.62478316370445	0.000174834869774241	0.000378368335882915
YPR084W	-0.259614734735996	5.74874836752792	0.000197385701003806	0.000423663989444799
YPR085C	0.11207963621489	5.4666706243266	0.0524045735519331	0.074446194752888
YPR086W	0.168825881338476	7.31962844525932	0.00364819197793197	0.00643194433176746
YPR087W	0.222249875529805	0.837488379064069	0.386943295965179	0.447930003146043
YPR088C	-0.141594277320106	7.61816027899482	0.010699884428293	0.0174282593288804
YPR089W	-0.143872004918459	7.45872222170972	0.00417819880875594	0.00729788821564227
YPR091C	0.0875226261698128	6.75173206758749	0.261292641832939	0.316329311860578
YPR093C	1.11017932130605	4.84207895951062	9.62050887906166e-28	1.15676998761837e-26
YPR094W	0.352358374005235	4.28732930226005	0.000706137797433507	0.00139372962513796
YPR095C	0.0602571891192893	5.7345733833656	0.60716692145235	0.661164197024366
YPR096C	-0.391662232930747	1.36307151427391	0.105334790980498	0.140727280749945
YPR097W	-0.11593658177902	6.66347339307055	0.133678870348035	0.174106882264382
YPR098C	0.733489316984984	5.43067289156449	5.73635969799963e-13	3.10973800760809e-12
YPR100W	-0.080538111979386	3.85587867597072	0.470638604149661	0.532557742922598
YPR101W	0.194889937827296	5.67815061088178	0.0280084751538846	0.0419290220680164
YPR102C	0.166442955712752	9.0810578085345	0.056757532341163	0.0801726178470085
YPR103W	0.0534805411601372	8.61746172042974	0.538917367173147	0.597229716395384
YPR104C	-0.922684568435912	6.16022522560023	1.01975868431785e-16	7.32471829165942e-16
YPR105C	0.390470164685429	7.07141654042878	4.5339758123713e-06	1.21580118572597e-05
YPR106W	0.670140143121811	4.64815780160813	0.00149928476499705	0.00282118936061417
YPR107C	0.0439626537536655	5.868588439614	0.594599674696266	0.650007872592359
YPR108W	-0.256591589019325	8.82608523040004	0.00596414182459142	0.0101232130574375
YPR109W	0.0821704056629881	5.21062355227214	0.253024510912551	0.307123634081619
YPR110C	-0.206967620638599	8.1776872698107	0.0877474896963238	0.119163747019268
YPR111W	0.136722626623266	6.25042493773869	0.190709528173394	0.239963516822613
YPR112C	-0.567324854526979	7.02513727991941	5.25067207845138e-05	0.000122876763470804
YPR113W	0.294508430049317	6.6903690140162	8.39460351708863e-05	0.000190087971166617
YPR114W	-0.102161721851846	7.11630592821613	0.120924136887047	0.158836773206233
YPR115W	1.47647226550005	7.03536833345022	5.99500690244896e-47	1.27356825079587e-45
YPR116W	1.94377816118191	2.98408209870546	1.87539455920304e-23	1.89175706206857e-22
YPR117W	0.976141064734847	6.14559118864055	1.17425456415465e-29	1.55498203517571e-28
YPR118W	-0.139724948302383	7.79689722096647	0.0660270430008471	0.0918026324054332
YPR119W	-2.83830262701107	7.38064513485094	2.90603425991979e-20	2.46766638003359e-19
YPR120C	-1.90834721250305	6.12042335077218	7.86823531004057e-06	2.05133697675472e-05
YPR121W	-0.155630804176682	4.35965467675476	0.10538885733458	0.140768231569762
YPR122W	0.685687518770132	6.88892626836837	1.45407839472479e-25	1.60108412254312e-24
YPR123C	-1.62626114144882	2.08336653647544	3.7008691144406e-08	1.26850770330769e-07
YPR124W	-1.62066528470991	6.32107626931812	4.91005633669205e-22	4.6560344946676e-21
YPR125W	-0.435861872269773	7.00732595254416	8.86626237268351e-07	2.60019362851577e-06
YPR126C	-0.0964202216483076	2.96911194231599	0.524548806697657	0.58334950533968
YPR127W	0.515651778036309	5.9336381611706	1.91640563099736e-12	9.89813630030598e-12
YPR128C	0.166834026286677	6.31917147849731	0.100808766508982	0.135161084801963
YPR129W	-0.418898735099456	7.12303588822112	1.0418959692723e-10	4.66409424219288e-10
YPR131C	-0.148533720676726	6.1145480407925	0.116745192416944	0.153954417860071
YPR132W	0.0392741890237769	9.89209492613466	0.653134833761832	0.703447979322131
YPR133C	-0.39970956696782	7.71192925869442	2.67130333983768e-09	1.03545297737615e-08
YPR133W-A	-0.0279554912338095	6.5907958833968	0.758576927279368	0.796786792253505
YPR134W	-0.0131062461368222	5.00928712964045	0.901324930504669	0.920035064300074
YPR135W	-0.802719525405498	6.53347176830939	0.00344656793158844	0.0061015213205859
YPR136C	-1.03978800161688	1.89303670766279	0.000371604569186879	0.000765622573663987
YPR137C-B	0.14092833143969	0.712716832317129	0.695951057103178	0.741100822639943
YPR137W	-0.853145897332771	7.29160393125743	1.82687510197709e-17	1.36436933081817e-16
YPR138C	0.608513031763581	5.50621145479101	1.64885752865687e-10	7.27287708164716e-10
YPR139C	-0.160297758131605	6.83177395065697	0.0230184914902505	0.0351414857387979
YPR140W	0.439265923861687	6.25895292217473	2.4020232369439e-07	7.61654203613223e-07
YPR141C	0.489250077058347	6.31478616491979	0.0546543987957163	0.0774227722808309
YPR143W	-0.791057384262133	5.80071679843249	4.16706716334009e-09	1.58459252283369e-08
YPR144C	-0.132563125998901	6.91901903309004	0.409367157510809	0.470936729995213
YPR145C-A	3.46995223632398	5.37036686170495	0	0
YPR145W	-0.00630044744713569	9.74408706474147	0.988499926885464	0.992627619915719
YPR146C	0.320708210885502	2.68478433362714	0.00564125434489902	0.00961861064138766
YPR147C	0.0261182898267149	6.40429379929053	0.731109540731483	0.771805190320926
YPR148C	-0.0957620027162502	8.27532721111417	0.2228209940271	0.274508159035026
YPR149W	-0.0225050057589431	9.29084268961094	0.956472476079936	0.967577406392828
YPR150W	1.99774853861424	0.538178769194748	2.63374140195741e-14	1.61078873942705e-13
YPR151C	1.78790565777848	3.76927640579867	1.31270864211906e-21	1.21415451637228e-20
YPR152C	0.196068257019049	4.99770437634044	0.045191515208065	0.0649513242722655
YPR153W	0.524267341348522	2.8874448586179	0.000243167484671353	0.000515669459557029
YPR154W	2.14436839829599	6.23487789489125	4.57907531582563e-218	8.60293774960739e-216
YPR155C	0.403472476666238	6.26202124140731	8.29891051945283e-05	0.000188062759302489
YPR156C	-0.792682817327511	6.80269812431157	0.00257253352553863	0.00464725707798625
YPR157W	-1.07522423530234	4.44454012299581	0.00143084238018938	0.00270000765527261
YPR158C-D	0.77772389391967	1.98929139523838	2.74156253595768e-06	7.56761890090797e-06
YPR158W	-0.214427481370687	6.54574190348109	0.235270448226597	0.28813321139505
YPR158W-B	0.484685831215519	3.6940056410426	0.00928768867378501	0.0153105523188362
YPR159W	0.567061858491862	8.4951520303455	2.15194277780903e-10	9.38178388701081e-10
YPR160W	4.42292785437286	5.90582285166785	8.03513741951603e-130	6.70933974529588e-128
YPR161C	-0.196551924668227	6.97503165107544	0.00536882611161164	0.00921158178738847
YPR162C	-0.291156316837128	5.83380994892146	5.19663205191751e-05	0.000121754294217179
YPR163C	-0.276310025450788	9.14861152635941	0.00353176057626831	0.00624314748148341
YPR164W	-0.149495395197166	6.07215466110287	0.0396837056317897	0.0578091684657911
YPR165W	0.662866194357092	8.99818186155531	5.15997037650828e-22	4.86997518109384e-21
YPR166C	-0.206022250109402	5.35494325712092	0.021149000425551	0.0325602536641261
YPR167C	0.386448394025179	8.94254737319962	0.00208263572265952	0.00382548303227285
YPR168W	0.81357352667472	4.54799255447087	2.18979457257323e-16	1.54157435249535e-15
YPR169W	0.182823389952556	7.57306233273002	0.0786596848631343	0.107722557038078
YPR170C	2.27982313998711	0.567084246193163	1.484156769884e-24	1.5681459579161e-23
YPR170W-B	0.345661999113859	3.60093386735638	0.00294355253389082	0.00527313403866257
YPR171W	-0.261264871089297	5.89701746586115	7.74020080965145e-05	0.000176198740127317
YPR172W	0.834501573029767	6.1019845190422	4.17648562211489e-26	4.72863117893686e-25
YPR173C	-0.269197732454772	7.42121545923281	0.00239868617630143	0.00436335893855498
YPR174C	-0.183898767311434	4.98591279882322	0.531875615047145	0.590296510552601
YPR175W	-0.504779374681606	6.00613940640237	0.117926818097911	0.155204910333766
YPR176C	0.0827880716262189	6.46695113165311	0.253144021106366	0.307144673035615
YPR178W	0.306173034317308	5.55224841035068	1.40946213401624e-05	3.56486594434397e-05
YPR179C	-0.00696270202800972	5.93555228304913	0.926215472508466	0.941245338188117
YPR180W	-0.21344877535425	6.07391049137101	0.00307468416689225	0.00549168188097332
YPR181C	-0.00907046398327936	9.01802079530891	0.866824335877252	0.890372101024097
YPR182W	0.230541707074602	5.03936387732368	0.00122347429374886	0.00233286630320905
YPR183W	0.149304924873746	7.54763298936309	0.13018564650824	0.169962238177533
YPR184W	2.11255050444644	5.98932181048821	3.79223856732528e-38	6.42223613148157e-37
YPR185W	-0.240088469786699	6.74153477494505	0.0529042784951477	0.0751205768334501
YPR186C	-0.0818098471002492	5.60281675099178	0.232397765292161	0.284905253861433
YPR187W	-0.59460005505438	7.9739183099004	8.27747750986414e-14	4.79423841900801e-13
YPR188C	-0.0562173850948429	6.18672942973122	0.381795240599234	0.442947315029447
YPR189W	-0.225286670977342	6.56430479055766	0.0249649430254034	0.0377995483021054
YPR190C	-0.386970950262613	7.42384993986178	0.0038699226441915	0.00679695440750199
YPR191W	-0.00208579653510225	9.20835992552025	0.996684553173123	1
YPR192W	0.716638292649268	3.17726920004541	1.24833275806435e-13	7.14759670617416e-13
YPR193C	0.74288941137119	2.72465921890869	3.41223127038837e-06	9.31199927261684e-06
YPR194C	0.306451538966699	4.31697786250188	0.020421437250358	0.0315127517323285
YPR195C	-0.641566632096962	1.61356808286782	0.00146803499130499	0.00276498319790902
YPR196W	-0.17646450611991	4.43463734662306	0.0451245377229289	0.0648705692946553
YPR198W	0.684191767172829	6.53275061918204	1.99201550089941e-13	1.1192520739633e-12
YPR199C	0.346149604063197	5.56370521480577	1.26691138097792e-10	5.61287488757499e-10
YPR200C	-0.134138039269505	1.86429704006723	0.498770278228712	0.558399797525329
YPR201W	0.343448554408403	3.59030462264901	0.00544631010002867	0.00933121012293313
YPR202W	-0.273612186106192	1.87395286318452	0.274367285983341	0.330825536167639
YPR204W	-0.653566586630404	4.54446903612429	0.0242163311078311	0.0368019672953186
snR10	0.314561810245403	1.14807280056837	0.1963669607378	0.246257440124249
snR11	1.31910616918409	2.5986589095219	1.64588145950874e-29	2.15109550751446e-28
snR13	0.12244561114062	1.04138450840252	0.600721460844675	0.655753816919938
snR14	0.176830963428352	1.27405416216794	0.443000869156293	0.505182326511311
snR17a	0.925727488181238	2.09243418016197	0.00409147491996746	0.00715264530934701
snR17b	-0.0425310595681552	1.72540966799218	0.926024529125885	0.941210392071821
snR18	0.302822389674839	2.29642358182694	0.0621298606371374	0.0869066361448279
snR19	0.439436553448218	2.22733595314285	0.0149730238761274	0.0237201105515884
snR191	0.238225621795886	1.22952618369424	0.290224920600566	0.347506915485083
snR24	-0.586645050657759	1.60331643545253	0.0272395294361901	0.0408694911331108
snR3	-0.50677362422879	1.93999960179384	0.00239799758387906	0.00436335893855498
snR30	0.39720520265251	2.64808823014025	0.0276472366637631	0.0414295081810927
snR31	0.536772894312398	2.30189992541332	0.0030663761608375	0.00547847057324074
snR32	0.699670529789899	0.684638119831688	0.00956703327979743	0.0157193233337366
snR33	0.355818256264829	3.49200363041039	0.0495933443131354	0.07068638833821
snR36	0.736615531905302	1.87057566582592	1.5280744378624e-05	3.84706177572394e-05
snR37	0.342261721158275	2.02009679823046	0.0928812401310037	0.125511803926184
snR38	0.448030119840769	0.732586768001494	0.161607232363668	0.206324629639069
snR39	-0.290110730057845	3.08182985949268	0.135471272746317	0.176212308903257
snR39B	0.0605868884276554	1.2298793137695	0.815970441721766	0.84849039112853
snR4	-0.0349907203433351	4.20357185694352	0.817685797212303	0.850065193297659
snR41	0.525018324350242	2.28363516747377	0.00555792714716713	0.00949808357270289
snR42	1.49342749365876	1.3288520915897	1.07148994137053e-09	4.32916500505353e-09
snR43	0.506051663743139	2.77707637655212	3.01248403921103e-05	7.30873851643936e-05
snR44	0.291992690735878	4.78109990081329	0.0119939927018137	0.0193309393261456
snR46	0.00732884564047021	1.58518534617717	1	1
snR47	-0.0718496098340187	1.40846714135502	0.814416580794381	0.847252549530338
snR48	-0.0266684451628248	1.10355074054573	0.986569972879235	0.991020664486209
snR49	1.15046528720039	3.31272743668843	2.73378471965628e-15	1.77873525265947e-14
snR5	1.28672905030055	1.03270246327464	1.04304861079096e-06	3.04260468125923e-06
snR50	0.0287943490578822	1.06931818524686	0.953898261170292	0.96612576786771
snR51	-0.978002911095572	1.42363211414263	0.00109723552430268	0.00210618773055803
snR54	0.104768612572522	2.00172707571464	0.687505607566058	0.734414305736877
snR55	0.944594144271773	1.21492067777476	3.31410989667316e-06	9.06138250730686e-06
snR57	1.91795423119756	2.82039829414393	3.03931388971502e-31	4.27924007142077e-30
snR58	-0.157743834771453	1.15289084939595	0.561215664879504	0.61852036246665
snR59	-0.127401535360459	1.1765437785218	0.585330122498555	0.641105136511195
snR61	0.183673126857116	2.20490721574401	0.290848289244791	0.348114655572304
snR62	1.1297612637047	0.892382644098404	3.21858039458892e-08	1.11143626262313e-07
snR63	-0.876402517251618	3.01596063546544	7.04621700347997e-07	2.09608394977346e-06
snR66	-0.537612614106322	1.66702964353811	0.0104050981858785	0.0169987636667125
snR67	0.784000394730633	2.38180323386432	2.55053836361923e-05	6.24087775420384e-05
snR68	-0.169190787864313	3.78358313438859	0.195588768652605	0.245383905913911
snR69	0.934794828996555	1.02729837114892	2.31303739030181e-05	5.6991724551207e-05
snR70	0.50725221099804	2.33219680636475	0.0137097174668416	0.0218628173503055
snR71	0.0141608817010308	1.31666874820589	0.995856833010817	0.999347568028882
snR72	-0.143786336609048	2.044321804711	0.544249155823928	0.60236117908937
snR76	0.377378421274956	3.53585052782736	0.020310633197837	0.0313498143223096
snR77	1.01912245808338	0.870975417839358	1.9372675107363e-05	4.81672964207884e-05
snR8	2.15411282209908	1.07668243838843	2.91841788970919e-23	2.93403484162737e-22
snR82	0.895005159963449	2.26736072882714	1.93204757447083e-06	5.43795412814544e-06
snR83	-0.144627699221176	2.78324843435696	0.384824107169236	0.445849364829304
snR84	-0.0967560613218354	2.81344054784635	0.533954617031763	0.592385155489012
snR85	0.0998161927416629	0.956593509816014	0.692608341252895	0.738815001350675
snR86	0.709533693066929	5.88841551458778	2.85976987293283e-08	9.90376525119364e-08
snR87	-0.458720468829104	2.03169024113335	0.0346503550683915	0.0510208020257579
snR9	0.595564061647472	2.79596524632638	4.19971617153018e-06	1.13172091542983e-05
tA(AGC)P	6.65794440601282	1.52032923833356	3.76921180095301e-117	2.51783348303661e-115
tD(GUC)N	1.02717232022246	0.838720191594479	1.56010507256405e-06	4.45363328407173e-06
tE(UUC)G1	-0.370170246420876	0.88503880835605	0.20587584282329	0.256470279124248
tF(GAA)P1	0.32448662233657	0.567008780490781	0.315842137616228	0.375191252983356
tH(GUG)E2	4.69830171678739	3.98566270293778	2.99851712433376e-91	1.35541992116501e-89
tH(GUG)G1	0.416681868172592	0.84998644425094	0.189466574898264	0.238599297923829
tI(AAU)I2	4.74410928265445	2.13313045024482	3.31554137695155e-28	4.07628522663246e-27
tK(CUU)M	0.57707709621093	0.775266657528132	0.0433937818295629	0.0626671670332289
tK(UUU)D	0.348689022415188	0.951729635062793	0.197809656283153	0.247756594494649
tL(CAA)C	-0.533087013380063	0.435845440947447	0.404584705922099	0.466059255030401
tN(GUU)P	3.07652073304873	0.659702173209051	2.59370871202732e-29	3.34621819242667e-28
tP(AGG)C	1.13991107486236	1.30516127596263	5.07027669701795e-07	1.5449824380371e-06
tR(ACG)L	6.58917388442468	1.60169852788887	2.98714009290583e-90	1.3302730547074e-88
tR(UCU)G3	6.47615531153902	3.73099370503058	5.34767260513857e-106	2.84515112407903e-104
tS(GCU)L	4.94670893762362	0.159414996168419	6.47632908577259e-53	1.59572501900266e-51
tV(AAC)G2	-0.312975320392389	1.28947437883659	0.55426858893313	0.611761108255182
tV(AAC)O	0.00500505220755968	1.2173215683173	1	1
tW(CCA)P	0.640176573939987	0.792646919680323	0.0123491980909881	0.0198352601985093
