"logFC.carbonethanol","logFC.pheromonepheromone","logCPM","LR","PValue","FDR"
12.5527655248913,0.907709998467756,10.766446563826,5293.14747781722,0,0
10.2988721052593,0.378473574673735,11.7526721177434,4504.48488121767,0,0
9.6981163098465,1.11302514359902,6.28661443906187,4903.12412021425,0,0
9.68956318514748,0.774841581351148,12.1039698037468,4230.88683516781,0,0
8.41497067727989,0.93579970881554,10.2556690395207,3634.11563073839,0,0
8.2982574118306,0.827059283346299,10.4434327500564,3569.27664305052,0,0
8.25008868962992,0.411871451065558,11.2146008000513,3498.08851069441,0,0
8.1611019194067,1.55653842473971,10.4939727947918,3853.64801226936,0,0
8.15678080529709,1.71659996429527,12.8861798514574,3267.09417552876,0,0
7.97632056533498,1.60524469738154,6.04144176874039,4518.02403207299,0,0
7.63588804888604,0.677956295418372,9.22471454563384,3340.910256361,0,0
7.57015531382842,0.0935001511730044,7.22912606144771,3979.80568928624,0,0
-7.44281938966426,-0.29181702990024,7.93889830353526,2680.16463184461,0,0
7.14005963748837,2.2389814246305,11.3258020959475,2945.31058554337,0,0
6.98230204352534,0.929489282654373,10.1438529652203,2977.71088260809,0,0
6.86761335546968,1.46100534240498,10.8877147648539,2882.28228395702,0,0
6.76065504160996,4.50198928703472,8.33933750109284,3607.25736958796,0,0
6.73312900241723,0.0020881197463777,9.32185977280661,2744.17112199026,0,0
6.71422033500558,1.45434017762111,10.5080270756865,2862.99787184306,0,0
6.45217156841597,3.44368685055633,9.60296526321426,2181.57288342944,0,0
6.21415539300598,0.173455805601582,10.3152393277193,2386.33952315096,0,0
6.16954306033577,2.10176333408023,3.12375494310208,1753.85707292584,0,0
6.04329397677061,0.977767237225326,9.12538064343335,2539.60790100901,0,0
6.01203928622051,1.07921463019502,3.81602877863272,1986.87526987123,0,0
5.92619290162473,-1.5107081541311,8.69281114532667,2532.49258128021,0,0
-5.83280608332624,0.646104341704258,9.36550523460252,1653.32175419933,0,0
5.70968236619078,2.58982618554771,9.05837135913799,2290.26796142155,0,0
5.64397283668817,2.64125311581159,8.23941303112125,2960.76670857432,0,0
5.55414983015574,1.43510134786116,11.3780171844287,2042.87001890559,0,0
5.54915005791559,3.04155579306782,9.23260864212636,2247.77002264336,0,0
-5.45993339461188,-2.82228492693159,3.86880460228554,1673.99506426182,0,0
5.41194569687413,0.778377120614739,8.99467068572583,2063.34613531719,0,0
5.28313390718028,1.82587474937049,7.3699068344136,2757.1809421651,0,0
5.2306786339069,0.654364992627228,10.9829809974156,1790.75550772741,0,0
5.21445802657577,-0.701381005159236,11.2768521291476,1767.12637356122,0,0
5.05498202755983,3.02629524800315,9.07421872520742,2039.3552573569,0,0
4.93826077109012,1.04814322318124,7.26245264168911,2503.94411155409,0,0
4.84863086766257,1.45722042851854,8.66099873321469,1996.24314210808,0,0
4.78196785256893,1.76416033645695,7.84852683941939,2704.9202609329,0,0
4.73803032811234,0.103034760067577,8.92315992678684,1674.38274289076,0,0
4.67360824421962,1.537889829495,9.04393803967498,2156.3563259637,0,0
4.62570260555105,-0.822025285970482,9.49864283379874,1648.78917646877,0,0
4.56976302627101,1.47990904176625,9.95087186863659,1572.59219388176,0,0
4.47068683138515,0.550834692548339,7.73154817312728,1894.27531773694,0,0
4.45418802532717,0.46788900902988,8.48941110451667,1625.41172674721,0,0
4.37009115651097,0.986115709893489,4.19795101489578,1636.90955701001,0,0
4.21478279055399,2.96225888823292,5.60547424020135,3496.85802344557,0,0
-4.19613254751837,1.03495032648343,6.50876471094687,1628.70018281697,0,0
4.16710978023567,1.34013513310318,6.70497417794755,2065.91650908424,0,0
4.04112661788726,0.844676503539547,5.38841663741568,1781.83524561257,0,0
4.03911500302244,-0.518976238726492,7.3717509595537,1747.18013841922,0,0
-3.93959235482605,3.90624958632854,3.2128132301815,1833.89652224885,0,0
3.9204799646955,0.508414199171864,7.92813804007443,1504.4116068385,0,0
3.90678876335325,3.67155949832301,8.70341262662319,2536.53896596918,0,0
3.87437714651464,-3.80349169547925,8.44412819929451,1900.69687310239,0,0
3.84172023123235,2.05260865021208,6.24885645381215,1880.80188886613,0,0
3.8013280844975,0.176834468052812,5.04682520726507,1546.88289863129,0,0
3.73373302906576,2.20507873356349,4.79683127976832,2280.17954192306,0,0
3.73298240069111,2.22643274105122,4.71242823502111,1792.27122384889,0,0
3.71193876179541,4.76071273312585,8.85369136142703,1571.11113555529,0,0
3.64964443559462,4.23267829695428,5.42656059041027,3912.71281577249,0,0
3.6075759114585,2.30255166026433,7.36429761970639,1602.71797165917,0,0
3.60536069319526,2.19703306919174,8.54988134751038,1974.07452646683,0,0
3.60333426513472,2.29641664939071,9.21978072899324,1751.47231960539,0,0
3.59371929611785,3.04477421404547,7.66932077798057,2946.73152202994,0,0
3.58631860125493,1.47251975801504,8.06878455184932,1577.75807396432,0,0
3.36347277811476,1.74299825748814,4.87665145994798,1804.16466070681,0,0
3.16473583055589,1.88779554798841,8.36241131499643,1617.12476518718,0,0
3.14905788017164,1.38496240253531,6.34783514798284,1775.68280496263,0,0
3.14278662865342,2.20789558460776,4.88027565659252,1716.29576670151,0,0
2.98339129600779,2.1434146107303,7.80971299818314,1742.93796480702,0,0
2.96510360022877,3.58488287264829,7.03475852374345,1736.55439023093,0,0
2.42952131942737,1.82417765092724,5.48054063664858,1589.88292436349,0,0
2.36789151607112,2.23807048449628,5.88881429492088,1882.36931888057,0,0
2.27041436555956,2.44263890149554,6.79998975439716,2097.2841909432,0,0
2.26372775114923,4.28741552782126,6.44609917835751,2590.20355948084,0,0
2.24052716763533,2.30178767688992,6.62380665779766,1940.33712111441,0,0
2.22104512788923,1.83637908008989,6.0545188092772,1538.66054711519,0,0
-1.17740163274527,3.54329189719163,8.31655872099494,1538.46577209819,0,0
-0.984753835393735,4.39144467995725,8.70390978002219,1960.50879176338,0,0
0.926045282984354,3.75552726062527,7.61391322730348,1570.19333668838,0,0
-0.902468923239359,5.09743457741763,3.21657391891835,1850.37691210299,0,0
-0.882010275110372,4.11343102380926,6.02918915695181,2527.2868904929,0,0
-0.866380285378002,3.69786113368793,6.90144151774436,2017.60714878843,0,0
0.689199680658889,3.90017406195444,6.61007742146552,1831.62192523607,0,0
-0.671666992687333,4.54487016290024,6.79419093183889,2731.74092489125,0,0
-0.652878948419848,4.11961908062626,6.51699975929576,2433.85344612834,0,0
0.627125855784088,4.7462824812255,6.44297113563787,2687.59720711934,0,0
-0.448001954058779,4.32818241411337,8.15681776411589,1729.03830602931,0,0
0.392605080380941,4.49369680774939,8.13274997102105,1816.81294956988,0,0
-0.32148896989375,3.98814936530499,5.32246092896754,2029.45245728178,0,0
-0.287020685529483,3.73920536659933,6.94496874200076,1780.38965887932,0,0
-0.211443793818739,5.06665800895831,5.34110533404156,2957.08121821372,0,0
-0.207124808969907,5.27728323051053,7.08550315174712,3107.71136388921,0,0
3.35606704851123,-0.0654067666530209,5.97373383400836,1486.15754443242,1.97626258336499e-323,1.26480805335359e-321
4.59555220271404,3.31366134023999,11.536018415106,1484.92231993741,3.45845952088873e-323,2.19365146753513e-321
-6.07312855294676,-0.404371561912377,3.71653311480272,1477.2597092844,1.65017925710976e-321,1.03570981337701e-319
3.69851012110765,2.09700674222929,9.86319689681028,1474.91133582516,5.33590897508546e-321,3.31478523107809e-319
3.60083134285937,0.048328877657995,7.07233314369316,1473.81550621366,9.22420560785607e-321,5.67241708646794e-319
-4.98281041869359,3.50858625774784,2.57102167689866,1471.92791423565,2.37102103439214e-320,1.44347701285916e-318
4.5517324913127,1.18496415143573,8.93027978285062,1467.29450281044,2.40461749830935e-319,1.44943692674494e-317
3.74081466093709,1.58422863239659,9.27513323572513,1462.16200312909,3.13007878938034e-318,1.86822742247772e-316
3.23794001828004,2.75034441308114,7.10602007026631,1448.931261327,2.33654567215689e-315,1.38105728662806e-313
3.14091963791089,3.66353073061401,7.80714615115084,1430.20037483582,2.72856683704199e-311,1.59726104845304e-309
3.62590477531056,1.29564547205454,5.26704898001724,1427.81708954764,8.98376578921132e-311,5.20887296425891e-309
3.21841515209389,-0.178327930970284,6.12514960858744,1424.16581712276,5.57599215634086e-310,3.20251323092483e-308
2.06747343025098,3.04633983255279,5.71889223454455,1413.73630069109,1.0258004181699e-307,5.83651677179286e-306
3.8596110302162,0.625488698603335,7.38650578628297,1413.24411176185,1.31201965091937e-307,7.39590336555292e-306
-5.45551529177321,0.476488951066777,3.86044541507137,1409.77580961199,7.43143326965494e-307,4.15069410510636e-305
3.46570798384817,-0.600180476960643,5.28622884983017,1406.20058818169,4.44039956863418e-306,2.45755932489499e-304
4.28974257557393,1.42919603052059,3.58190802728297,1401.44172091408,4.79509205438219e-305,2.62995679523232e-303
3.93886764987755,-1.59703937800241,3.97895656084068,1394.36683243361,1.64850194005537e-303,8.96078554558667e-302
4.85231544565072,5.32992124279926,8.76165923593915,1392.38416054516,4.44243613316097e-303,2.3934116087331e-301
2.58449442387588,1.54791035514113,5.0800108573325,1381.40801954989,1.07413761741165e-300,5.73627176737028e-299
3.86418845630719,2.15923348663265,7.61503998378446,1374.61711442225,3.20395375023765e-299,1.69614525490842e-297
1.38305284615905,3.49097489747426,7.59490768610868,1366.21652738921,2.13722642349244e-297,1.12167538501914e-295
2.34860199212554,2.10779478342335,6.46035037545747,1360.26645342595,4.18690087908386e-296,2.17861987622757e-294
2.76495223064601,-1.33466245148608,6.11299687567178,1354.19359688212,8.72161120598442e-295,4.49976008661298e-293
-0.788632098153363,3.24093368717898,7.51180336351409,1350.15247368102,6.57832727660423e-294,3.36545012268627e-292
2.79533863777079,1.7208364222057,5.75870193156673,1346.7000519495,3.69657336328386e-293,1.87539488630601e-291
4.32617628670368,0.453960717785564,10.8806217198,1345.69444735521,6.11172201902495e-293,3.07505484725817e-291
3.80276581689194,0.720833512084203,4.17621213557929,1333.02061432983,3.45343643480529e-290,1.72332139467989e-288
-4.02086751305016,-0.139827928283204,5.05146466902869,1329.94803725962,1.60491893171442e-289,7.94369630591656e-288
-6.84991423975065,0.0110348048396054,3.2373584691592,1328.86575565791,2.75719551760739e-289,1.35369405735434e-287
-1.03764288819592,3.21300904634466,7.9413772451754,1309.65243619623,4.0981407907279e-285,1.99595849071612e-283
2.9058386165911,1.66832027918154,5.72061553180959,1309.61231081417,4.18119084126141e-285,2.02024522552376e-283
-4.78901796854937,0.0603816741181786,9.02528093700982,1300.91377692666,3.23714851386429e-283,1.55179213798471e-281
0.409530828240937,3.49346576088527,5.07614864060921,1293.13063135367,1.58581021676297e-281,7.54250984347887e-280
3.06959477163572,1.02316723988882,5.31899855125955,1277.62617242813,3.68979034100036e-278,1.74135221674498e-276
2.828459006885,1.67237205291531,7.08415149152483,1275.0533298125,1.33563368961954e-277,6.25487530954137e-276
2.23444364564242,2.28311481081168,5.65501236391318,1261.22910378119,1.3414667297243e-274,6.2342362218027e-273
-4.43502949260784,-0.670341530173576,9.06668796125777,1255.87916719885,1.94672171874725e-273,8.97851653313126e-272
3.3512285362063,0.77725965941425,6.9967177586944,1253.34165968285,6.92335546539566e-273,3.16912692280668e-271
2.09087788129629,1.66211425506988,5.82563191022893,1249.86353604686,3.94077447380481e-272,1.7904055967555e-270
-4.50845159175837,-0.195757280983257,4.07061495484019,1241.18895108447,3.01469771912692e-270,1.35951701585516e-268
1.39097405120264,2.80936376110793,5.95490004643911,1236.21705660916,3.62140369171481e-269,1.62111071140881e-267
1.78862645476407,2.8182721449195,6.22016691695407,1230.5506501987,6.15632385767728e-268,2.7357444996744e-266
1.48313993034233,3.22769403364774,6.00942181810616,1226.07416671283,5.77268016684786e-267,2.54667223592534e-265
-1.67397037005086,2.81666449766867,8.16117525243876,1225.39372887248,8.11208879706485e-267,3.55297817241229e-265
2.8623412335534,2.71615004058195,3.35845435932354,1210.66570970189,1.28021061388121e-263,5.5670872980777e-262
2.42571889684475,1.30149737792179,6.88918558310013,1199.43138427425,3.5219581738393e-261,1.52068662144211e-259
3.11456367397299,1.36328744052962,4.64395977924256,1198.19174890677,6.5458732836453e-261,2.80642792611497e-259
-3.73082949598613,0.962315121827067,7.59998316770589,1197.31456007717,1.01495486128839e-260,4.32101062624035e-259
-0.684354413645139,2.71081580296102,5.89945981603146,1196.94540933912,1.22069395046737e-260,5.16082275725372e-259
2.42637178928615,1.97903620602102,5.14047649575185,1188.17095590469,9.81646554174572e-259,4.12156153228606e-257
2.95685141693221,0.163603574838957,6.38288202555515,1184.94064164885,4.93638443774448e-258,2.05840468883482e-256
-3.32246620014058,-0.792535557844518,5.39788751213663,1183.6189130468,9.55913717248052e-258,3.9589134085756e-256
3.77504355331011,1.77899880383262,8.99574479108188,1182.06317428416,2.08086101460983e-257,8.55964990334099e-256
1.88362648498921,1.78799973959789,6.32962958959884,1181.9639345522,2.18671763645197e-257,8.93472279914067e-256
3.03771545578073,2.02152909241875,4.04326547969134,1176.1158521023,4.07087415025294e-256,1.65223212178266e-254
-3.24411596631903,-0.401201488228218,5.86712253280216,1166.42976280812,5.16410712026138e-254,2.0820585528577e-252
2.57867963692236,3.12900354934862,9.15741295484973,1164.56423210252,1.31247212377791e-253,5.25679624313152e-252
3.40905698605984,0.827036991357,8.17342463759498,1161.87621579737,5.03251887329245e-253,2.00248201964735e-251
3.64646333549338,1.48949064818613,3.3144850350202,1160.01602857457,1.27561593369422e-252,5.0428245482665e-251
3.44278873918306,2.99843731455006,8.337088213663,1142.09916738278,9.91555230227517e-249,3.89457305911299e-247
2.10335988321662,2.39502095859339,4.31137279571246,1135.81515089238,2.29548126565241e-247,8.95826278544349e-246
1.17248778148848,3.2165274873341,4.9811261107779,1120.27786615762,5.42940532696647e-244,2.10536430767974e-242
2.14275436212769,1.35838251538304,6.637981767675,1100.24151535648,1.2178409128518e-239,4.69254144141883e-238
2.9675406990526,1.11551508287253,4.8242795964439,1094.01056946265,2.74551151332974e-238,1.05123736434915e-236
1.84598119545824,2.59735629422905,6.91195995161305,1089.86127601499,2.18590303629977e-237,8.31736105312063e-236
2.3945461262192,1.15127990847485,5.50445471240818,1086.2814371436,1.30913075975012e-236,4.95030314618555e-235
1.30135811414646,3.05721125650039,5.5707567887275,1080.11887187828,2.85211525709851e-235,1.07183195587751e-233
-0.469303897789747,3.08221057857223,7.53333074103278,1078.13018877003,7.70910785820937e-235,2.87932813747108e-233
4.07696154830395,1.05653356558313,3.11094893876463,1070.99894400188,2.72605270335405e-233,1.01196395475728e-231
3.27430465307508,1.12536374470642,3.70988855881078,1068.46832509569,9.66164689545467e-233,3.56485492724412e-231
3.06037929446477,0.982251758545221,7.96644639815445,1068.08916022599,1.16784650827736e-232,4.28304189300758e-231
0.701714315145299,2.79594956194814,5.2921150536566,1064.53088790794,6.91918245734363e-232,2.52239417965916e-230
-0.977366638578751,2.51268686768772,5.37466607297068,1058.41485024663,1.47277189096542e-230,5.33704480487945e-229
-4.39193736289951,0.0875596665074392,11.3490628319323,1056.85890032838,3.20631154296651e-230,1.15503104577397e-228
3.63888285652267,1.20067759887889,9.30075302230579,1056.38694643742,4.05965571159816e-230,1.45383435130645e-228
3.10619672451189,1.00846637147951,8.05413175821229,1055.90348612848,5.1697706425425e-230,1.84055927905256e-228
-3.22463902722785,-0.545467033681271,7.07916534403479,1047.25199221805,3.90948281792166e-228,1.38377508113413e-226
1.83146067625643,1.69042811709976,6.6474687120899,1046.4276925656,5.90355622803359e-228,2.07750579862824e-226
-0.857975101012643,2.85535174584045,4.15723499385521,1046.39255220333,6.00819938790208e-228,2.10217918813494e-226
1.79398345077752,2.10736562253693,4.62637022553331,1044.70558790074,1.39657409030276e-227,4.85848174957897e-226
-3.1624379595886,0.421251489356314,6.0402981477372,1038.78019693658,2.70237914104887e-226,9.34777511971905e-225
-4.39138382771917,0.363613616132608,3.56649549868182,1036.5548824027,8.22180536150457e-226,2.82792943733558e-224
2.83184061336908,0.438715759710286,5.2993987681769,1035.3331094375,1.51450886504151e-225,5.17996065751277e-224
2.25874410684231,1.44840447638284,6.43556922864767,1034.97212161602,1.81409208815504e-225,6.1699400182614e-224
-4.10736625336885,-1.00297891879304,10.5549742323648,1031.23409423406,1.1758763667524e-224,3.9770751782159e-223
-3.27354369707603,-1.49702984068676,4.56546429352343,1029.2599451405,3.15531477244938e-224,1.06130145495424e-222
1.31049578060534,-4.6878364833559,4.78395972314618,1028.06241245799,5.74226999503166e-224,1.92082086427213e-222
0.539946922965059,2.91719958504255,5.26366756422978,1020.94475295531,2.01680417504368e-222,6.70945563806882e-221
-0.77960306687087,2.4449966176446,6.58034702752995,1013.68401809621,7.60873175997201e-221,2.51749776927769e-219
-3.03891111022859,0.704947937904567,6.79290969851148,1013.396820566,8.78367837022379e-221,2.89054237394175e-219
2.63858657709879,1.2935688985012,5.0513248666321,1009.96092724724,4.89520833115859e-220,1.6022595871018e-218
3.50157476595843,1.24746621353296,3.18929918173439,1006.94002586034,2.21692795951942e-219,7.21746385965468e-218
2.52874573922522,-0.325965375947957,6.14279010468233,987.942147312204,2.95861524908357e-215,9.58087746618127e-214
-0.124909369624903,2.90587313669684,4.83622522341904,987.017989577801,4.69641853694004e-215,1.5127934419519e-213
-1.30858970313402,2.48348241114244,5.12839539660406,985.471903147429,1.01740811237806e-214,3.25998978324085e-213
2.06137147910105,1.45345763729966,5.99791662030504,983.918278911592,2.21238350837023e-214,7.05182764343349e-213
-3.19289662152507,0.794422648511656,7.00391392669932,983.1751804096,3.20791019625357e-214,1.01717485806207e-212
-1.17327120952031,-3.31771152098477,6.66818749417864,982.596656651955,4.28397610461132e-214,1.35133919817999e-212
-1.10351112547549,2.43127262859215,5.12495359498419,980.715693620276,1.09721812316421e-213,3.44322883186789e-212
1.96341136693885,1.70004968272448,4.48302515386251,973.703229258258,3.65620266506947e-212,1.14148522179195e-210
2.76674923802554,-0.5853217776111,6.6834488419045,972.652034182031,6.18435443026839e-212,1.9209362128303e-210
1.17269205150056,1.97835215143815,5.75205395076662,972.425819259628,6.92494482770824e-212,2.14005401579126e-210
3.51830542119649,-0.186637034265764,10.038290272312,968.60165521369,4.68622340949979e-211,1.4408953594462e-209
0.820606456691064,3.3042143390727,8.1256702282634,964.868569966174,3.03006643693594e-210,9.26987159199298e-209
1.88558177289492,2.98617676218752,4.38228747480095,962.073153251148,1.22593989396373e-209,3.73176103722561e-208
2.76377683848679,-0.0907876978420828,5.3188244259059,956.188122350687,2.32480965627285e-208,7.04151302855181e-207
-4.03044646170188,-0.363669614845509,10.5817556280726,945.547628255188,4.75271022577965e-206,1.43240098289834e-204
2.70160716132355,0.878611970204225,5.02284208942241,943.638884180932,1.23429748887544e-205,3.70167640998705e-204
2.47092994128394,0.378048121482224,6.08373329082553,932.521759298463,3.20237982450686e-203,9.5569060645087e-202
-1.76001204419948,2.04023169808713,7.28317346988214,930.814163401589,7.52094787327543e-203,2.2335380806098e-201
1.66210933910533,2.92644592800277,5.7392542996422,930.680627707539,8.04024876812814e-203,2.37616672331865e-201
1.77652824750763,2.12264440575882,5.42489478457785,927.127887610689,4.75047674060303e-202,1.39714504332325e-200
2.03002567235856,-2.52552699202686,7.67283371244743,925.8607155666,8.95158849038257e-202,2.62006109276197e-200
3.0887560362263,2.1402089960883,8.90910516493305,924.941613633466,1.41736125969348e-201,4.12865806172915e-200
1.40254128738397,2.04791030494927,4.55276125355011,923.511786741272,2.89710024482849e-201,8.39883156691231e-200
-0.778990348376221,2.54966890957398,4.92248723835695,918.094713259545,4.34776521337348e-200,1.25446419995345e-198
-2.96118623328956,-2.72875787468033,9.26631312531502,908.255483788149,5.95425755270461e-198,1.70988301796536e-196
-4.10413209006563,-0.925982174052769,3.17782268360531,906.406905354826,1.50051839101479e-197,4.28880561713524e-196
-4.00901442508631,-0.331149894072594,12.2370278434904,905.036301664326,2.97758475698406e-197,8.47081121519576e-196
2.91368718543101,0.217298221340358,7.64748261157971,899.312264066122,5.20982462396657e-196,1.47522847956784e-194
3.26142487175414,0.172059971799045,8.84050993250108,896.947641413073,1.69939520721468e-195,4.78977686181619e-194
2.45988106139387,0.472319065803853,6.34094298746452,896.873702664553,1.76339654002109e-195,4.94726181366286e-194
2.17967898652141,1.04388716094959,5.55721885740945,894.042522808375,7.26328154132575e-195,2.02838798273354e-193
2.3050357331354,1.97065399720467,7.28449106190043,891.760782110095,2.2730373705337e-194,6.31883630676217e-193
3.63718711841362,1.41426508273454,2.57844014114807,885.595779139557,4.9581534250021e-193,1.37205627506422e-191
2.07484898024409,1.10451022644485,6.14221496950847,878.882589717958,1.42255976882442e-191,3.91879813239959e-190
-2.40326344087613,-1.56434353157401,7.47696133353749,878.440291841033,1.77465642594908e-191,4.86671545999008e-190
2.72377192039019,0.889996899652627,3.97673727567968,876.944508321866,3.74903547761385e-191,1.02350349720687e-189
-4.03293123062188,-0.161215645256966,3.28462974098528,869.912643073497,1.26144897339138e-189,3.42843810268158e-188
1.73863981070568,1.69359849609527,6.55931638975445,868.89433693921,2.09890148665145e-189,5.67916100032624e-188
2.44269607869242,1.12973034539418,6.29069309076025,868.392180869223,2.6979497730903e-189,7.26775142414768e-188
-3.81751807667371,-0.101674370373299,10.547413845545,867.577810288265,4.0538920990066e-189,1.08722885897587e-187
2.92529741099267,0.68019372505313,8.04751403737026,866.927752631262,5.61087265124254e-189,1.49820143424406e-187
2.43697303018896,1.899380467795,9.07444672458044,864.186570171943,2.20938102454636e-188,5.87367322158874e-187
2.48831986311753,-0.0164788725651676,6.43957035823942,863.221635226881,3.57934516701552e-188,9.47437103338717e-187
1.67013040241982,1.77860715769732,7.03421563340877,858.840868006095,3.19944829407191e-187,8.43213905381376e-186
2.74240647539846,1.06898324818467,3.96320724393399,858.329868830444,4.1308284276406e-187,1.08398635635672e-185
2.49106802593606,1.00043807106515,7.01458039649791,855.876887839414,1.40830010416327e-186,3.6797128901914e-185
-5.40699624045091,-0.818943418688478,2.25120430311368,840.865013775675,2.56142854968504e-183,6.66409273952244e-182
0.258497073973063,2.90605828835502,7.64370739667629,839.221918900595,5.82472954081764e-183,1.50897674231905e-181
-1.99773287185928,-2.18869406050379,4.95190964183768,832.676789099829,1.53650027567791e-181,3.96364986369792e-180
0.180282077459328,2.68437338895878,5.16189689489959,832.227942354035,1.92308497597507e-181,4.93997524630222e-180
2.2830157877767,0.848599398766877,5.83615622359658,828.915885935018,1.00740102461704e-180,2.57691488986073e-179
-0.0337100552165374,3.91115934093114,2.04057088179697,827.11235059746,2.48219050928932e-180,6.32283507136123e-179
-0.283720214527335,4.66867861904816,1.37536749317046,821.315358375546,4.50438991610233e-179,1.14261357538462e-177
-5.94605631914939,-0.1829028730353,2.11278999449774,819.825588666671,9.48714109349765e-179,2.39658568370181e-177
1.32216079584335,2.25024809800385,4.24725769996065,813.519347735756,2.22084464016713e-177,5.58698436749482e-176
1.05381349449343,2.36866437660057,5.05130604436435,813.137721535323,2.68774000132346e-177,6.7337288592828e-176
-1.74901598601305,1.73243744719108,7.11646472645296,811.858114216097,5.0962468237445e-177,1.2715553550392e-175
2.49404194995714,0.547382719990397,7.18140517933895,809.083089285761,2.04098334600521e-176,5.07163535121622e-175
-2.68799975916171,0.711353022202548,5.47628536301826,807.437494522332,4.64703371728128e-176,1.15004639312229e-174
1.71829413615161,1.75062822728578,6.08618807807445,806.266822065685,8.34418871346699e-176,2.05665671609664e-174
-3.39667893471649,0.28961677287053,3.78858445507549,804.149332558025,2.40542113165425e-175,5.90492090706092e-174
2.51755382311706,1.19260913492251,3.85760587119211,801.946559658918,7.23631026437722e-175,1.76926332889673e-173
2.77994077369653,1.18977647655076,3.25901032639729,799.455031923143,2.51504380122133e-174,6.12463466473418e-173
2.36945395199684,1.66828876501205,5.76032251237965,797.685582054445,6.09223587893941e-174,1.47767059884395e-172
-2.33647107097602,-0.804270692218325,5.91175721148162,792.336469275662,8.83734462853828e-173,2.1349902420056e-171
1.96632290648258,1.5744739755508,6.93426496401888,789.029610851147,4.61739442812228e-172,1.11109475408729e-170
2.31701943605847,0.526318236243959,5.49034274829056,787.589409052853,9.48708565033851e-172,2.27391249760869e-170
-4.31680708904093,0.124780876174737,2.70386310682763,786.499543390981,1.63604084866618e-171,3.90596732810969e-170
2.39725850004957,0.220258489000931,6.87761797411478,777.589452458882,1.40797779434912e-169,3.34834719218651e-168
1.74137097380226,2.97121964675523,5.62033104329317,775.02996649039,5.06268751020115e-169,1.19928566389512e-167
2.29686105768067,-1.33782956944356,4.86468955439576,764.166406777879,1.15710598589283e-166,2.7304113341533e-165
2.35766499953979,0.43030740879136,5.4629169717224,763.884038896315,1.33256544307576e-166,3.13230054727614e-165
2.97972030619441,1.7340610599834,2.53989843085879,763.279955660849,1.8024513627355e-166,4.22050919089757e-165
1.89593065127263,3.19766756402547,1.89773518563151,761.138406086199,5.2589027057432e-166,1.2266743169565e-164
-3.62249494280853,0.370049762532274,12.6887104966395,761.124483684836,5.2956386978018e-166,1.23052856458845e-164
3.07644868274496,-0.246913075866224,10.2971570775371,756.514886048189,5.30737477275431e-165,1.22856644929765e-163
3.08004856238966,-0.215103460802944,11.1015730322106,753.264060766792,2.6964197313305e-164,6.2181073198258e-163
2.2635757667794,0.777171118652678,4.50432625809336,749.637206582255,1.6532893797753e-163,3.79819839398944e-162
2.23671304950455,1.8950293211106,6.2114967791479,746.17706988849,9.32627060153158e-163,2.13452388804978e-161
1.99429557934573,1.38017109059467,5.34663355399863,743.571224442435,3.43210180215363e-162,7.82570628146492e-161
3.00839547173904,0.0223536046431747,9.51587584879632,743.046989671414,4.46063097093127e-162,1.01329557279961e-160
-3.36889301598495,-0.169440562978676,9.55184690497114,740.862320059725,1.32981514277491e-161,3.00963367628761e-160
-0.0766588924932545,-3.98699172419881,7.81011727607217,735.579058570573,1.86653840249093e-160,4.20869844235732e-159
4.24968576558687,1.1566502877464,1.87110201381911,735.286609969069,2.1604356572123e-160,4.85340674579649e-159
2.89561441087459,0.493479006745188,3.45954633968162,728.766548206753,5.62800868639987e-159,1.25968076775009e-157
-0.593167796202284,-4.34636781962667,9.02439809521464,726.937846079157,1.40427569948531e-158,3.13158624852254e-157
-1.63098485876128,-2.29538151754936,6.41431266470442,726.599319037647,1.66326938461982e-158,3.69561460349105e-157
0.726266411876726,-3.432303278578,7.42033348620521,723.698542110484,7.09346287305208e-158,1.57036370804149e-156
1.65246616454324,1.53146446194295,5.12611309766039,723.037763440091,9.87062300980069e-158,2.17725916245169e-156
3.24527264897723,1.48137025298196,2.30580101408172,722.179251164942,1.5162406543463e-157,3.33244516377628e-156
2.16589120488024,1.56755374237857,5.13622863114969,720.41519185211,3.6629311003999e-157,8.02155558965273e-156
-0.0752526589353145,2.6560260596128,4.10892068591396,716.338805395534,2.81193204984062e-156,6.13585746216118e-155
5.36049376852321,0.577383355179115,1.56546727847686,714.233405427502,8.05724585928088e-156,1.75187545683221e-154
1.78577576765213,1.23412721301618,5.19095788244987,713.002010410317,1.49135366708435e-155,3.23108936840197e-154
0.305950518226152,2.93560785963039,8.49724419641052,712.342582988621,2.07383161869058e-155,4.47712301226534e-154
2.2635701594823,-0.430741243183799,5.55242597366633,710.743546340042,4.61317455682608e-155,9.92403063673398e-154
-1.00186218171074,2.10581106144596,5.0977193763944,709.236115194027,9.8024447324793e-155,2.10131280039908e-153
0.114952008761111,2.27818914823624,6.11839244753816,708.12687028828,1.70688347243181e-154,3.64614265970697e-153
1.28070802557093,2.83721218020213,8.3501812076829,706.663962253119,3.54707455422641e-154,7.55055590424139e-153
-1.74829243081533,-2.01817162238819,6.94210880406507,705.875378478197,5.26149434276317e-154,1.11609677905025e-152
2.0401720698506,1.57328465106464,6.59728495298901,703.994891298768,1.34726091394595e-153,2.84795987642464e-152
2.14475645638215,-5.64985993467519,2.40846104926342,702.737339347599,2.52653690874562e-153,5.32233795863091e-152
-2.2507189241714,-0.621026052242216,5.59332419251426,702.669774279429,2.61334781824474e-153,5.48622810947378e-152
2.4517513110782,-0.0284130987163948,4.79045638314385,700.489864187268,7.77246324785504e-153,1.62607409803923e-151
-2.61717310866044,-1.4226288388544,7.69027611195521,700.302144941892,8.53731672101806e-153,1.7799720615602e-151
2.30316793514314,0.243452683557032,6.85488104022641,691.112043881138,8.45135768743653e-151,1.75603636863869e-149
2.73033125000967,-0.972390048726991,9.18312230076607,690.239821133755,1.30715547374279e-150,2.70678997419936e-149
0.825778447081604,1.66150448924994,6.11070650937493,688.995952533758,2.43461268486996e-150,5.02438034762316e-149
2.88438302048187,0.703125802364767,11.6950836090245,688.963273920516,2.47471933316487e-150,5.08989570956343e-149
-5.65477224381954,1.29729763127683,1.62249009239016,687.197476888905,5.98361861582466e-150,1.22654108192392e-148
0.347940387014185,2.7523975347146,8.29511364591277,686.279919072146,9.46692753878852e-150,1.93404882067599e-148
-0.194009717038066,-3.07752747112862,6.08637693626528,684.935735779005,1.85393603711425e-149,3.77483698794366e-148
2.11791208002181,-3.05045661265793,3.29709217253693,683.364391372861,4.06731537862191e-149,8.25393867501673e-148
1.56634155734822,1.96892634244566,6.31921191322455,681.853887920177,8.65584569882819e-149,1.75072387423475e-147
1.82579181796961,1.20600470816269,5.88531409874753,679.068564943718,3.48445375877412e-148,7.02428956404531e-147
1.37630637777737,2.19722255208441,4.38807012917477,678.35008976912,4.99056374613207e-148,1.00272449130205e-146
2.06435742760254,0.516103189035703,6.4596640702174,676.836450767835,1.06373179439567e-147,2.13026288298711e-146
-3.29560203408523,-0.930670942591157,3.0488165799227,675.367140072628,2.21762905917072e-147,4.42653302040372e-146
-4.19751864011767,0.441370297235495,2.33290916736461,673.28420171939,6.28337848052607e-147,1.25010484279225e-145
0.748610281984603,2.71193804359762,7.4753817735281,672.827535825174,7.89508771259468e-147,1.56564475551389e-145
-0.630237568539975,2.258746496053,7.60433633083936,672.499004628202,9.30457631512178e-147,1.83916430540459e-145
2.18011875218048,1.53989948723041,2.93103121331342,672.400369530958,9.77495893310622e-147,1.92588834902106e-145
1.52407730927255,2.16379273005363,6.89668182129574,670.614635046831,2.38716400771189e-146,4.68808208998387e-145
-4.60122274761808,-0.375917981692701,2.06515031387904,670.436536359959,2.60949155841113e-146,5.10822656193149e-145
2.28460263337601,1.36468465333899,3.36561143419776,667.708832744495,1.02063207004324e-145,1.99154103923823e-144
-1.31367374655954,-2.10172417962884,5.87678536003921,667.149992143096,1.34964610358103e-145,2.62512635099083e-144
0.364088221064819,-3.55768259329145,7.62343137990295,666.737935900016,1.65842861094591e-145,3.21545012211423e-144
2.17052923944062,-0.383448879278609,5.58100217211114,665.555336574516,2.99567684257619e-145,5.7897398786044e-144
2.28719460489756,0.184829142826678,5.07276511301896,660.049782608073,4.69905811282486e-144,9.05312208572081e-143
1.93354910391278,0.84356201400671,6.0027001699337,658.788777255871,8.8274374519711e-144,1.69531353967193e-142
-2.10467696357742,-1.3527689811673,7.28758551907981,656.943603859828,2.22079750582991e-143,4.25164000487186e-142
0.747534004795692,2.79002693465235,7.82742456940125,656.19371707477,3.23105839736666e-143,6.16635847121261e-142
2.05451612647239,0.434150543243728,6.26289364158386,654.531249273903,7.41899542982026e-143,1.4114638805233e-141
2.66243891116747,0.125206589448575,8.55557918774771,653.516549186763,1.23220914563764e-142,2.33697485315948e-141
-0.0873818846945797,-3.16476755231781,6.52478664823263,651.509386176065,3.36150945993002e-142,6.35554956274968e-141
-5.13127589214178,-0.415876354041077,1.77913248778753,649.943784403357,7.35360745834583e-142,1.38602978967212e-140
-3.00854005326721,-0.613216711656298,9.18493393070229,648.670540939212,1.38989421864777e-141,2.61162839602705e-140
2.08898864529265,0.536705701529762,5.6600264431398,648.365806206398,1.61865411213033e-141,3.03211268758445e-140
2.2297621123518,1.36938794204069,7.68772454302288,647.895383773695,2.04788228052537e-141,3.8243887496437e-140
-2.66740022008589,-0.487199946201106,7.74234122776072,647.744656984033,2.20818214925015e-141,4.11113545095869e-140
0.726379112108574,2.10321566061597,4.6308735353976,646.134668482807,4.9390048856547e-141,9.16727492191031e-140
-2.57093945807822,1.51369875880695,10.07470425454,643.903089027648,1.50737315783924e-140,2.78932759420221e-139
2.40127955920127,0.558526093220625,4.17923330869894,641.947359958099,4.00776223780142e-140,7.39371409204092e-139
2.31184547191131,-0.157540636219773,7.25518528452788,641.811413241952,4.28965537776804e-140,7.88985557095222e-139
2.56458034041751,2.39563478250264,9.22723405421636,640.536526380136,8.11447763910126e-140,1.48798011647134e-138
2.72186524342193,1.38857037333113,2.46755558622645,639.992880305195,1.06490732178329e-139,1.94689362613114e-138
0.122359623086317,2.82366511906855,8.92343501621837,634.323520055541,1.81299977090008e-138,3.30465347462265e-137
0.549063871060696,-3.59228249781325,7.85621802897411,634.023852371933,2.10605524847584e-138,3.82736249334952e-137
2.26514527005549,2.17660191001109,7.71675094511698,632.494356091378,4.52476113308121e-138,8.19843624351143e-137
-6.0171693655932,-0.321622948640994,1.49612623699601,631.600949592374,7.07288201583013e-138,1.27773607455115e-136
-0.494522077247462,-3.17614380803574,7.17531782363788,630.914611972949,9.96856704240448e-138,1.79552177970883e-136
4.75452186617257,1.30021800696601,1.31517849262493,630.865237015338,1.02177287627115e-137,1.83497146629463e-136
1.41025556215222,1.32364517202502,6.27445012781699,630.468419967609,1.2460116327284e-137,2.23109377060308e-136
2.19677984302673,1.03014639676327,7.86795964747604,629.250331517013,2.29100819768524e-137,4.0902222602662e-136
0.320162055000137,-3.14241949765689,6.69595265830035,629.02273483581,2.56713456666854e-137,4.56979977832692e-136
1.65903407755019,1.70310245417961,6.76570450370323,627.99463478921,4.29237565575918e-137,7.61865393360404e-136
1.78545601341355,2.53690296888958,8.11682746731708,627.334335497069,5.97145126991394e-137,1.056808003815e-135
2.48659104552309,0.0192613607623708,8.03638352623169,626.730472200458,8.07620141395289e-137,1.42515693356943e-135
0.585018892082828,2.10993993752584,6.04543554413334,624.573141595236,2.37501047872678e-136,4.17892017181752e-135
1.58937945040838,1.18502159864884,5.38112771333671,623.737659778564,3.60651797825569e-136,6.32751626847857e-135
0.907218319191454,1.7452534136635,6.15729279416891,621.668180621075,1.01500876067022e-135,1.77568199280469e-134
-2.40817985954895,-0.151571949234108,5.08442951945003,619.975336083544,2.36628097177129e-135,4.12777035992654e-134
2.64605099419025,0.6579331766788,3.12593263118473,619.865850100273,2.49942949556909e-135,4.34757907686418e-134
1.82123151614289,1.02680081438619,5.32318907608784,618.957599058023,3.93609071008114e-135,6.82704280426609e-134
-2.65926209805431,0.64002327925978,4.31108378884053,616.65178507966,1.24671229377365e-134,2.15624558082215e-133
0.578373764894176,2.03560550797015,5.10494718861772,615.203855849084,2.57146181460686e-134,4.43486105589988e-133
1.78384559555173,1.46022042284907,4.76808236528918,614.867391543865,3.04258258488445e-134,5.23255445671654e-133
-3.77433697603096,-0.183191403543977,2.39624791509992,613.730728621719,5.37112911727305e-134,9.2111081875939e-133
-5.52224575754017,1.6880236059926,1.27342273770199,613.436337926452,6.22288420591403e-134,1.06418311925856e-132
1.87759450587811,0.560204224554075,6.08751930230604,613.170399017805,7.10787235573328e-134,1.21212120172841e-132
1.91497044584634,0.460321658411881,5.88041505103738,612.875043832821,8.23901291429748e-134,1.40109247548165e-132
-3.03297132621708,0.0517963539659783,9.68522278906284,611.793510470099,1.41490463513355e-133,2.39942602192008e-132
-2.22256839361991,-0.241773804187857,5.72313480840371,610.405816539264,2.83179022098285e-133,4.78887190703988e-132
2.99957742046385,2.33238249936151,1.3627011794424,609.779941218319,3.8722926941269e-133,6.53033737447217e-132
2.38989996922636,2.37275164283527,8.36673169863983,608.06879562791,9.11042674955311e-133,1.53216237710716e-131
-2.83000914775593,-0.368699798100284,3.69348016831771,607.544153739914,1.18430417171804e-132,1.9862379607216e-131
1.00838302663518,-2.60804395930598,6.29869882764981,607.360581844293,1.29815153059629e-132,2.17119409842588e-131
2.16937022934336,0.703955317836834,4.57718869120926,603.533075429733,8.7994969963749e-132,1.46770788257344e-130
0.648465630910184,2.35066923690455,5.61046101778753,600.607149776119,3.80027067386643e-131,6.3213245525953e-130
2.97402153608458,0.589062503778538,2.87230910894764,599.861971064018,5.5160479357911e-131,9.15032692999897e-130
2.31339334605339,2.39703431785642,2.81809576334909,595.913330428535,3.9725049875951e-130,6.57190499034755e-129
1.47632273284993,1.5471743738818,6.21289367559942,595.258349995631,5.51177708654566e-130,9.09368533953657e-129
2.40485243347003,-0.931393345241754,9.01206755073324,594.841955553176,6.78751104583511e-130,1.1168207364066e-128
2.01549516646018,2.49980517032374,1.76721976888981,593.917675243266,1.07749550856192e-129,1.76813818224393e-128
-2.61008657153398,-1.09734665354634,9.64546667311401,593.457063142476,1.35655096720895e-129,2.22007588396991e-128
1.82967086883074,1.02717161039297,4.92821843179527,593.314882739935,1.45649902246571e-129,2.3772563133435e-128
-2.56791301499245,1.79857585674372,2.44456307126134,592.219989690511,2.5180433486356e-129,4.09888981457047e-128
1.92789868810266,0.736281203496087,5.58031946200089,590.61478171107,5.61862032894333e-129,9.1216428166952e-128
1.445792482265,1.68176882602702,5.6257512829412,590.234601292483,6.79492731011184e-129,1.10019993255215e-127
1.07107107807679,1.83322958265936,6.79090248538025,588.111555364885,1.9642573221908e-128,3.17198901259883e-127
3.25940916678569,1.03072039963933,2.03109026168054,587.273121613959,2.98718387649068e-128,4.81110461377652e-127
2.12582744447623,0.446424300245802,7.20324124527518,586.032571671329,5.55448698878517e-128,8.92235271443907e-127
2.2408407148322,0.835717832350454,3.46335062301162,584.150609021239,1.42333441656433e-127,2.27607121635481e-126
-2.83942814470159,-1.04821791899869,9.38045468866373,584.149092871503,1.42441381969643e-127,2.27607121635481e-126
1.82908315737528,0.930922454217654,6.60486464523501,583.575028583712,1.89798447100728e-127,3.02485064384616e-126
1.77598278811343,1.06723228915812,6.87965161059454,582.873463454343,2.69547673028772e-127,4.28461157545473e-126
1.87565602678101,0.800950554172511,5.42367677276838,582.027830622092,4.11398234261525e-127,6.5223761723546e-126
1.84775740189633,1.68069177169354,6.1715174808302,581.666259919491,4.9292007266441e-127,7.79453870748294e-126
2.06176213257893,1.20408162262964,3.84291571000068,577.864809884788,3.29800181626966e-126,5.20161529985743e-125
1.07150612390898,-3.06530592883104,9.88409663446038,577.054426074023,4.94565137438087e-126,7.78013580548599e-125
2.60378431356337,0.738032607831815,3.12906137712044,575.866760000014,8.95616137519692e-126,1.40528635186079e-124
3.32245993682454,2.45878505540922,1.10125978669093,574.817519827207,1.51342714363867e-125,2.36857183816767e-124
-1.872699364221,-0.860980858823124,6.35054510155983,573.061371952903,3.64170015373296e-125,5.68478731690417e-124
-0.563925573068096,-2.91076774358792,7.12531575766438,572.330249502776,5.24886505308083e-125,8.17265740234171e-124
1.12423024217019,2.27494881174541,7.33330123986257,570.645166084436,1.21892398375575e-124,1.89306357477169e-123
-0.416006957589309,2.02606211534039,5.51677254620533,568.747787160496,3.14765569203324e-124,4.87606306694615e-123
2.02492176780411,0.294890425229426,5.40383181980246,568.50799990473,3.54859439104855e-124,5.48320879510243e-123
1.73785436292654,0.865377392866784,6.28061296387183,568.498672194058,3.56518317571155e-124,5.49489498069163e-123
-0.778553146912089,1.93688884862726,7.22791639728757,565.936873892227,1.28342141475961e-123,1.97309837703447e-122
1.99583186588858,0.063750796568636,5.68596778991594,564.579601279302,2.52986463819012e-123,3.87955060889206e-122
-2.02620411970507,-0.419431800713044,6.74466179148437,562.143725768545,8.55147304432308e-123,1.30807457019696e-121
1.84418989938275,0.660656375337756,6.30306639956445,559.960218941869,2.54790607386215e-122,3.88763212473002e-121
2.09653953488251,-0.171916623076849,5.13536911204538,559.56457074476,3.10525542006793e-122,4.72619874934338e-121
1.80846249323902,1.31647623247616,3.89218088083834,558.899337109681,4.33062897133024e-122,6.57478034350586e-121
2.50768972305487,-0.245526055647192,8.95662131514184,558.242072386159,6.01553417236457e-122,9.11009254760087e-121
2.34932369971816,1.71935519964148,2.5759300733826,557.145228407839,1.04100026933528e-121,1.57260785104546e-120
1.58165443511887,0.98757984258099,5.77879557189089,556.272113919695,1.61081343805307e-121,2.42738421061066e-120
3.15582096112238,0.849067749244612,2.02223433426178,554.740576866544,3.46429039342851e-121,5.2075555346155e-120
1.47097337482184,1.62349113811872,6.03869294329992,554.488565193172,3.92950575424412e-121,5.89232291424586e-120
-3.38674682454028,-0.570259267764106,2.36275629626501,550.160460207289,3.42116472390352e-120,5.11745720863013e-119
0.117869888491268,2.25630300463564,4.7788311150376,547.200967938079,1.50251759411474e-119,2.24199193945357e-118
-1.75521627229299,-1.27250745871621,6.82959402213379,545.55835346417,3.41592846383321e-119,5.08463875007741e-118
2.10033035437044,3.18181168349338,1.17592917008832,543.147284009505,1.14042268333867e-118,1.69338860882094e-117
1.8439778791492,0.59399169206097,6.168975678678,542.270056791634,1.76828929191753e-118,2.61930540369682e-117
1.52622958405409,1.33841693862458,5.36381473090653,539.645867236131,6.56732998705706e-118,9.70434586436975e-117
-2.6891172468911,-0.262663037752398,3.5072203343811,538.453826883873,1.19189256955206e-117,1.75695931317988e-116
-2.47610670236164,0.0638051719736041,4.15458652167881,538.213090742212,1.34434984450231e-117,1.97690866022466e-116
-0.305658944874959,2.05956074981154,6.99539034096922,538.012163338649,1.48642545021223e-117,2.18056822672098e-116
-3.25205436010974,-0.0777051163802688,2.55941146492262,537.622522115192,1.80614514992112e-117,2.6432239597884e-116
-1.90502408264632,-1.08610076525778,6.75254485745399,537.459412914253,1.95961773915268e-117,2.86094791270061e-116
-1.97349762359625,-1.05224376947743,4.90946035433813,537.010738620231,2.45244765864195e-117,3.57189027411776e-116
1.95236612059462,0.595849013789495,5.12252365971483,536.428566334694,3.28108025088605e-117,4.76735478935424e-116
2.04932050474923,-1.93598731430921,11.4550344891276,534.852487961345,7.21535864784125e-117,1.04588341542994e-115
1.81255153578919,0.606051807739006,6.43536820382287,533.501475294085,1.41783794909857e-116,2.05030817912402e-115
1.70385234858389,0.682619750632945,5.66394448126454,532.21868603299,2.6926552022346e-116,3.88456987469295e-115
-6.06607044858354,-0.986516908775785,1.06629267548584,532.103451329489,2.85235543842398e-116,4.10523402106978e-115
1.53007126391751,1.49689824585454,4.56538211701574,530.2957472596,7.04273900355201e-116,1.01123101541567e-114
-4.43805952889231,-0.516095662509514,1.56782149444014,530.273989585381,7.1197740802511e-116,1.01988669648397e-114
0.131707587789683,2.06547876983236,6.67445427932091,527.544045292355,2.78782869727101e-115,3.98410824154598e-114
1.94744787002936,0.901963307388207,5.78500588755677,527.501611975359,2.84760903370693e-115,4.06001025695733e-114
1.14349933230081,1.41104789306337,4.83308271853779,526.640594498173,4.37973598523816e-115,6.2298674481612e-114
1.70358706860051,0.969520627983999,4.73334010157705,525.599893028476,7.36942128518732e-115,1.04580505324523e-113
2.42872836501761,0.796470726013602,9.532283840502,525.357823555068,8.31760137323341e-115,1.17761760837779e-113
1.05897165242117,1.54296135558127,6.37909069524388,524.972230731296,1.00862219450008e-114,1.42470810211519e-113
1.67513934727252,0.982017046752948,4.8169429726217,523.79879097417,1.81358421091236e-114,2.55581034167464e-113
0.67662248020621,2.18436483901707,6.5748231756797,523.406385836955,2.206720954783e-114,3.10265985513139e-113
-2.05647135130154,-0.810312604114844,7.2160535249095,522.671207585998,3.18705345563958e-114,4.47068696726584e-113
0.470127552439266,2.08085002279357,4.69951772878226,519.557667102873,1.51177122015927e-113,2.11578464099532e-112
1.51019217939437,2.32191336629798,2.4094773013131,516.292850263091,7.73449641186482e-113,1.07999115035397e-111
-1.05373298178936,-2.55104738188064,7.96441916549751,515.334238223556,1.24908502533638e-112,1.74014408106359e-111
0.859456892077107,1.86366288865693,6.45673155686624,514.626839021027,1.77910584677423e-112,2.47287588930628e-111
1.55269694586764,1.77944643803015,3.02971101578686,514.562521888994,1.83724923278153e-112,2.54787547361594e-111
1.48967307154468,1.31421414704194,6.04309277830566,513.813407524601,2.67199838974154e-112,3.69707413562421e-111
-0.256942357774402,1.97815162644679,6.60038480687686,513.207008783801,3.61837859451669e-112,4.99516754726023e-111
2.79025350576492,0.603872605176221,2.48423711116623,512.661859959161,4.75216562763283e-112,6.54551681923725e-111
1.88948344195595,0.21608502158649,6.51368579055247,512.377547385377,5.47809121934016e-112,7.52835651091262e-111
1.62409987178588,2.4064898248545,7.75425846272917,510.905326116181,1.14371560411255e-111,1.56822986437775e-110
-0.778765087070086,1.5872645462496,6.44207237614661,510.258731200902,1.58024472121187e-111,2.16191682308716e-110
-2.24704898729043,-0.0457918852830209,7.3344023484631,510.237016198339,1.59749571215589e-111,2.1806174653823e-110
-1.89978546709449,-1.41982962778879,7.7103665129234,509.925856993596,1.86641004838118e-111,2.54199203009947e-110
-1.78301459834236,-1.47542396729619,7.75787708523165,508.11027008525,4.62654458582929e-111,6.28714362467159e-110
-2.11918878861616,-0.172436925572403,5.14474290623023,507.948427065575,5.01649653945802e-111,6.8018777131894e-110
0.111520303096611,1.99549459320325,6.33866700612447,507.125926369357,7.56840342988608e-111,1.02392089069214e-109
0.664121481029979,2.24297459055701,7.58056662636729,506.909269532536,8.43433231244444e-111,1.13854135516988e-109
0.359779875932333,-2.58153702696868,5.98224189722031,505.471283448204,1.73103328580414e-110,2.33153332831319e-109
2.04350545267565,0.539097090048707,4.36687235193552,504.898187982304,2.30542775950732e-110,3.09833205295377e-109
2.21889962366189,-0.0318211825424788,8.05860590267534,503.676297391917,4.24699440269308e-110,5.69508852942631e-109
0.455303294102715,2.14410622516172,6.73898674390702,503.505489857359,4.62564259450535e-110,6.18921145392277e-109
-2.17557091857629,-0.366301607038059,7.47846129685083,497.106720971642,1.13408885491009e-108,1.51410810278347e-107
-0.8105381757733,2.03551129594837,8.01503096407027,495.105631300181,3.08445318874628e-108,4.10900459804974e-107
-1.92251809726739,-1.15037424244146,7.60201169373321,494.446173707758,4.28921267080552e-108,5.70146872049432e-107
1.75881672681916,0.246066448971585,6.11328577321321,491.988716711825,1.4655734428541e-107,1.94388041832152e-106
-2.14089768136591,-1.34370630351778,3.63271777811816,488.766261118503,7.34099499331263e-107,9.71564728680158e-106
2.39797849399914,1.47054961656953,9.0305562543134,488.304734583235,9.2464311804285e-107,1.2210905211811e-105
0.785186273016225,1.92639511082711,5.3974354322348,487.109901410164,1.6804626666012e-106,2.2144278602312e-105
-1.43427409952242,-1.81030473469544,6.83358326921979,486.157846440347,2.70498573088399e-106,3.55679333253169e-105
1.61215313228061,0.704994964888242,6.55401394244096,485.29306483708,4.16821313353668e-106,5.46898309417485e-105
-4.97753015083941,-0.127637419264105,1.20960207844335,484.933338558506,4.98957421324601e-106,6.53258662585843e-105
0.387009731705377,2.19173331097306,4.24495889786509,484.725829146154,5.53507593037642e-106,7.23123224552181e-105
1.96945379240112,1.0756266236736,3.40937138448687,484.199522289829,7.20127945598137e-106,9.38787780043139e-105
-2.10973426347868,-0.39903974523602,7.06712208961365,483.061910229691,1.2718590506355e-105,1.65450382484379e-104
-0.80344206178313,1.66926484368731,5.80510589485608,482.537816877225,1.65289174348951e-105,2.14558740604779e-104
1.00492391247937,1.61209791604627,6.38589813577019,481.873945955836,2.30357389991404e-105,2.98386338354823e-104
-4.7538251898264,-0.869822054943346,1.18219573802436,481.075213931233,3.43435041047225e-105,4.43913488300532e-104
1.32007195753883,2.34264411640235,7.27171673444696,479.434835631806,7.79916711972505e-105,1.00596036917132e-103
2.08546174667564,-0.801389012713655,8.05280261038623,476.321329213915,3.69945334604629e-104,4.76157969782871e-103
-2.32283954347634,0.37471802562532,4.05763049040827,475.466684218573,5.67180586700872e-104,7.28480044690909e-103
2.02342880059724,1.0515127050013,7.71442078544825,474.32123326583,1.0056639251856e-103,1.2889435740063e-102
-0.526788403199313,3.39225349909692,1.10644576005035,474.306497126428,1.01310109221903e-103,1.29574778349358e-102
0.116952822920331,2.21777193162756,3.98595572084267,473.988936375269,1.18743603564066e-103,1.51553681026842e-102
1.9569915392381,1.00070392446138,7.84719617446725,473.859203734499,1.26701369608833e-103,1.61371953593844e-102
2.04219501046907,0.482383252709548,3.86165525934181,473.839215008514,1.27974018150669e-103,1.62652572547238e-102
0.698460875538614,1.98362290358244,7.14475797947255,473.752147914725,1.33668226348417e-103,1.69535867085242e-102
1.84638482738577,0.810270615711294,5.15951909405218,473.729512126045,1.35189662698136e-103,1.71109078275728e-102
-1.69137301585395,1.33937087725438,6.71292801427871,471.948018433088,3.29450313132761e-103,4.16118984720383e-102
1.83402340787456,0.996833747939745,4.56168581639108,471.841437249808,3.47483137786065e-103,4.3798702750343e-102
0.994121507917518,1.55954525680616,7.45545525076152,471.814309810222,3.52228410725435e-103,4.43050943077779e-102
0.220434180985454,-2.61307511379852,6.93688515815304,470.230433901325,7.77604323908373e-103,9.76093839990551e-102
1.39297913316593,0.89389701755135,7.0118482424603,469.055688814669,1.39910826213115e-102,1.75262779832395e-101
-2.60570326663014,-0.178939612545418,3.18425103101855,468.446017813402,1.8977530454675e-102,2.37238614800947e-101
-2.78162659778912,0.166558707142052,2.8622762200379,467.40420932376,3.19496081574858e-102,3.98584455866339e-101
0.615222555830525,-2.37788645688647,6.05253344855333,466.92834550536,4.05320016261656e-102,5.04619275869317e-101
-0.323731181354177,1.91239780321703,5.13845757199737,465.67301594889,7.59258042785188e-102,9.43339380505352e-101
2.33148292578816,-0.108277686531692,9.52416171326368,465.245490144538,9.40211264153892e-102,1.16578537192849e-100
-0.0854722342197525,-2.70980037680388,7.14802744268242,465.04008254481,1.04190745019247e-101,1.28925458470971e-100
2.23441706830614,0.443708530429265,9.27889793263938,463.054488413536,2.81187124619802e-101,3.47234729145102e-100
-2.49330860243971,-0.802294607809215,9.62066149658411,462.462957607201,3.77959019146575e-101,4.65792410640556e-100
2.64638704137984,0.539604551503232,2.35003836974099,461.673323012375,5.60933899399923e-101,6.89892036272067e-100
1.3911947984195,0.960825113441913,6.10365229276852,460.470020646503,1.02377725255482e-100,1.25660401482938e-99
-2.17739585887724,-0.692983408809758,8.41241312331132,459.813079368912,1.42186531961118e-100,1.74171349412332e-99
1.34115434808859,1.70028984452634,3.54906072386231,457.010055634961,5.77467213666476e-100,7.05947870843676e-99
-5.95459486900881,0.142029347072283,0.878169497271623,456.998625460473,5.80776937845675e-100,7.08571141804503e-99
-1.80033054985827,-0.754738021343678,7.56316418998032,456.856298657999,6.23613107716969e-100,7.59311319956182e-99
1.41782883876699,1.43984835582252,6.60963030986914,456.015095718512,9.49686211299394e-100,1.15402987113587e-98
1.63518669104427,0.76258823571045,6.01504609343477,455.817083357647,1.04852302135703e-99,1.2715952498051e-98
0.784383084067204,1.88098733957295,6.7205119169615,455.718692182523,1.1013956134662e-99,1.33306093335631e-98
1.80559664447249,0.0446823171231667,6.63004259476547,454.962614607427,1.60739828956713e-99,1.94163507676284e-98
0.981155520700085,2.07171529644539,3.66040429072504,454.473940355393,2.05228545593742e-99,2.47412155559347e-98
-2.12292084596593,0.988968948060935,3.80267487851429,454.415969568854,2.11264226420382e-99,2.54185100878911e-98
1.00306785681245,1.57850067748475,6.39758232836266,452.991522837949,4.30666054151335e-99,5.17139040961208e-98
1.65317010085242,0.715396123549913,5.39800177349938,451.493886598008,9.10643136593401e-99,1.09133768023241e-97
1.13125200672796,1.24975776666599,6.15844966315064,450.766944901778,1.30978979502873e-98,1.56660123224655e-97
-1.51406618203901,1.23012141335877,5.34709659819808,450.704406912824,1.35139265498363e-98,1.61319185951772e-97
2.07254204681931,0.516234099352559,3.54975333227787,450.518830894779,1.48278735730446e-98,1.76657718811537e-97
1.73305771611773,0.430767154252578,7.139888736747,448.887755896886,3.35167816429993e-98,3.98535481723788e-97
1.8698750691083,0.735631457927382,7.29933499333493,448.882640934568,3.36026098858491e-98,3.98777171510817e-97
1.6949705744986,0.20121128874963,6.33026183811294,448.783203552022,3.53155165753106e-98,4.18289620448426e-97
-2.13775124968139,0.245995102325783,4.38674487774132,448.567504060439,3.93372605848628e-98,4.65019888234261e-97
0.799618069070209,1.40885148731968,5.8675013533617,447.636357818709,6.26613792577618e-98,7.39307125816383e-97
1.75072690433432,1.42397232666873,3.87677563691879,447.535827526393,6.5891565452206e-98,7.75914604396577e-97
-1.30684453736174,1.41411834835498,6.21511052631847,447.456543845109,6.85560928472204e-98,8.05732612459223e-97
1.54007285424051,-1.97072378089874,8.47189722463052,446.808659970382,9.47833936283102e-98,1.11183294876523e-96
-2.20346860426041,-0.153501796025051,4.0824950630969,446.164337353855,1.30811261116871e-97,1.53149799553752e-96
-1.73909892172515,-1.14300567933648,7.31676988767756,445.798607733435,1.57058812905185e-97,1.83526689628938e-96
-0.348356556726767,1.85592624720694,4.99372929089894,445.148826069717,2.1735048123889e-97,2.5349228539892e-96
1.63368143974197,1.18526636434661,3.71541466618564,445.100248475314,2.22694297725947e-97,2.59228085001064e-96
1.83022706063836,0.786854207407725,3.73324098846404,443.921784483544,4.01429515335284e-97,4.66393681175804e-96
-1.02780790780596,-1.85445698420449,5.21065752592263,443.142330685383,5.9274178381499e-97,6.87354662831554e-96
-2.37463902040929,-0.743445327849001,9.10080662735696,442.156015200738,9.7060210530218e-97,1.12338890058549e-95
1.69719711324001,-0.43609753678581,6.37922147534714,441.072752155924,1.66827948935639e-96,1.9272268560155e-95
1.34956890547191,1.12135815066153,5.82833257185022,440.350481391532,2.39391052478857e-96,2.7602513778244e-95
1.63693995578362,0.404298636119778,5.93197429190261,438.464197054398,6.1476531061382e-96,7.07503064464449e-95
-1.5930444204628,-1.55228500614528,7.71468283938051,438.263501931409,6.79656924262542e-96,7.80707802813274e-95
-1.23149305201514,-1.66622477281637,6.33858164578319,437.628639686687,9.33573102531664e-96,1.07035650625476e-94
-0.00527999457768413,1.82855900458375,6.27768394036506,437.085672725465,1.22476314184067e-95,1.40157105404625e-94
-0.052838791950018,1.8432661747343,6.00759762858167,437.055496399798,1.24338268165029e-95,1.42020896170488e-94
1.5836416158229,0.629295174152658,6.31151728044573,436.962730776774,1.3024126721287e-95,1.48484800522837e-94
2.24896612642576,1.40215572485801,10.9219832909364,436.580243959638,1.57690151411776e-95,1.79442549868205e-94
1.35137936842745,2.14706380985447,2.22764926560642,435.624935529906,2.54241920200839e-95,2.88773285481849e-94
3.52031865174634,0.933073682990631,1.22162303726651,434.411473307883,4.66387748506805e-95,5.28746482850918e-94
-1.89867774715799,-1.29183031527531,8.38168338919315,433.732026785419,6.55069035448726e-95,7.41275146433429e-94
0.622948345960005,1.95847016698753,6.50661915545534,432.246902846196,1.37650450493637e-94,1.55476056141978e-93
-2.06201848489456,-0.360214077085944,4.36868572377727,432.15209697911,1.44332611457576e-94,1.62721655287727e-93
-0.466861111850922,-2.51869816021635,7.50670342721585,431.830226260992,1.69534389972181e-94,1.90781028863334e-93
-3.90780473760001,0.175288061958835,1.44489218937934,431.759297159876,1.75654737129836e-94,1.97303697351742e-93
1.97259240633225,-0.712045371606215,8.22383724223664,430.470922416363,3.34523696711748e-94,3.7506082239063e-93
1.01936132209908,1.56885258324319,6.20134851716444,430.257713437804,3.72155660340602e-94,4.16485966939997e-93
-0.00894036124398952,2.00700367858358,7.3669624844563,429.802478280687,4.67280531462464e-94,5.21982362485043e-93
1.23551001788153,1.33787837869315,7.12234219558631,429.699703531154,4.91920521536784e-94,5.48500391046876e-93
-1.54980785456833,1.58451998591945,3.70539770894008,429.394868138523,5.72913564571938e-94,6.37641276254837e-93
1.56718555616153,1.06346653742016,4.71114502000646,427.526528951516,1.45812180509835e-93,1.61989882289029e-92
1.8058192539212,0.458440928075233,4.60049203165695,426.814370512237,2.08179060741559e-93,2.30855031292279e-92
1.79679742995808,0.7999048358325,3.77623592854356,426.342497280704,2.6357427164291e-93,2.9175275741128e-92
-2.35437896751664,-0.23068975851235,8.79094193707908,425.629720156555,3.76426856512964e-93,4.15914102078208e-92
0.777100977617914,1.99661268251533,7.66024569188468,424.805164600357,5.68500125675595e-93,6.26997964694388e-92
-1.39615574675355,-1.36887891207734,6.37417390298155,424.487680481231,6.66302381527151e-93,7.33535063062802e-92
-1.83108769950577,-0.837644519932653,7.2151108295779,422.752582981197,1.58651068164299e-92,1.74344350719179e-91
-2.29511340611012,-0.893239259618261,8.95199081716046,421.972283110037,2.3435971683352e-92,2.57077829924769e-91
0.887718904194041,1.52219213616665,5.04492610893041,421.739282531236,2.63316696203332e-92,2.88322310519044e-91
1.96586858066789,-0.443746086031063,4.3122813160557,420.587578171007,4.68347085130661e-92,5.1190252320924e-91
1.69244911539084,-1.93191019832057,9.83957124880653,420.361767497652,5.2432671535722e-92,5.72061118834185e-91
-1.50294884650603,1.07062164881642,5.01606994542712,419.221146533152,9.27437563156794e-92,1.01006080223588e-90
0.965154184304619,1.3675265079623,6.13896540617725,419.212424191507,9.31491109476039e-92,1.01266390615895e-90
-1.89384446489313,-0.941541256280277,7.65745171045904,418.74258830849,1.17815459081733e-91,1.27853924222743e-90
1.63506604300825,-0.287835171970906,5.8472124357677,418.550772922722,1.29674464034617e-91,1.40472978121485e-90
-1.76888384964188,-0.877741791654965,7.17579851187251,418.06593973161,1.65247406241388e-91,1.78690268063512e-90
2.18319000771388,0.0691851480220265,9.21321228895451,414.578628679167,9.4491909385715e-91,1.01997649705715e-89
2.32309409755941,0.710070759289953,2.64188696001724,414.486845743536,9.89293227620474e-91,1.06598533977937e-89
1.93623041937617,0.0851567051794341,4.19082930388922,413.479587769261,1.63699866821056e-90,1.76078584665475e-89
0.44779352861545,-2.32119008194208,6.35417682459054,412.596684467988,2.54547210429758e-90,2.73312771974668e-89
-1.88514181199008,-0.801627586187364,7.36196630478541,412.450559156978,2.73841364477287e-90,2.93511659672134e-89
-1.41788779826294,-1.09874566798555,5.96809437448899,411.638372403533,4.1102019670318e-90,4.39769939811768e-89
-0.817963162791199,-1.94524424822863,6.73848144417277,411.509024568731,4.38480907807417e-90,4.68328380128343e-89
-2.21654839915223,-0.0967312698319717,3.71929321437287,411.353850505852,4.73855916816995e-90,5.05225012536229e-89
1.7122215015053,0.514992344858748,7.10327669500945,410.568166278589,7.01868044920057e-90,7.47023191865963e-89
-1.98665968468775,-0.427779030008468,7.67174775321705,410.451032098654,7.44202002058918e-90,7.90698392414432e-89
1.36384424558397,1.69526679101412,2.75710653633711,410.029404200445,9.18853277624922e-90,9.74560758568036e-89
-2.26872503032906,-0.850789020797254,9.09637707044145,409.83126188987,1.01454712588914e-89,1.07418485259358e-88
1.52055216134053,-1.42756037041446,7.87263644843854,409.760128249071,1.0512807175841e-89,1.11114531400209e-88
1.36755475989969,0.895430124035337,6.28649704840409,409.350378918703,1.29031170003274e-89,1.36142419927198e-88
-2.55832495563681,-0.0389419297456656,2.81043421339856,408.901587928582,1.61491013664e-89,1.70096417160283e-88
0.698110151958137,1.74939836933066,5.79559636668828,407.95598385072,2.59109703354986e-89,2.72445574097609e-88
2.57124536899909,-0.239078103152919,2.39889016306633,407.936612911831,2.61631495124347e-89,2.74622852123625e-88
1.42496537700753,0.65122829777068,5.70240749314637,407.509876076147,3.23858089471065e-89,3.39354225249543e-88
1.19747279135101,1.5973350319938,6.99637437087353,407.101652058073,3.97191063597374e-89,4.15480961371273e-88
0.597421000458078,1.70404726880085,6.6669885611514,405.378877963654,9.39929131716436e-89,9.8152462330869e-88
-1.93600692377242,-0.723845812006509,3.99804647106971,405.226982799394,1.01409519737922e-88,1.05715951398025e-87
1.03427037668665,1.7698427695127,4.48165272598705,404.878127771774,1.20734568054826e-88,1.25646504327826e-87
1.77860476781328,0.348404839109186,4.78299893319639,404.777386376989,1.26971821129542e-88,1.31912021678609e-87
-5.15173233354119,1.08992144902201,0.713493790875936,404.70356688461,1.31745881524826e-88,1.3663865872626e-87
2.25659834465138,1.46801488027223,1.69115602535624,404.331864156742,1.58654088949301e-88,1.64266342435943e-87
-2.15979793231054,0.193671301308894,8.13942281657893,403.964105078822,1.90681754210036e-88,1.9709176903747e-87
-1.46014036324543,-1.07392979682657,6.35851498123385,403.208391341704,2.78234059084711e-88,2.87099822323342e-87
0.884443806825628,1.73443666892005,6.06621474677958,402.751593087818,3.49625235658797e-88,3.60155403500974e-87
-0.00670952463530354,1.84734452090363,6.84742109649318,402.581931279131,3.80578601380441e-88,3.91378804933129e-87
1.77605195837184,-0.392272106838406,7.32555887742192,401.640590315906,6.09331961216907e-88,6.25567112966026e-87
1.82470192222159,-0.172553622761233,4.85101476189243,401.410642257351,6.83575588770296e-88,7.00607438456828e-87
2.02717161644334,0.482005469864101,9.22760439938396,401.342084308467,7.07414104606629e-88,7.23821356108429e-87
1.24887011950923,1.40822072571652,3.78584019952133,401.332387365635,7.10852309956849e-88,7.26118936747869e-87
-1.38124032070193,-1.58512911998842,6.9629139518761,401.194546357549,7.61572359914761e-88,7.76625213929827e-87
3.08599063515358,1.39980683510566,1.09669012637935,401.045353035366,8.20555747690195e-88,8.35375149153496e-87
-1.4284535126211,-1.21832713574807,5.34149836600433,400.555418038966,1.04832543890412e-87,1.06547667312993e-86
1.31907352462376,1.36439184354027,7.19071924089399,399.32621174108,1.9382727083307e-87,1.96670070805289e-86
-1.53208122479211,-1.11063664073715,6.66779530383455,398.442062751548,3.01581984330087e-87,3.05496026722391e-86
1.91431142036394,-0.562613730806434,8.09415019722281,397.519566717167,4.78324760892919e-87,4.8372776483656e-86
-1.59092040072409,-0.513370452830893,6.24012601973434,397.409019735532,5.05507769717889e-87,5.1037003350622e-86
2.22275790167635,0.546911711345871,9.4611559392717,396.590820554345,7.61022557466831e-87,7.67070418850674e-86
-2.36111001846179,-0.610755183924185,10.767174623732,395.861294362527,1.09600397596478e-86,1.10288796787993e-85
1.64957845081435,0.254521622528344,5.31162896294275,395.093592856603,1.60885310689781e-86,1.61628675161615e-85
-2.25262795036211,-0.775226325530479,9.54178781373801,394.312322904747,2.37775447667513e-86,2.38480547841815e-85
1.41737821032558,1.02075365547661,4.28236753089548,393.971249242815,2.81987730765756e-86,2.82358767253606e-85
-1.76182400881019,0.506434618393706,6.18897792494564,393.544131563698,3.49122338756472e-86,3.4900768445803e-85
1.88088956103561,0.842798251972437,3.47544510683676,393.351000787008,3.84516918766776e-86,3.83760492041333e-85
1.62944963917058,1.36476319815948,6.7185535773363,392.661558354506,5.42782673157229e-86,5.40828300193324e-85
1.97537168137835,-0.320313294359944,8.33804445901934,391.371008522231,1.03482118469257e-85,1.02941035496869e-84
-2.34172446725499,-0.213601439186794,3.11318787481336,391.085006538207,1.19390522454323e-85,1.18572512349415e-84
-0.370979312082346,2.04617254769172,9.10294198369801,390.327407071087,1.7437350079348e-85,1.72896721959398e-84
-5.34141232392261,-0.459286383401345,0.680305904796535,389.036766241409,3.32460138858727e-85,3.29108508190557e-84
-1.49392094881255,-1.26372586542662,7.39610101282052,388.878381396507,3.5985903748514e-85,3.55652892891158e-84
2.26839076424145,0.893386698554155,2.31291117379512,387.239487555016,8.16608112217003e-85,8.05755297759662e-84
-1.44505595146485,-0.91034611461343,6.14653955557782,387.219301697387,8.24891812843643e-85,8.12611869998722e-84
-2.09954552352306,-0.484163330911143,8.17913420616967,387.081489041293,8.83736171740073e-85,8.69173798635471e-84
1.63329256437453,1.40704745618929,2.85946408085645,386.76734040811,1.0340442885732e-84,1.01536477884414e-83
1.43476451988634,1.24240168274494,4.68370128807832,386.730611033185,1.05320963289263e-84,1.03251855797912e-83
-1.58821011666461,-1.06164511505914,4.68605098944467,386.312715988432,1.29795482909067e-84,1.27040980699421e-83
1.28890075428827,0.930998657704633,6.47279910540814,386.042228668458,1.48591906123331e-84,1.45205060108963e-83
1.14621308310204,1.34635881522638,5.41692135976109,385.309783754353,2.14310547640895e-84,2.09090162506052e-83
1.46585741201559,-2.92234278963235,2.53511288926908,385.118444747586,2.35826325141949e-84,2.2971370679427e-83
2.23739309941477,1.32819852280175,1.94352239464775,384.008111841361,4.10863924940952e-84,3.99575011987303e-83
2.22635546097533,-0.00414284085704032,2.93984258628491,383.681150280047,4.8383447647209e-84,4.69790158335261e-83
1.8509535628449,-0.0625990479943941,7.64522829766134,383.544043256346,5.1816637052637e-84,5.0232434136378e-83
1.37541905579482,1.06460658506678,4.93957182649,382.881597652488,7.21634783759033e-84,6.98459867015103e-83
1.01516448841725,1.49035333206334,3.41517794338445,382.825339690076,7.42221823838678e-84,7.17245470401567e-83
-2.35019312110708,-0.716803061452216,2.72301521528814,382.770282845907,7.62937851031123e-84,7.3609598051941e-83
3.14818574503175,1.74689913015738,0.750583946237192,381.87901599343,1.19131140552224e-83,1.14757972101573e-82
1.59321172913924,-0.324941195735443,6.27841605464794,381.574249263706,1.38740914949441e-83,1.3343675990714e-82
0.0118819740386844,1.72150814333559,5.82117889670456,381.404388623134,1.5103907722846e-83,1.44857028813268e-82
-1.85345770730047,1.85065314771616,9.30730288534346,381.403700928677,1.51091020526323e-83,1.44857028813268e-82
1.61514848838619,0.198504662669705,6.76540135442512,379.824702840328,3.32746681519029e-83,3.18516005831422e-82
1.06211699351606,1.65024083597315,6.38081974859116,378.434079559364,6.66935356756496e-83,6.37410118042943e-82
2.04533661659869,-0.03545539557274,3.47824170194748,377.96667062107,8.42520162725701e-83,8.03959678789039e-82
1.59906948490071,0.4468322870266,6.99850636413555,377.628879585436,9.97540861440987e-83,9.5039573778603e-82
0.0019453731033826,-2.67706571573965,8.06489765120729,377.358573686893,1.14189684874808e-82,1.08622937737161e-81
0.528823669242268,1.53896356518576,6.13673971731736,377.270117333097,1.19353436394535e-82,1.13357834753499e-81
-0.564023903873802,-2.13403796647225,6.89336533949821,376.790661786965,1.51686655790217e-82,1.43842423746237e-81
1.67304708378049,0.965672152868226,4.00484309035653,375.93707417401,2.324350252068e-82,2.2007222915381e-81
1.81694827132826,0.560594889907123,7.87121844470027,375.92929848835,2.33340454996865e-82,2.20586442549831e-81
-1.34388395699824,-1.42736741214934,7.22428540589136,375.858026922148,2.41805661147168e-82,2.28234552723095e-81
-2.24422730585697,-0.790983624960153,10.7762244796382,375.494414899448,2.90017237763003e-82,2.73316554721542e-81
0.431258521316208,1.82151141684407,4.95094514356649,374.329878739059,5.19158090092082e-82,4.88506097755888e-81
1.14294504580215,1.11049294792285,4.80582469656953,373.953725582722,6.26585363810454e-82,5.8868081711081e-81
0.691626617899049,1.41652714622103,6.46660109848415,373.861018937992,6.56313349949871e-82,6.15660350461451e-81
2.5766453497297,1.34198384541006,1.48141581133877,373.54523117808,7.68570443539553e-82,7.19854901579815e-81
1.41058820013554,0.732600364795651,5.45281646455945,373.448725609685,8.06565417135765e-82,7.54281145855996e-81
-1.70930119617498,-0.243450633594769,6.65334886762395,373.158059445867,9.32732162693472e-82,8.70931504061021e-81
-1.92964874816063,-1.03235501802291,8.06733719855487,372.653453663017,1.20041304412767e-81,1.11915997130922e-80
1.45718269266697,1.10559304760329,3.69067857009621,371.921422225681,1.73096909064487e-81,1.61133636450244e-80
-1.24116112173872,-1.69829625422378,7.64571317349193,371.199264171944,2.48372747661753e-81,2.30853937063321e-80
-2.50552627556012,0.0278841342403367,2.60313329709466,370.863206468324,2.93817693346182e-81,2.72677151995664e-80
-1.45928259865837,-0.963489154553333,5.7801666764922,370.669711748035,3.23664292536757e-81,2.99919058289768e-80
-2.30789804715421,-0.267852983204558,10.7027888718474,370.614162170896,3.3278000734453e-81,3.07897368497492e-80
0.894027015249509,1.4931441410797,4.70943908578397,370.024724298204,4.4683999137653e-81,4.12801497344509e-80
-2.04596710276275,-0.99044720783567,8.6964124069944,369.825424105392,4.93661799241102e-81,4.55365611178762e-80
1.98963076466738,0.548750262646908,3.0746408449348,369.200648708127,6.74679905580268e-81,6.21399586259103e-80
1.76325880330989,0.853990640878187,3.57159803372051,369.082648469635,7.15683824606687e-81,6.58169656224398e-80
1.77781213186465,0.100101332293166,4.42513868911832,368.610630720392,9.06188514963582e-81,8.32107945565353e-80
1.87795446663359,0.308474599546119,3.7661205649605,368.551942074463,9.33174002461785e-81,8.5559688659448e-80
-1.52794231430908,-0.69903329416283,5.74098887586801,368.225443466019,1.09865390367866e-80,1.00580525798431e-79
-1.507836357822,-0.825919879467313,5.18592492449988,368.087639246379,1.17702234915407e-80,1.07593274198949e-79
-2.20927901441019,-0.724554238601252,10.3456518253865,367.804872668761,1.35577209674142e-80,1.23747234257298e-79
-1.477045938149,-1.04353020913977,6.97819674681213,367.419098098982,1.64420731061731e-80,1.49849312979613e-79
-1.5120425881581,-1.22420155759107,7.50905264484248,367.173658892077,1.85888713376874e-80,1.69161507778537e-79
-2.50833138629433,0.0185235654169528,2.55891114204361,366.876217545168,2.15695750651052e-80,1.95993392531882e-79
1.27056508154257,1.70924668158673,9.84840453025584,366.709717177053,2.34421092092704e-80,2.12690850769058e-79
-1.76949404419527,-0.738099868469826,7.49038400797171,366.153118128973,3.0964254794167e-80,2.80521403551918e-79
1.27409288029728,1.03367862593113,4.16341367424981,366.074625918548,3.22036426923534e-80,2.91316161532017e-79
1.37646880028917,1.63659680526409,8.66211159425683,365.930250623065,3.46143114056417e-80,3.12658646643244e-79
-1.43089602034726,-0.897885538549764,5.26893825711042,365.625295569217,4.03158522589188e-80,3.63619123781181e-79
1.38538007053151,1.0348855007163,5.55529837661421,365.048361724509,5.37966754292566e-80,4.84488402386559e-79
2.0662745736194,-0.13957550500992,9.3721851891225,365.006856300696,5.4924767332657e-80,4.93917257786138e-79
-2.26349780104897,-0.550955526311685,11.0181590428752,364.861285249532,5.90715787514786e-80,5.30424441650445e-79
-1.60106774088028,-0.717131196359145,6.7772187772363,364.248193443396,8.02619620584085e-80,7.19638917542844e-79
-1.55931442620636,-0.999203885125268,7.06978399232845,363.921848957261,9.44875475526472e-80,8.45941455147818e-79
1.65384012280834,-0.464688101190618,7.05980693343111,362.635766558337,1.79739620950142e-79,1.60683526041772e-78
1.38647269072569,1.47002914952663,3.46918844032645,362.364053037033,2.05894934915607e-79,1.83795947766307e-78
1.72220044008236,0.392314403736935,7.72560898331092,362.32008833779,2.10471102543983e-79,1.87605867099234e-78
1.53343520718599,-0.407262680369846,5.83915495493932,362.073858794527,2.38045810264853e-79,2.11874691943337e-78
-2.57900661923118,-0.258938705612973,2.27873152690948,361.966086368984,2.51225099507856e-79,2.2327859938742e-78
2.54368688875297,0.443868500498874,1.92457959007006,361.472585212921,3.21532917620101e-79,2.85348746715915e-78
1.22136276240905,-1.63496811205926,8.07060565656695,361.213723682985,3.65962434818245e-79,3.24305575425542e-78
-1.53313576486844,-0.883237490069706,6.50060518687574,361.003749682182,4.0647307532303e-79,3.59681407349797e-78
0.199665448726056,1.66355074193063,5.6456544879844,360.608273494336,4.95345641895439e-79,4.37687121605143e-78
1.72800895190392,0.3468818198337,4.23506152825057,360.578993533981,5.02650835744723e-79,4.43498302610707e-78
0.200279947320283,1.78063112108529,4.87965924433082,360.13533936945,6.27486933569778e-79,5.52842322948308e-78
1.27732164315312,-1.76394721112336,9.5377882204496,359.895717654929,7.07355738151243e-79,6.22309499113406e-78
1.27865971493803,-1.77649829293987,10.0456169552684,359.214677013716,9.94314967980521e-79,8.73504981971921e-78
-1.46538215198649,-1.05656140486684,6.9341995715549,359.014978342715,1.0987224350826e-78,9.6383604968053e-78
1.44110616317319,1.07145160904744,4.50511699433342,358.338825372174,1.54068106313059e-78,1.3495922751567e-77
1.84358164690434,-0.243600612349765,8.09763468594708,358.050660725866,1.77945456039701e-78,1.55651140283003e-77
-2.12993785012178,-0.539342865126393,8.86075870720467,358.000740879023,1.8244285487419e-78,1.59356111976193e-77
-1.48161341335253,-1.25688264036554,7.41664995862364,357.826380877524,1.99062132729065e-78,1.73623246999219e-77
-2.18213137412137,-0.724639233468387,10.1255638321388,357.525085798588,2.31427011850217e-78,2.01563325914752e-77
-0.672832433530134,1.58377944674714,4.63126382440328,356.959304368227,3.07094419418279e-78,2.67084403631212e-77
1.76741218042982,0.564880926358854,8.46506745725958,356.32821627735,4.21027983607008e-78,3.65651692467827e-77
1.68876571437655,1.06582805444642,4.60348838648867,355.804098743114,5.47169194414567e-78,4.74525079144713e-77
0.0452808724920681,-2.13290652218138,6.45963365203516,355.72004911784,5.70653891049565e-78,4.94187893130833e-77
1.08086167631593,0.92645984200184,5.952413674454,355.494704010469,6.3871314057132e-78,5.52341704516789e-77
1.12881457695958,1.862712051788,4.07538357518741,355.460219512675,6.49821482711368e-78,5.61150806630753e-77
2.19506156748337,1.94609717622121,1.00239000336546,355.391998784126,6.72369504612236e-78,5.79799652135878e-77
-1.91909778527322,-0.485993099643863,7.852843585259,355.136293546497,7.6407096140628e-78,6.57943990529198e-77
-1.58918932493789,-0.92371805978129,7.14965513037742,354.785913560126,9.10369589587172e-78,7.82814980424675e-77
-2.29614558428015,0.553433887802327,11.390049617263,354.590836053166,1.00364074543003e-77,8.61800403128073e-77
-5.03781731929653,-0.0463674355097461,0.612434806616849,354.368493597653,1.12165509929938e-77,9.6177975275136e-77
1.87819230819167,-0.292555488031415,3.9181600153261,354.118796923789,1.27080899123911e-77,1.0881413697136e-76
-1.26485068208419,-1.24767724683801,6.64922038797819,353.449282377294,1.7760840553176e-77,1.51865164729966e-76
1.65033918024418,0.807290704231816,3.65353712017132,353.153747056741,2.058913944093e-77,1.75801796516665e-76
-3.37958673004327,-0.794780260939346,1.209837862546,352.883256870753,2.3570803779251e-77,2.00979066397871e-76
2.35872735469541,-0.278309780924659,2.38423765481144,352.535148498364,2.80520862229773e-77,2.38854686609071e-76
0.647209799051051,2.21353554177759,3.0373222069216,352.021969333228,3.62577295277198e-77,3.08291979559718e-76
1.59120080854801,0.542450258629877,7.44499085872702,351.624996079796,4.42183213614253e-77,3.7545486812881e-76
-2.1745553481413,-0.650938525009918,10.0986463224274,351.55411163896,4.58136203313066e-77,3.8845866375626e-76
1.99021290708092,-0.169696218510229,9.42938167142125,351.088724242392,5.78165537850509e-77,4.89551014524882e-76
1.52175392468683,0.538276252837187,5.7662017390577,350.834900052823,6.56401287137392e-77,5.55023755012839e-76
1.52256280480159,0.650637195063727,6.62676220394734,350.340159765622,8.40622310784698e-77,7.09807021921948e-76
-1.67459428999895,-1.0645470181816,7.5886221605962,350.070332131631,9.6204024134834e-77,8.1120512317572e-76
1.95392387472297,-0.650338536400008,10.1557085264879,348.875094397843,1.74878256487571e-76,1.47255715836284e-75
-1.72287559538811,-0.755881106420659,7.66268340049972,348.550186995176,2.05725705731753e-76,1.72991449792115e-75
-0.233816555530157,1.73069257155627,5.73161590893119,348.543593570822,2.06405043345974e-76,1.73323297088316e-75
1.03599428636599,0.904528068431592,6.10586712106857,347.859587323671,2.90569732844187e-76,2.43662332445649e-75
-1.75882149315012,-0.81381496410531,7.86391171489179,347.74150131987,3.08242433035059e-76,2.58126538145453e-75
0.447070838189699,1.91676420092293,7.63424436130604,346.594366064191,5.47002964210897e-76,4.57438742598344e-75
1.93777228563023,0.150892503429149,8.72481989940664,345.38886269594,9.99450777461304e-76,8.34657933221457e-75
0.345891310785479,1.67803565435194,4.90888417868886,345.102951463074,1.15304496987118e-75,9.61607914599419e-75
3.98018141335491,1.40032431786915,0.448438840859472,344.48466317059,1.57074556571194e-75,1.30816675842056e-74
1.37954581532309,0.913417262421671,4.00175707363535,343.459478148007,2.62253891625223e-75,2.18114985275186e-74
-1.56658396813278,-0.957792410285577,4.44210597855242,343.412755031201,2.68452675942396e-75,2.22965878736331e-74
4.67662059836989,0.943931687506286,0.384598954338638,343.246444674154,2.91730322796436e-75,2.41969237763583e-74
-1.3058855832214,-0.935815325150171,5.98958547668993,342.98075987027,3.33176448628302e-75,2.75969825748177e-74
1.40280134899619,0.621881985950036,6.6044710303683,342.790601975418,3.664093579875e-75,3.03084262422269e-74
1.62147380586687,1.13984927269378,3.06897762045657,342.697680867608,3.83834598505725e-75,3.17067169023454e-74
1.48221054438344,-2.60074996186265,2.31230444073474,341.997305895011,5.44789353731856e-75,4.49414306980967e-74
1.59459451523206,1.28157711106925,8.98462528385899,341.585770516098,6.69256170575047e-75,5.51343919683476e-74
1.20857887753934,1.23087109722309,3.54261737214683,341.254090854642,7.89979292601175e-75,6.49918099102156e-74
-1.63977172227686,-1.1487408875278,7.72148995962207,341.242489278576,7.9457511182748e-75,6.52816906991322e-74
0.426865654535933,1.73355509185101,4.48377781796007,341.168601623815,8.24478733644279e-75,6.76472578224578e-74
-1.46255660787685,-0.50578213929587,5.99116098419996,340.784034870372,9.99279705909686e-75,8.18790693079161e-74
-2.59842320699748,0.196278532666853,2.18224944226954,340.559950777448,1.117754199063e-74,9.14635425254781e-74
1.63499524876423,-0.685831962007255,7.81716021448342,339.805105926884,1.63026718427264e-74,1.33222370709421e-73
-1.30343421977439,-1.19745936842235,7.3616288584956,339.735026820012,1.68840360748491e-74,1.37788219334694e-73
-2.86231292789627,0.0247270207565685,1.78855607842375,339.712445281435,1.70757500935452e-74,1.39166220307233e-73
1.10707082003342,1.30179277160901,5.42245675745083,339.189344713161,2.21804133514524e-74,1.80527214550324e-73
1.61294661970075,0.766840582227672,3.72770205800712,338.993295180876,2.44647763756204e-74,1.98853883277406e-73
1.54598326836324,0.57923409930921,7.0281615452931,338.759254576707,2.75018888068689e-74,2.23241998741624e-73
-2.12591990757108,-0.668434478901514,10.27532322878,338.640468669261,2.91847887383429e-74,2.36587208840255e-73
1.83653595620777,-0.251011631502061,8.30399579267827,338.257224178809,3.5348992285072e-74,2.86176416265317e-73
1.62110173237843,1.08382700593073,8.61556962163298,337.993385778672,4.03337700766746e-74,3.26098263249396e-73
1.4775295638849,0.34240542561394,5.54077298535998,337.983148383163,4.05407557516195e-74,3.27337030525013e-73
-1.40422411121367,-0.622080631221009,6.34143231212171,337.949330664087,4.12320819940351e-74,3.32478033350577e-73
-2.04221482067777,-0.667882945995108,8.87466439984574,337.928404299425,4.16657656850294e-74,3.35530663347168e-73
0.930706848466158,1.03501835470131,6.46925063061343,337.465419270578,5.25188597942362e-74,4.22370962255363e-73
-1.78626415841341,-0.426450981320999,7.7072637602836,337.249790641781,5.8497654163415e-74,4.69833401776874e-73
0.997316043738731,1.02367914506861,6.76825046851395,337.106916126704,6.28294499123432e-74,5.03960067281087e-73
1.56268623928528,0.156538927142184,6.78892259138636,336.753398574755,7.49770965208162e-74,6.00606004761486e-73
1.01461883152476,1.86933526069872,8.45475949583347,336.733529495723,7.57256716669558e-74,6.05805373335647e-73
-1.22986891041815,-1.03085689207663,6.65441570901076,336.54596697651,8.31709797831107e-74,6.64494652125431e-73
-2.23914772509372,-0.533003356087697,2.6981892747159,336.215840324604,9.80974931532567e-74,7.82722854937126e-73
1.49109619122752,1.03003316133255,2.97215931738118,336.143721185396,1.01699397815817e-73,8.10400437045408e-73
2.58373877757594,0.155433157875004,1.78528391512141,334.221623076458,2.65886742044738e-73,2.11590001860601e-72
0.135818172970922,1.72913773380293,4.98699421343639,334.219078325357,2.66225265153122e-73,2.11590001860601e-72
1.54198745171018,1.3433996449664,5.35698910583611,334.182867922725,2.71089225801715e-73,2.15174863974034e-72
-0.917213218901671,-1.58692119095706,5.29694279616689,334.111849575413,2.80888329616244e-73,2.22662519622877e-72
1.67795420100154,-0.223487496647763,4.68109776429007,333.543990647774,3.73114987891969e-73,2.95386742039832e-72
-1.44017824282375,-0.668054576364782,6.62627089398942,333.248189317848,4.32588666941547e-73,3.42025948615603e-72
1.95120415584146,-0.258437036236298,9.4808239397938,332.739500849437,5.57873118226813e-73,4.40509927855361e-72
1.51636059128818,0.763642365216175,8.16898249945704,332.576548306117,6.05229558436115e-73,4.77284656963609e-72
1.52389138985592,-0.286481925446209,5.41775878692355,331.022091549577,1.31663721387099e-72,1.03695826106683e-71
-1.56084243990491,-0.595808071619916,6.8931091387956,330.915832238806,1.38848132258383e-72,1.09212846148454e-71
-1.92626725864175,0.074949998161608,8.00963687984099,330.802070893342,1.46974842825021e-72,1.15455850724998e-71
-3.7435516224508,0.173185998908127,0.975715017931782,330.293977154168,1.89484704168452e-72,1.48657587497105e-71
-1.88599788000184,0.323594469448703,8.12050031466646,329.394022909614,2.9716437198943e-72,2.32836125697767e-71
-1.45873137772984,-0.768694972686463,5.57844490889602,328.856454720676,3.88801729633101e-72,3.04244849615208e-71
0.975118852184659,1.15550590737857,5.1141654917498,328.638946165817,4.3347052405571e-72,3.38763613665104e-71
-1.98343665050804,-0.962116964043383,9.86988484053283,328.407093385508,4.86749778311174e-72,3.79914442353644e-71
1.85304686115884,-0.119603518765914,8.55343974752247,328.390807675329,4.90729492348377e-72,3.82530236801142e-71
1.49875068854112,0.247577058248125,5.60492224878035,328.275572229377,5.19834643050481e-72,4.04699911367178e-71
1.04288345320384,1.08440996182598,7.27914568237873,328.139198463535,5.56516961864354e-72,4.32704375968096e-71
-2.15759420848205,-0.294638541745506,2.90071366696331,328.025227658075,5.89151315197724e-72,4.57494031495376e-71
1.67220100897323,0.756284514085708,3.34577109893566,327.753205383188,6.74987512003116e-72,5.2348076090127e-71
-0.180831408264686,1.67437827402892,4.88569956683186,326.758101922703,1.11014500422126e-71,8.59868038893006e-71
-1.36527777274494,-0.751031257925588,5.93512101032285,326.537334169559,1.23970632612544e-71,9.59000268545321e-71
-2.01680865003807,-0.48540379683767,3.29627286163649,326.529135408893,1.24479878468849e-71,9.61717639744101e-71
1.47647210482916,-0.380089639543389,6.5233176748484,326.415258209788,1.31773255433129e-71,1.01677513190987e-70
1.81497928539623,0.097694712505476,8.30211073470185,325.949024793676,1.66367532427703e-71,1.28208295875931e-70
0.900227046882403,1.65128755741571,6.6922279454941,325.795024115447,1.79683996101015e-71,1.38295343648923e-70
1.47759061759926,0.18188251851687,6.46417775165621,325.544019704433,2.03710921284501e-71,1.565899101995e-70
1.41965493478908,1.29071740996035,2.70319574675672,325.297493090573,2.30434174185113e-71,1.76908354658129e-70
0.572260815545207,1.7052385900976,3.78038496083044,325.076191114449,2.5739612260166e-71,1.97358639093061e-70
1.60234014111194,0.300610803424228,4.29256156844792,324.320775400046,3.75524640118908e-71,2.87571573464643e-70
-0.764362167397343,1.46635541760466,6.58258887322199,323.86766653385,4.71009621509147e-71,3.60239519566293e-70
0.73029062356532,1.72609490643716,4.27733083182231,323.554417849643,5.50872212900106e-71,4.20791722978149e-70
1.25982106022771,0.787921459555784,5.62678440781832,323.066941955932,7.02918399644777e-71,5.36261556019725e-70
2.09571017420177,-0.0415155181627765,2.70797054180283,322.861055726922,7.79134684564637e-71,5.93663574421716e-70
-0.239366651328161,-2.65903415179911,8.97099068050812,322.573343835653,8.99680653343474e-71,6.84656977194384e-70
-1.94261222947538,-0.726797190686859,9.19023294951745,322.004293812265,1.19579304762253e-70,9.08862431201746e-70
1.31109339001888,0.552664847410386,5.6785181796223,321.918256333807,1.24835706984137e-70,9.47630653515494e-70
1.37239935078035,0.478344902816071,6.23710818844472,321.740473825135,1.36440658386409e-70,1.03443428176396e-69
1.55028450216787,-0.181108144488276,6.88043498050567,321.405092149783,1.61350758698825e-70,1.2217704215901e-69
-1.2958646749212,0.968386183900399,6.74504844363976,321.246550841387,1.74661754973626e-70,1.32092020407383e-69
0.564819897172271,-2.18156194718767,7.70919917295563,320.985324365482,1.99031780470504e-70,1.50335667432311e-69
0.129229672684123,1.65811702205756,4.58043024289233,320.522633429352,2.50838669352686e-70,1.89232443496797e-69
-2.66589562246042,-0.511760843044511,1.79016671585301,319.994817468323,3.26594049687532e-70,2.46077298823972e-69
1.78522409467767,0.317988367096931,3.43416052514123,319.727826497334,3.73236940392077e-70,2.80873484932875e-69
1.85397481816259,0.421942895791801,10.8138930837809,319.233255449043,4.7794658101602e-70,3.5922701052167e-69
-1.35360500188461,-0.796488666695095,6.0917473422576,319.226029819532,4.79676436418242e-70,3.60082631925309e-69
1.59894616923224,-0.225539362355369,7.31590853291073,319.107435661385,5.08980072189147e-70,3.8160968959206e-69
-1.3841395033982,-0.608257813928719,6.05053662935028,318.235100434854,7.87274104518132e-70,5.89535639398079e-69
-1.39018994973835,0.996464413644798,6.20797291319366,317.580191130945,1.09228938972165e-69,8.16935848234081e-69
-1.25279172404905,-1.07163593300517,5.87719752520808,316.908193064646,1.52848169161047e-69,1.14176644644473e-68
-2.04312910275327,-0.555392465152775,10.4349942451552,316.225141710847,2.15071546492427e-69,1.60460242039938e-68
1.49017070794208,0.11258461153954,5.61322987165937,316.023037915094,2.37940976503449e-69,1.77305344547491e-68
1.51322692338497,0.29665481723713,6.66940348156486,316.010100259842,2.39485164824793e-69,1.78237858612877e-68
1.52053508892905,0.211124952493302,5.06379067520578,315.876601734218,2.56016203005898e-69,1.90308503528682e-68
-0.748946728370216,1.30516067810886,6.67684427670196,315.051554893117,3.86744456583986e-69,2.8713417703455e-68
-0.477956559168575,1.74658899191924,4.38077683544199,314.508219181714,5.07467166220362e-69,3.76304519847693e-68
1.24887615860407,1.14203415754974,6.97591745536229,314.21643449374,5.87175853897022e-69,4.34881581329084e-68
-1.10142938582599,-1.47740774978193,6.4574883462589,313.687425549233,7.6496404135763e-69,5.65868904469654e-68
0.890359051346359,1.33834921282836,6.86835768233174,313.45295463547,8.6011343769233e-69,6.35481869984333e-68
-0.721689493434073,-1.55181625600499,5.96170345544826,313.260743981932,9.46877388886893e-69,6.9873812649011e-68
1.78575067970555,0.616919052179878,3.17732146052457,312.855805557314,1.15937787307886e-68,8.54514829455699e-68
-0.930288360951853,-1.42229327830949,5.41005451852185,312.731682233381,1.23361046476895e-68,9.08128235733179e-68
1.35978904699185,0.669238745321664,5.10439961458114,311.388569148659,2.41452299323374e-68,1.77531593995253e-67
0.165991473601804,1.54750025689403,5.85564473671162,310.689318323848,3.42508798923237e-68,2.51531190331082e-67
-2.02470760464214,-0.512474892859565,9.94284512824426,310.434924774144,3.88966850401733e-68,2.85304841595874e-67
1.22013565691542,0.838870363253778,5.81117080860492,310.336130669788,4.08663130432506e-68,2.99391232018423e-67
-0.470589556296809,-1.8404303590132,5.67028179263625,310.199036871332,4.37658127121636e-68,3.20247918018813e-67
1.45198679042808,0.949266548708457,3.55979173064968,310.126605167282,4.53798799063691e-68,3.31659914609814e-67
-1.79735230114718,0.146436965589756,7.86201980353952,309.943187284651,4.97384250520135e-68,3.6307857519983e-67
-2.52225339762092,-0.514913259850724,1.8219007623155,307.436369940689,1.74196930941196e-67,1.27007295277845e-66
2.26441201669611,1.03280128720516,1.59145539019383,307.284445997784,1.87944821614118e-67,1.36866994496023e-66
-1.01834123699247,-1.20034128826428,6.32538660336647,307.081628414629,2.08003978989271e-67,1.51293694634012e-66
2.7370929437823,1.14078291707026,0.99983011585441,307.024902985316,2.13987996843274e-67,1.55460492217405e-66
1.61113989629079,0.695299480101975,3.77791921316609,306.768993924381,2.43197642018821e-67,1.76470470156207e-66
1.45519373121448,-0.0248926967415164,5.74543589541825,306.709328019136,2.50562253601587e-67,1.81597976181722e-66
1.35098894343125,0.611827264399532,5.68370252181503,306.119567627726,3.36496451169094e-67,2.43589821012776e-66
-1.25575564230101,-0.806642834869978,6.10733884471951,305.186115553275,5.36632573660334e-67,3.88007020005239e-66
-0.480178721715534,-2.06872104281245,7.65218292849165,304.330937479343,8.22955951124844e-67,5.94324535047218e-66
1.25218924421893,0.540334231956965,5.72227883663117,303.687756368189,1.13511952472012e-66,8.18792377546931e-66
-2.02044359957118,-0.395719943119648,9.83991574297543,303.50665767708,1.24270107771621e-66,8.95333036820863e-66
1.38848728496727,0.695230817953226,5.60805369947321,302.433147415995,2.12557516069446e-66,1.52961011563923e-65
0.124035143997876,1.55027485759904,6.00803868468072,302.426218269674,2.13295214301489e-66,1.53310656985533e-65
-1.51945190931997,-0.558650088929662,7.19855735870895,302.341058894969,2.22573386927142e-66,1.59790893822222e-65
1.34879968755495,1.07448482596288,3.58299361410684,302.244462286783,2.33587135826927e-66,1.67500410237259e-65
-1.32885417529411,0.97054957182102,8.25358250153701,301.982394770426,2.66290798312226e-66,1.90726868249981e-65
1.52073443902521,1.16217745678108,2.45591283599282,301.482371549641,3.41928123159582e-66,2.44613209611696e-65
0.757736423655469,1.35306701797573,4.07572548043523,301.324833990768,3.69950542657675e-66,2.64349636584498e-65
-1.77502057401693,-0.453835035640653,8.22374622745442,300.396638004503,5.88435500782407e-66,4.19976005716681e-65
1.23393742152049,1.26507963613739,7.51093650461017,300.17065776668,6.58824667219671e-66,4.69663299067138e-65
1.69570049591179,0.365455863195409,3.65598786579799,300.083954978563,6.88013757647079e-66,4.89897983222856e-65
-1.42757910623286,-0.472754990798036,6.51863012380801,299.895287553197,7.56076489006948e-66,5.37732904798399e-65
0.851170605383667,1.05795572056143,6.54430736765793,299.796695113283,7.94282162854997e-66,5.64246185234682e-65
-2.07861223007737,-0.135625105051599,12.8228717644257,299.084761270743,1.13388570302379e-65,8.04556662005693e-65
-1.49013783836632,-0.294943346893281,5.74513850848153,298.566775742578,1.46909001739652e-65,1.04118975854598e-64
-0.0893488086093664,1.58798036466467,5.25025893871231,298.5131164713,1.50903867492425e-65,1.06825900615568e-64
-1.23065344761343,-1.01183390551497,6.8179085510938,298.407392601219,1.59095544410823e-65,1.12494038835435e-64
-0.589731902210016,1.31143906037712,5.99700302146883,298.381776358911,1.61146364961801e-65,1.13811957063509e-64
0.693026380178535,1.21367061461416,6.3475005614429,297.60547922235,2.37569834303505e-65,1.67592717409008e-64
1.33701689565703,0.470820321578357,5.40494013918486,297.373433776263,2.66796005614558e-65,1.87992370622851e-64
1.19611277014584,1.88289853420723,9.82107954519764,297.217334371963,2.88453543317552e-65,2.03017938926851e-64
-1.55131953864267,-0.820426464229192,7.56599071201277,297.210763193347,2.89402841843872e-65,2.03450866183082e-64
-1.69051213574074,-0.8231157615168,8.16442368883675,296.953454378266,3.29136988152648e-65,2.31117183837754e-64
1.16393836024341,1.13046638993121,7.24498380503752,296.767438740255,3.61218074513993e-65,2.53352031986312e-64
-1.37436680587916,-0.623764650946554,6.41049877383136,296.421029719517,4.29527759232153e-65,3.00916570564482e-64
-1.37701010538919,-0.773353597636806,6.79968699531779,296.155722947865,4.90458053087482e-65,3.43207888183516e-64
1.87596024263034,0.0258999014875356,10.4313352246207,295.833944894787,5.76069770792073e-65,4.02653589504264e-64
2.30132327138236,0.64107320306686,1.68599468803624,295.787297232003,5.89663841644042e-65,4.11682737147813e-64
0.230994649593412,1.52401310775594,5.85650382762584,295.15576912393,8.08609955083275e-65,5.63896610142838e-64
2.29743439850651,-1.57006490271766,1.51862368368734,294.909417715873,9.14605086507818e-65,6.37084183828329e-64
0.136146818708092,1.57365830755887,5.28337945657714,294.510721898611,1.11637296071033e-64,7.76740409691944e-64
-0.732818512857575,2.3802739807042,1.24163713375536,294.354210673626,1.20724465072873e-64,8.39007469593207e-64
-1.98269524568948,-0.426989258513056,9.92021232388021,294.315291669342,1.23096709549655e-64,8.54518549302505e-64
-1.85556397415248,-0.982660715771544,9.7796109953167,294.149180317184,1.33757168287771e-64,9.27464283070561e-64
-1.78743685195942,-0.96005246887055,8.90390155748249,294.073996734848,1.38881044280292e-64,9.61897380635289e-64
0.937173249674679,0.964294853064377,4.95699189660637,293.135511318071,2.22040651188654e-64,1.5361175959506e-63
-1.43701312822975,-0.86877672004329,7.47995532982338,292.143368010494,3.64647864225578e-64,2.51983677344531e-63
1.01113470609947,1.19549914711452,4.78303764871064,291.552483331608,4.89984849776375e-64,3.38211764788953e-63
0.95877086129093,0.982403555132488,6.05632538821028,291.286420730577,5.59702712548474e-64,3.85896955152334e-63
1.6735971169409,1.27578564618005,2.00043110947427,290.766160705019,7.25989669291438e-64,4.99980215683967e-63
-1.46575398129006,-0.544536515937924,7.03556412652069,290.414765802785,8.65435835591895e-64,5.95341623399261e-63
-1.33910862207171,0.667090445783073,5.35206104996759,290.307686000078,9.13034016249887e-64,6.27375969630848e-63
1.44361814284815,-0.164433458205781,5.5201512135734,288.855831919612,1.88691816717441e-63,1.29510234518126e-62
-1.40199418960288,-0.490209725599305,5.15956921904397,288.852184314659,1.89036267329519e-63,1.29600540034021e-62
1.89787111169867,0.530217641555244,2.49576629983601,288.705036842213,2.03468789283532e-63,1.3933835648573e-62
1.41806200655921,-0.90570483216418,8.5154128766537,288.615074075446,2.12830060000046e-63,1.45585326435986e-62
1.21556499415349,0.68400624612724,5.70299976647042,288.426489158913,2.33874925291474e-63,1.59677378154196e-62
-1.94617128515187,-0.537675515107497,10.0660217322449,288.425798651054,2.33955685469026e-63,1.59677378154196e-62
-3.15016897541736,-0.24743277425755,1.0761499728732,288.360505925875,2.41719528690462e-63,1.64791544307674e-62
-1.22366926248585,-1.18385552100271,6.88452439364607,287.519877192919,3.68003499691033e-63,2.50604620371254e-62
1.53309447111179,0.234952254096196,7.44379483692684,287.012250652142,4.74331155731114e-63,3.22651181686147e-62
0.813302072698202,1.43194387198242,4.90430267313072,286.962267776598,4.86334741980125e-63,3.30447088077567e-62
0.902174573639988,1.02390779424493,5.62489483324638,286.461806821812,6.24610111642481e-63,4.23927130399044e-62
-1.31880002868909,-1.16224877488109,7.62837772679158,286.396683276733,6.4528327488281e-63,4.37470442927233e-62
-1.94222670568323,-0.56401598420536,10.1157430589402,286.266987217852,6.88515228079811e-63,4.66260368025572e-62
-1.38167178907097,-0.514120264449011,5.50944778411366,286.1991847991,7.12256888691058e-63,4.81802215372351e-62
1.38416875273745,0.385286604196926,7.00934728743517,286.18869817885,7.16001280372024e-63,4.83797535505537e-62
-1.07176511976226,-2.07103054186613,9.45684465995362,286.161628037989,7.25758290081825e-63,4.89846615301347e-62
1.25079626756993,0.90283651656352,7.7338561446273,286.137800941226,7.3445635612124e-63,4.95168360583179e-62
-1.22486142717664,-0.769513805666451,6.00771655399237,285.924698100338,8.17035049712094e-63,5.5023333878841e-62
-0.580340747813701,-1.85447718310738,4.79435980654928,285.679818586171,9.23454705179606e-63,6.21214612721927e-62
1.6258860657794,0.751387274723936,9.33748722549627,285.390913599096,1.06696584989199e-62,7.16963365799383e-62
-1.8927748774894,-0.656236700411823,9.48604464598622,285.365475975344,1.08062305542088e-62,7.25339929592315e-62
-0.869143972151003,1.41439974529302,3.9090629748091,284.851639701959,1.39717999321806e-62,9.36787643029907e-62
2.43148849294865,1.45403082658729,0.836135563209476,284.660192880434,1.53753321760868e-62,1.02975822099028e-61
-0.371202927555861,-1.84028418770501,6.95678897618624,284.520882960503,1.64844807611696e-62,1.10282987773627e-61
-1.55577331253496,-0.47889626356182,7.41500702550168,284.225816189912,1.91050512543943e-62,1.27674590600167e-61
0.837546429354857,1.50896393127714,4.50924804775867,283.917121180216,2.22936139726832e-62,1.48819651168526e-61
-1.86586509781821,-0.629320207803501,9.4426111143852,282.732464432472,4.03111716376576e-62,2.68800014162168e-61
-3.421622373333,0.546762691926132,0.846670708285403,282.542858983264,4.43197927847171e-62,2.95206672290326e-61
-2.04264914030479,-0.59130067273675,2.57197406414821,282.226840614031,5.19063198033469e-62,3.45361393401941e-61
0.587690574100118,1.33245383866493,6.45813634095998,282.13356833441,5.43843642905883e-62,3.61454159171508e-61
0.998809349844606,1.43014198895624,4.32603241146525,281.841226143256,6.29441475906494e-62,4.17888735585467e-61
-1.41725595901757,0.231458475564442,6.07984973790301,281.354381330287,8.02920163709554e-62,5.32481258895835e-61
-1.97698056748006,-0.509846203490678,2.66820600260433,281.210725002163,8.62714186747867e-62,5.71512945475627e-61
1.14061207623124,0.644067157868602,5.96178891399124,280.597738289182,1.17212873590635e-61,7.75643450456287e-61
1.38595988101503,0.165332670972707,5.71848268655556,280.559263996903,1.19489542869382e-61,7.89850528760911e-61
0.557545114573442,-2.21004944664424,8.45102204818541,279.91877413445,1.6459267598257e-61,1.08681150909098e-60
-1.91159568589237,-0.16075633634849,9.40972872213709,279.161921804012,2.40302838891224e-61,1.58500940755121e-60
1.921175196317,1.12228216042591,1.91146204954336,278.993048209236,2.61474497279848e-61,1.72278867904731e-60
-0.475594223601455,1.46193739285317,7.31861323421767,278.77453336081,2.91661586032329e-61,1.91960620082683e-60
-1.60545574569245,1.35656248417601,2.29774880476124,278.439465538989,3.4485639676933e-61,2.26726322195646e-60
1.25876467083216,0.48538281669922,6.3025337977785,278.124386716346,4.03698172289877e-61,2.65125617357149e-60
0.213399938990209,-2.06196286268879,7.48888523204677,278.005915446403,4.28333944463654e-61,2.81001837704173e-60
1.27236406184999,0.550373031281348,7.34901999523327,277.136414013335,6.61595175794298e-61,4.33562048464552e-60
-1.81832429540945,-0.489268693925343,8.83853613265159,276.799284424458,7.8306730205941e-61,5.12614380100826e-60
1.1847565965413,0.844896699254837,5.0551474364764,276.582482001958,8.727244389764e-61,5.70692415090046e-60
-0.277638905609586,-1.92846736757862,7.13229883820659,275.700101911323,1.35669910928924e-60,8.86221478256746e-60
1.70443872114922,-0.617715583217784,10.4885867980286,275.218175434756,1.72636468985852e-60,1.12648534103523e-59
1.93639243089557,0.416356345817534,2.48730610754667,275.010436862862,1.91532466900302e-60,1.24844717182981e-59
-1.36486700072372,-0.82238141841059,7.16417759899738,274.716429543053,2.21863204079509e-60,1.44460233843428e-59
-1.91189011638761,-0.572871778552362,10.5593962543138,274.616698694941,2.33206987635759e-60,1.51684203069071e-59
1.28217879919211,0.559785164526309,4.91147275937074,274.600597134653,2.35092063806409e-60,1.52747116803994e-59
-1.81978873037417,-0.689541817195101,9.08411423952448,274.526222340145,2.43999114346263e-60,1.58365310036253e-59
1.00073461688104,0.730527704121386,6.08324061806641,273.865468929748,3.39522867371043e-60,2.20129416033537e-59
-1.76444877900077,-0.752556107425939,8.8888857374084,273.748080171773,3.60047396505581e-60,2.33188143609146e-59
-1.89426120570813,-0.545411148661237,2.75674436199314,273.645119417582,3.79068169946114e-60,2.45246229397656e-59
-1.31586220133566,-0.673694682707683,6.82201172239834,273.516801476675,4.04185943107737e-60,2.61219110577484e-59
-1.56570857256325,-0.674004341718846,3.99877727382622,273.49345528674,4.08931688888439e-60,2.64005951426597e-59
-1.37021191488117,-0.290114732748118,6.21361311511573,273.286633271645,4.53483610920982e-60,2.92458498229548e-59
0.0990429580920812,-1.8473637295118,6.55696325215959,273.198487067974,4.73917014580927e-60,3.05312887277109e-59
-0.296192447299727,-1.76243416250153,5.94551146380705,272.753564609093,5.91992201161958e-60,3.80977644891543e-59
0.20062759936967,2.06105183169767,2.5600549721014,272.714149634173,6.03774599436163e-60,3.88149922002889e-59
-0.476321619850195,1.29519479150716,6.76331611771101,272.123391994379,8.11252839723222e-60,5.20981781459386e-59
1.34937080266791,-0.0212505495850604,6.29146980535856,271.66944229324,1.01795869233292e-59,6.5303820009724e-59
-1.29350460652684,-0.770492201523517,6.99668186026414,271.177432937988,1.30187302716839e-59,8.34295051515912e-59
1.1302343731259,0.872075849382163,4.18123748818918,271.097902631356,1.35468529259778e-59,8.6722650487227e-59
0.554260921291239,-1.86552013356865,7.08799978316336,270.860154109823,1.52568491181757e-59,9.75669090666528e-59
-2.69793109109774,-0.0767113149338475,1.43122230480839,270.839201513873,1.54175245881983e-59,9.84909650503163e-59
1.37809780375521,0.561416681158683,3.9886055476416,270.620456956672,1.71994447497446e-59,1.09759140080131e-58
-1.81562581989688,-0.683969257617295,9.05395605613059,270.260122194527,2.05949208019001e-59,1.31289924441851e-58
1.04639000509968,0.986720948387831,5.0825069384798,270.016700999896,2.32604636369891e-59,1.48127303997897e-58
1.7096442183527,-0.0743181314111232,8.78890797164824,269.966715419434,2.38491331300546e-59,1.51717369379073e-58
1.32331898199345,-0.304767298547516,6.28702167648653,269.618358361777,2.83868610421138e-59,1.80395835098527e-58
0.90971132623683,1.35535890492836,4.16592484286054,269.309474143254,3.31276575169732e-59,2.10303627698992e-58
-1.72049720350364,0.791570534227123,9.30045031933233,269.136362965568,3.61227946514615e-59,2.29078722748018e-58
-1.5500269707394,-0.402763944562094,7.51188007635284,269.105481693454,3.66848819019926e-59,2.32401208136661e-58
-1.78422801235597,-0.36599379966954,9.00291630472596,269.048280313046,3.77492430228798e-59,2.38895417383879e-58
1.78118203410053,1.14425456671461,1.82274629836911,268.969397795934,3.92678721375283e-59,2.48247980865288e-58
-1.06583979648554,-1.01971421773714,6.59069708031635,268.929767061891,4.00537398506765e-59,2.52953493994729e-58
-0.52273452089906,1.32365149887626,5.52709618386222,268.82987825787,4.2104997988457e-59,2.65632360366556e-58
-0.701947497253608,-1.31113783780971,6.49580986356405,268.245126334188,5.64041316794407e-59,3.55474486195067e-58
-1.50460472857046,-0.460248830465972,7.43808175061176,267.817540343799,6.98489747520368e-59,4.39752387063496e-58
-1.36655285027904,0.438220432788926,6.47031944359372,267.81072511147,7.00873992463503e-59,4.40797610136137e-58
1.36526935966144,-0.200508140049971,5.70846604483527,267.807733061012,7.0192330233973e-59,4.4100196745555e-58
-1.85956241940108,-0.0172128726331688,3.25712202687112,267.495121210011,8.20677376071202e-59,5.15080810878503e-58
-2.78359704545623,0.0750801981109095,1.31346841343535,267.425334581436,8.49818996843747e-59,5.32821632624586e-58
-1.97093845549475,0.442071619782566,2.932088404892,267.17296436073,9.64112985166151e-59,6.03860067252215e-58
-1.94201713867183,-0.572127337611319,2.69160738128082,267.058255273447,1.02102574764593e-58,6.38849409215665e-58
1.62898905442742,-0.176719682348134,8.28662476095795,266.942766817091,1.08171958701139e-58,6.76130271635043e-58
-1.31922596641821,-0.564028209520295,6.70207695720888,266.703956934153,1.2189098900708e-58,7.61099837000107e-58
-1.37854115657818,0.437039094677304,6.87883009380326,266.502804770241,1.34788002800656e-58,8.40767787961471e-58
-3.74169030401039,-0.53882962869644,0.528359480060459,266.360239219255,1.44746794338617e-58,9.01963647833674e-58
0.0887680303547652,1.44556600009598,6.16922340860976,266.024557348093,1.71199048453936e-58,1.06570532411816e-57
-0.299465235341401,1.5126084466715,7.25301430473452,265.945369195274,1.78113499015104e-58,1.10761489479464e-57
-1.55378801346601,0.292515393075626,7.67639920657376,265.068961439681,2.76061829291877e-58,1.71496369053974e-57
-0.955848017538278,-1.09176528879369,6.25641776072792,265.048925009659,2.7884137585438e-58,1.73046513374257e-57
-1.58801029269692,-0.643248915294228,8.27241884823921,264.449261697369,3.76333128411069e-58,2.33311210363196e-57
0.0965949940695899,1.4805757013206,5.46543195094569,263.946237757241,4.83952470777754e-58,2.99725599399285e-57
-1.07416670351888,-1.0390985722076,7.15938578116354,263.363068827665,6.47792977285521e-58,4.00788988385595e-57
-1.8496766366942,-0.0753400205676605,9.31910292056646,263.192958221832,7.05302274252394e-58,4.35926928492241e-57
-1.67149657032246,-0.603079246100378,8.36296965877797,263.170135931512,7.13396676250163e-58,4.4048265365223e-57
-1.53281812778438,0.31815846902562,7.27894268352642,263.074288408086,7.48417798061658e-58,4.61638050111385e-57
-1.74471377049862,-0.672824372495428,8.88822364191811,263.023124723921,7.67810699456394e-58,4.73120601041551e-57
1.28839910211565,-0.387587883398135,5.89659457028976,262.7336341159,8.87393506694308e-58,5.46253960440338e-57
-1.69241390346543,-0.570392942119523,8.37435470538681,262.154393513877,1.18548686141214e-57,7.29014546694657e-57
-1.84967855272542,0.148578638031884,9.92231544990759,261.930003145507,1.32624113664888e-57,8.14748339043225e-57
1.58404483168284,0.782403788740317,3.36507163463565,261.897718383732,1.34782355336753e-57,8.27172358155395e-57
-1.80130833846545,-0.597323717217921,9.54280744647547,261.069510857133,2.03927605952889e-57,1.25026310678871e-56
0.966853970292183,0.989893729833972,5.46783637950222,260.85864175664,2.26603004675785e-57,1.38788641093177e-56
-1.00853846505717,0.955748193558849,5.74802154596882,260.358293582867,2.91014674930717e-57,1.78060034269166e-56
0.973198617530877,1.10754052237095,6.52045150080864,260.241231019483,3.08556501877286e-57,1.88603612794068e-56
-1.71180373554483,-0.694664819577999,8.73661387634617,259.818736355251,3.81134491546575e-57,2.32732877084809e-56
0.907537589561201,1.09828992715525,7.31237481468369,259.641346826611,4.16483595111304e-57,2.54063339382527e-56
-1.6717640708021,-0.920272217570938,9.20290779275376,259.587497503805,4.27849601193587e-57,2.60735572779435e-56
0.683016422641153,1.12000109996971,5.44812213631201,259.25361720104,5.05582831781939e-57,3.07798827988844e-56
-1.22763207196471,-0.866793987380517,7.01434002114101,259.15815045836,5.30301258576047e-57,3.22524881339758e-56
-1.79214055665923,0.745101041176539,3.18486633369932,258.770388263003,6.43760237746597e-57,3.91138954830467e-56
-1.18585754140048,-0.82673454742745,6.72579766422947,258.676521328995,6.74694382820546e-57,4.09525364168642e-56
1.31808262023909,-0.0920454028175525,6.34139044358619,258.665608659003,6.78385803047524e-57,4.11355853481407e-56
1.56080662931692,-0.493308771507554,8.43998766135148,257.979998779353,9.55773630633414e-57,5.78980085900122e-56
1.52558400780594,-0.815222803923704,8.70026538220091,257.908461993014,9.90578870714829e-57,5.99467610826231e-56
-1.77624730320658,-0.690362720186015,9.64077603905041,257.904368174234,9.9260857250638e-57,6.00099403120044e-56
-1.29430295301861,-0.753728223253039,6.97923201023885,257.475484341626,1.23001090703566e-56,7.42887539884238e-56
0.796953526724126,-2.06931176229159,9.22038436804911,257.231769146526,1.38941199769713e-56,8.38329062634305e-56
-1.86600410016355,-0.427618173306039,10.9538596586762,257.057192195816,1.51614224164106e-56,9.13888511595126e-56
1.17668561469649,0.740523155123298,5.4095167683361,256.675243018141,1.83518207239145e-56,1.10510271579813e-55
1.41907876513488,-0.595464025319834,4.50902590879621,256.467732827866,2.03582021905006e-56,1.22471081952339e-55
1.13179451104447,0.83808620393476,4.25760200994812,256.46051659998,2.04317895796889e-56,1.22792433327883e-55
0.467161570914269,1.38131579656802,5.11823181995445,256.071076255201,2.48240309285907e-56,1.4904211074286e-55
1.37867934534129,-0.137832129223317,5.22871248298129,255.671173720227,3.03186623042263e-56,1.81852232618847e-55
0.777604343640435,1.38221466491457,7.86724237480296,255.599659911076,3.14223789703718e-56,1.88286853515377e-55
-1.83643276241668,-0.347521599964676,9.55745045089823,255.543970630461,3.23096189249743e-56,1.93412940034654e-55
0.53902486144369,1.42407756518723,4.97083961264439,254.946777023756,4.35522683819029e-56,2.60457966511812e-55
-0.880536476799007,-1.07858533264376,6.0795713892859,254.149540212087,6.48826461724288e-56,3.87640382627818e-55
0.857877821155059,0.916555594755323,6.0651408551921,253.786296172585,7.78047290754302e-56,4.64387441775705e-55
2.11820807812443,-0.0751463716552253,1.96021842952741,253.390859535019,9.48143276273956e-56,5.65357126930053e-55
-2.70843391081043,-0.927739779734264,1.03065355846649,252.977684205041,1.16571893952487e-55,6.94412612898963e-55
1.38462765087169,-1.00889100097186,8.17663292089587,252.768375200136,1.29432913002243e-55,7.70271333682949e-55
1.150654901844,1.05047798389168,8.3386632622238,252.718625550008,1.32692911928338e-55,7.88900827948946e-55
-1.62864125623127,-0.866625273183152,9.04217533762767,252.572449588976,1.42754376444678e-55,8.47891359800197e-55
-1.23261243185701,-0.598821334204775,6.53024038772384,251.985719197742,1.9142396913906e-55,1.13585684611949e-54
3.52295043510552,0.427012163917004,0.41645106369366,251.971056300868,1.92832541225905e-55,1.14310078966242e-54
-1.39016127312129,-0.673013962347241,7.57165878559559,251.760917608789,2.14196002691006e-55,1.26850706652028e-54
1.24853755136077,-0.620784881128846,6.64824143614181,251.643242247974,2.27176938059094e-55,1.34407502323009e-54
1.28357319173146,0.242508985759327,6.38860667279852,251.178269548361,2.86636690325597e-55,1.69421764145848e-54
0.044821444871931,1.43131697344473,5.70988936569349,250.957263185468,3.20127293193914e-55,1.8903345887144e-54
1.52078673556618,-0.745981544033902,10.160666037076,250.942410357285,3.22513540699062e-55,1.9025798796278e-54
0.911517906336547,0.969845337512816,5.49545672536931,250.46424343661,4.09619459997149e-55,2.41409803723392e-54
1.65218102072862,0.520461836844073,9.18206150489467,250.357315588545,4.32115324028554e-55,2.54421478983156e-54
0.480838053201245,-1.78660373819414,7.51067203681478,250.203628002375,4.66629835304575e-55,2.74477530177223e-54
-1.79688284737535,-0.498726295234358,9.98292994456517,249.362003599537,7.10769723842751e-55,4.17680123431918e-54
1.69059695370799,-0.274333500033841,9.85973007813991,248.258093495576,1.23435463888474e-54,7.24662588382862e-54
1.20221062470627,0.400592271796008,6.70282786982091,248.180097441314,1.2834429878012e-54,7.52755386294191e-54
-1.82094982726099,-0.35438360133273,10.1811492837332,248.159521436898,1.29671520734189e-54,7.59807717256731e-54
0.797017490334818,-1.61519961164252,6.73929736853358,247.57718832081,1.73498863209953e-54,1.01563565309826e-53
-1.18723825299354,-0.886628672255614,7.13334959918999,247.261371830184,2.03177360081325e-54,1.18822648239683e-53
-1.34469149243262,-0.279334875651003,6.55802212130284,247.229446381906,2.06446648183803e-54,1.20618732643281e-53
-1.37717195793138,-0.470666748829564,7.22397420113294,247.082119008039,2.22228404850676e-54,1.29714911671229e-53
0.879672996043912,1.48958219022686,4.46668777746895,246.855940473833,2.4883623037706e-54,1.45106797944017e-53
-1.68236660980208,-0.779655196764018,9.49672774910053,246.717551718237,2.66663975893051e-54,1.55354094281043e-53
1.21973286107341,0.711592932215918,7.71049953865329,246.071956284602,3.68259210056031e-54,2.14336718051732e-53
-1.13718532788618,-0.919235299598143,7.31157072238597,246.025565090628,3.76901041029175e-54,2.19156975910756e-53
1.24666464988711,0.232755712732623,5.95466915383611,245.774812944742,4.27245476856241e-54,2.48193746479084e-53
0.867436555614778,1.64255221793427,3.02627888769328,245.760503030094,4.30313362216645e-54,2.49737630998564e-53
3.07580033620631,0.869805075349987,0.48281480431973,245.564639502177,4.74587239400358e-54,2.75170201282798e-53
1.16784553827976,0.533756193854184,5.44733027966923,245.344588645684,5.29784799189296e-54,3.06882003564646e-53
-1.38575011679343,-0.509573008573511,7.42608921650687,245.044766319793,6.15467442231717e-54,3.56175455162233e-53
-0.455614299254275,-1.59442591558097,6.47987644478487,245.0215717594,6.22646740310883e-54,3.59987972935675e-53
1.1879286387343,0.376636049327758,5.99780432926171,244.920430505918,6.54944143374052e-54,3.78301702548504e-53
1.04924153391875,0.876254804229632,4.85286692031562,244.783965185775,7.01192610605369e-54,4.04631337759762e-53
0.876171554229878,1.32547591386928,4.47693882154589,244.413012133497,8.44090014295637e-54,4.86630682484075e-53
0.869210235164737,2.21113585208123,0.997873297864755,244.228567017854,9.25636583082386e-54,5.33138648799013e-53
1.28107367027793,0.246203493744228,6.57779569712123,244.218598994284,9.30261482423784e-54,5.35296021266162e-53
-1.06994359420807,-0.849577485550628,6.09140058891786,243.797739502227,1.14813648197758e-53,6.60042955833757e-53
0.859883321938838,0.728336396034602,5.9130901361585,243.404104642297,1.39788112434122e-53,8.02858517451824e-53
-1.1825570568529,-0.600628456514715,6.37179808105764,243.248100693224,1.51128394173435e-53,8.67172161854735e-53
-0.746442596589237,-1.7419869000726,7.94479276032231,243.216768702138,1.53514613369989e-53,8.80034808094628e-53
-1.45938156120926,-0.0526009019039847,7.14212201162718,242.997494487566,1.71302820573531e-53,9.81083322343985e-53
-1.31694186183054,-0.526888125788318,7.01911322195091,242.757379627192,1.93154483442963e-53,1.10519219473756e-52
1.39015088588437,0.861771670237093,2.70097672669401,242.754022223955,1.93479004497743e-53,1.10600955810541e-52
-1.3198927906473,1.55382681248002,2.15980142061632,242.618501987416,2.07043542412687e-53,1.1824400433475e-52
1.18033801660559,0.679312365529371,6.4529085449128,242.257473374132,2.48003641024179e-53,1.41503858158876e-52
1.35769920628156,0.352401732877986,4.6692325780693,242.235838921826,2.50700914704448e-53,1.42908910928903e-52
-1.84470296033877,-0.182880370383055,12.8015400746304,242.15322381305,2.61273619339554e-53,1.48796426056053e-52
0.932374363408242,0.8413097780974,5.85858458477759,241.785828705137,3.13960054266503e-53,1.78634468259296e-52
-1.33413363717559,1.63832789986879,1.83373702446663,241.531846828371,3.56472358287165e-53,2.02633400303666e-52
-1.29736953447972,-0.564871324064923,7.04723482965078,241.446487264121,3.72015858080015e-53,2.11271692536486e-52
-0.818156489618395,-1.55937334367118,4.61326168205316,241.438194625326,3.73561556914627e-53,2.11951794827236e-52
2.39080572858265,1.01889066883653,0.908682530528489,241.316783914263,3.96941199465918e-53,2.25007264650699e-52
-1.54847925506797,-0.878854296878899,8.61948905752873,240.901576479003,4.88525599872345e-53,2.76664544374218e-52
-2.1824837494358,0.828606501126658,1.71464729582167,240.809642258082,5.11505831256009e-53,2.89409619022917e-52
-1.34291145972018,-0.150079434693548,6.41741016779585,240.331448246594,6.49664445158885e-53,3.67238360457502e-52
-1.25481917280095,-0.863945161297805,7.82155892946548,240.084265826441,7.35129887621122e-53,4.15164263064693e-52
-1.18817552503357,-0.749218207094545,6.87757341740176,239.918882509399,7.9850310802177e-53,4.50536322672524e-52
-1.18384537219877,-0.684220667468455,6.52797298155659,239.86205081869,8.21518704002033e-53,4.63093136107813e-52
1.43054537707968,0.468228884678301,8.23771061974539,239.12848261584,1.18552240763999e-52,6.67665163525651e-52
0.47515324799113,-1.59594400313369,6.38055345188142,238.912831532771,1.32049817315542e-52,7.42993796503713e-52
1.38233657918065,-0.2517887116099,4.69189253831934,238.841134079797,1.36869508850659e-52,7.69401264896411e-52
0.893270701789207,1.00282276777556,5.7150791298931,238.835442960187,1.3725953388016e-52,7.70881957806654e-52
-1.38298609650656,-0.608415692970111,3.73977528932042,238.55263971504,1.58107497270793e-52,8.87150639064134e-52
-2.05109082822882,0.194472928724797,2.24343337393641,238.523047900831,1.60464233141051e-52,8.99545351162723e-52
-2.1531017295626,0.92071104000651,1.7877808116792,237.859727483856,2.23571501418018e-52,1.25216494998426e-51
-1.42124791588094,1.88189400356429,1.2847737989806,237.675838713358,2.45102297692209e-52,1.37149153341008e-51
-0.218164423529907,1.43853815590171,7.12999053048591,237.283855373767,2.9817105586566e-52,1.66691036557405e-51
1.32970053407569,-0.213272422407483,5.60253700613196,237.207376141998,3.0979381109331e-52,1.73029791003309e-51
1.16076682767042,-0.599567501129091,5.79298665658922,236.867946061502,3.67095484853613e-52,2.04846683023721e-51
-1.25866530435745,-0.510512457515274,6.68608490332731,236.803294788079,3.79155961229686e-52,2.11382920509737e-51
0.343195649741818,1.29270276582449,6.54508244614807,235.549503901069,7.09700514967597e-52,3.95302537522665e-51
1.17496896606838,0.298660269093517,6.07261236349845,235.299700388668,8.04117037282716e-52,4.47483045975976e-51
0.979974583290948,0.901948653703485,5.33134154165596,234.934848817792,9.65041024414894e-52,5.365451832546e-51
-1.55833375234915,-0.560259551077996,8.45885147876977,234.793516093395,1.03570431824234e-51,5.75307289184248e-51
-0.475051503777623,-1.53020625743437,5.68740555899766,234.773785710587,1.04597230412798e-51,5.80481256839664e-51
3.46073876708554,0.335333350480934,0.358249046240102,234.716427402435,1.07640419969934e-51,5.96825935133844e-51
-1.51305663389547,-1.09674689275258,10.8772102516436,234.660025454641,1.10719192798208e-51,6.13337985218825e-51
-0.446918746880459,1.40052530297738,7.36678958804391,234.652539165074,1.11134407386522e-51,6.15078429244676e-51
-0.154269592659665,1.71256537701737,8.25753059872092,234.436106000676,1.23835853721072e-51,6.84752658904527e-51
0.822631346179694,0.956415459254786,6.26627538925831,234.246289777096,1.36164680622864e-51,7.52241901662431e-51
0.807421351709588,1.77004123122246,2.19329800309097,233.878338132521,1.63668143486376e-51,9.03365056704492e-51
-1.39709519800793,0.880943464324736,8.78308329757401,233.715044918877,1.77591766421867e-51,9.79328509036526e-51
1.45345193237176,-0.119023736077748,4.1765757483121,233.473648842826,2.00373977357055e-51,1.10396088158348e-50
1.34679433611389,0.194073271922217,7.16061763052967,233.07579137011,2.44475290786342e-51,1.34571932215846e-50
-1.37874386595525,-0.373560276927814,7.15622214360623,232.980227908634,2.56440321896126e-51,1.41030594372504e-50
-1.69761002780177,-0.579294472752648,9.81415910988174,232.81459318346,2.78582246950237e-51,1.53069379010202e-50
1.28661049538425,0.191738538929131,6.81204798015191,232.81134449132,2.79035128646948e-51,1.53179969630534e-50
1.08761279747456,0.560463905376194,5.94637991387725,232.428867316485,3.37841304002877e-51,1.85295302591848e-50
1.41552148447886,0.576194257482677,3.67850428820069,232.403836164518,3.42096152916125e-51,1.87460070112814e-50
0.924968644409767,0.769509099651363,6.52853176018389,232.379122609814,3.4634958414081e-51,1.89620168008026e-50
-1.14528535210508,-0.856206631647086,7.00396775970265,232.145105202957,3.8934168559083e-51,2.12966054076996e-50
1.51571495800807,-0.69581145446933,10.1484555862515,232.061522339228,4.05957615596903e-51,2.21855472509331e-50
-1.14924667992909,-0.540192270560004,6.23432237488877,231.809088545387,4.60570369912142e-51,2.51475552647993e-50
-1.52047405392695,-0.629741321163907,8.50171156222733,231.775590831641,4.68349359863754e-51,2.55493808499152e-50
-1.69672720720244,-0.571708652586341,9.66631383399606,231.735794169562,4.7776206849153e-51,2.60395297491176e-50
1.26783443187669,-0.854819362785347,8.42640385111243,231.567217625577,5.19777645799929e-51,2.83041709090337e-50
-1.13556489460324,-0.649678464129234,6.57446188918502,231.052163502717,6.72450281122048e-51,3.65851413000092e-50
0.5650289529698,1.28755486887885,6.39919144379757,230.889113994734,7.29568257660479e-51,3.96572460056875e-50
-3.27201705796573,-0.0848995299503792,0.589587601883063,230.824550169372,7.53504389852312e-51,4.09218084337277e-50
-1.18415518440169,-0.4657871021416,6.23974693871254,230.699664402665,8.02055435742957e-51,4.35197280998496e-50
-1.13362160596141,-0.881165423627028,7.3847362711497,230.683392230503,8.0860764634075e-51,4.38361830002002e-50
-2.7388071866103,0.750325882536453,1.00196250713237,230.215866911842,1.02155011449302e-50,5.53309350269887e-50
-1.37003611507607,0.115109898505401,6.66188345844708,229.661313634254,1.34796740586903e-50,7.29460050393838e-50
-1.48737490747143,-0.84354846283152,8.52327644959912,229.252062981103,1.65404393504022e-50,8.94300131130094e-50
2.26158625578955,0.874502564793224,1.04021559591829,229.037211026437,1.84162647779108e-50,9.94837799182972e-50
1.45576453218732,0.327648725148304,8.19244917439262,228.947542559055,1.92607329878978e-50,1.03953317757377e-49
1.49090579518009,-0.681279386617723,9.59097398882179,228.870761925725,2.00145354049851e-50,1.07926033255579e-49
-0.970070335693134,-0.981292377093171,6.24530830669554,228.717343721595,2.16102530844082e-50,1.16427629006971e-49
-1.19949945426408,-0.551817532341796,6.64157320155191,228.67156340848,2.21106200524062e-50,1.19018085657868e-49
1.69250211737042,0.035875953171409,2.84281858999642,228.634345078121,2.25259325574846e-50,1.21146534814458e-49
0.0846038787944516,-2.12979553337034,8.89593818714546,228.56487040652,2.33221730111301e-50,1.25318084105702e-49
-1.29008132397631,-0.122570980184088,5.84703192544243,228.523415205348,2.38106304858035e-50,1.27829910403503e-49
-1.44220768774991,0.117435795341077,4.65345092414997,228.427831086077,2.49762206860341e-50,1.33969366992578e-49
-1.25570451291918,-0.699522419278699,7.38108157582272,228.136257778656,2.88962218104186e-50,1.54859329561469e-49
1.3098279738269,-0.0222756991160127,5.19610087369143,228.077587888839,2.97564465203282e-50,1.59329152520456e-49
-2.2315539712224,0.0714413688501014,1.73600002879647,227.991933303491,3.10585176419132e-50,1.66154881725806e-49
1.47908174775384,-0.588064556170917,8.82174283062103,227.961434630074,3.15357690705627e-50,1.68559931608065e-49
0.73744015643397,1.4768104798115,4.63839217818979,227.90130568413,3.24982714130715e-50,1.73552172248052e-49
-0.434138608144094,-1.42412432773206,5.46849323732669,227.897453151371,3.25609320718792e-50,1.73734403552674e-49
0.491838771268221,1.06804032490763,5.91616623580989,227.232689223429,4.53992293839596e-50,2.42023212337606e-49
-1.72844982583066,-1.18709305710476,2.09758624181666,227.064606679361,4.93795515871453e-50,2.63011994805372e-49
-1.62974717047625,-0.68233538278371,9.84881990702563,226.745687484892,5.79161340948789e-50,3.08211035288131e-49
-0.831466726098108,1.02208781777413,4.99137673237767,226.405173371832,6.86659234679427e-50,3.65098814037411e-49
-1.2480558933526,-0.308118949321889,5.74284668037009,226.394845566393,6.9021424713806e-50,3.66668790277182e-49
0.92404842902507,0.858937115458164,5.51801552205746,225.631661001887,1.01089801114418e-49,5.36560339306521e-49
-2.58255492810194,-1.0197455354065,0.875115296474859,225.444675246243,1.10996882970917e-49,5.88631553594897e-49
-0.9066846527866,0.975142852210201,6.7572781645389,225.299566735139,1.19349525267466e-49,6.32375900633885e-49
-1.28501199816722,0.0119400521609504,5.95885212130405,225.25932427586,1.21775307491253e-49,6.44667888701522e-49
1.90923081056618,-0.0656457511527813,2.11283042969972,224.293077127219,1.97413631352731e-49,1.04418261309768e-48
1.52534648868657,-0.333489617636349,8.73127292511336,224.229781700112,2.03761235190588e-49,1.07682152763915e-48
-1.24138290555532,-0.821490576856191,4.66301544267211,224.204862872659,2.06315862251375e-49,1.08937638281559e-48
-1.33325494533205,-0.19646286946483,6.83090423086747,224.116519810666,2.15633420229616e-49,1.13758774901031e-48
0.141942955973877,1.31821839403958,5.90721765982984,224.001566092399,2.28390457353847e-49,1.20384511200885e-48
1.6717104454183,0.611579065751131,2.08899944399979,223.846804691672,2.46765229521337e-49,1.299573284884e-48
-2.27634675582176,-0.42783878374378,1.47487936126763,223.556818851673,2.8526835018578e-49,1.50013936928277e-48
0.81033876972067,1.3117349305736,2.776206821862,223.556303376951,2.853418839733e-49,1.50013936928277e-48
1.46794943451509,-0.72840488407711,3.64895990612955,223.131578684498,3.52852598044256e-49,1.85346558834636e-48
-1.70829187943686,-0.465179122221324,11.1229629018718,222.738037803302,4.29585521800562e-49,2.25458332476019e-48
-1.65521139200888,-0.422432164190463,9.42929860797237,222.634918320445,4.52315788254831e-49,2.37183334960845e-48
-1.07841675824007,-0.860697610792296,6.91245000775962,222.511285559554,4.81158608387883e-49,2.52090671933342e-48
1.13705945288566,0.461967300313376,6.33741679358698,222.370213927226,5.1632312414801e-49,2.70281614773266e-48
1.70155135636453,1.42162098567396,1.26729884465938,221.657073109453,7.3752736157759e-49,3.8574455131309e-48
0.325711725273024,1.56305566565017,4.42487996496294,221.585861062413,7.64260891189506e-49,3.99383717215597e-48
1.04324314206125,0.782191124654694,4.13266053188888,221.550683815531,7.77822100108228e-49,4.06121864962169e-48
1.2442295349945,0.168187919889257,5.29326585161654,221.278726063252,8.91117872483295e-49,4.64877944102682e-48
-0.521572445154478,-1.4267065649206,5.15424490354861,221.117368001027,9.65992183131036e-49,5.03506884495013e-48
1.11657196127487,1.02463357555864,6.49889610869471,221.087304782245,9.80622281795936e-49,5.10695333753093e-48
0.171376883870597,1.55805111623733,7.6393848685633,220.832150163003,1.11405819766855e-48,5.7969113738514e-48
1.60589939294046,-0.397883615920339,11.380817611059,220.496893409837,1.31737057168291e-48,6.84897697728913e-48
-0.165574561538742,1.86247210860713,2.22034503062097,220.351108175339,1.41698358462627e-48,7.36057684573783e-48
-1.63267822317584,-0.260979942746813,8.78101168686022,220.286885122763,1.4632235346467e-48,7.59429230940249e-48
-1.1432969697,-0.783959732420252,5.6130194672149,219.990641596311,1.69683315798583e-48,8.79925065231494e-48
0.587602008443367,-1.69573794653156,7.72808857443072,219.561037718791,2.10342213043979e-48,1.08984118554191e-47
1.05276878639471,0.598899931082777,6.1402901450441,219.426999002428,2.24922331322308e-48,1.16439383766175e-47
-0.342178449779582,1.40682204109044,7.79868700233514,219.349050350603,2.33861596962615e-48,1.2096426527684e-47
1.08827876995165,0.511423221253703,5.14024336971787,218.531589475756,3.51939720313635e-48,1.81885315557675e-47
1.50137252899564,-0.22074919407616,8.65453126382764,218.228702064013,4.0948636977472e-48,2.11446396877735e-47
1.13411397189947,0.68060196031373,4.26305913862123,217.954982583624,4.69544632435352e-48,2.42253196802239e-47
1.5417094421183,0.169658060792471,8.92671017220816,217.396069339104,6.20931009625086e-48,3.20087043742381e-47
2.54328361010883,0.886841666061858,0.624719399198212,217.100423068188,7.19850186179058e-48,3.707654766039e-47
1.32621745210154,1.14375878401023,1.9180659850765,217.088930267276,7.23998641544548e-48,3.72586959401793e-47
-1.85016452102928,-0.1579792881187,2.41054288086295,216.761253137655,8.52887866346725e-48,4.3854572046612e-47
-1.62869647970423,-0.573945966640272,9.9744999839674,216.618065862626,9.16188123318358e-48,4.70696480570647e-47
0.48357570403244,1.40663699619299,4.09407498417005,216.069186825874,1.20551391051849e-47,6.18816921352155e-47
1.52778032672038,-0.340318552343466,9.27874220704542,216.066336084937,1.20723343963758e-47,6.19177521525999e-47
-1.62602017757076,-0.59198118188181,9.60440874172049,215.922433636243,1.29729658940744e-47,6.64809902046507e-47
-1.47717890488391,-0.443590370742679,8.2060129909404,215.807809954846,1.37381891804281e-47,7.0343226013832e-47
-0.793604775040287,-1.05735314226263,5.85924993435848,215.679096854889,1.46514020839078e-47,7.49560805771688e-47
0.863531297604468,1.02038025244014,4.93773151598498,215.30425656835,1.76715531412365e-47,9.03311633281679e-47
1.33993101867225,0.353762170110924,7.75603255609073,214.810599947958,2.26188694591014e-47,1.15523219183733e-46
-1.63880758035521,-0.497250640682741,9.83965669655272,214.253063666683,2.98908564826298e-47,1.52536072310352e-46
-1.42499846276732,-0.850962724137315,8.40738966453408,214.244596797936,3.00176656917554e-47,1.53054898435014e-46
1.28040663575534,-0.210721453141524,5.07554003630205,214.044375413426,3.31783235312392e-47,1.6902898214074e-46
-1.65239675051003,-0.581183083972403,10.0003492746385,214.035101482023,3.33325275225036e-47,1.69672598291808e-46
-1.64498857844591,-0.316429435552944,9.75560159908867,213.950858798261,3.47665272959021e-47,1.76824242420595e-46
2.05875960400888,0.960424643053889,1.16265935199405,213.94202514348,3.4920424664791e-47,1.77458718997703e-46
-1.16621443620531,0.58984708296685,6.17040584706782,213.455938245779,4.45278724738174e-47,2.26093150642702e-46
1.09757649158395,0.416519914911412,6.69317992047485,212.912482448263,5.843080534719e-47,2.96438952461411e-46
-3.41339484877345,-1.36831284707771,0.159793721525787,212.76817245093,6.28027108063627e-47,3.18353791331504e-46
0.18795665223702,-1.54032273631247,6.21077100711896,212.210419479447,8.30028316924006e-47,4.20400365510262e-46
-1.07782849720617,-0.593908424467596,6.03973806558951,212.094344642711,8.79626367876063e-47,4.45150900052325e-46
-1.41445214012388,-0.324962079530624,7.82834039624307,211.726411405861,1.05728951802121e-46,5.34616161604078e-46
-1.55321997581555,0.0753936907816964,8.25672311778305,211.321852525748,1.29432330587479e-46,6.53928654453586e-46
-1.57015073185451,-0.562927599261089,8.88707696806191,211.308320836864,1.30311018783915e-46,6.57822124673696e-46
-1.3026688758969,0.0429394188533948,6.71223661886939,211.123529008613,1.42924991747156e-46,7.20900869723851e-46
0.829705201636411,1.10917815704391,7.49548731246705,211.035280054757,1.49372686744349e-46,7.52798772267876e-46
1.82653810932979,0.65337562891852,1.63939308020313,211.014895415116,1.50902926037103e-46,7.5988173177327e-46
1.09010476079782,0.495698768500953,5.65148539684419,210.999172321453,1.52093931897268e-46,7.65246163132698e-46
-0.837784704656341,-0.900156914654065,6.08254720938483,210.92130616428,1.58132198344669e-46,7.94970126773201e-46
-1.42155003665264,-0.218311964954893,4.08332065322962,210.794312855063,1.68498700261763e-46,8.46386210555784e-46
-0.961227433263343,-0.829565692974727,5.73659184347444,210.541998791025,1.91155086198217e-46,9.5939997096022e-46
1.50903831046032,-0.421999551790977,9.30724381906991,210.39426315213,2.05809891860264e-46,1.0321010062976e-45
0.745599673446575,1.1524169446476,6.64744768110788,210.256500820885,2.2048596747043e-46,1.10478894646912e-45
0.651957156736933,-1.39526205227957,6.95617602777979,210.142253449685,2.3344762289691e-46,1.16877395410887e-45
1.32675252449276,-0.347381215909158,7.80520727999062,210.08384690301,2.40365579479773e-46,1.20242041731542e-45
-1.5580176515135,-0.609901837529092,9.09722205119288,210.041995173585,2.45448433154715e-46,1.22683913057956e-45
0.751091004922217,-1.53726306240746,5.31739884840207,209.959189706807,2.55823974997708e-46,1.27765082837248e-45
1.50958832949742,0.863066489335132,2.02600408931025,209.625174630415,3.02323352585862e-46,1.50864309060879e-45
2.56090896706678,0.239499266074451,0.830089477792783,209.574920844571,3.10016041039336e-46,1.54576384754093e-45
1.43375141600605,1.69612770608622,0.988512191299671,208.903385476347,4.33716773541463e-46,2.16077554608873e-45
-1.11663792827918,-0.512374018485893,5.67363589641464,208.868132517955,4.41429447179598e-46,2.19740185971332e-45
-1.56750033214486,-0.453190794198192,9.00054757080342,208.855795508441,4.44160822414111e-46,2.20919206442574e-45
-1.65996468240487,-0.383536716765132,10.2191684074184,208.758458481264,4.66312132942567e-46,2.31747613498314e-45
0.563988138071624,1.04539694835518,6.04484282818499,208.695850222279,4.81140512187026e-46,2.38921977014243e-45
1.14883383718985,0.209357342541233,6.59059322261862,208.652697973471,4.91634462017329e-46,2.43934034617889e-45
0.352876546685208,1.56453300856309,8.77831435129409,208.318953810778,5.80916807612583e-46,2.8799849550044e-45
1.11729606407869,0.513453401125613,5.35692934304404,207.695972985938,7.93217905977904e-46,3.92930074173595e-45
1.85697954100922,1.01822089993683,1.20478430528702,207.628873979549,8.20281417897968e-46,4.06005957086409e-45
1.53083422229935,-0.235743348733057,9.53297299264569,207.491583072942,8.78567664338496e-46,4.34502026035156e-45
2.01528908239702,-0.440184113839466,1.6655287212491,207.439902355089,9.01566031457251e-46,4.45514123336992e-45
1.17523262610547,0.984326374633568,3.02328787867801,207.369847492127,9.33705163525584e-46,4.61021657383922e-45
-1.96121675958586,0.157495181978501,2.05934476477807,207.046202688184,1.09771181013984e-45,5.41561547822639e-45
-1.35041845459421,-0.359803408780042,7.61862158850869,207.026625562856,1.10850959214689e-45,5.46445862104476e-45
-0.935695907509952,-0.79231059698901,6.33171969882464,206.449400672992,1.47938853183115e-45,7.28682636066994e-45
1.08184962648372,0.37908070361995,6.45886082305959,206.311450461614,1.58503098165723e-45,7.80086387738822e-45
1.01691815146508,0.515756577182126,6.66604065208324,206.250152865201,1.63436238898332e-45,8.03715526989533e-45
-0.619251502365306,-1.16544029782493,6.20959755335747,205.981298325808,1.86951683752768e-45,9.18613277390516e-45
1.24325455172301,1.09723293528409,8.85306706713275,205.828529956227,2.01791380234014e-45,9.90730582955385e-45
-1.14038298128489,-0.607548615595262,5.12739898965165,205.568468364087,2.29812828543654e-45,1.12739766331488e-44
0.61870849243343,1.47480119486642,3.23822691632749,205.361238985831,2.54902183590483e-45,1.24947221714884e-44
-0.656103375582215,-1.3065732744471,5.19314149148442,205.312590810247,2.6117846969981e-45,1.27920717902851e-44
-1.45923765309823,-0.769544811185181,8.79237941499473,205.301057098795,2.62688999570968e-45,1.28557124548879e-44
-0.993954011264873,-0.805931316878182,5.59682668818035,204.96483700774,3.10778632723821e-45,1.51968825385932e-44
-0.0295882430632749,1.41340143075291,7.37191614462048,204.963240148508,3.11026866673573e-45,1.51968825385932e-44
-1.28018515821711,-0.170806782193079,6.92649974184906,204.691712348436,3.56253728147044e-45,1.73927241135461e-44
1.03752304733943,0.637696851901335,5.24391683312315,204.356249440157,4.2131242080508e-45,2.05524841174786e-44
1.20057180343905,0.3505482747364,7.07966522089565,204.323509215198,4.28266113602163e-45,2.08749727750998e-44
0.365398301463376,1.30123524183994,5.71817068840788,204.308593932175,4.31471907722503e-45,2.10144077937168e-44
0.971931294000262,1.05109776615012,8.29886743438904,203.985878813087,5.07024823624544e-45,2.46743974918163e-44
1.11217280528057,-0.358707276012703,5.92851899237394,203.726743706091,5.77164613400199e-45,2.80653208177349e-44
1.11181516789798,0.242578922526853,6.13470625668875,203.704188168052,5.83710585194395e-45,2.83609740036989e-44
-1.17806240902196,-0.418268446869579,6.55602608472378,203.678377959426,5.9129224703191e-45,2.87064370010388e-44
1.28236415680334,0.437128478146381,7.59749063440725,203.648442626551,6.00209077756563e-45,2.91161184492586e-44
1.25738067553137,0.242534483806436,4.52615544900213,203.345659203792,6.98314635803763e-45,3.38482444488321e-44
-1.16339025594839,0.696153362827028,7.35031738795717,203.229865040684,7.39938334062564e-45,3.58372679218209e-44
-1.0000052786143,-0.687513848636552,6.19186857134522,203.17894997746,7.59017157081042e-45,3.67320862663703e-44
-1.54018234127976,-0.543855139063369,9.26347627827903,203.144532136608,7.72192060733082e-45,3.73399941679349e-44
-0.414518169680441,-1.49255177576499,6.86968706340841,203.103762643074,7.88094533618396e-45,3.80787263545143e-44
1.01483818615725,0.766236383905307,4.03671627111345,202.891954131459,8.76136854200704e-45,4.22991369419023e-44
-1.453210499848,0.328959529772135,7.84104154959174,202.845437435553,8.96753171390083e-45,4.32601688385327e-44
-2.32356406394425,0.577313259201729,1.30803204207964,202.78655165719,9.23548708970405e-45,4.4517533968423e-44
-0.566514644069392,-1.24987047624542,6.03418146085893,202.673670062259,9.77173616158595e-45,4.70651342972589e-44
-0.135514424939105,-1.62179843032235,7.30490002588072,202.658963076948,9.84385739818444e-45,4.73750227985351e-44
-1.52532227354678,-0.49225310030263,8.78305490564973,202.587277692876,1.02030871707314e-44,4.90650826977982e-44
-0.987048057397217,-1.25579536100086,8.44774257862018,202.52147506035,1.05443656384856e-44,5.06662178430152e-44
0.830406312276648,0.923116428761776,4.82925651910111,202.115968538918,1.29144251496828e-44,6.20055365230827e-44
-1.18744537921965,-0.662151283047988,7.59794389384301,201.788959768923,1.52084211926751e-44,7.29620710961433e-44
-1.24219316257319,-0.821703200577668,7.72719860982967,201.760297720915,1.54279426685566e-44,7.39569409182463e-44
0.6308765215682,1.21672100295308,4.57181885118038,201.739663908263,1.55879352027497e-44,7.466510583347e-44
1.2132327839159,-0.178351670677056,5.4006335131993,201.690149551743,1.59786652227408e-44,7.64765046195331e-44
-1.15537594787108,-1.27523768420489,9.32149741210639,201.684995019441,1.60198996089255e-44,7.66136282946884e-44
0.836861394589389,0.874741030802005,4.90349472241999,201.659501711756,1.62254067052281e-44,7.75355384783584e-44
1.78889083118069,0.917237039853087,1.53358476047132,201.497342762923,1.75957571730749e-44,8.40180154272e-44
-1.50592637175298,-0.513990952942645,3.25257020880391,200.884741667045,2.39019095015798e-44,1.14039831540453e-43
1.32295157927399,-0.482643325035884,8.17378558554298,200.787607744954,2.5091403871865e-44,1.196213522098e-43
-1.21379355411371,-0.840455962140034,8.12961335053605,200.670156254075,2.66090413309473e-44,1.26757311128957e-43
1.77263315324756,0.644325572917639,1.70723249365825,200.560213589442,2.81127269454085e-44,1.33815701050545e-43
1.24484662239865,-0.0372266181042104,4.99706074308621,200.466667208368,2.94588855349517e-44,1.40113824325614e-43
0.92516773117106,0.820032656262884,4.59424228479126,200.077964559715,3.57784910745022e-44,1.70038605512545e-43
-1.59746737863367,-0.191269858647582,9.45198880682658,200.065442311457,3.60032074025797e-44,1.70973109724575e-43
-1.43964421489032,-0.315552926407185,8.21849390207333,200.042068111046,3.64264489106966e-44,1.72848184698613e-43
1.76665403726771,-0.00871277873625845,2.1706717628801,199.896857207785,3.91695860991298e-44,1.85719968980921e-43
-1.05857668511875,-0.575398107842109,6.26969012519796,199.796195969498,4.11914701605583e-44,1.95154607266521e-43
1.03280447745274,0.737923689426512,3.9989114806598,199.720203517097,4.27867051152159e-44,2.025547906232e-43
-1.59459210493741,-0.537769627649205,11.130532419659,199.535176503945,4.69339330374009e-44,2.22015372441101e-43
-0.986825991351074,-0.671692160393718,5.80448333655417,199.420636689831,4.97002935645419e-44,2.34918778898239e-43
0.20361143743728,1.20418418014528,5.37765164461559,199.289903406644,5.30575663368948e-44,2.50593067384806e-43
1.16622166416625,0.304335200083607,5.20116895385419,199.012700069583,6.09454468401718e-44,2.87624713459664e-43
-1.54263566102304,-0.48884019645114,9.00610865496642,198.83875108991,6.64834895755782e-44,3.13517803668567e-43
-1.4616029618896,-0.826081068195649,9.48896162874048,198.79860482974,6.78315054970476e-44,3.19627094013952e-43
-1.64365466632307,-0.529053680896855,2.54303585505203,198.781375989063,6.84183586684234e-44,3.22143053034309e-43
-1.44888493230658,-0.352934380333411,8.40904698542703,198.520015795064,7.79697777763355e-44,3.66831535627767e-43
-0.949745087664398,-0.864504184799367,6.82518730454539,198.441916598714,8.10746946057661e-44,3.81144973559771e-43
1.39848900531961,0.501818363221658,3.41470897756633,198.270458369255,8.83317842264044e-44,4.14941282693171e-43
-1.38174426637138,-0.254618641594608,7.94765873561952,198.118065476577,9.53254137781031e-44,4.47448819646177e-43
1.17166235139646,-0.722216126836768,7.18103107490259,198.097125237345,9.63287254941606e-44,4.5180992358124e-43
0.800708941006097,0.862632718397738,5.63935768800132,197.852258275191,1.08874957752589e-43,5.10262311622606e-43
1.39973029943685,-0.584196686675545,8.95818841667399,197.773705808591,1.13236242780951e-43,5.30294035423408e-43
-0.796579860614295,-0.95885221421863,6.30735760350515,197.687313878946,1.18234772495703e-43,5.53276936936081e-43
1.54098503804261,0.725069937818805,2.39648963054555,197.666212482634,1.19488835880748e-43,5.58715847036862e-43
0.854351816587871,1.39421144105702,7.37738821686103,196.974564724835,1.68856091455198e-43,7.88945421933417e-43
1.47983016060926,0.155630529711535,9.91560903506519,196.926376207454,1.72973963125233e-43,8.07565557903695e-43
-1.54486205247491,-0.516673812318853,9.39647574801805,196.819390666021,1.82478772597231e-43,8.51287944499573e-43
-0.754733141537817,-1.7237120662329,10.1152394401921,196.740565607937,1.89814329413688e-43,8.84831269119855e-43
0.987564381940242,0.580251909053833,5.80447760930914,196.584424444252,2.05227057261988e-43,9.55946690597538e-43
1.1769429718416,-0.509256809624276,5.13262060919974,196.312016930534,2.35172836777867e-43,1.09459650634836e-42
-1.57348327791645,-0.64614457622034,2.76144351442928,196.271990697545,2.39926790196444e-43,1.11587035807177e-42
0.948073210739956,0.827368405871475,6.86575076235549,196.264513389933,2.4082547228764e-43,1.11919501930317e-42
-1.52110910979464,-0.570107648356519,9.30328102919811,196.242071686148,2.43542956978197e-43,1.13096073385451e-42
-0.876164445382911,-0.891004967099754,5.86771306987874,196.240215872743,2.43769046999287e-43,1.13114783394181e-42
-0.981460247395477,-0.803486822064281,6.7271181520064,196.155979226992,2.54255475665094e-43,1.17890886203282e-42
1.24501023075828,0.00448162712838089,4.84889855701702,196.137444199474,2.56622744187922e-43,1.18897965495896e-42
-0.909299082900874,0.861990578347852,5.50867825432493,196.074218901417,2.64864860099652e-43,1.22623366409634e-42
-1.52415363556138,-0.564205799180995,9.25235342791139,196.020118225278,2.72127327369461e-43,1.25889906460888e-42
-1.30625327163767,-0.585243595481082,7.87915105671078,195.785866458373,3.05942126672955e-43,1.41425639118068e-42
-0.457451965833743,-1.50625568539856,4.81961835540026,195.72213854582,3.15847629389588e-43,1.45893806352338e-42
-1.53365873196561,-0.411244431091832,9.05936080423779,195.230950946401,4.03773352361815e-43,1.86366350961238e-42
0.91283820898965,0.732967217491217,5.09626515172802,194.995616588343,4.54192397159465e-43,2.09479038932335e-42
-1.11379345174713,-0.373512112466228,5.94406312002182,194.934272362118,4.68339286156394e-43,2.15840240281615e-42
-1.16301845317396,-0.402934103976583,6.78483050136414,194.723587704632,5.20367520652198e-43,2.39636722067366e-42
1.16617565423541,-0.234388121284935,5.4714771332218,194.64170517052,5.42114156153745e-43,2.49462659309448e-42
1.15658671176318,0.669210829585078,8.80076871467659,194.544333127661,5.69160586931907e-43,2.61710698885306e-42
-1.58455658947892,-0.267488729702745,10.2991433897563,194.220963258206,6.69042479838798e-43,3.07406084321404e-42
1.28945934132705,1.03033400951218,2.57841766704645,194.160599915924,6.89543115463429e-43,3.16586612891505e-42
-1.01813117367882,-0.734061795758252,6.72490746723018,194.06835676904,7.22090733173228e-43,3.31280209763271e-42
2.54044887351967,-0.850636586401483,0.666918218073937,194.063971908293,7.23675603553043e-43,3.31757309821606e-42
1.18466970258972,-0.304427101995655,5.24677203292435,193.90555027753,7.83329986546487e-43,3.58834684582017e-42
-0.218715353742399,1.62870505241105,2.66380288890866,193.624476428336,9.01527881951489e-43,4.12669304159448e-42
-1.1366128574953,-0.647548576309845,6.88281774309308,193.520691817847,9.49545335487675e-43,4.34322464496541e-42
-0.0430552157517094,1.47835232511814,8.09595942112971,193.223953733312,1.10141645641293e-42,5.03410164162307e-42
1.32547018583494,-0.275872624946138,4.09933546068514,193.166582570247,1.13346874945145e-42,5.17671248811735e-42
0.889878515887436,0.705602138150861,6.04659641270677,193.161090445255,1.1365856030536e-42,5.18705633537505e-42
-0.587949549407233,-1.15429175142473,6.50174292549297,193.008236639252,1.22685696516261e-42,5.59483535873408e-42
-1.11250208518904,-0.517230751911774,5.43060819074644,192.914446989616,1.28576054996802e-42,5.85906454206985e-42
1.14835764616678,0.0336992438120395,6.48406481883365,192.690833468634,1.43786183228669e-42,6.54727212786937e-42
-1.07999139483076,-0.551781286122535,6.64386374375998,192.640436829604,1.47455388168378e-42,6.70933036748194e-42
2.28677512220318,-0.00335020145471385,1.04162840228815,192.3375123736,1.71569409515833e-42,7.80070623698575e-42
0.957547115432945,0.802267443519309,4.77392613897277,192.28678022924,1.7597711833362e-42,7.99513952548565e-42
-1.29385476744933,-0.411672716180195,7.61127182243297,192.274119665094,1.77094636501883e-42,8.03991161091324e-42
1.11257654563963,0.180423381737574,5.87914612987841,192.214185175029,1.8248199383249e-42,8.27831876640985e-42
-0.317150891389164,-1.35964418181582,5.80993521694196,192.042028506648,1.98885610613568e-42,9.0157527730112e-42
1.4253753000485,-0.547511853772164,9.39790463431525,191.829282756541,2.2120784031177e-42,1.00201884807891e-41
-0.641120410064641,1.00638902636628,6.67769702902554,191.789276323186,2.25677261040257e-42,1.02150421205434e-41
1.03575394391783,0.567802926496253,6.93771275707306,191.639780202005,2.43192665355124e-42,1.09996801387964e-41
-0.656557621958984,-1.19657149275498,5.21779841754151,191.451225814242,2.67235738507215e-42,1.20781824501257e-41
-1.22282511096547,-0.0746606192670082,6.94638808349043,191.036935637724,3.28742994209723e-42,1.48470871568902e-41
-1.32422250268751,-0.568585476315615,8.16950315235759,190.984746979763,3.37434224806425e-42,1.52283140149853e-41
-1.18413911730332,-0.578087749377104,7.61784607609502,190.766652534049,3.76311713315353e-42,1.69702645234361e-41
1.25528960065822,0.142771403292048,7.44541866579708,190.708206801617,3.87470877422108e-42,1.74605677405314e-41
-1.06142708115775,-0.46251436435404,5.91398193142328,190.602107864436,4.08580991200158e-42,1.8398232799013e-41
0.612401981339545,0.904107701247239,5.57545676407709,190.533599646743,4.22819032504134e-42,1.90252939385452e-41
0.699271926456585,1.11481954210787,7.3249059396786,190.469752115167,4.36534772483747e-42,1.96279445707611e-41
0.247179440805453,1.45780935412724,7.66333998584495,190.231983848771,4.91642667648668e-42,2.20894506320671e-41
0.857165449844549,2.24163448764897,0.58388936730728,190.049648197739,5.38571353969524e-42,2.41801062165668e-41
0.507702704671883,1.02414981133431,6.3446356840119,190.011283306482,5.49002194350418e-42,2.46302531997446e-41
-0.986848080736706,-0.642485260084935,5.87286937119664,189.951886010208,5.65551344685292e-42,2.5354024936996e-41
1.1074152499395,0.0481063350350424,6.17174084204575,189.885388380027,5.84671354227385e-42,2.61918999597963e-41
2.54794742051588,0.396112975774417,0.62075650234682,189.784422022313,6.14945152302546e-42,2.75278388766022e-41
-0.389488581153418,1.09710143800482,6.84628511132111,189.585546730541,6.79237419157518e-42,3.0383522467531e-41
-1.11323776634479,-0.569602991591496,6.99358503305679,189.440387849447,7.30369205329817e-42,3.26467527316294e-41
1.72868764253967,-0.400730126822098,2.18294001608229,189.256011956851,8.00901616203939e-42,3.57732137890651e-41
-1.17055342520289,-0.244903403247227,6.30254531496488,189.079761772271,8.74684461247251e-42,3.9040168622238e-41
-1.2654280775938,0.368708680439433,4.64967471699528,189.018424777736,9.0192530198522e-42,4.02265292196778e-41
1.43495881321677,-0.297101633926595,8.42542667211797,188.938142608438,9.38866022062815e-42,4.18434578500616e-41
0.9718635821202,0.499020376063567,6.07131504873982,188.61072265886,1.10586461201694e-41,4.92502103727808e-41
-1.07227297995769,-0.682245532700781,7.26003538942729,188.560329791654,1.13408245797887e-41,5.04699854106386e-41
1.35438442717461,0.116229953947404,3.645717380447,188.531883616281,1.15032786830521e-41,5.1155559256699e-41
-0.837936338715001,-0.924830896481501,5.72222861643428,188.527683402121,1.15274621851443e-41,5.12256859731082e-41
0.86381086649851,1.12090857573328,3.62485980866583,188.392179093862,1.23355379267419e-41,5.47766264755685e-41
0.199807369736126,-1.69760113873853,7.82553583878476,188.257962039281,1.3191766514909e-41,5.85360601623661e-41
-1.01616145768512,-0.76363055970974,7.20429196778127,188.208706449866,1.35206842672499e-41,5.98947307793985e-41
-0.618096447539179,-1.1898530661803,5.60440951516183,188.208019749646,1.35253273927399e-41,5.98947307793985e-41
-1.24082869399513,0.0132220366935932,6.8814771784846,188.207702521787,1.35274728682117e-41,5.98947307793985e-41
-1.20255582708591,0.478013059355627,5.76341518512632,188.116245323816,1.41604270094024e-41,6.26516567102047e-41
0.963948301764047,0.783909263236304,7.23247134247734,188.012141891148,1.49170217490626e-41,6.59512188876494e-41
-1.37912742006668,-0.218436615485742,7.99606330010293,187.98412735843,1.51274386886743e-41,6.68329802152751e-41
-3.0849428989996,-0.355930916950926,0.336430668433778,187.727933591314,1.71948016775996e-41,7.59114957311284e-41
0.836219449331517,0.918496606992681,4.09525533029167,187.683122425322,1.75844096315733e-41,7.7575279592042e-41
-1.54973024774259,-0.448022343290866,10.3008635455197,187.457341161216,1.96859134198842e-41,8.67833750182877e-41
1.18903457814144,0.506619157369655,3.85078036321989,187.211482314108,2.22609216464893e-41,9.80640311026241e-41
-1.52451950029747,-0.241019195852348,9.21794108834764,187.104614776465,2.34827595918005e-41,1.03371685028837e-40
-1.19712725436078,-0.00992856167342475,5.59659581129521,186.880758933933,2.62638754717423e-41,1.15530689213849e-40
-0.889749313957319,0.74762232333365,6.52829187213559,186.373079590153,3.38532196711295e-41,1.48807510005658e-40
-0.854354811011423,0.991186909870101,7.62896480003269,186.120392134679,3.84123045175052e-41,1.68725909020615e-40
-1.57485184588068,-0.515795714873947,2.57355410386083,186.065343787867,3.94842560648754e-41,1.733094094614e-40
-0.869495666701616,0.899010450704536,7.41489274496567,185.901948644234,4.28454555095525e-41,1.87927329353138e-40
-1.46788335796443,-0.270055732516201,8.6271614509024,185.55992485311,5.08363413229393e-41,2.22816159808534e-40
-1.34348327229757,-0.673341143307063,8.24409730671294,185.494094179603,5.25374798054821e-41,2.30106602198399e-40
0.785122676274963,1.36680509237847,3.87492340193362,185.481031924332,5.28817317447327e-41,2.31447866902899e-40
-1.46767743498014,-0.500151299002549,9.3880794506256,185.372756980945,5.58235272192183e-41,2.44147725366811e-40
1.39379825328035,-0.475202496388131,3.61901297799471,185.339867003877,5.67491344243703e-41,2.48017753320579e-40
-1.00804000212937,-0.667789416074614,6.14172687436266,185.137964070563,6.27771949929288e-41,2.74166114144154e-40
-1.48864197287036,-0.634665905359255,10.1417404009001,185.04301830282,6.58292819869132e-41,2.87289368269769e-40
0.91779198470224,-0.82858625054699,6.98810925262801,184.783933224338,7.49339675889412e-41,3.2678939447097e-40
1.11356225721735,0.0125386479171482,5.83756686201501,184.395095428007,9.10151696201503e-41,3.9663590024873e-40
1.11292538396404,-0.12677878305052,5.85476145296493,184.316041948378,9.46847480289897e-41,4.12332436337975e-40
-1.25395598420776,-1.09770158607576,9.79852435224418,184.233555936476,9.86714789404578e-41,4.29386678906009e-40
-0.65702867919059,-1.04762902155727,5.94824741449115,184.007958304034,1.10453515001993e-40,4.80314999522952e-40
0.745764737947737,0.873840445525047,6.6999046247945,183.484032657269,1.43531938318592e-40,6.23713376505059e-40
-0.736300552040853,-1.33034181476656,8.28569077780309,183.457167144618,1.45472975423686e-40,6.31697199985308e-40
0.880016185505965,1.33461221655944,1.99764713898124,183.421718631829,1.48074361453455e-40,6.42535076641933e-40
-0.802545575809013,-0.686247027223455,5.83106283959255,182.688560739282,2.13640252231485e-40,9.26383088023705e-40
-0.869459136110143,-1.2217956472206,3.7707768704493,182.66086239143,2.16619576210955e-40,9.38633437702702e-40
-0.734502796057065,-1.01197737635433,5.84263591857885,182.639779449458,2.18915143257917e-40,9.47905684320196e-40
-1.26052923759097,-0.593551236876022,8.07991109172597,182.482022119231,2.36882170385248e-40,1.02497416723908e-39
1.01008855981865,1.16156462751535,8.43752395600583,182.426551645658,2.43544111682027e-40,1.0530515283524e-39
-1.29591832129234,-0.104429576224281,4.38541507713846,182.401121833172,2.46660522679568e-40,1.06576952595686e-39
-1.04824849690707,-0.41029259239731,6.65586100369404,182.302490535666,2.59129681695412e-40,1.11885212919267e-39
-1.36444182702768,-0.527567072159289,8.15982068669014,182.079633800674,2.89674246999446e-40,1.24984891263829e-39
-1.29523486831247,0.476314827250539,7.75863235991898,182.007309169918,3.00341247776823e-40,1.29495574820489e-39
-1.61824704332861,-0.721668400082322,2.10641819886699,181.825928143766,3.28852668338974e-40,1.41688255120147e-39
-1.1652838423373,-0.211209934905627,6.72470792075415,181.773654503451,3.37561141540349e-40,1.4533749856419e-39
-0.927569267828224,-0.703615735456828,5.75553541146827,181.76872426577,3.38394296361086e-40,1.45593249204685e-39
0.602238726140851,1.32457444109734,3.82736330379495,181.727446971961,3.45450865296201e-40,1.48524355079327e-39
0.78461145626154,-0.921154612426959,5.9420376134257,181.648654558534,3.59331954819009e-40,1.54383411498809e-39
-0.427443875388103,1.28203874614492,8.07394301540354,181.556671234565,3.76244157787507e-40,1.61535573526822e-39
1.02996299676426,0.383863844569797,5.17571943956453,181.507505730655,3.85607896276565e-40,1.65439103067775e-39
-0.999414622852025,-0.592937359967298,5.59891343758317,181.335288447881,4.20283583317802e-40,1.80189186988646e-39
0.273184048647211,-1.88876809698026,10.4658080613066,181.283996433472,4.31201582256513e-40,1.84739988232065e-39
1.50569929923361,0.126338745854709,2.72353043415808,181.224183328305,4.44292105594686e-40,1.90214510468386e-39
-1.20138775660161,-0.44711244183475,7.48445207252987,181.089750953722,4.75182256762553e-40,2.03296526997219e-39
1.20555491715097,-0.563299803804457,7.36612720570751,181.085970618685,4.76081280214573e-40,2.03538120361399e-39
1.12440993573035,0.305667319860614,7.05489382401605,180.972939562912,5.0376209570304e-40,2.15221307974744e-39
-1.02220753870192,-0.463603830900863,6.32324525491014,180.72157736564,5.71226168359306e-40,2.43872714794632e-39
0.996973961128732,0.636817602614508,4.77633390366439,180.717424853446,5.724134122589e-40,2.44208328930076e-39
-1.01315902569562,-0.605238962998053,5.54787695118134,180.67466049215,5.8478464992635e-40,2.49311551033027e-39
1.03212476618583,0.442946192962491,6.13181746094966,180.188558859503,7.45678450661587e-40,3.17683023626854e-39
-1.27997212952292,-0.581188420216281,8.44451387841287,180.096216321734,7.80914559402816e-40,3.32462086548555e-39
1.15741446278786,-0.260805710827332,5.37504240259427,179.978481130888,8.28265156389894e-40,3.52374442494876e-39
-1.26395662522514,0.284172175106991,4.76475060097016,179.698078023022,9.52923754077489e-40,4.0512568539272e-39
1.09208313055998,0.309275723805431,6.88931177934044,179.61507177604,9.93305249116102e-40,4.219987687801e-39
1.88819905626384,0.0641699210570249,1.58226906389877,179.530812232012,1.03604700119967e-39,4.39850358668313e-39
0.946647124727506,-1.09812402420189,4.52729178584459,179.39860136962,1.10684977726585e-39,4.69581982159896e-39
0.642821382451465,0.949478446585842,4.96544121739047,179.182235091955,1.2333093449969e-39,5.22868195845481e-39
-1.43973648379288,-0.634205622451576,10.0156139115322,179.149021869106,1.25396144009805e-39,5.31253809834162e-39
-1.09819570592604,-0.227987564730767,6.24018079679264,179.119275763706,1.27275105780125e-39,5.38839251731155e-39
0.420632229440656,1.05967123444107,6.38614285909223,179.085151753,1.29465305785852e-39,5.47730911483158e-39
1.11202964826764,0.842865608778528,3.1018594575125,178.923224701489,1.40383289241469e-39,5.93509350626434e-39
-1.01502193245094,-0.513968073803102,6.18329453078906,178.819071698052,1.47887664768932e-39,6.2480229223682e-39
1.01734166401854,0.39709332921958,5.80166896551151,178.75871071835,1.5241902228108e-39,6.43500005303201e-39
-3.42699473552828,0.123605379508356,0.114036556518838,178.566525370237,1.67792169561483e-39,7.07913186618369e-39
0.522633734416575,0.925376705929634,5.70767701060845,178.211429274908,2.0039174491066e-39,8.44864918986218e-39
0.968316063499981,0.884724188434485,7.14043869929772,178.074671306533,2.14573676480789e-39,9.04030825200723e-39
0.867963561563197,0.565490025235427,6.28703884600992,178.073170949614,2.14734705423525e-39,9.040836007043e-39
-1.50288824971671,-0.356685635949617,10.3912841953004,177.951063909295,2.28253501069889e-39,9.60336775752234e-39
1.08091015269727,-0.192794399084575,6.18723035870713,177.897570855488,2.3444086588311e-39,9.85687839431196e-39
1.08344519098377,-0.369895923352993,5.58655728720099,177.862052155078,2.38641573838432e-39,1.00265693687259e-38
0.390359567802096,-1.45674763115616,4.96779830794523,177.489441136353,2.87513048294415e-39,1.20715823311476e-38
-1.40424649228348,-0.396075087992616,8.60858357993038,177.332610523033,3.10965990607405e-39,1.30472842923355e-38
0.736695501527462,-1.31674261646998,8.60739548761081,177.323575551633,3.12373952853298e-39,1.30973321278986e-38
1.01786620278215,-0.504772968400059,5.84505811026471,177.27177745533,3.20569815300935e-39,1.34317208227949e-38
-1.03652580549367,-0.436248020332172,6.5015222810162,176.818231568086,4.02169253537985e-39,1.68391087726221e-38
-1.00401093187821,0.640699691105972,7.20597635732304,176.80868097725,4.04094323261866e-39,1.69080841238367e-38
0.682001362245144,0.858982829836737,5.20580641531022,176.569936187136,4.55329220656099e-39,1.90387657647962e-38
1.06830747139588,0.0512990322254083,5.97396678438217,176.503433579535,4.70724041419355e-39,1.96689633779069e-38
-1.31955491605841,-0.54169379232444,8.02761499044168,176.388815912126,4.98488667873244e-39,2.08148080247758e-38
-2.00281952600262,-0.227748118951562,1.45186713555128,176.324202175272,5.14856244662381e-39,2.14835148560972e-38
1.05833173791415,0.154985710382807,6.10064512161492,176.284243063578,5.25246292400306e-39,2.18874227978188e-38
1.06441061115026,0.387581689166682,5.03195035874955,176.28420988836,5.25255005052782e-39,2.18874227978188e-38
-1.02923122199719,-0.526269102472112,6.63308745784078,176.09687289183,5.76832752135772e-39,2.40202311559684e-38
-1.09847607147619,-0.462517665325003,5.11452463431537,176.007558347656,6.03176368434454e-39,2.51000528436702e-38
1.31619584491067,-0.564732084652572,9.19896760816408,175.804360267252,6.67679774515592e-39,2.77652627544462e-38
-1.11685445672981,0.138923831332573,5.82523933436007,175.317390818308,8.51750295609152e-39,3.53956027281128e-38
0.655751444655259,1.01337582190368,4.56082782732433,175.147265113198,9.27373369349035e-39,3.85119309181236e-38
0.546541603167768,-1.41912570953794,6.81801678052591,174.936731441845,1.030318330109e-38,4.27578595344486e-38
1.08440084305688,0.342170967762239,5.33762248059959,174.83305573284,1.08513637176171e-38,4.50021132921340e-38
-0.919642078116369,-0.740445288837207,5.5820037943171,174.630347515512,1.20088619012942e-38,4.97685168516534e-38
0.632360722405413,1.14794694495782,4.2470323963356,174.575969386057,1.23398508752356e-38,5.11054504275064e-38
0.900572295690216,0.641733565461525,5.72160787005282,174.097888420356,1.56719801897803e-38,6.4861329296657e-38
-0.974598235121812,-0.53105043355624,6.38838537419747,173.979547013918,1.66272866478041e-38,6.87682887987984e-38
-1.14839814509834,-1.02555502860409,8.88576338831035,173.89281770529,1.73641853909564e-38,7.1767250957327e-38
0.087069309269378,1.32034456022293,4.2485072845995,173.594794232418,2.01543775020768e-38,8.32427749203823e-38
0.63166689159766,0.977120076768878,6.5325175559992,173.44000455417,2.1776172113255e-38,8.98802276783026e-38
-1.06231247702899,0.434565141723502,5.92891292016593,173.212215636611,2.44031154972595e-38,1.00654584788154e-37
-0.880189750867776,-1.18373596092355,3.90183583966815,173.204772407614,2.44941036921827e-38,1.00961478184163e-37
-0.880039327273069,-0.857911313351269,6.84034614982827,173.023273463634,2.682091235407e-38,1.1047747930418e-37
0.799715879352103,0.891266148964682,4.84740835513781,172.938786035893,2.79781992535098e-38,1.1516651592655e-37
-1.2223169268166,-0.936413572634746,9.30251196596302,172.541381804712,3.41283263567959e-38,1.40387331662279e-37
0.995608758880991,-0.570370738766974,6.76426745216529,172.484048816683,3.51208235616908e-38,1.44372433385262e-37
-0.658471599766277,-1.02163290572187,6.34694422380566,172.379689177717,3.70020766930922e-38,1.5200313286609e-37
0.404679981574516,1.23195449471361,4.03504479780928,172.324824261599,3.80311855667714e-38,1.56125325509443e-37
-1.06855409677436,-0.236182298692666,6.2415468271627,172.306042086297,3.83900220591446e-38,1.5749221987606e-37
0.970795545393198,0.483830618381976,5.79512992842601,172.271346064703,3.90618229324208e-38,1.60140321893992e-37
0.853285941687974,0.932398069655253,3.62033349613539,172.229019804923,3.9897302867547e-38,1.63455437320072e-37
1.15331250094494,-0.0794308345166345,4.95398774502196,172.165103590902,4.11929378937287e-38,1.68650037590464e-37
-1.06338890188334,0.531851507501441,5.52589231990253,171.846948479405,4.82957896989542e-38,1.97597290112388e-37
0.885002196566567,0.723318679741788,6.74734748377888,171.793013572502,4.96159244923806e-38,2.02862154674018e-37
-1.40513980194583,-0.503072573971509,8.89527993651004,171.623830284026,5.39956498375179e-38,2.20621151819335e-37
0.394302280732911,0.996918942462127,6.06422407945439,171.48819582343,5.77845081722997e-38,2.35943719485554e-37
-1.45530319629725,-0.446688293446695,9.79697289098596,171.442985719517,5.91056054633096e-38,2.41176223901226e-37
1.10567344364637,-1.24737235522784,7.44586017477843,171.33806941488,6.22889423286385e-38,2.53995365637476e-37
-0.986650371459775,-1.26016250440465,9.52274977683958,171.309742785511,6.31774373851418e-38,2.57445942972385e-37
1.09686980349293,-0.0141597857946068,5.63181916502019,171.177013887074,6.75124269050574e-38,2.74926859530428e-37
0.929836391938949,0.665397305855636,5.11991871084666,171.171820221891,6.76879732090991e-38,2.75457473861628e-37
0.217058898919076,-1.79209496744429,8.88817000505179,171.003921714907,7.36156595931382e-38,2.99380184103557e-37
-1.35673130884707,-0.663453162338731,8.7681978813258,170.733622222334,8.4268448251042e-38,3.42474174200496e-37
-0.950356144125501,-0.726765972811374,7.04353287662389,170.721824688331,8.4766997159189e-38,3.44270499469742e-37
1.22187391838827,0.22327313906523,3.92662787218264,170.330904475126,1.03065673228321e-37,4.18309212409345e-37
1.05097911589366,0.120701822239868,6.14928446625311,170.0913051868,1.16182941808182e-37,4.7123367736723e-37
-0.932231328966887,-0.620359573207991,6.60573655569023,170.016846364874,1.20589889324412e-37,4.88782454199082e-37
0.190229115717977,1.13218469572251,6.0396491090301,169.970898393335,1.23392388753531e-37,4.99808957239853e-37
1.15168280501856,0.413337722343263,4.01830066393341,169.950490793266,1.24657905574296e-37,5.04599287989569e-37
-1.12253641224199,-0.286565128009002,7.02712567789941,169.88797363827,1.28616075468297e-37,5.20275526545511e-37
-0.684849010744251,-1.72855071058387,8.74625462884505,169.834467157828,1.32103413022674e-37,5.34027608553813e-37
-0.78765446450667,-0.784956519169649,6.636113129611,169.746929179613,1.38013849243845e-37,5.57550308026894e-37
-1.42156047719181,-0.482278098065103,9.23999544609954,169.626663403451,1.46567624852845e-37,5.91713328981511e-37
1.30589639598455,-0.48942048183441,8.35127475278321,169.402012484055,1.63991137173694e-37,6.61615668067229e-37
1.03627019298442,0.180608287188337,5.57557509824402,168.974652736937,2.03058123008551e-37,8.1868731978547e-37
0.757871477911089,0.776320375284671,4.8716586588455,168.942934036952,2.06304164870683e-37,8.31224193072613e-37
-0.321011679226229,-1.65232962393008,8.32732068196823,168.929581323227,2.07686133221279e-37,8.36238875033828e-37
1.39121951844607,0.599000086543252,10.7233442238674,168.794383533042,2.22210884298371e-37,8.94130775683068e-37
-1.11813310385859,-0.238138094838131,6.78929517411283,168.412895075803,2.6890847736513e-37,1.08131757608911e-36
-1.98991435780705,0.377027327634325,1.43041694653611,168.397200872414,2.710269305216e-37,1.0891168006703e-36
-1.0891475801134,-0.38859092246327,6.88988235373838,168.185810720247,3.01241800640716e-37,1.2097362020453e-36
-1.08592925960387,-0.357622778128408,6.7446112782537,168.125515797036,3.10461757100359e-37,1.2459401300112e-36
0.970626246092854,0.752881530781707,3.7071827896398,168.051193023352,3.22215995806275e-37,1.29226019925468e-36
-1.41906783637885,-0.273978639040292,9.33455909725641,167.837943373931,3.58470704491998e-37,1.43671471293435e-36
1.20526184996992,0.0920026028205888,7.53182532165325,167.785009681518,3.6808496181138e-37,1.47427713651821e-36
1.07730494492381,0.410031753905949,7.48882870675916,167.685735962605,3.8681658706911e-37,1.54828361740746e-36
-0.829391561049985,-0.741557537106407,5.96368057297044,167.666547566072,3.90545642140718e-37,1.56218256856287e-36
-0.0614470461906433,-1.49066407849605,7.13646465596879,167.455369082615,4.34038867030386e-37,1.7350155104931e-36
1.17169876188907,0.483636673276073,3.91407054229697,167.19261927604,4.9497585754735e-37,1.97730513172458e-36
-0.964063161804952,-0.481075713904829,6.28861338865038,166.955424943923,5.57301371088293e-37,2.22482016208887e-36
-1.26811987231106,-0.973001463215855,9.6458914484661,166.70039353022,6.33095868471058e-37,2.52574550933932e-36
-0.323541600374179,-1.34189285569709,6.8445108992021,166.482420705151,7.05995083926783e-37,2.81473351077031e-36
-1.02873680777169,-0.31591138163365,6.00365702997833,166.330217803522,7.61819556390001e-37,3.0353124733654e-36
1.00561364063426,0.396820471028017,6.6455966074288,166.299624894651,7.73562276550247e-37,3.08008315215036e-36
1.21959234007845,0.136752970698305,7.84666251661608,166.152190713355,8.32741500177864e-37,3.31354918502146e-36
-0.25439966960844,1.89897610302704,1.37000762382973,166.121183505724,8.45752593280718e-37,3.36312331018485e-36
0.842621733533366,0.682262015050597,5.36059803952072,166.113373706052,8.49061628965245e-37,3.37407780492194e-36
1.0320246378497,0.709474813160502,8.60944967837011,165.939381610553,9.26234851194841e-37,3.67835471237716e-36
-1.3254514513669,-0.221986487316312,8.3828767716061,165.780495352888,1.00281963906747e-36,3.97989958451287e-36
1.07506078194767,0.0369357694861812,6.60183535324743,165.641665501947,1.07490318473485e-36,4.26319908056402e-36
-0.779389855343066,-0.843752732451375,6.62870483117587,165.445241547133,1.18582955279061e-36,4.70008484205027e-36
-1.45537086169234,-0.354956032161532,11.6213245213659,165.400334932082,1.21275651685292e-36,4.80368358789889e-36
1.01699608186998,0.510759408197633,6.90598990447219,165.232259614122,1.3190787031072e-36,5.22142467133723e-36
1.22263286842185,-0.637387747485614,9.86218928690631,165.134693578733,1.38502274019705e-36,5.47889437447668e-36
0.671112618576909,1.01201851769705,4.617693512428,165.059387289756,1.43816745565883e-36,5.68543082470841e-36
0.934743684447157,0.483300043132158,5.93267136905711,165.03762916048,1.45389878830602e-36,5.74389086515705e-36
-1.35848237976615,-0.533382402931978,8.86654566419833,164.895862334401,1.56069647597247e-36,6.1618159181066e-36
-0.919673471359114,0.886159123970062,3.58139651212565,164.879342826077,1.5736408301851e-36,6.20889525221444e-36
-1.35090023327914,-0.563429874078683,9.15934218568041,164.778963843693,1.65463663021391e-36,6.52424080618024e-36
-1.14743058313012,-0.294245720417258,4.74635522182445,164.71086057838,1.71194997759093e-36,6.74585855247482e-36
-1.32925832984962,-0.40524361617093,8.22563138142402,164.613172830059,1.79764402532187e-36,7.07895008160383e-36
-1.37446478476202,-0.613644634922319,9.6501652638377,164.396539693044,2.00329535326746e-36,7.88368591512107e-36
-0.664534931506154,0.88325731839941,5.4059843209548,164.375325075421,2.02465802564996e-36,7.96260856599286e-36
-0.887980561842204,0.975441733194984,7.22861476712536,164.203255054243,2.20656238070361e-36,8.67240269446323e-36
-1.16025821913545,-0.178578600802967,7.07577538899293,164.106270050521,2.31620095139533e-36,9.09743960780309e-36
-1.059890807987,-1.44059351409667,9.89316437420213,164.103185782429,2.31977559932494e-36,9.10560531830447e-36
-1.36910376711464,-0.500499092606808,9.29149005084792,163.957899784604,2.49456273039068e-36,9.78537235993456e-36
1.17314354183593,0.115173675778358,4.24454506018455,163.711941007813,2.82100398285716e-36,1.10587715696294e-35
-1.02262192189188,-0.762517985944338,7.50887023281738,163.615076214763,2.96099464439926e-36,1.16000871268357e-35
-1.25899025193125,-0.848267369810717,10.3144057649231,163.101310647173,3.82825093595341e-36,1.49880332463565e-35
-1.01772713922184,-0.43207109563856,6.81888843320801,162.882891232063,4.27001667230481e-36,1.67068518643906e-35
0.660631129272377,-1.09141785445896,6.10905782607148,162.748591819564,4.5665931157844e-36,1.78557603653792e-35
-0.393268824860217,-1.2293056956794,5.71759282477897,162.632451969614,4.83962560297103e-36,1.89111942688624e-35
0.844786127737263,0.754651746222492,5.37074551423084,162.548198556062,5.0478583779032e-36,1.97122269433449e-35
-1.38875818941895,-0.540489500210416,9.86891284410638,162.375687897273,5.50259279896183e-36,2.14742211282562e-35
-1.39715414813306,-0.551443920561474,9.76423640251741,162.272645527937,5.79352308344699e-36,2.25951111672167e-35
-0.20566222909375,-1.28035808333697,5.91705133620045,162.245138801978,5.87375396690866e-36,2.28933509286427e-35
-1.50348053541681,0.183378366278787,2.80744775369042,162.204400350202,5.99462463006221e-36,2.33495039973248e-35
-1.10334294728639,-0.491059542632568,7.6113133390956,162.064118406366,6.43019037166802e-36,2.50300505004571e-35
1.03934124988729,0.517551854952959,3.9594797825732,161.94220808142,6.8343359224715e-36,2.65862217865856e-35
-1.28554319971751,-0.210095312670117,8.04636324940173,161.895214349347,6.99682288961668e-36,2.72009308761088e-35
-1.06484867006328,-0.467041136421951,7.05225929326925,161.805695211988,7.31711219893218e-36,2.84279381410971e-35
-1.74375274009017,0.566471143087284,1.83748400839281,161.800335557534,7.33674709273447e-36,2.84860435590354e-35
-2.92156956020857,-0.308922653430206,0.223541879303866,161.78376296545,7.39779412873272e-36,2.87047614121892e-35
-0.932998109459561,-0.543863176997687,5.44582783375044,161.713410436748,7.66265193470028e-36,2.97135190945575e-35
1.06172936210113,-0.445996910836846,5.37512928102693,161.678824512294,7.79631426304282e-36,3.02125787609196e-35
0.864573230425933,0.666938033557474,6.87729200733625,161.628481370455,7.99505049875535e-36,3.09630199977243e-35
-0.977888344122726,-0.615361278209486,7.06731208697132,161.51512481164,8.46128405765586e-36,3.27478050495924e-35
-0.413599992803819,1.2687462366062,9.19708142120098,161.49956014729,8.52738947434076e-36,3.29826855907157e-35
-1.35751605092728,-0.544641854116159,9.22388012237319,161.467451939083,8.66539387719097e-36,3.34951859837071e-35
0.944639905052497,0.470398773495392,6.25634525811536,161.455433294102,8.71762379955317e-36,3.36756939668019e-35
-0.752255938195548,0.796147330241833,5.96863034965532,161.431604439134,8.82211050979061e-36,3.40577100720388e-35
-1.38599038271161,-0.37136039468427,9.16316005411627,161.297926014625,9.43192621599662e-36,3.6388825603921e-35
-1.29684216891098,-0.674374717819354,9.58239822866246,161.166124672256,1.00744348468854e-35,3.88430394856479e-35
1.18543594122468,-0.782257376609002,9.94555136323138,161.052048227313,1.06657666512783e-35,4.10969540335333e-35
0.841756010203525,0.625267445000552,5.44698256300331,161.046295326059,1.06964903688951e-35,4.11892684160868e-35
0.166314127283786,-1.49846270664985,7.38251972878954,160.989721680437,1.10033801016747e-35,4.23442339184549e-35
0.958132893061088,0.489896927654082,4.98672738627892,160.983419821588,1.10381056559607e-35,4.24510342599425e-35
0.370046728081821,1.37048453314127,9.55153803099821,160.688992483783,1.27887657005411e-35,4.9152781303595e-35
0.253028939258969,-1.46853153092978,7.31523830618448,160.522627070563,1.38980676502367e-35,5.33826093720133e-35
1.03853629231552,0.339725629213986,6.77749060555139,160.455123838868,1.43751558498243e-35,5.51599801287294e-35
0.807602744521636,0.580536459983064,5.50268224262872,160.454599668247,1.43789238607578e-35,5.51599801287294e-35
1.26106723737701,-0.535377655959706,9.20314146622948,160.425956627811,1.45863335756901e-35,5.59204022725449e-35
0.0725000712643462,1.15880001102673,6.49572464214945,160.357685490845,1.50928421610364e-35,5.78258169140275e-35
0.241373577401185,1.02588342194599,6.51412889335801,160.076518045032,1.73710378019425e-35,6.65125019737271e-35
0.858841671913449,1.12211091757657,8.92286647179499,159.946716526995,1.85358201489924e-35,7.0927764341336e-35
0.803366298010586,-0.880073076382631,7.05872836539641,159.873920144178,1.92229192044747e-35,7.35107613799259e-35
0.0504554723885406,1.29628498570897,7.68880703634892,159.861619270068,1.93415128866992e-35,7.39178471150186e-35
-0.95435877126928,-0.513560920816315,6.44815383523814,159.669250919948,2.12942671331886e-35,8.13296727144617e-35
1.24549974586159,0.123271802104752,8.33306038666283,159.52764814527,2.28565853547292e-35,8.72419383320321e-35
0.79234523397212,0.605240290019676,6.32045454302125,159.449273904136,2.37700502580457e-35,9.0671720533197e-35
-1.3107916143879,-0.711429045449067,9.6109740640642,159.446644614841,2.38013199771673e-35,9.07341490425763e-35
-1.16946282341882,-1.02172130377459,10.4858738382788,159.365076649037,2.47920992371684e-35,9.44520026006764e-35
-0.753406315955539,-1.39745029099274,11.5312983511254,159.154052734007,2.75509489811401e-35,1.04896921449144e-34
-1.15934418340695,-0.289449419973982,7.62648324957655,158.993878904646,2.98481808658142e-35,1.13572328194423e-34
0.840600708099096,0.524451855366096,5.97292861686474,158.908485818534,3.11501929214359e-35,1.18452451284011e-34
0.816847034367168,-0.865576849973592,5.41555061315771,158.799885265635,3.2888423119099e-35,1.24984219693555e-34
1.02783907316764,0.019929697679002,5.91205002440448,158.520526166947,3.7818570471936e-35,1.43630353732468e-34
0.0971083726539723,1.29827426248907,7.87999595879795,158.489170110659,3.84161633827183e-35,1.45808979223185e-34
0.762620273400856,0.968880212416534,3.47691857402498,158.447440683022,3.92261260739563e-35,1.48790439587692e-34
0.573364223929179,-1.25551299931817,7.59502049456552,158.085101619514,4.70171551370413e-35,1.78231905650254e-34
-1.02436067087167,-0.634330867466539,7.53089417363723,157.902314464664,5.15167045594435e-35,1.9516720432974e-34
-1.49465977770807,-0.837781055018884,1.95081415058504,157.887266740071,5.19057709561424e-35,1.96518864167286e-34
0.62485560389417,0.906350370121129,6.97631802502868,157.835921397493,5.32555832596153e-35,2.01504034110962e-34
-0.0941733027902137,1.16891452337656,5.36893258457627,157.792348712805,5.4428558654825e-35,2.05814326143214e-34
0.52688102551352,0.937563875011383,6.49917216112738,157.610736055213,5.96023689150924e-35,2.2523849904102e-34
-1.27433663248347,0.500805462582502,9.04275670824365,157.486414748759,6.34248647730194e-35,2.39535097232098e-34
0.885960936700928,0.449023108404201,6.4413626128398,157.47818265035,6.36864626427433e-35,2.40373951995674e-34
1.04642146811731,0.733836780237707,3.07299003308508,157.439406532047,6.49332670508437e-35,2.44927961465636e-34
0.640055562293,1.71228289829612,1.35778688995216,157.37714871661,6.69863581849828e-35,2.52515757665743e-34
-0.81738779990318,-0.805005371720728,5.05022779273045,157.000625769613,8.08625227716082e-35,3.0463554370888e-34
0.976314685526602,0.485514134327777,5.12968822781218,156.987183020876,8.14078607167452e-35,3.06500343873559e-34
0.976963523292005,0.479535248220852,4.70861341793915,156.27056390844,1.1648719974851e-34,4.38302887558052e-34
-0.923957244993823,-0.50010688903359,5.64634289222968,156.263214772027,1.16916027304658e-34,4.39644703045556e-34
1.26472811097683,-0.323302652543636,8.92046677681638,156.210226496645,1.20055015409131e-34,4.51169712228884e-34
-1.1448689990763,-0.0335339773938721,7.05559018430126,156.086691050917,1.27704349445253e-34,4.7962003665805e-34
-0.749185126421067,-1.67046046745779,10.4286863766955,156.004526778886,1.33059973924109e-34,4.99426092016015e-34
-1.14067763082742,-0.00990255099140847,7.00987103617606,155.620336272488,1.61240205305863e-34,6.04824627173193e-34
-1.14988361867748,-0.784012364241179,9.42503070963217,155.538370728476,1.67985553317412e-34,6.29738946180053e-34
1.02649955859551,0.272415019638476,5.16404279474884,155.49767518117,1.71438698095657e-34,6.42288488619297e-34
0.933593129895534,1.09008323217761,2.61981798167145,155.349927840975,1.84583037004732e-34,6.91107951589672e-34
-0.724593534615737,0.912754383002603,5.03662697371854,155.26745233015,1.92353953508681e-34,7.1976082910931e-34
-1.03998600541961,-0.486771130891993,7.31588145094228,155.108516763807,2.08263679316231e-34,7.78814053855784e-34
-1.40963817326238,-0.282415684178625,10.0802885932498,155.058367113057,2.13551877960427e-34,7.98099345011098e-34
0.838784152993725,0.518610698320342,6.11319741305308,155.030150868191,2.16586046887505e-34,8.08942241381062e-34
0.659323301261764,0.821318679312745,5.24460757812075,154.874912658643,2.34066910891516e-34,8.73696721954354e-34
-0.0597281500510422,1.15686551541702,6.79894970648066,154.805475199636,2.42336134505337e-34,9.04008815483143e-34
-1.37165856102076,-0.292985571040465,9.26997079984132,154.802148935692,2.42739506816294e-34,9.04959043170604e-34
0.990724906625756,-0.148548878165441,6.07862971955897,154.721048082964,2.52784995256374e-34,9.41832956622281e-34
1.5322515960869,0.719104245994439,1.65176768467465,154.561595702971,2.73763746747711e-34,1.01937228758414e-33
1.84108023984385,-0.448588547499415,1.36232673984047,154.543440246957,2.76260213558764e-34,1.02803922991794e-33
1.04413343168705,0.174231056909877,6.77276303996497,154.495280379584,2.82993281758891e-34,1.05245149624199e-33
-1.06106930481024,-0.383424001750563,7.2932346356695,154.492117652038,2.83441151111479e-34,1.05347358239724e-33
0.630112212731273,-1.06237204115641,5.88307021854985,154.437427237114,2.91298853813482e-34,1.0820179511998e-33
0.852100936755439,0.687822379244987,5.73940606970589,154.42519421283,2.93086046912003e-34,1.08799259365871e-33
1.03725483915667,-0.028354398304939,6.55046546978329,154.353803637953,3.03736797536384e-34,1.12684315868465e-33
0.0698512968261916,1.33945110557637,8.04675854073756,154.334706258109,3.06650977190619e-34,1.13696172298203e-33
-1.32900200216858,-0.533668665016938,9.42338336607313,154.305468372424,3.11166818285766e-34,1.15300279350197e-33
1.0037883790258,-0.030875251321297,6.04826837365199,154.294606723362,3.12861307748521e-34,1.15857642431447e-33
-1.05275152699153,-0.829065744566139,9.23906844295455,154.13908475362,3.3816061366536e-34,1.25150262370499e-33
0.849446101411724,0.676549858546292,5.45173519170548,154.084264959985,3.47557760268813e-34,1.28547963696122e-33
0.787498378084512,0.721165761900988,6.36576359856219,154.083080662256,3.47763627147689e-34,1.28547963696122e-33
-1.1403915004419,-0.499642420218326,8.20867106266964,153.781152240555,4.04433461586633e-34,1.49404788479334e-33
-1.14786075067324,0.258644610536687,5.10641532047554,153.757677770857,4.0920835933744e-34,1.51077046188377e-33
0.980099770348604,0.195831200395622,5.99761766121208,153.593206856676,4.44282188150507e-34,1.63926664330927e-33
-1.33994510121719,-0.461544781320589,9.83586205930462,153.489342878597,4.67964252047889e-34,1.72560046424443e-33
0.999512888691399,-0.290796564606952,5.79421217003104,153.231328349097,5.3240217577219e-34,1.96202448311204e-33
-0.799425244751476,-0.750299625092132,6.40961051567116,152.640417940363,7.15408978883716e-34,2.63485170202303e-33
-1.31853028873917,0.0778815655582974,8.51953241208821,152.576208135685,7.38749786665809e-34,2.71917091972276e-33
0.74752253084197,0.68241164338201,5.84747475647438,152.325654426777,8.37344968560411e-34,3.08021520761075e-33
0.790616257766456,0.611630170208422,6.40301028379545,152.273717664487,8.59374256372064e-34,3.15934207294271e-33
-1.5474476056834,0.131837057108596,2.38273488672063,152.107756986129,9.33727700704623e-34,3.43061813028953e-33
-0.949262236240579,-0.640436897084376,7.25693045026946,152.068016056013,9.52466865747664e-34,3.49735722477188e-33
-0.901725999508975,-0.472430905037444,5.95733196283167,152.009995028631,9.80503125676158e-34,3.59813323032938e-33
-1.38120085545181,0.277319993798568,2.98644492108417,151.972541756004,9.99037654153648e-34,3.6639405051129e-33
0.833911306721227,0.61468659943002,5.38923356329424,151.932695971605,1.01914096675655e-33,3.73541854642618e-33
-1.00972371614233,-0.641543562279819,7.92674381090082,151.924632708635,1.02325806129314e-33,3.74825215231809e-33
0.387880616544581,1.11112706787262,4.29136279655738,151.737545386275,1.12359725776552e-33,4.11332537899969e-33
-1.05395350077133,0.153676250992712,6.27184795588124,151.665111690066,1.16503627488152e-33,4.26246444800402e-33
1.83224111023709,0.459325535312355,1.06601794643715,151.657191462169,1.16965909869781e-33,4.27680756328666e-33
1.18066477912312,0.582193756164366,2.91880660399996,151.647849295342,1.17513545421225e-33,4.29425248814178e-33
0.447114124800844,0.910868184626004,5.74101667590758,151.550817129978,1.23355408624731e-33,4.50502536117192e-33
1.03630161519438,0.140729816871904,6.79277417196795,151.541316074378,1.23942806041865e-33,4.5237638080508e-33
-1.12903597210139,0.180475270699243,5.11435189200692,151.216114282806,1.45827018341174e-33,5.31932227478172e-33
0.78027722055971,0.619484580378338,5.94264640372944,151.212621158931,1.46081936811527e-33,5.32543012759625e-33
0.379654407235651,0.974256134316459,5.46500088691887,151.19311487717,1.47513665095922e-33,5.37440570379397e-33
-1.05973772443784,-0.647516321908126,7.73311424475247,150.985596018784,1.63641857707232e-33,5.95844276149301e-33
0.923277552977479,-1.04730103408428,8.04512963962538,150.914957912214,1.69524811846798e-33,6.16896027808314e-33
-0.398534004208472,-1.73673199444762,10.4932774876812,150.605957078928,1.97848129830965e-33,7.19533700364944e-33
-0.87530675462327,0.601889477492633,7.09423284399384,150.52336705202,2.06189310291512e-33,7.49421206599836e-33
-0.741108071594308,1.04588299666447,4.15085037447166,150.466707350795,2.12114151322452e-33,7.70495795495875e-33
0.851836487225836,0.927717409832915,3.58543565753281,150.43556978512,2.15442351266411e-33,7.82118684859816e-33
-0.613309029419106,-1.10434531727191,7.03189008780488,150.404815148271,2.1878087992713e-33,7.93765194872685e-33
0.800072474588544,0.849606647875668,4.71892130627616,150.363677210484,2.23327577176869e-33,8.09778612181522e-33
-1.08190026024112,-0.215404576971444,6.97454694713469,150.107334392104,2.53867139856965e-33,9.19966159195953e-33
-1.19238289836302,-0.484980892782229,8.1773946356567,150.0962820625,2.55273935020471e-33,9.24513811067594e-33
0.761192136949036,0.761839960923312,5.70818942488347,150.091639008525,2.55867248780333e-33,9.26111659081253e-33
-1.09291450402198,-0.765793262234418,8.40062853512301,149.980822956081,2.70444466225999e-33,9.78292281868024e-33
0.927186407856972,0.750126991646099,7.55350532458119,149.964937036034,2.72601149696214e-33,9.85508194388687e-33
0.742432493613478,0.86436385887971,6.7765748161797,149.919553179862,2.78857713662421e-33,1.00752864141058e-32
-0.918944420433078,-0.409618256137099,5.73753551127799,149.913946782182,2.79640503927559e-33,1.00975764407531e-32
-0.734426127436339,0.792331194089647,6.01161617035981,149.8871091383,2.83418239753234e-33,1.02279208276093e-32
-1.53433442895461,-0.721473194805989,1.81699962888359,149.850313062986,2.88680841530669e-33,1.0411664474163e-32
-1.18941741308866,0.126651814930201,7.59940587807218,149.645931977454,3.19741311105394e-33,1.15250746122536e-32
-0.853063584280606,-0.632311528361497,5.57077224181443,149.600844415437,3.27031353012542e-33,1.17808690955051e-32
0.828046566126501,-0.696856773420113,6.53081195118998,149.487854264913,3.46038874341706e-33,1.24582180188782e-32
0.817350929885547,0.471912851204093,5.78782633752021,149.399254681825,3.61712940020483e-33,1.30148249340703e-32
1.24728291643305,-0.240807714302296,8.64576252825427,149.294520539017,3.81159523856322e-33,1.37064334390862e-32
1.09415389362771,-0.0976159299385103,7.24966728975377,149.146295971861,4.10481256985074e-33,1.47521245131354e-32
0.929226854244016,0.929438166489854,2.74830792246946,148.874744392017,4.70175513880466e-33,1.6887483943978e-32
0.655484401919441,-0.976979994510833,6.53615655643364,148.615873598878,5.35146989212909e-33,1.92097574901426e-32
0.428390124138972,0.94456542071695,5.670318785318,148.596392294219,5.40385140066733e-33,1.93863567043387e-32
0.338622234315247,-1.64110424688852,9.01326017213875,148.396594333412,5.97157613693954e-33,2.14104567265535e-32
-1.57543531366249,0.00863367842785498,2.15906747900695,148.359482887172,6.08341748987915e-33,2.17986142898083e-32
-1.63429436119921,1.07503151273927,1.19529673717806,148.325163214698,6.1887087444516e-33,2.21628581389537e-32
-1.06705243826609,-0.317132499452824,5.21204381689442,148.141918676204,6.78252011116251e-33,2.42751219498868e-32
0.352102586705499,1.10903914157299,5.94347608026561,148.119489843042,6.85901021144748e-33,2.45344619079273e-32
0.624395468367207,0.920279718987299,3.73137258614623,147.996815838894,7.29289181173289e-33,2.60711246916206e-32
-0.671095495222191,-1.42291245186516,8.27006245749097,147.898706722218,7.65956127795858e-33,2.73658503874483e-32
-1.04963010362152,-0.349749939424262,7.33537935873677,147.866761620161,7.78288629700406e-33,2.77901535344051e-32
-1.01476958721377,-0.492092435062948,7.37348878989933,147.470308411818,9.48919575916707e-33,3.38629682191144e-32
0.977062858421,0.270880236893643,6.37182733184043,147.418060206578,9.74035890476711e-33,3.47389015888823e-32
0.510666473106319,1.04041340455148,7.1798810575515,147.208218767814,1.0817862303392e-32,3.8559218795697e-32
1.05536407688603,0.114697565895759,4.91197866948991,147.17658668498,1.0990318251906e-32,3.91509991325944e-32
-1.23958406057483,-0.602775768418684,8.77718143607324,147.094048981195,1.14533650563385e-32,4.0776658750286e-32
0.951222385667382,0.572625735722886,4.06840447030713,146.9913216886,1.20570219482037e-32,4.29007303452156e-32
-0.862659793694546,-0.574295363457672,6.6117997492487,146.899532599981,1.26232678886816e-32,4.48892844078817e-32
-1.01556032138186,-0.14220201007093,6.52941566672826,146.808675186992,1.32099518730644e-32,4.69481535336928e-32
1.06063043414967,0.0728609785036246,4.88005589208544,146.780757267586,1.33956420647151e-32,4.75803202391983e-32
0.532422485541449,0.810266745802447,6.84609123293913,146.739607772402,1.36741088880129e-32,4.85410932421121e-32
-0.814968090431287,0.989054223194184,8.41996771350977,146.463838755828,1.56957298438179e-32,5.56850835018435e-32
-1.2582896680027,-0.243015525317406,3.63352991207665,146.444764200657,1.58461404901801e-32,5.61859658149193e-32
-0.810866138225406,-0.984253267404895,7.59730396258834,146.364623045135,1.64939978199066e-32,5.84490446609961e-32
0.658614747811764,0.703982253189525,6.15214013651486,146.296963599283,1.70615308129803e-32,6.04250143044932e-32
-0.909465140928299,-0.62510952924606,6.92455293277394,146.25710474078,1.7404968273327e-32,6.16054923534971e-32
1.06292711752114,0.483856736770203,3.44087717640074,146.214800630482,1.77770402937869e-32,6.28858926836574e-32
-0.56758623701245,-0.983361056707639,5.65092098679379,145.860172196933,2.12258965234492e-32,7.50425424127518e-32
1.13059178656669,0.643500391809876,2.76250624593271,145.751907739429,2.24065695442847e-32,7.91707460160217e-32
-0.751893726589472,-0.998851327825138,7.30565728642051,145.563351137644,2.46218066628056e-32,8.69475400018333e-32
-0.620134694946885,0.864643449453006,6.66894165135763,145.541260716059,2.48952671417132e-32,8.78622529615943e-32
-0.830295159814484,-0.708582588350338,5.32754952860592,145.524703980089,2.5102214736499e-32,8.85412997194702e-32
0.267673855166836,1.03988581187457,6.11110125133775,145.492497984516,2.55097077691104e-32,8.99265204970147e-32
0.774233683653426,0.705903207760849,6.97670566538645,145.324056081207,2.77512262442964e-32,9.77716813514331e-32
1.05474868125592,-0.663641424125736,8.06763512362024,145.228420890406,2.91104618583591e-32,1.02501151991724e-31
-1.05818739994134,-0.487435955992062,7.50000221843426,144.946140196877,3.35232078415398e-32,1.17970687479361e-31
0.991079979029811,0.177986602398068,5.27838503070639,144.787198364181,3.6296048794616e-32,1.27654734293254e-31
0.752172529991208,0.681044209863894,6.51343578149272,144.75867987165,3.68173106613501e-32,1.29413272116801e-31
0.917085150483315,0.507873619213989,4.96421014260982,144.271503494493,4.69722180470686e-32,1.65012615966851e-31
0.608735066214758,0.903032670902662,5.06607089858415,144.161020464681,4.96400434909555e-32,1.74284074263516e-31
-1.19630722898093,-0.261686777762165,8.38972817758042,144.110902032482,5.08997011672903e-32,1.78603677640613e-31
0.0434264817769377,1.39505612718749,2.95552059617036,143.403463728671,7.24992490929206e-32,2.54248518708353e-31
-0.934269150817101,-0.391933084384296,6.52831328701051,143.368614429841,7.37735933494741e-32,2.58568587398732e-31
1.29828481310626,-0.177031555008371,10.6496222437337,143.319392509031,7.56117590657656e-32,2.64858681928873e-31
-1.26396479282661,-0.223211575920398,8.84353394241151,143.260997288081,7.78519872620742e-32,2.72549107792701e-31
-1.15594261565673,-0.206445915916191,7.78579409417033,143.256748457095,7.80175530329295e-32,2.72971760266939e-31
1.11211073778144,0.509721699565767,2.71869790266611,143.118527228397,8.36000781254268e-32,2.92336172100861e-31
0.766791689323185,0.653740600991916,5.81680545706922,143.058157589367,8.61620024912549e-32,3.01121854860367e-31
0.534516477761833,0.845253780650783,6.84579557007965,143.014784923297,8.80509484984532e-32,3.07546858553404e-31
0.4500178674212,0.877809833425534,5.07554390931309,143.001180581925,8.86519277436434e-32,3.09468426664737e-31
-1.11578315336402,0.0170468624438508,7.21672040497092,142.994159312217,8.89636992287626e-32,3.10378797080061e-31
0.00273762406602582,1.15924794317668,7.08771028702365,142.947146926571,9.10796688631076e-32,3.17579051568499e-31
0.991747503681177,0.0367752956554213,6.54643315557301,142.932377860636,9.17547391521812e-32,3.19749772157115e-31
0.847166281391361,0.486161637324296,5.29482029550305,142.868445863616,9.47351531782065e-32,3.29947146767118e-31
0.471097058019053,0.861533572789352,5.83780594590105,142.710608150894,1.025144734865e-31,3.56837115257756e-31
-1.01862370176948,-0.391348311444343,7.37874785430663,142.64752994903,1.05799214423578e-31,3.6806035280614e-31
0.957444030962627,-0.357839466957734,6.04625050255421,142.52441114042,1.12516794910261e-31,3.91206309202551e-31
-0.618006366739953,-0.855909994202894,5.9455021792378,142.518792088563,1.12833358251206e-31,3.92083039402593e-31
-0.88501276412946,1.38893648117594,8.58529225102276,142.474957898465,1.15333637027321e-31,4.00542602522721e-31
0.302404806605937,0.956101522812963,6.81628484160621,142.464175999659,1.15957073777096e-31,4.02478144330079e-31
-0.819005265145545,-0.603087171085036,6.80547918778439,142.257179230119,1.28601497162271e-31,4.46111632321315e-31
1.23041560582728,-0.35209579000801,9.58416390483983,142.113302527661,1.38193766441526e-31,4.78972790902583e-31
0.981688525156532,-0.224338940733167,6.43851250232172,142.112752176643,1.38231799214165e-31,4.78972790902583e-31
-0.996324351598836,0.116978001235201,5.81452270569979,142.076671689868,1.40748164188575e-31,4.87414575415271e-31
0.903521841521743,0.275256412701429,6.63797430409988,141.979064658239,1.47787545591687e-31,5.11501181104146e-31
2.08890379087309,-0.535174753739403,0.738991383821944,141.945439732095,1.50293222524206e-31,5.19877919731459e-31
0.992896891379778,0.00673737069450435,6.55646278004111,141.828784614239,1.59320159857081e-31,5.50789967751226e-31
-1.14945634282819,0.079150640126773,7.46572356548136,141.751124181941,1.65628276275887e-31,5.72272954578662e-31
0.818149625202822,0.750992221910063,7.09827060236589,141.669281347693,1.72546608634349e-31,5.95838771052703e-31
-0.5198538163412,-1.22879689495696,4.29910776595606,141.60353216358,1.7831327709469e-31,6.15403192149927e-31
0.295995966674545,1.1012818431446,4.9670214240088,141.391595125744,1.98246361237256e-31,6.8380954516284e-31
-0.525170955415548,-0.94810478411204,6.49475007245705,141.292074520175,2.08360720059836e-31,7.18289956808766e-31
-0.757866099383276,-0.826202969157496,7.17637804409656,141.259798090731,2.11750569588318e-31,7.2956280003038e-31
0.906856980574579,0.66193276521485,4.11910812397739,141.19958805905,2.1822225008923e-31,7.5143498786382e-31
0.813904959230645,1.20064191685616,2.71469409455771,141.115719381499,2.27567836885297e-31,7.8317297397269e-31
-1.66076174399829,0.323177459660343,1.73460004539606,141.113028449012,2.27874227800972e-31,7.83784349634077e-31
-1.1380507602775,-0.886737812089509,2.59595085642457,141.097744158437,2.29622346939539e-31,7.89351128270986e-31
0.988827382432855,0.305597684884013,4.63501283361885,141.076660600326,2.32055778802257e-31,7.97266129428974e-31
0.774525233614172,-1.10218311616309,4.18839109473414,141.063175525723,2.33625710259949e-31,8.02207176572233e-31
-1.20509389717542,-0.417863421076773,8.46129617096267,141.006206833304,2.40376069248696e-31,8.24920805854599e-31
0.968498239015431,0.480043099320243,7.30046464113626,140.95890528139,2.4612891124023e-31,8.44187499510154e-31
0.860124808115673,0.557493234082045,5.47900051751807,140.943100483605,2.48081625477329e-31,8.50405932379493e-31
1.38701888327459,-0.35767779607836,2.43710166218839,140.722252656626,2.77045496637885e-31,9.49157559668792e-31
0.552680893054715,0.838389118338736,6.12307035637917,140.589299582941,2.96088464827605e-31,1.01382821927473e-30
0.904025587673061,0.866812248308802,3.14633394124773,140.52140319582,3.06312698559095e-31,1.0482471662888e-30
-0.46880040552976,1.14217022063112,7.96608010106929,140.516841935909,3.07012081689095e-31,1.05005031085574e-30
1.08958517866326,0.279124778895539,4.38919695227534,140.290185022141,3.43853452947731e-31,1.175395744832e-30
0.763950670925114,0.53338422867691,6.27045714741849,140.245964079212,3.51540888136247e-31,1.20099939785268e-30
0.146902601676068,-1.50453639221517,3.93773468796845,140.207022327777,3.58452768899294e-31,1.22392622381318e-30
0.855931936001136,0.542551988477851,7.17499834123934,139.965518392325,4.04458393709512e-31,1.38023693996833e-30
-0.823213493835784,-1.20334494330364,3.35927452855995,139.948521027003,4.07910405245091e-31,1.39123728130651e-30
-1.3060436505091,-0.400720576905847,9.81117267941312,139.822586262191,4.34421359577015e-31,1.48082712043946e-30
0.854973043234774,0.497235232466368,6.69132497096407,139.682388086979,4.65966631488632e-31,1.58746774062831e-30
-0.239262117716532,1.01358821049121,5.78095899531946,139.665665878723,4.69878959915327e-31,1.59990106709424e-30
0.579177482947427,0.75846707790112,6.21335929046514,139.386413191998,5.40287536478764e-31,1.83860845281314e-30
0.881136899135753,-0.646680462863153,7.07210789215623,139.347334059485,5.50948335101714e-31,1.87383992407779e-30
0.158684320702096,1.07738622574457,5.71343646011696,139.33847210278,5.53394991786148e-31,1.88111039083979e-30
0.0325973467238469,-1.24982998166455,6.5064867342402,139.220597513582,5.86990896982736e-31,1.99419675269581e-30
2.08418994582774,0.425555936786305,0.58568162957896,139.111458889838,6.19912676574158e-31,2.10486802843473e-30
-0.255158487972446,1.0453077098306,5.54342515305826,138.898330409393,6.8962147775915e-31,2.34025393344354e-30
-0.641841641093606,1.54709121599417,1.48897911498035,138.817037260661,7.18229702982656e-31,2.4359790706175e-30
-0.71295482492861,-0.903901550079403,4.68083059454826,138.462005846228,8.57743535978303e-31,2.90754044935184e-30
1.19410810319553,-0.0285540062351788,3.54232732682526,138.395049718414,8.8694520929599e-31,3.00485388658541e-30
1.01194271292411,-0.256730118074838,7.11662226735512,138.260471039847,9.48680952648887e-31,3.21221893199467e-30
1.84522037090922,-0.864056479542,0.982857846818555,138.243748410212,9.56646427269628e-31,3.23738935476237e-30
-0.915080452256863,-0.681951448522213,7.5458457092569,138.161536600116,9.96789653979848e-31,3.37136411857184e-30
-0.013765275082043,-1.20659997624247,6.03933597929941,138.132763903572,1.01123346482709e-30,3.41831723146437e-30
-0.885148403254936,0.777700531310647,4.80402062511381,138.064464116502,1.0463634078743e-30,3.53510567543769e-30
-0.873517047685238,-0.449646648115447,5.67783741340508,137.948192688268,1.10899749068964e-30,3.7446348992338e-30
0.85655167803651,0.430907402253455,5.78405549353011,137.392774118529,1.46399021321883e-30,4.94056120735934e-30
-1.09240959629954,-0.289868532764764,7.56587480598926,137.29347625981,1.53851037588859e-30,5.18916962238766e-30
1.22286496179858,0.156050815818943,9.27338907287502,137.228526178506,1.58929369501775e-30,5.35748616570767e-30
-1.28661808957182,-0.353950715908386,9.60715128348517,137.084623986853,1.707859439141e-30,5.75398354482038e-30
-0.363323342490766,1.08125706194616,7.49882103863013,137.066060043721,1.72378554036049e-30,5.80442830183334e-30
-1.21114399138549,0.491171842782305,8.90065565225022,136.917343604052,1.85684904210996e-30,6.24903093884215e-30
-0.975771031569895,-0.244541891818278,6.51305485693431,136.825128968935,1.94446778134137e-30,6.54028721149517e-30
0.929904713299276,-0.453753317935688,6.61191099414957,136.813774840927,1.95553804294932e-30,6.57389045029014e-30
0.634290332446424,1.7342343467694,0.798892514990614,136.780671383985,1.98817493100978e-30,6.67991665562225e-30
0.948993571526312,0.317286363607343,5.06399604676349,136.765194882276,2.00361960769023e-30,6.72809496504032e-30
1.05066275296042,0.691523674325389,9.31665066015145,136.601685889947,2.17430667769603e-30,7.29723211345834e-30
-0.878784892379356,-0.678362299406295,6.99506454492147,135.959141859214,2.99810931067304e-30,1.00564680349187e-29
-1.75648102617345,-0.203415514311828,1.34967859547387,135.936714586758,3.03191822400605e-30,1.01642721077912e-29
1.10331715281356,0.320305186808482,8.65737107503737,135.926824638547,3.04694811168994e-30,1.02090369311879e-29
-0.806365844099591,-0.725111083773167,5.4456858909064,135.849644803166,3.16682778538188e-30,1.0604866643237e-29
0.53475253993835,1.00814316277381,3.74249122089004,135.821312788114,3.21200835018319e-30,1.07502511467374e-29
0.437418233607067,1.03527415411857,5.5152982291065,135.552380054384,3.67430045670727e-30,1.22907369123263e-29
1.5629314973799,0.908137026961585,0.880393000734285,135.536650088273,3.70331270842239e-30,1.23809817511672e-29
0.945961220246011,0.129383461629012,6.40035391527454,135.530928165256,3.71392291399308e-30,1.24096392428046e-29
0.77410476529474,0.672192933177421,5.69707447387773,135.511140869267,3.75084952823256e-30,1.25261502621392e-29
0.87013961208261,0.674890338145252,5.27294259585526,135.434289828133,3.89778278871443e-30,1.30097048342618e-29
0.40607180345173,0.973466568819146,5.97203304035923,135.185688200444,4.41367947474822e-30,1.47235510368587e-29
0.523097121829548,0.843415024220136,6.18819685011707,134.829668952024,5.27362675048916e-30,1.75826066029453e-29
0.88174947748545,0.886471912217679,3.00001332203319,134.757031079478,5.46867988537853e-30,1.82229464379773e-29
-1.09981814005505,0.000811816181520958,7.37162095485616,134.664187171362,5.72853143688597e-30,1.90783913499791e-29
1.00254721260798,-0.181011165391849,5.34922775706847,134.349201200823,6.70566163293664e-30,2.23204308481784e-29
0.755249807094824,0.576440541442951,5.89175799209924,134.34693850666,6.71325235671766e-30,2.23334865287962e-29
0.392957016585845,0.945262221011484,6.35020157328799,134.3210774626,6.8006218635402e-30,2.26117891344799e-29
-0.551100907349149,-0.967095820545044,5.44237437557867,134.217429588784,7.16234896873841e-30,2.38015177520084e-29
-0.946703311175925,-0.350371766187604,6.79626148596583,134.128298386414,7.48876274735061e-30,2.48726609961105e-29
-0.9268099686134,-0.404984407421288,6.56615410750416,133.877992406448,8.48717827648513e-30,2.81733595132178e-29
-1.17096362847215,-0.482267651919897,8.74462028213217,133.832930000974,8.68057516160375e-30,2.87996411901055e-29
-0.906688439019637,-0.612583200345396,7.09518854393915,133.827144541591,8.70572207318374e-30,2.8867339859228e-29
0.884212004205833,0.453768403340186,4.67930559512617,133.792178024544,8.85926476508755e-30,2.93604811594192e-29
0.865913928459911,-0.525831169653183,6.37817499174809,133.630623344016,9.60459008264553e-30,3.18132450615593e-29
-1.29596103349351,-0.111466072193152,9.45837107862523,133.447208508122,1.05270542193616e-29,3.48497586120031e-29
-0.561446717365631,-0.900487508313549,5.46831259844765,133.414013408487,1.07032355710787e-29,3.54137489982214e-29
0.410396229101378,0.983887300376776,5.52203289279643,133.064077771404,1.27497785664873e-29,4.21622226576723e-29
0.940048036734904,-0.114184046064767,5.83905878679289,132.962489261737,1.34141236947577e-29,4.43350624612838e-29
-0.75093482299149,-0.585485318778531,6.12847611492863,132.633805098195,1.58101199904901e-29,5.22257246348906e-29
-1.22237066133013,-0.48410144487647,9.62043442210259,132.479060016262,1.70819573662261e-29,5.63963972047639e-29
0.980564313690396,-0.285516310841344,5.30765542729213,132.463263739811,1.72174072233913e-29,5.68127778731743e-29
-0.376977608180927,-1.05368192637932,6.3609517079134,132.453777793174,1.72992628926411e-29,5.70519569287103e-29
1.95838327635455,-0.859988227936206,0.665663499904966,132.164417258877,1.99922392427031e-29,6.58975379044811e-29
0.548173207784492,0.978082758478469,7.67088815218949,132.141855409547,2.02190470832813e-29,6.66090685297708e-29
-1.12488183389244,-0.686721206820751,9.22420992232641,132.127095871716,2.03688109099793e-29,6.70661551216624e-29
0.584926246353724,0.767835203530558,5.01488683153608,131.983859735489,2.18810928134553e-29,7.20065367828733e-29
0.87447010836391,-0.558173838445634,5.5251959077503,131.949421310737,2.22611305830626e-29,7.32175921067991e-29
0.78000259383986,0.589006418993501,5.68189524908418,131.900103048946,2.28168948865397e-29,7.50049978775667e-29
-1.01778220966423,-0.118998410944727,6.93378202545982,131.762519893449,2.44417526257547e-29,8.03029627553127e-29
-0.983166006849798,-0.334779089037047,7.2754239970649,131.657691930983,2.57570100324256e-29,8.45785744754083e-29
-0.896801409159737,-0.309584449756188,6.08248623368228,131.570786217321,2.69008983284831e-29,8.82871531125633e-29
-0.113277832158854,-1.66596751369875,12.1157106712296,131.486729715585,2.80555909238033e-29,9.20271754009236e-29
0.258804639042218,1.0802674868322,7.02052718238977,131.460365761945,2.84278673519647e-29,9.31980917817776e-29
-0.990758850404573,1.17015147407568,1.93077057737459,130.652839508258,4.25692872076038e-29,1.39484295220609e-28
0.583295184393308,0.74623012105909,6.64618036683125,130.576490147528,4.42257728833603e-29,1.44834053423291e-28
1.19909032849442,-0.281896223363589,9.58555131311048,130.548228459299,4.48551567757121e-29,1.46816233575557e-28
-1.10048336997454,0.296412413584992,8.04490215957635,130.446250103735,4.72015975281304e-29,1.54413393740601e-28
-0.928943494730919,-0.235160596379301,6.17683650630693,130.251128731331,5.20387391126871e-29,1.70145995552115e-28
-0.694499605182842,-1.37611153152165,8.90570110485955,130.21105017812,5.30920766116788e-29,1.73496812888835e-28
0.885376083983502,0.318662535962834,5.47755734953802,130.188096792119,5.37049079879473e-29,1.75405300338317e-28
0.166378590171532,1.09799312501129,7.0806155307214,130.12255007719,5.54941578488022e-29,1.81151974790085e-28
0.708012556815687,0.806037621853943,4.41373455373037,129.952875415388,6.04076095013576e-29,1.97085491234869e-28
0.966280439321303,0.168570361443855,5.01156749379052,129.939741425876,6.08056113639363e-29,1.98277751464191e-28
0.730737074886493,-1.08846500202184,7.56436001985405,129.771573308699,6.61394991844176e-29,2.15555284279836e-28
0.811778930080249,-0.704123872926715,5.70248696434381,129.705141180673,6.83732864580223e-29,2.22716194733248e-28
-1.04523713785987,0.0297848892523638,7.11178756589689,129.558586622588,7.35716291950207e-29,2.39520897614591e-28
0.778168836344497,0.526024286353305,6.65246612637332,129.46499985201,7.70961129663246e-29,2.5086110942757e-28
-1.10689331658794,0.150596623592695,7.53516899011631,129.35167520401,8.15906920799802e-29,2.65344088345577e-28
-0.853969776248565,-0.374898125042484,6.19112736392652,129.328095487021,8.25583277292579e-29,2.6834762371368e-28
-0.832256878334588,-0.603238035184044,6.72532744996351,129.27713421601,8.46889965042313e-29,2.75126259721323e-28
-1.28165271857391,-0.123072548949472,2.89628002669167,129.274043655631,8.48199658989119e-29,2.75404774609374e-28
-1.36956359668045,0.284530913115304,2.42485214660941,129.18101399341,8.88585512036055e-29,2.88363997722575e-28
-0.637401959350668,-1.60020501529277,2.16778414108772,129.078293483436,9.35415804470128e-29,3.03399649313486e-28
0.694647380926872,-0.806036710323795,5.67423537034963,129.073691587119,9.37570625858433e-29,3.03936633132382e-28
-0.121674075986452,-1.18244117548025,5.67425956325237,129.026174020296,9.60112891314664e-29,3.11078620666507e-28
0.158640309114477,1.20404343952185,3.52690764425813,128.980667043367,9.82209240116249e-29,3.18068609246155e-28
0.721501580047037,-0.729432849472979,5.93993363041189,128.932862373823,1.00596916178848e-28,3.2558959367189e-28
-0.919578071399804,0.98755059919323,2.98828201364314,128.898669437942,1.02331553969781e-28,3.31027896157294e-28
0.726298069445898,1.09620044378787,2.03836545534847,128.829111128805,1.0595317226516e-28,3.42561291954485e-28
-0.972855395873963,-0.19222420970028,6.7679297632103,128.628350347127,1.17140915522494e-28,3.78531790711754e-28
-0.951164877221275,-0.321337003783672,7.04039176614133,128.594078324629,1.19165541028545e-28,3.84869927735695e-28
1.15815521012371,0.547059818612463,2.36888117469915,128.572945098012,1.20431393328139e-28,3.88752026819572e-28
0.451083511723479,-1.2655083704057,8.59972980078317,128.555065587685,1.21512847262743e-28,3.92035089631998e-28
0.825939241341614,-0.535507115115283,6.27583321912508,128.435726448531,1.28984154767245e-28,4.15919244821498e-28
0.813313240152243,0.435677779993373,6.32755062150311,128.187856328064,1.46002628619464e-28,4.70547381172734e-28
0.922733470521157,-0.130963169613389,5.84545989802489,128.142495410076,1.49351872878881e-28,4.81086879410914e-28
-0.658157427827526,-0.992368181710704,4.56585856110254,128.136794577461,1.49778195202241e-28,4.82204998620436e-28
0.96966304347895,0.10825270581034,4.98375054014816,128.0785396673,1.5420501081689e-28,4.96194559119041e-28
1.67929085919056,0.539915841420419,1.05899247372644,128.051891463715,1.56273403213058e-28,5.02584510703168e-28
1.30754242317794,0.885694033476657,1.20390311199755,127.961544842399,1.63494666436512e-28,5.25530902463296e-28
-0.596972187611146,1.01951811541679,7.857939059788,127.917520125373,1.67133472067255e-28,5.36943840604458e-28
0.0464379867674753,1.07311018696082,6.86567631100478,127.689642712601,1.87303713085224e-28,6.01426690539473e-28
-0.740242968752309,-0.587990232299333,6.1568566551333,127.621250344241,1.93819558942613e-28,6.2202080908942e-28
0.391937295516114,0.992422643752142,7.74886641360115,127.377634143159,2.18926425826737e-28,7.02225542904728e-28
-0.807935937891469,-0.739180356142946,7.19834332839268,127.316562523051,2.2571463587195e-28,7.23618063816972e-28
0.881128555175518,0.268301783507005,6.59344440607961,127.288988199418,2.28848151588875e-28,7.33277656248985e-28
-1.26570983226232,-0.190323801692745,9.72327832192474,127.184337764276,2.41141502305461e-28,7.72261686499551e-28
1.01624781363881,-0.190412705938372,4.82181477493871,127.180263506914,2.41633239271673e-28,7.73429632326996e-28
1.12415227045391,-0.101822219062574,3.75359564320557,127.076957064032,2.54442342384058e-28,8.14001566176639e-28
-0.907833656220258,-0.367057821186552,6.63448148530319,126.961137603828,2.69612026819407e-28,8.62078791636844e-28
-0.795564020512603,-0.635922900117989,6.87224376437779,126.954041167568,2.70570368297823e-28,8.64688925037872e-28
-0.834337054278355,-0.34320013851513,6.66570623376954,126.751863011765,2.99352342892151e-28,9.56168448860133e-28
2.0417625575255,0.404760469916166,0.551660207629111,126.749471494558,2.99710510129803e-28,9.56810480162685e-28
-1.11246418994079,-0.304069951803963,8.16817703799793,126.690756400029,3.08639703906171e-28,9.84800061520319e-28
-1.10215336762235,-0.378892693529805,8.18878390339353,126.680425587098,3.10238078000245e-28,9.89381570909111e-28
0.911767617075464,-0.222788006927227,5.78485255466591,126.611592530431,3.2110125984161e-28,1.02348925126477e-27
-2.11829362038016,0.0355671527000276,0.63133485937295,126.609976586893,3.21360805433279e-28,1.02378052510612e-27
0.127311289830968,1.00203102337825,6.16898436194555,126.522772567453,3.35682746171393e-28,1.06884757253737e-27
0.828347072550703,0.502157811426691,5.02137020123328,126.382598308086,3.60053861587025e-28,1.145848358255e-27
-1.24141314705293,0.0851212307826638,3.1768962219605,126.299612326804,3.75307851462623e-28,1.19376917434924e-27
1.09838834638888,-0.204939186844807,3.88996981983904,126.254896321795,3.8379349286057e-28,1.22012260289042e-27
0.873502411832092,-0.35621240536637,6.04106330093171,126.230943076927,3.88417678405189e-28,1.23417892804321e-27
0.566009354756832,-0.919319706633332,5.45391419910622,126.171334591586,4.00168414212467e-28,1.27085305462989e-27
-0.99221976492838,0.0643319098520286,5.4483910754062,126.154243372326,4.03602750615683e-28,1.2810915254162e-27
1.53982597860423,-0.12978043077844,1.63963375713952,126.054626902402,4.24214548820374e-28,1.34581457697678e-27
-0.888911767452593,-0.312383898555189,6.26930749478128,125.930927030571,4.51280579942219e-28,1.43093550556678e-27
-0.648464386857561,-0.723549778427172,6.85550016715684,125.922389215855,4.53211172759491e-28,1.43630901601238e-27
-0.707929588397207,-0.667386015426228,6.27715805105823,125.819026080608,4.77249659678699e-28,1.51170443710922e-27
-0.952369662412501,-0.103344089099932,6.43997445500246,125.792321832535,4.83664688153729e-28,1.53122757227244e-27
-0.89840915847852,-0.273132065992899,6.41908926161447,125.645144484433,5.20599247756638e-28,1.64730156982454e-27
-0.880749824870951,-0.530483625316456,7.00986249748891,125.497309952275,5.60538435459436e-28,1.77275740004002e-27
-1.41101531284824,-0.521438390803073,1.91666950814661,125.466700429361,5.69183327764267e-28,1.79916308381561e-27
0.657459023364716,-1.28044098240823,9.23520515332504,125.434655157521,5.78376598534437e-28,1.82727386189811e-27
1.19983207607751,0.348558953088726,2.59593265104274,125.347326099442,6.04190617540427e-28,1.90750457340685e-27
1.04188116197866,0.339672532271445,8.69314536876994,125.346639031419,6.04398213223032e-28,1.90750457340685e-27
-0.826847350106993,-0.706137534366726,7.57867729314641,125.32787295489,6.10095994229997e-28,1.92448933309441e-27
-0.846842185040251,-0.4024524100677,6.64205602731551,125.261670992081,6.30628722384272e-28,1.98822768610847e-27
0.493746762539359,0.884338299204318,5.13354764524188,125.201197739012,6.49988012437219e-28,2.04820239115828e-27
-0.893267253390686,-0.434012017019513,6.88390061396218,125.071543464089,6.93520679106617e-28,2.18424929870724e-27
-0.905211463845583,-0.562518787679077,7.19540321878372,124.981542275585,7.25442382863543e-28,2.28360559817645e-27
-0.895812280560506,-0.250342194000842,5.96386647750972,124.956748026848,7.34491759531483e-28,2.31089707081533e-27
-0.926686531625726,-0.167353393462484,5.67003718505168,124.915241824044,7.49894010941431e-28,2.35813777820838e-27
-0.992054617454293,-0.293128514419859,7.28645661286785,124.808273515891,7.91093394222546e-28,2.48641021374644e-27
0.912060423711086,0.315867792148197,7.32763942899274,124.669580357823,8.47899920806097e-28,2.66357828579335e-27
-0.14933449601134,1.09398666551982,4.60514009346402,124.592542163154,8.81197438633977e-28,2.76675090582963e-27
0.895734215167729,-0.421944896339986,5.48455972591166,124.544951965968,9.02417079068253e-28,2.83191503988017e-27
-0.868016929159917,-0.353232554791927,5.7309526387141,124.509490842012,9.1856013079913e-28,2.88108916862705e-27
-0.859542058125214,-0.260185350239803,5.81986520204609,124.403800984797,9.68406848896559e-28,3.03587069829158e-27
-0.780330820148738,-0.840763796473128,7.91448826300829,124.32035768191,1.00966507796495e-27,3.16358260146713e-27
-1.06980521743884,-0.303910120153323,8.02921106713577,124.27435985182,1.03315536950309e-27,3.23551949050145e-27
0.824677869466332,0.593095129268536,6.06322906221499,124.221158441108,1.06100682294498e-27,3.32103318153679e-27
1.06096495723996,0.0510005780920792,7.88104189169062,124.084115396772,1.13625732422687e-27,3.55474542132229e-27
0.501674842515834,1.23960823609186,2.7398726552741,124.022791626105,1.17163674407924e-27,3.66354622391084e-27
0.458463054310881,1.36670153306006,1.6701527182199,123.981391429917,1.19614250034968e-27,3.73825233168833e-27
-1.20899936328151,-0.0988620402337466,8.84170135205523,123.911629292932,1.23860143039966e-27,3.86896126643053e-27
-0.0615141794082548,1.05843369844776,6.79245875286674,123.777543191141,1.32448792795079e-27,4.13511923352021e-27
-0.739252271233096,-0.56246937888295,5.66129787597585,123.388373895849,1.60899629110581e-27,5.02079416722306e-27
1.08830401377166,0.25502937825371,3.34348660180714,123.347744631682,1.64201672216085e-27,5.12120789165741e-27
1.16099198547662,0.819646755829518,1.91666347253245,123.305912325912,1.6767230915398e-27,5.226774286377e-27
0.934039429821679,0.386240996358894,7.26289770135409,123.144110186507,1.81800985691435e-27,5.66430092573929e-27
0.446672574150723,1.14516284505491,2.86399223440185,123.117472983117,1.84238516829065e-27,5.7373099256028e-27
-1.05964930515604,-0.278795004439073,7.93361148132991,123.024066500686,1.93047147470707e-27,6.00854311759543e-27
-1.19639002365892,0.0577246008965106,3.40961001798332,122.986110343248,1.96745797052902e-27,6.12053353325534e-27
1.04717189963857,1.42956014955027,0.727183892372067,122.887184105689,2.06722154734111e-27,6.42760203279504e-27
-0.925853120321273,-0.185654428789249,6.66585665456809,122.745686040011,2.21877333381141e-27,6.89529967138534e-27
0.95637412629122,-0.83543507396589,9.48838237500792,122.605561566055,2.37980065985397e-27,7.39195225366887e-27
-1.22155194592577,0.369899636849072,9.36339354614655,122.491297592517,2.51972234420215e-27,7.82257502881321e-27
0.702386085725878,0.546541454582032,5.71282914697418,122.393589422659,2.64587758251131e-27,8.21004216224713e-27
0.396044930323765,0.884642824632074,4.93633309863724,122.051458900399,3.13951415625047e-27,9.73681211576815e-27
0.118135051144591,1.04252923651753,7.35369667269957,121.982134712018,3.25024427426749e-27,1.00750952860186e-26
0.759519365322311,0.551290384517444,6.89541912475989,121.94874154398,3.30496782778448e-27,1.02395135549882e-26
-1.26858920458099,-0.0658884459836072,2.76636353793136,121.836127211218,3.49640013113674e-27,1.08271027458598e-26
-0.233966889066817,-1.09843324999157,6.70404540696001,121.773352767745,3.60788283126039e-27,1.11666449805355e-26
0.259959684590693,-1.08879179338577,6.16800921699253,121.488934919669,4.15923037440513e-27,1.28665622557817e-26
-0.876963062191869,-0.282342685420655,5.97523270575785,121.482271008532,4.17311185861397e-27,1.29029481946378e-26
-0.88852478839256,-0.662755083821762,7.30590595711956,121.439655284096,4.26298606430964e-27,1.31741417053386e-26
0.307550601927068,0.871847963236506,6.19957234359087,121.378150912913,4.39611877203418e-27,1.35786763491345e-26
-0.754330910602013,-0.567878606382557,5.79798320614548,121.356260713327,4.44449901099332e-27,1.37211511049327e-26
0.841725684363115,0.366644707752231,6.55775497255164,121.307624958169,4.55390465896999e-27,1.40517848777543e-26
-1.34938107728321,-0.651191562548129,1.76389877375098,121.273395455769,4.63251437826988e-27,1.42871061473693e-26
-0.824598074302435,-0.695166924860817,7.755646687241,121.196365777785,4.8144153822886e-27,1.48405877708218e-26
-1.20236410369072,0.0374063039069365,8.80867009902665,121.100586297832,5.05058643315878e-27,1.55607136665337e-26
-1.20074877836902,-0.181688365663809,9.49395874825778,121.051900447408,5.1750411309801e-27,1.59360902404688e-26
-0.805058650908125,-0.45351407723772,6.08523034193019,120.982721868391,5.3571738896747e-27,1.648861205275e-26
-0.681984368252776,-0.872586248069223,7.30525445225174,120.695119296162,6.18568568801849e-27,1.90290320710746e-26
-0.575127962771426,-0.800082443340924,5.94014873203236,120.609814206929,6.45522840179862e-27,1.98481972273485e-26
1.06484316488389,0.250695781631404,3.46779527139328,120.560906330813,6.61503008420134e-27,2.03292797337798e-26
0.167639713826359,-1.18104654867363,5.46153398889949,120.551208866925,6.6471824780576e-27,2.04177835148409e-26
0.759027014948412,0.571459947240489,5.17429230518041,120.530421809383,6.71663043990591e-27,2.06206990005785e-26
1.05029344139376,0.719472182470545,2.32225425476798,120.454247346316,6.97738243885573e-27,2.14104356289081e-26
0.336156174367595,-1.03600594836541,6.27860736768969,120.416045299742,7.11193857219197e-27,2.18123335151157e-26
0.877778963348169,0.288541245153722,5.2028046712658,120.41167206511,7.12750667476098e-27,2.18490738348161e-26
0.933015466317743,0.810542918450136,9.15957373244031,119.965459358284,8.90905193925506e-27,2.72965818853471e-26
-1.99704799463211,-0.839204111795418,0.400751537038224,119.885769565939,9.27119913621655e-27,2.83918814593996e-26
0.529720197776781,0.675616495928483,6.53418817793578,119.835105570968,9.50905711881176e-27,2.91056509498874e-26
-0.819671039948785,0.821097778837249,4.17592584702073,119.710114308882,1.01222943885433e-26,3.09670996168098e-26
-0.666426089193426,-0.764160886065286,5.27019441864692,119.604929237467,1.06688991986593e-26,3.26229323563225e-26
-0.99941656752139,0.0728771859074006,7.08904571886703,119.556333870466,1.09313037362047e-26,3.34085226636619e-26
1.8086041939378,-0.311102471314045,0.906943079439931,119.523773373453,1.11107246229554e-26,3.39398351753901e-26
0.842081188267976,0.192495169405165,6.15686970821573,119.40419765757,1.17952709247626e-26,3.60128432246512e-26
0.861970560280256,0.20454058992396,5.94023735713196,119.323073041896,1.22835502579807e-26,3.74848390830007e-26
0.831403538154059,0.527898531120571,7.32550931551485,119.285745980187,1.25149573972841e-26,3.81718740654638e-26
-1.06893002672387,-0.129325362529301,7.82517869953409,119.284488372375,1.25228293260718e-26,3.81767576049701e-26
-1.14000033783082,-0.513792213002034,8.98523244227559,119.269070354998,1.26197409926452e-26,3.84529445261383e-26
-0.934675420406108,-0.112208924075377,6.67378570789483,119.153401974985,1.33711115241535e-26,4.07220244917691e-26
-1.14026407897473,-0.529388805370457,9.28912834159231,119.087743849559,1.38173574225724e-26,4.20600359943104e-26
0.878307497063164,0.5530059131544,4.06465025863978,119.035815552861,1.41808113078705e-26,4.31448172125515e-26
-1.92256608738232,0.648537243050913,0.76562822672519,119.002917832541,1.44159984676174e-26,4.38384608745528e-26
1.5920035547197,0.0607122455191868,1.32977550655864,118.982107864595,1.45667797788481e-26,4.42748653487905e-26
0.477569565298184,0.805093832892492,6.18044749649949,118.956311266236,1.47558833983511e-26,4.482725455547e-26
0.924308852212881,-0.304153049206606,6.28032820722104,118.940364801841,1.48740057657222e-26,4.51635646392602e-26
-0.945514239392474,-0.159975020011691,6.92372332191015,118.883236441428,1.53049956798245e-26,4.64490596703747e-26
0.789814767450715,-1.00236103248734,11.4202770592095,118.835275524716,1.56764525435528e-26,4.75526871375931e-26
-0.480991195141583,-0.966972748407325,5.52527493930841,118.812977729918,1.58522056105256e-26,4.80618664127886e-26
0.720738625826681,0.570078884047758,7.17849645130383,118.716619964004,1.663464433697e-26,5.04090167861987e-26
0.712792815593543,-0.826975921066799,5.70991606203354,118.540743617778,1.8163710989707e-26,5.50152599529034e-26
-0.613913365980208,-0.711365858462849,6.34319412582888,118.485453049926,1.86728572573956e-26,5.65292665256213e-26
-0.928303506724338,0.0686039205124097,6.33346097387492,118.289227240809,2.05977920998994e-26,6.23003281138635e-26
-1.09237380660975,0.424835937669889,7.74466121025045,118.289048584572,2.05996321440879e-26,6.23003281138635e-26
1.01537588405932,0.761301035162711,2.02440671624637,118.251504833456,2.09899781762571e-26,6.34493481316054e-26
0.848755927703643,-0.402147332374755,6.44691080996752,118.206135301696,2.14715726943172e-26,6.48729203786617e-26
-0.980070691335989,-0.588633705064812,8.39586190027299,118.175455773165,2.18034807451145e-26,6.58430509802862e-26
1.45344501884107,0.90270684633476,0.768183407365035,118.0330664438,2.34123647035106e-26,7.06665722929959e-26
-1.53078373298083,-0.560230051077706,1.29161471757679,117.950035625308,2.44047966790421e-26,7.36255709524322e-26
0.590553135023346,-0.800574397336766,6.35429618553241,117.943776326923,2.44812947749212e-26,7.38197734471125e-26
-2.17119286626748,-0.150287810227785,0.414389398868668,117.844205303341,2.57309580197161e-26,7.75495408039761e-26
-0.64014641684491,0.898272040903773,4.7885003851506,117.838232970885,2.58079097757437e-26,7.77429761082274e-26
0.422888664137352,0.983122198245195,7.16933177196511,117.774711028696,2.66407499483777e-26,8.02121096368564e-26
-0.906662048817942,-0.168088610921287,6.44912877697968,117.589978724263,2.92186776024202e-26,8.79304543962107e-26
-1.17546950021849,-0.295885235816281,9.28496318758408,117.5801220899,2.93630319330547e-26,8.83212146286744e-26
-0.718407216546429,0.623644476372797,5.90214268850134,117.547584565616,2.98446390690078e-26,8.97255124207997e-26
1.10343811420519,0.729161146650666,2.38297749428186,117.37306287618,3.2565911205895e-26,9.78584735545354e-26
0.768933069111995,-0.484163202227625,6.26184895886327,117.234509035889,3.490196016769e-26,1.04826410212579e-25
-0.611182024118876,-0.732096205605951,5.41708307854339,117.201766875961,3.54780456528329e-26,1.06504113379905e-25
-1.17487929193463,-0.261408230081497,9.38410554175445,117.081483481333,3.76772238573834e-26,1.13050240928413e-25
1.35980842897837,0.639944286081935,1.41478102861059,117.037780764709,3.85095833493887e-26,1.15461129831143e-25
0.88790425086385,-0.262901802281468,5.71206767802435,117.037309827477,3.85186522153502e-26,1.15461129831143e-25
-0.876327732229291,-0.298508880200296,6.52246880541979,116.857502088842,4.21420673566111e-26,1.26254032156174e-25
0.869210056812974,-0.40641072963468,5.62067562918607,116.856617182473,4.21607173740968e-26,1.26254032156174e-25
-0.973170092095794,-0.107959598391572,7.14054950811998,116.85274876315,4.2242343956976e-26,1.26436278274371e-25
0.66821826327708,0.542195355086907,5.99631295199804,116.799789350807,4.33758500355231e-26,1.29765196568189e-25
0.676733210057833,1.02301669238824,2.43742121413992,116.710458134434,4.53571779792337e-26,1.35625982091147e-25
-1.04061751217952,-0.313295612669842,8.10965816342683,116.678326927994,4.60917533020041e-26,1.37754832647325e-25
0.587933929663694,1.35564489296365,1.61454865497997,116.669610812389,4.62930621663437e-26,1.3828859787473e-25
-1.06927977727865,-0.536616779442891,8.64029493465275,116.657807043497,4.65670863038828e-26,1.39038951161372e-25
-0.758310014050086,-0.571712329600294,5.9219526179554,116.578248118417,4.84568374215059e-26,1.44610405010847e-25
-0.811137662773113,-0.474185697682675,6.48299534629494,116.445428248749,5.17841121239489e-26,1.54464318770505e-25
-0.792389431226829,-0.500087536809064,6.70290507418158,116.364994834877,5.3909143050071e-26,1.60724222766323e-25
-0.910723734517716,-0.0527329549380659,6.25790712693109,116.354387948276,5.41958066136857e-26,1.61499789850278e-25
0.540379861002772,1.06364970406095,2.78396476530158,116.137628498815,6.0399647053084e-26,1.79898753062219e-25
-1.19860886597521,-0.309519775376251,10.3250172927283,116.063439445751,6.2682217060625e-26,1.86606032990262e-25
-1.17893530960753,-0.33897128391047,9.56155050114613,116.025845131743,6.38716081004051e-26,1.90053934562691e-25
-1.95525693492393,-0.434412372938344,0.599793847186257,115.974138429067,6.55444341299073e-26,1.94936255487482e-25
-0.98776371023055,-0.441473977192479,8.04400144716634,115.908234997674,6.77402143711842e-26,2.01368371626841e-25
1.0515896010686,0.332471393469269,2.95769421262378,115.708168729058,7.48669955322373e-26,2.22445226354447e-25
0.414977763631343,0.952955746199842,7.16450919041021,115.616557064861,7.8376095647477e-26,2.32757887952117e-25
0.943486026524552,0.0162538958061024,4.96212599545271,115.522885275679,8.21342310562672e-26,2.43799706811582e-25
-0.747222244370714,-0.56191146347733,5.43009541514646,115.521192825833,8.22037645059471e-26,2.43887192159944e-25
0.951799414500222,0.0468637495619885,4.79910082734745,115.340515294014,8.99757206906791e-26,2.6681548347046e-25
0.976213918047242,0.367846913554106,3.55149841410122,115.080486927622,1.02468357851146e-25,3.0371341898626e-25
-0.902538069010908,-0.241266656455278,6.87504358518916,114.994990119316,1.06943691810106e-25,3.16823939532811e-25
1.12844807109787,-0.0761485642083607,9.09583977367929,114.863848301638,1.14191099918372e-25,3.38130066295258e-25
-0.714636279675555,-0.636031710381385,5.50232643468028,114.857379374329,1.14561044844918e-25,3.39060593590597e-25
-0.467523952694567,-1.01025824650633,7.28600231638969,114.854498115395,1.14726203799798e-25,3.39384416294057e-25
0.646085854630264,0.758545112631256,6.22991719290609,114.779677240011,1.19099453864936e-25,3.52150303608416e-25
0.914181375528798,0.42693385984736,8.13497991033386,114.431714114568,1.41732354775102e-25,4.18867269840203e-25
-1.10784328907982,0.366836908941304,7.77234414886486,114.25900395041,1.54515673166203e-25,4.56424754117343e-25
0.823111942448313,-0.850927763734312,9.6847011429241,114.246766597075,1.55464002913324e-25,4.59003321889581e-25
-0.948102287152473,-0.00863853879954662,5.26578981395776,114.204820760971,1.5875896845052e-25,4.68504411016367e-25
0.843322937195155,0.117764724385605,6.08849390250638,114.203264384765,1.58882560873884e-25,4.68641972190021e-25
0.719585695676748,-0.657393692655709,6.50405181955879,114.125498931178,1.6518202460179e-25,4.86987005218257e-25
-0.725622256388244,-0.752826777226192,4.87263275216693,114.111000125498,1.66383846622732e-25,4.90292767782766e-25
0.478933606666464,0.776593748776226,6.16089646442704,113.829370584268,1.91542979353495e-25,5.64157551187266e-25
0.840773882046083,0.254281735573326,5.22944409272064,113.307144157272,2.48694548902442e-25,7.32133662339491e-25
0.856314679836718,-0.161113229766844,6.01801124325048,113.22952850538,2.58535562791941e-25,7.60736832420173e-25
0.831180965017877,0.631911321241154,8.03441896182377,113.181078329975,2.64875087213661e-25,7.79014266162691e-25
0.627184524710343,0.486992927279404,6.31221563044567,113.123251327735,2.72645344704533e-25,8.01479893076388e-25
-0.410993469689211,0.812783530176745,6.35832581489475,113.11425338873,2.73874731207865e-25,8.04705291309594e-25
0.80375929723164,0.890593962638455,3.82591174860328,113.085712469359,2.77811069394689e-25,8.15877371189033e-25
-0.961383673821517,-0.125138932091394,7.12972604124271,112.927001598727,3.00755220049118e-25,8.82834030693844e-25
0.562600356246552,0.7327716035277,4.31615299748792,112.904061818924,3.04224708599483e-25,8.92587964315012e-25
0.951372338540549,-0.12477859195878,4.79967889907785,112.898727234386,3.05037247971072e-25,8.94540831236939e-25
0.0123133122022433,1.07662878047574,4.39194463450959,112.876323771549,3.08473402806961e-25,9.04182029989782e-25
0.600710355922202,-1.38785892181747,2.60621809540071,112.772027182064,3.249865899568e-25,9.52126255850335e-25
0.642792879013245,-0.717695109738862,6.02465720033893,112.712487966847,3.34806759278634e-25,9.80424988209872e-25
0.954144365492106,0.857259235451436,1.80835354068977,112.533580422346,3.66136897248889e-25,1.07165453387079e-24
0.902856012006936,-0.269801771147456,6.96382011417183,112.488153467157,3.74548303991594e-25,1.09574727280193e-24
-0.836131463898579,-0.39851020245816,5.13543335966533,112.47671275844,3.76696992786247e-25,1.10150398274864e-24
0.602856224284546,0.683769993028671,5.50940943776077,112.395300305188,3.92347276971708e-25,1.14671638127881e-24
-0.79520262882974,0.652471303282107,7.63041330230592,112.38917702193,3.93550344468927e-25,1.14968066080942e-24
-1.09693807636387,0.39986309734532,3.62468846765954,112.367448050324,3.97849377704854e-25,1.16168201988832e-24
1.61624062927281,0.00184702761555871,1.16023586177636,112.32763127948,4.05849284849167e-25,1.18447288885989e-24
-0.857488180582298,-0.323712920878259,6.46283891581836,112.227143892463,4.26761609009694e-25,1.24490880481601e-24
0.869804012800013,-0.0579195341708213,5.88526541172458,112.213515493174,4.29679578336001e-25,1.25282053300267e-24
-1.60916339431675,0.348900794633556,1.31377656503966,112.059726814167,4.64022992479325e-25,1.35230827104554e-24
-0.881140568514196,-0.507007786424195,7.51724217606284,112.051426073709,4.65952861758532e-25,1.3572827858306e-24
-1.19613546993689,-0.0509897277174996,10.2633498698355,112.046216623259,4.67168122955086e-25,1.36017194287449e-24
0.220129484866845,1.06676775937735,7.69106732995165,111.99490486814,4.79308805111322e-25,1.39485277510408e-24
1.01820223811817,0.416838599446702,3.25139370105235,111.663513631436,5.65686871823657e-25,1.64543797212729e-24
-0.851087504837693,-0.359498917221748,6.78646414935831,111.597443428703,5.84686494349692e-25,1.69989082024877e-24
1.1950301067285,0.0561567891987566,2.59288044836578,111.510001696673,6.108165462821e-25,1.77501247435104e-24
-0.704471651471936,-0.514068023418087,6.15721840175227,111.242799159159,6.98124833452737e-25,2.0277595353341e-24
1.09096712647388,-0.14065050389958,8.92472966033926,111.17086789776,7.23690317021689e-25,2.10101413925992e-24
0.258918543808642,0.833834587389058,5.62116027876019,111.016259392647,7.81853837506038e-25,2.26879226059903e-24
0.508643588820564,-1.06618298047257,7.32316411276331,110.85713051966,8.46603321152427e-25,2.45551263419532e-24
0.309245658134523,-1.15114693289446,4.75093403240461,110.809569816946,8.66977133684347e-25,2.51340799517634e-24
-0.879579530704978,-0.165575991822105,6.69690532944092,110.796711957962,8.72568823578742e-25,2.52841456351613e-24
0.842451338183117,-0.658289258024557,8.16482932448048,110.719374389812,9.06970854765088e-25,2.62684993520926e-24
0.61477456355377,1.14878599033937,2.30525595409544,110.393365598187,1.0675426652442e-24,3.09044210461565e-24
0.850677639047144,0.125380048197238,6.51206831044866,110.299283288244,1.11896101293464e-24,3.2377541096702e-24
0.693663283290052,0.640296754491376,4.58217349666557,110.27301840445,1.1337526157738e-24,3.27899568875576e-24
-0.766905311808403,0.576121252612393,5.40860323997822,110.236862182306,1.15443510840815e-24,3.33722741689877e-24
-0.830585584391773,-0.48352065601772,7.1084090649165,109.804664628726,1.4329136910722e-24,4.14028407747868e-24
0.570506277956356,-0.863921957141515,6.8830178768043,109.752237312277,1.47097224852208e-24,4.24823484298028e-24
0.933112456997405,0.77867568069515,2.11921562230506,109.615519762748,1.57504264875107e-24,4.54663804912115e-24
-0.521063216236093,-0.838504422403682,5.5357082999744,109.431648137584,1.72671051672101e-24,4.98209176578082e-24
-1.01702155570181,0.0189707754320742,7.64587749938179,109.370713377495,1.78012848291043e-24,5.13378598008464e-24
-0.825125202848094,-0.393568488846603,6.85895774669531,109.30908087673,1.83583935940337e-24,5.29194603221955e-24
0.772648226739752,0.425170301458184,5.1032700067034,109.164212551894,1.97375132107592e-24,5.68679509830108e-24
-0.724787530814083,-0.537391688515157,5.89402554395951,109.062158422528,2.07707991556467e-24,5.98167574548616e-24
-1.00602879266845,-0.447708623226459,8.32747492868675,108.823420106826,2.34042416127296e-24,6.73688051717721e-24
-0.878820093085045,-0.13537452947237,5.70933166011912,108.639920903336,2.56531628801641e-24,7.38073986835723e-24
0.467040304745414,-0.939280367204135,6.62468007012653,108.298880188251,3.04226449482492e-24,8.74884565162689e-24
-0.826649310018377,-0.415648647292536,6.84248197035349,108.084161235421,3.3870577160252e-24,9.7357919618326e-24
0.0300557323846701,-1.06846069881036,5.97592029235739,108.082828596361,3.38931533079323e-24,9.73768368752676e-24
-0.573562934920961,-0.58298873324456,5.84401278004918,107.891058049333,3.73039157183626e-24,1.07125584383675e-23
-1.10621915955995,-0.501663189748463,9.91917370849281,107.857797734643,3.7929472846028e-24,1.08870641530702e-23
-0.309247647466339,-1.14148277482503,4.28233752373218,107.765487244179,3.97211464781313e-24,1.13959632308607e-23
0.49616804322963,0.684278175107545,6.0791853898606,107.712397480656,4.07896586378258e-24,1.16970062075875e-23
-0.787187272176333,-0.881581965508805,7.76741708147018,107.469633405594,4.60538158312917e-24,1.32003592646377e-23
0.353686593886647,0.803526982879262,5.50838099545796,107.409763297052,4.74532813411841e-24,1.35950859673002e-23
-1.12264356922878,-0.33916302862408,9.51510314671561,107.364298270967,4.85443682659721e-24,1.39011342428616e-23
-1.05040827513012,-0.383550525635335,3.39863630618131,107.276837233231,5.07143398678136e-24,1.45156982188646e-23
0.17665094050583,0.985346360276626,7.22665248727661,107.218424790436,5.22173559783692e-24,1.49388751502026e-23
1.00100937397846,-0.0402249876790114,7.96808433507526,107.05359212242,5.67032349921308e-24,1.62146216360776e-23
-0.893854926415029,-0.315454927006661,7.28119035844764,106.983957951128,5.87122474154836e-24,1.67812282753739e-23
0.860510500081341,0.10370786857968,5.33364323371051,106.846052058793,6.29034678825558e-24,1.79707326358048e-23
-0.808239549929764,-0.540968340748529,7.19938207391072,106.695621395392,6.78172526984693e-24,1.93654518962609e-23
-0.157919327599737,0.976687429437082,5.48927593365218,106.692736657235,6.79151407851594e-24,1.93843121003306e-23
0.712781934079062,0.426261043150923,6.61110350760859,106.655694298258,6.91847301514038e-24,1.9737424421825e-23
-1.13454205062239,-0.134155022612773,9.45705995471465,106.580930772996,7.18199245570767e-24,2.04796112741678e-23
-0.417146253706121,-0.811833158417876,6.00735965359997,106.444433292393,7.68926796332636e-24,2.1915853633301e-23
0.832708627024884,0.161092341917472,5.61204726325665,106.411786836252,7.81581162877993e-24,2.22661025718354e-23
-0.807807232981894,-0.344717809262934,6.57247778547765,106.395771976872,7.87864743175888e-24,2.24346143894051e-23
-0.895501002190494,0.745889304854164,3.24137087124267,106.390608165118,7.89901564095043e-24,2.24820978130464e-23
0.682198064779243,-0.639963038678643,6.35400551524176,106.226073201041,8.57632612582142e-24,2.43984455392527e-23
-0.460123330058784,-0.825107006812251,6.64850832149579,106.208509605882,8.65197335902205e-24,2.46021549788539e-23
0.848898002156457,-0.0575462150667241,5.86383998577379,106.187216504942,8.74457912128341e-24,2.48538738050296e-23
-0.145335957902367,-1.01894070173403,6.06341440148492,106.140579735529,8.95088458837331e-24,2.54283646169e-23
-0.391507710182531,-0.899730876281856,6.24829762956207,106.107008664435,9.10239803957575e-24,2.58467347317804e-23
-0.465108928850095,-1.25772016357412,9.21666812976888,106.047207936508,9.37867282938789e-24,2.66188159372091e-23
0.606946482382069,-0.712376130717226,6.11773831340008,106.024795645722,9.48436268261403e-24,2.6906244180687e-23
0.918095086139643,-0.22768799737668,4.93308832024132,105.943244986132,9.87908344558604e-24,2.80129762537158e-23
0.636650227227379,-0.701814371477473,6.40353296919749,105.814148222156,1.05377929197148e-23,2.98668916644429e-23
0.696156382110179,0.58175978332977,4.24455239165647,105.808083083148,1.05697980134675e-23,2.99436623108377e-23
0.503130700646506,0.682430576325325,6.49498904500754,105.706714543772,1.11193291634076e-23,3.14858027659654e-23
0.564250274426887,0.770801070317337,7.46760543952405,105.606514363879,1.16905994134989e-23,3.30880377635432e-23
-0.594665331094552,-0.685381607091206,6.34967968646685,105.568065934418,1.19175161667092e-23,3.37146089325864e-23
-0.922849906386698,-0.0197229441498134,6.98478139653667,105.538030175253,1.20978426610391e-23,3.42088556063196e-23
0.296764651797197,0.979678477616607,4.78123541200839,105.529897202752,1.21471385344474e-23,3.43323024130529e-23
-0.827327075498873,0.6679792276072,7.73246126817341,105.349814595177,1.32916355885503e-23,3.75496415141968e-23
0.855028431571865,0.881153923940069,2.11185918660561,105.18987028414,1.43982560237653e-23,4.06570420559755e-23
0.256005094589062,0.879118209342661,5.50401847992865,105.184159250584,1.44394292428477e-23,4.07544020539903e-23
0.147413837806466,1.0601187021487,3.99575421405337,105.052144032879,1.54247014616692e-23,4.35150984701772e-23
0.582192128046406,0.552845474442851,5.74195611185772,104.851691781428,1.70507866610504e-23,4.80802173193492e-23
0.393817424638784,0.710251057218599,6.03966910360975,104.841698858778,1.71361934453278e-23,4.82986785625722e-23
-0.379480047956283,-0.906471892033534,5.71917663668271,104.785191126727,1.76272617815022e-23,4.96597731262311e-23
0.0723999320848506,0.945039810205121,6.66993621051768,104.56006588946,1.97274148901035e-23,5.55506484046949e-23
0.516234552841044,0.695422668164839,6.46890905060637,104.503557193899,2.02927490971245e-23,5.71161611203394e-23
0.853240290586946,-0.284930133989304,5.05486065342409,104.469350823003,2.06428047484317e-23,5.8074581935514e-23
0.518752974339441,1.10294859324785,8.05124971872642,104.2047147559,2.35631689182119e-23,6.62598486716276e-23
0.751123288011662,-0.492039736767917,6.48346745016612,104.105691437058,2.47591845554992e-23,6.95909120839699e-23
0.745253291109119,0.227306094331257,6.12463009489944,104.059933841666,2.53321745981184e-23,7.11685643531817e-23
-1.13738067224087,-0.0141685774282924,9.5284981665761,104.028442053964,2.57342092211622e-23,7.22646982188356e-23
0.528735183680521,0.590827326586233,5.89747721804378,104.001001669051,2.60897207910936e-23,7.3229239362e-23
-0.750256581383381,-0.400627963086849,5.86090143817464,103.960899168266,2.6618132266761e-23,7.46779673917239e-23
0.843333458824445,-0.0238733507542418,6.42192587549699,103.920067956202,2.71671426899935e-23,7.61831251481717e-23
-0.705778850843813,-0.453992956187868,6.20356933410721,103.895022143007,2.75094934194942e-23,7.71076408553777e-23
-0.811923152169108,-0.461469258918947,7.31870508095422,103.867055020823,2.78968762849247e-23,7.8157470235905e-23
0.722787073281266,0.79062752206277,3.75233516724929,103.507192337882,3.33963316434447e-23,9.35220179601155e-23
0.844538704816698,-0.125284106963656,5.68453608468243,103.48429647603,3.37808472962041e-23,9.4555309581283e-23
0.643462496346179,0.567030975870288,7.05654272031073,103.466863882466,3.4076578153438e-23,9.5339249907229e-23
0.513832378612916,0.67313484281117,4.57440021517931,103.431117506709,3.46911107055889e-23,9.70140018261944e-23
-0.236306707715,-1.00238861302835,5.49120488007176,103.427733040239,3.47498658557613e-23,9.71336929889231e-23
0.855171061189154,0.0800993332980688,5.3735733748657,103.415116738729,3.49697661010395e-23,9.77035043704122e-23
0.89617953691679,-0.0321381877988988,7.0927018652287,103.357325875569,3.5994973153185e-23,1.0052174153972e-22
0.641384127480769,-0.72352223646187,6.79035542735165,103.330335348478,3.64840273374693e-23,1.01840787909451e-22
1.3683486177996,-0.022652517151591,1.68055516159516,103.219560254758,3.85617982773442e-23,1.07591305184451e-22
-1.09172477914804,0.136178245007917,8.56419758126052,103.204640684408,3.88505366325225e-23,1.08347259284836e-22
-0.60034753227719,-1.00604637200135,8.47643885458403,103.115797426521,4.0615246212688e-23,1.13216858490313e-22
-1.90034662470339,-0.18784777939299,0.546912490382474,103.04710986529,4.20343566434782e-23,1.17119067846909e-22
0.793096859876377,0.188693408830868,6.13798781226607,103.041788121956,4.21463536108034e-23,1.17377402004836e-22
-0.373067670395103,-1.03489110850104,6.88130753858748,103.01800649106,4.2650499536329e-23,1.18727133597243e-22
-0.550418141182106,0.845956665425097,7.84688773861657,102.930961335293,4.45477462856054e-23,1.23951864436364e-22
-0.767969640478269,-0.487177241281005,6.902320332274,102.906958924176,4.50855939003652e-23,1.25391089842587e-22
0.335786951490811,0.989778490544038,7.57664092019162,102.703048230432,4.9924812149517e-23,1.38786418432082e-22
-2.0954387401904,0.25699310427398,0.32663874440513,102.683376612391,5.04182859458531e-23,1.40094260537815e-22
-2.15636361988596,0.629990951616762,0.197958594799955,102.661129147498,5.09822563819149e-23,1.41596704768749e-22
0.390576441699916,0.808169860653147,6.61006592473673,102.638517628849,5.1561920097244e-23,1.43141344984962e-22
0.858143833620304,0.386328591517732,4.60104508278809,102.40201866399,5.80342236734063e-23,1.61035712727301e-22
-0.245795814471661,-1.0497014045655,4.77156943448075,102.388077323884,5.84401743286924e-23,1.6208828305835e-22
1.43779738723682,0.103224847663216,1.39861789121933,102.315629237712,6.05959229646604e-23,1.67990882973066e-22
0.748993741321581,0.422862819658054,5.89500281272451,102.262615191771,6.22236178560884e-23,1.72424845474678e-22
-0.98543327910865,-0.297218029523974,8.06618334973964,101.98638025775,7.14395832498385e-23,1.97872694642865e-22
0.935244445743814,0.214703818167728,3.8174424774105,101.962989265968,7.22800096240018e-23,2.00109458204149e-22
0.772604260609237,0.173364917450207,5.93072961779999,101.953107586883,7.26380172545183e-23,2.01009204111594e-22
-0.724411183374299,-0.506242978725791,5.49639864230097,101.9008156208,7.456225555463e-23,2.06240350666328e-22
0.513868431393659,1.12522861066466,1.65348334424965,101.893710698381,7.48276061199144e-23,2.06880320643978e-22
0.572967213106642,-0.962403205832107,7.19627469002569,101.767120958651,7.97169114827956e-23,2.20298028646055e-22
-0.865489649592623,-0.00423731348409046,5.68998812768874,101.615312722644,8.60033174521977e-23,2.37562702653802e-22
-0.795924253594993,-0.294167463912377,6.5105746810339,101.561144158524,8.83644865083516e-23,2.43974146876573e-22
-0.168378603310816,-1.38346183279279,10.1758245599583,101.359126268262,9.77564418258833e-23,2.69782963660915e-22
-0.698778190936094,-0.812084485353003,7.57152554337504,101.321944067408,9.9590840564022e-23,2.74720905008503e-22
0.209416422045206,-1.32209219592545,9.05879766849023,101.317519213001,9.9811421969081e-23,2.75204681588662e-22
0.848782242560286,0.411314725359051,4.23049304807796,101.304345466538,1.00471037168585e-22,2.76897996506266e-22
-1.06524117351176,0.347130070167181,3.4703541409835,101.252796785027,1.03094272780949e-22,2.83999064565801e-22
0.804076333819179,-0.412897550736349,6.53317271313352,101.209497348283,1.05350570731545e-22,2.90083344465692e-22
-1.00814030963209,-0.514814576371594,8.5191414164095,101.137806937719,1.09195380903499e-22,3.00534122486664e-22
0.683362006879239,0.433338159870033,5.9460169105729,101.127458280901,1.09761857970359e-22,3.01956706427269e-22
0.900201900006099,0.00294384538953719,7.23891919433013,101.107312060572,1.1087308863583e-22,3.04875954658959e-22
0.798643164047131,0.126605276775472,6.25060533397937,101.098609682126,1.11356569519846e-22,3.06067176179152e-22
-0.12947054468383,-1.02239210736608,6.37920897522726,100.968853454372,1.18820684612315e-22,3.26435166028779e-22
-0.958077539468196,-0.325595719425822,7.90339908488491,100.958160042408,1.19457685287693e-22,3.28037161944735e-22
0.859345106739121,-0.309011523337433,5.76784652744877,100.935990619029,1.20789205412815e-22,3.31544040826517e-22
-0.815184906630208,-0.579717968826127,7.66016859700598,100.818572351212,1.28092935140188e-22,3.51432982935314e-22
0.723436184561232,0.467683421676024,4.62536540542571,100.777307482677,1.30763257097279e-22,3.58597616760466e-22
0.84406833962136,0.0162601393975629,5.48673228265472,100.747990371615,1.32694175223066e-22,3.63729013398481e-22
-0.324346837412791,-0.864492583383394,6.15537964497727,100.478167589357,1.5185990788078e-22,4.16077011331319e-22
-0.8091927223476,-0.581244354050867,7.37550624740721,100.35665596989,1.61372320833393e-22,4.41940930829374e-22
0.539423775096378,0.64429134898476,6.24890067455694,100.324264792712,1.64007119013557e-22,4.48954739457975e-22
0.816553850431568,0.189488428346383,6.78615847911286,100.320834732057,1.64288637533922e-22,4.49523247328773e-22
0.921030434226227,-0.261404400092684,7.76301029599799,100.234771679791,1.71512541457035e-22,4.69078325422474e-22
-0.459496397095197,-0.829098743985736,6.51416339288918,100.229016427101,1.72006801271314e-22,4.70218862209142e-22
-0.74552229187333,-0.361177342748159,6.4276161227141,100.147186398034,1.79190418844185e-22,4.89637015225942e-22
0.798948855309342,-0.244318109272996,6.39485101745682,100.065929184954,1.8662059262657e-22,5.09711156532328e-22
-0.843182528785711,-0.32087451149385,4.81088257466568,100.032309091211,1.89784209311241e-22,5.18119401922348e-22
0.445555312184022,-0.9831249307425,7.25071269364624,99.7943295126272,2.13765041630783e-22,5.83326568107668e-22
-0.979784961111869,-0.1427326447045,7.81973639980069,99.7829306148653,2.14986863105167e-22,5.86397859580759e-22
-0.439219663113899,-0.858982988710686,6.74509802679188,99.7330088119876,2.20420663156586e-22,6.00949842049841e-22
-0.252373982685619,-1.0931411141714,7.38541353369899,99.7269485819591,2.21089576047153e-22,6.02503732755178e-22
-0.74230083688093,-0.396090525675122,6.04981937308639,99.5988765723657,2.35710403021638e-22,6.42060372973482e-22
0.471200321509724,0.692538161544389,6.25898434406213,99.2474955425076,2.80983081856058e-22,7.65038015357638e-22
-0.769251976967264,-0.459383132839038,6.72137785101489,99.1577176639933,2.93883491053102e-22,7.9980451208372e-22
0.786716167423432,0.401323133591115,7.04729791431543,99.0979349545427,3.02800676159961e-22,8.23704430948097e-22
-0.90700329061933,-0.566506749689022,8.52069242310054,99.0756242873257,3.06197429452803e-22,8.3257255493911e-22
-0.950072859417966,-0.393610392015306,7.89813758924616,99.0083911061561,3.16665711238084e-22,8.60652165186365e-22
-1.7661610940827,-0.0095538547204608,0.723491513894579,99.0028968889787,3.17536822303698e-22,8.62634615879032e-22
0.54042891847136,0.640633088511112,5.81130714006436,98.9459995586813,3.26700043748214e-22,8.87131965360896e-22
-0.803312441448574,-0.150725750494712,6.05375601120975,98.9416162442897,3.27416843452661e-22,8.88682007552295e-22
0.796170324709973,0.28970598544243,5.0645653322401,98.7692889523558,3.56879345075541e-22,9.68218116229899e-22
-0.0235452644638033,-1.05983498109942,6.72550874638135,98.7125659306649,3.67145881564621e-22,9.95627673481253e-22
-0.687861420979917,-0.482038565602117,6.43689505594089,98.6578593357972,3.77327142801931e-22,1.02278167648182e-21
-0.598884116564303,-0.84650763188249,7.43913588763261,98.5876483918649,3.90808642933024e-22,1.05885314560581e-21
-0.829844912930031,-0.282181565004389,6.80679486479573,98.5553360272037,3.97173899290256e-22,1.07562041765084e-21
0.493617284838499,-0.786524981196394,6.02904410710667,98.3514937218408,4.39789133914729e-22,1.19050077691101e-21
1.37823471785593,0.775855046676612,0.875184097353864,98.3480539597654,4.40546169725889e-22,1.19202003612943e-21
0.958238609006685,0.225787529849498,8.55708495157288,98.3444548135022,4.41339678550607e-22,1.19363658952292e-21
0.72140418434607,-0.571011174302292,6.47337936160031,98.3187111578387,4.47057245736231e-22,1.20856328243436e-21
-0.816374153897376,-0.123926118899976,5.87817685128279,98.2642534097515,4.59397352359716e-22,1.24137198453882e-21
0.0898717076167995,0.877568255838831,6.17634756740371,98.1671939241592,4.8224161759932e-22,1.30252305587607e-21
0.526451421851318,0.734908054339441,6.78047350633264,98.1510315932036,4.86154480865024e-22,1.31250930355045e-21
-0.39349329234456,-0.861529229599428,6.32887540805729,98.1490603050692,4.86633892370559e-22,1.31322124856027e-21
-1.26496324742637,0.417272181233296,2.11578124160736,98.0750491711476,5.04979405008981e-22,1.36212433216424e-21
-0.844892276748071,0.149219569829927,5.8102520913586,97.9143066040188,5.47240802689904e-22,1.47546590202663e-21
1.15454850945342,0.603404156000708,1.8094557841191,97.9070714366972,5.4922407724416e-22,1.4801576725376e-21
-0.900130061159414,-0.464608075412596,7.80499932245647,97.6820434021998,6.1463004303423e-22,1.65569367344796e-21
-0.283607113432681,0.851534410733798,5.75332397080705,97.5878074579741,6.44283278522203e-22,1.73480610333621e-21
-0.0551698903604783,-1.55431751585734,2.339664475422,97.542075574783,6.59185145669076e-22,1.7741464044356e-21
0.58061830452532,0.608446060906888,6.41054009984834,97.5057949679389,6.71252082264075e-22,1.80582531012978e-21
1.02181369300787,0.133262993853352,9.21489660431847,97.4690903795966,6.83684833746181e-22,1.83845992396058e-21
0.703710386790786,0.468732316432804,5.08093160607144,97.3050551876348,7.42122733144682e-22,1.99472105933105e-21
0.448966216899286,0.866008897566749,4.5608374113529,97.2354683655749,7.68398169808053e-22,2.06443427087e-21
-1.02440010995117,-0.19424216202423,8.65850150851761,97.2304605761134,7.70324568680063e-22,2.06869694491585e-21
0.591203974278033,0.611638293850802,6.75217974086285,97.192663663877,7.85020945756357e-22,2.10723435527544e-21
0.97671023357769,0.21956752097134,3.37996092424444,97.1711987513848,7.93491522448581e-22,2.12903322550329e-21
0.749115541362928,0.437884489046255,5.3178742313596,97.1525721584429,8.00916064057475e-22,2.14800748809776e-21
-0.665889723559332,-0.915892989765687,9.13395335523675,97.1441293543007,8.04304199097782e-22,2.15614441396182e-21
0.79842512990174,-0.0249055947805735,6.06969576233032,97.1267484143841,8.11324440994856e-22,2.17400668872213e-21
-0.583617482726054,-0.931081468454008,7.68132170286708,97.0705793637535,8.34433081523317e-22,2.23465988395063e-21
-0.541511414572284,-0.672344888040553,6.39733036204469,97.0699542776478,8.34693918545291e-22,2.23465988395063e-21
-0.884098289655134,-0.852787187884578,9.12364598611135,97.0497597742699,8.43164727097436e-22,2.25634587189855e-21
0.175155026612589,0.873310092949468,5.85485303293145,96.9322380076541,8.94194423991978e-22,2.39185222023865e-21
-0.961988989657883,0.462829855159839,7.78631617468034,96.8292807658616,9.41431744504866e-22,2.51709989483778e-21
-1.70453224184605,-0.194949420668352,0.730385513071941,96.8278354212021,9.42112337070028e-22,2.51781383146722e-21
-0.333424412160891,-0.91503480930775,6.84791857695638,96.7434936669588,9.8269165986966e-22,2.62511049815116e-21
0.893954619538527,1.19640187415165,1.06517088815391,96.7381599297465,9.85315867059448e-22,2.63096622748154e-21
-0.744011262079536,-0.329103902685611,6.21780872049873,96.6011815501934,1.0551639711881e-21,2.81623772757263e-21
-0.643151032273269,0.744407756820462,4.32551065545629,96.5020829543992,1.1087635501539e-21,2.95799846333783e-21
0.83151251360286,0.111847244297445,6.64918262361276,96.4664977463242,1.12866789089821e-21,3.00978104239523e-21
-0.614681183416162,-0.593190080901788,6.64058128406539,96.3374865321589,1.2038727919708e-21,3.20892187281885e-21
-0.817788546022195,-0.365943294911903,7.25243381938729,96.3177492068923,1.21581222261595e-21,3.23932814498288e-21
0.261968140268964,0.850704307882818,6.77447134424819,96.2757327941738,1.24162444156024e-21,3.30665336842466e-21
-1.06819452839489,-0.096399485584689,8.92613128864935,96.2717334960478,1.24410973874434e-21,3.31182338848953e-21
-0.955586977776597,-0.484435762669576,3.17787664107152,96.2561487156276,1.25384219760412e-21,3.33627242089767e-21
-0.835435915379257,0.0934249685416497,6.21131238585553,96.2533500269352,1.25559798278193e-21,3.33948471785774e-21
-0.450580130926907,-0.802846398806135,5.70138969097111,96.1435151609685,1.32648073643503e-21,3.52646931153556e-21
0.738550537807987,0.352495980842867,6.36713347741196,96.1233117582822,1.33994835708835e-21,3.56071828806366e-21
0.808664542863295,0.320700177583196,4.52049491804002,96.0291394029373,1.40455039976336e-21,3.73076039867335e-21
-0.93530026096251,-0.380031284823814,8.41836747172388,96.028205131963,1.40520666836984e-21,3.73087579460775e-21
-1.68268576114191,0.643273248613416,0.761620525460314,95.8613265016843,1.5274866954859e-21,4.0537659119957e-21
-0.826627506294343,-0.164493464770317,5.58682320928854,95.848850118556,1.53704523310083e-21,4.07735572074852e-21
0.303650875962279,-1.5906935214389,2.21805408792044,95.8390145886241,1.54462267707221e-21,4.09567197648763e-21
-1.03158114809239,-0.0594727483194412,8.56114628866027,95.7833698127106,1.58820118645046e-21,4.2093899970006e-21
0.886496372969227,0.36794505360665,3.56180948310888,95.766458428571,1.6016874641796e-21,4.24328689378825e-21
0.881081122057331,1.0494769646398,1.44018340880391,95.6644402762508,1.6855076843091e-21,4.46340616880114e-21
-0.107234639262375,0.879488871925379,6.17949566127366,95.6266302278156,1.71767535514337e-21,4.54661198352733e-21
0.243262427276147,0.860327066909341,5.7406109724864,95.5687709884893,1.76809281256155e-21,4.67803087478258e-21
0.733757295736992,-0.440824891365039,5.68348407700158,95.5062900915193,1.82420067924353e-21,4.8243847676953e-21
1.34585269645665,0.670184585081584,0.992503664556993,95.3941538789522,1.929401812951e-21,5.10039002919916e-21
-0.716607420738139,0.656035868997382,6.70350136246924,95.3558009259627,1.9667579764981e-21,5.19688479206616e-21
0.616096173990092,-0.831438451789323,7.87764480124499,95.3306257876691,1.99167114770447e-21,5.26043121354656e-21
0.991434439119282,0.791465940237473,1.73316420146644,95.1265071411081,2.20567455405454e-21,5.82313386170167e-21
0.607805669209922,1.01951809600149,11.7210978995833,94.9974196883531,2.35273177082638e-21,6.20868271382358e-21
-0.878597328689841,0.0956447066086161,7.05959891875745,94.9366683742527,2.42529402811979e-21,6.39739603257941e-21
-0.416268271606575,-1.07858920942565,7.99980162768783,94.8403497646179,2.54495271577343e-21,6.7101221886655e-21
0.798159516645646,0.147951613682122,6.60458482577277,94.6970282893469,2.73401932917419e-21,7.20550202424781e-21
-0.552601406360734,0.778617020330666,4.46627092436509,94.5813059826321,2.89687903183529e-21,7.63141477534107e-21
-0.505721741305033,-0.782977521358831,6.48887240361065,94.435434704701,3.1160606769505e-21,8.2052670420738e-21
-1.01778098072839,-0.228186179001968,8.58207565279556,94.3403989944998,3.2677035360021e-21,8.60085565377465e-21
-0.921789960209194,-0.334797458378123,8.20911656426181,94.3393028022442,3.26949504257095e-21,8.60185212583056e-21
-0.805795254129717,-0.331817588748943,7.03542332592968,94.2717303146436,3.38184627494336e-21,8.89359832477547e-21
0.573777637685394,-0.64037520690499,6.17514887965008,93.9250617947139,4.02190654656771e-21,1.0572265568007e-20
0.330634237430885,0.739688802976308,6.62109043344339,93.8744741853902,4.12493334216069e-21,1.08384092305025e-20
0.99068452630314,0.215593180220386,9.35908852007503,93.8704456818231,4.13325036998417e-21,1.08555773306573e-20
-0.704480238031536,-0.430385621333211,6.53831224398802,93.7136804794125,4.47026062890619e-21,1.17356389429844e-20
0.870768910935781,-0.692108950321007,9.96804259214404,93.7087720981807,4.48124497391713e-21,1.17594049143136e-20
1.07213884467417,0.796470352755796,1.27626817331544,93.65303857483,4.60787900503046e-21,1.20865003802781e-20
-1.00680271676342,-0.281061432476425,8.854503739753,93.4429638989434,5.11821120203441e-21,1.34193237717422e-20
0.344696023056167,-0.95744943920755,6.60574706689201,93.4012061785502,5.2261970056296e-21,1.36965507405394e-20
0.555985559083028,0.614292119010694,6.37567272292679,93.2603055440868,5.60766370448843e-21,1.46899555219129e-20
0.691725682192231,-0.450863035604696,6.40223034857537,93.2545588788854,5.6237995581599e-21,1.47258889075602e-20
0.244815206008817,0.810818941674198,5.99639566332155,93.1091537717272,6.04789372628881e-21,1.58295687900457e-20
-0.800097318025153,0.325645588055034,5.52552530374309,93.0539833102616,6.21704863240513e-21,1.62653167486388e-20
0.782994767136551,-0.587741838604388,8.03015873693081,93.0144980867379,6.34100903458778e-21,1.65825012897639e-20
0.456163058751989,0.763810978953885,6.72390479608602,92.8406768717389,6.91676736712853e-21,1.80804120786082e-20
0.625739670784395,-0.617485438375869,5.66756067144256,92.8238393052118,6.97524393788274e-21,1.8225444246279e-20
0.572034962251328,-0.73530582400314,6.73853243714867,92.7453649108061,7.2543732758614e-21,1.89466428586204e-20
0.891521045063902,0.465868175340915,9.09650320162997,92.6310239711747,7.68119371934476e-21,2.00527904645673e-20
1.04052950570768,-1.25669446024833,1.42636469068539,92.5490645273949,8.00250557226768e-21,2.08826634907697e-20
-0.24886299999855,-0.890436160606636,6.02121758877024,92.4864717597842,8.25691534593419e-21,2.15373181773982e-20
0.73832483364729,0.409325103734737,4.68275638765574,92.4425100644503,8.44041873602126e-21,2.20065392997419e-20
0.25661456350342,0.78324567044539,5.4447064270595,92.3883115898883,8.67227502152195e-21,2.26013742855418e-20
0.494427871101856,-0.793743889985468,6.8601819637692,92.3786336295701,8.71434168607764e-21,2.27012889109288e-20
-0.806416847244211,0.11456471946794,6.11005603746601,92.3678012525611,8.7616682524504e-21,2.28148145085193e-20
-0.772470098732365,-0.391901049954752,7.23550618458344,92.3585834045376,8.80214331724296e-21,2.29104097970822e-20
-0.530245722274265,-0.699323704999168,6.4122091313497,92.3462145565471,8.85674817935388e-21,2.30426850067976e-20
0.517278102056979,-0.811128340818653,5.73631331308924,92.2965106671429,9.07961344257651e-21,2.36124248775762e-20
-0.690459131587926,-0.455888831215596,6.2457456377172,92.2904872611776,9.10699976049005e-21,2.367353310925e-20
-0.696565403845208,-0.409298972119655,6.68088963514333,92.2492919302471,9.29652791290801e-21,2.41558949781408e-20
0.306139308135228,-0.924479060849479,5.9461623977385,92.1030932507518,1.00015524655449e-20,2.59767284173368e-20
-0.79803020190325,-0.141716148716007,6.53333052665695,92.0573781102083,1.02327964233071e-20,2.65659977079289e-20
-0.775051548225788,-0.877503854639597,8.48109817974422,91.9629370601302,1.07275845858804e-20,2.78386764530434e-20
0.533734357090029,0.591623249505049,5.74777086923494,91.9127664349866,1.10000930888102e-20,2.85336884212511e-20
0.0687839320768833,0.877125781045005,5.73696951962015,91.8688836681909,1.12441176773428e-20,2.91542540117815e-20
-1.03092268864896,0.49299123711843,2.81837497096563,91.8627834872538,1.12784656090187e-20,2.92308636133272e-20
-0.460885881927867,-0.748068273072171,5.62765359648683,91.7834547622989,1.17348092188792e-20,3.04006461806538e-20
0.274421604760625,-1.04320968809491,6.58276039632401,91.7445222010955,1.19654801766536e-20,3.0985046072083e-20
0.715030010027071,-0.464540123799837,5.59674495655026,91.5175121166353,1.34037014249663e-20,3.46946149129231e-20
-0.0720319121358047,-1.01277480949232,6.72019183681684,91.3861189503131,1.43138482495309e-20,3.70347250927088e-20
0.668921077164212,-0.561834006182241,5.69423984437849,91.343376796031,1.46230427464506e-20,3.78186424130803e-20
0.515848725459441,-0.814818262603427,6.74930603600399,91.3060275509368,1.4898688328119e-20,3.85151654104411e-20
-0.764717899840208,-0.899726279865684,9.4686355961772,91.2750382423107,1.51313360972899e-20,3.90999890323858e-20
0.728655112478384,0.438453787463969,4.70621504221218,91.2109430703591,1.56241128700751e-20,4.0356215168866e-20
0.664153168036227,-0.488545875408785,5.91804605581839,91.0275334276387,1.71246721434263e-20,4.42133180700506e-20
0.921703247460795,-0.146435747669748,4.059285699628,91.0238807491775,1.71559761811677e-20,4.4275363709601e-20
0.650988631314203,-0.549614987007335,6.26107504477961,91.0019238268691,1.73453600689168e-20,4.47451491947312e-20
-0.617735379509232,-0.628475344840736,5.060099487251,90.9807443322937,1.75300190690558e-20,4.52023532792934e-20
0.665417094602303,0.332375628418716,6.3312115500706,90.976234156995,1.75695954058341e-20,4.52852230443345e-20
-1.98605503355217,0.35971517219398,0.285992409686042,90.8467070495802,1.87451195540605e-20,4.82946626513415e-20
0.800922376005443,-0.182373532444593,5.37726377098775,90.8411344815394,1.87974216114908e-20,4.84089267219779e-20
-0.664694082356385,-0.451574978380904,6.17400440393028,90.819548094684,1.90014046528838e-20,4.89135524426033e-20
-1.04746817418906,-0.195721266646784,10.0140139444931,90.8156620498407,1.90383606997544e-20,4.89879712341948e-20
-1.37276105308292,0.12515493746207,1.50559828121273,90.8100466999531,1.90918893384063e-20,4.91049523836997e-20
-0.568782733746879,-0.772595954521471,4.13646534733304,90.7540297361693,1.96341831373814e-20,5.04784235390109e-20
-0.628350305600973,-0.464618985549647,6.1828740248055,90.7167712559257,2.00033813129616e-20,5.14059035176489e-20
0.236110715721636,-1.09473190431635,7.44168199642792,90.6992885923324,2.01790039757677e-20,5.18353486094827e-20
-0.607436575756043,-0.533504331565783,6.35815532092217,90.6740650667545,2.0435108356496e-20,5.24710837934828e-20
-0.582745833078553,-0.95706729101493,8.5398318502735,90.6100128390586,2.1100158100015e-20,5.4155886388234e-20
0.608538118741223,-0.628829445823716,5.84403140144586,90.4400428858836,2.29717571167458e-20,5.89347059952585e-20
0.385321754175124,-0.965221620234142,7.31470968828935,90.4290559661635,2.30982987999773e-20,5.92343905199082e-20
-0.780181959859647,-0.356315325844991,7.13501744160237,90.2709964849697,2.49978222329071e-20,6.40786281069216e-20
-0.868589976214288,-0.117239873782072,7.27196804849295,90.2592395206563,2.51452042517253e-20,6.44292943958349e-20
-1.0022187646444,0.0824342393266071,8.42227924946615,90.2228938870544,2.56063408264192e-20,6.55832574468826e-20
-1.0175591618947,-0.0710738939642274,8.73793212655147,90.1943659598791,2.59742061109373e-20,6.64974629114323e-20
-0.746661718885176,-0.320039146314747,6.63835251614661,90.1836615558709,2.61135980029685e-20,6.68262230525735e-20
-0.937990282011709,-0.380862296973309,8.27505656091465,90.0837778633474,2.74508743855203e-20,7.02188753189274e-20
-1.46548187899898,-0.039139760901014,1.18195697158464,90.0370016512751,2.81004650840749e-20,7.18503281948123e-20
-1.00891144518828,0.297255944793577,3.416105386179,89.9756402497101,2.89759689052583e-20,7.40578080164621e-20
0.772294418183206,-0.333282712933458,6.83937421238503,89.963957139253,2.91457289765984e-20,7.44604271966141e-20
0.892067074364557,-0.578350517972733,3.58731933148661,89.9072314599288,2.99842193893699e-20,7.65704394473506e-20
-0.792687671031149,1.0756393711707,1.87055714110645,89.7887457036671,3.18142435868997e-20,8.12096918058891e-20
-0.511270433494962,-0.707406022230627,6.75984492466819,89.774273745688,3.20452856848436e-20,8.17651715210931e-20
-0.852852161898524,0.422500920283533,7.96526803869765,89.3580324506995,3.94593381402381e-20,1.00640322831072e-19
-0.85573643260147,-0.521163565234071,7.92820676493155,89.2829206522239,4.09694483510322e-20,1.04448074355563e-19
0.797673087096043,-0.333186121221845,4.88200623935607,89.2218617845701,4.22395109139785e-20,1.07640913538845e-19
0.832620599415767,0.0747989092802153,4.71154342941052,89.1689677323015,4.33715235661538e-20,1.10479429067257e-19
-0.877842292639794,0.10967186570779,7.32162583247157,89.1618472091443,4.35262127386738e-20,1.1082709458513e-19
-0.709764761871206,-0.604360392474839,7.75196891154698,89.0626970004228,4.57384112061059e-20,1.16411140226912e-19
0.117603242882509,-1.09526671890922,4.60280086629378,89.0198320357211,4.67292793496122e-20,1.18883348382967e-19
-0.1010234736124,-0.955787018777652,5.56602962512172,88.9854952570257,4.7538472204475e-20,1.20891486541706e-19
0.319761666683649,0.74077128259826,6.11450423057571,88.8505404114994,5.0856947837082e-20,1.29276450284825e-19
0.595713086136916,-0.683977313320629,6.70480338473589,88.8042000749254,5.20490693726038e-20,1.32251558572793e-19
-0.999996499968604,-0.407592317536032,9.75429217340258,88.7602861211643,5.32045485787257e-20,1.35131118793192e-19
-1.0007321076803,-0.202694297766215,8.93291403335191,88.7488118831355,5.35106666843874e-20,1.35851934434758e-19
0.68695471090415,0.310422819105934,5.82636962085532,88.6306038359834,5.67686953098563e-20,1.44063283470782e-19
-0.330469679088577,-1.08559757821906,3.90747378782274,88.6104464657071,5.73437421056271e-20,1.45461959141274e-19
0.262664886191763,-0.933683379833012,5.76622974780186,88.555232921998,5.8948871996209e-20,1.4947135889751e-19
-0.746057955330868,-0.54850369774171,7.70565544137149,88.5303071383167,5.96881425677876e-20,1.51282852603119e-19
-0.493000357235169,-0.671110424566201,6.33465700122835,88.5288494238806,5.97316625593344e-20,1.51330154665513e-19
0.480430681700938,0.651129998196472,5.43135309508462,88.4261716181268,6.28783019919536e-20,1.59235899553666e-19
-0.995879461255388,-0.267919209372695,9.45012723993892,88.4006505676321,6.36858032650649e-20,1.61213792215266e-19
0.136492380448696,-1.01569662620967,5.19102697536679,88.326670709937,6.60856480126441e-20,1.67219212427671e-19
-0.770704901418998,0.298837789906724,5.89362323118934,88.1982427843844,7.04684830328671e-20,1.78235199295428e-19
-0.738552055812382,-0.245728709974341,6.2320103485715,88.1028714207435,7.39102295431171e-20,1.86862739808346e-19
-0.701517568805937,-0.51863407599448,7.05215003860862,87.9533877524621,7.96461004543871e-20,2.01280805133378e-19
-0.708963464503883,-0.53806630355413,6.99613677618478,87.9486762244485,7.98339490477235e-20,2.01671818175328e-19
0.876166655780722,0.700974537800396,2.19637202840079,87.9181053339847,8.10636206000162e-20,2.04693207056366e-19
0.827248544361395,-0.118301752473191,7.18149278867502,87.9021491748387,8.17129393298076e-20,2.06247253167441e-19
-0.69537369005214,-0.307478961159252,5.91315666493579,87.898047673251,8.18806841476264e-20,2.06585000037609e-19
0.997128570427154,0.988049922396626,1.0574995351558,87.7414826696078,8.85480743986672e-20,2.23314282079157e-19
-0.588506282918726,-0.562382610140367,6.24012297482997,87.6439321462175,9.29740925642524e-20,2.34379410157834e-19
-0.914342023743458,0.149493981274075,4.28136902154704,87.5948596420271,9.52835451312236e-20,2.4010191339358e-19
-0.564199502160466,-0.753107694884653,7.73507622014548,87.5907598082217,9.54790688161234e-20,2.40495064523194e-19
0.287469538270311,-0.886463747552282,6.24341838025313,87.5680783378564,9.65680348173988e-20,2.43137384602285e-19
0.943483769578569,0.44442454568427,11.3790131086331,87.4995799452681,9.99327020804946e-20,2.51504874024825e-19
-0.932657429751126,-0.0953908656124335,7.98771269373363,87.4585816532476,1.0200237795034e-19,2.56607635108128e-19
-0.809792741272225,0.0867834624870936,6.51791325166899,87.456110786915,1.02128472946032e-19,2.5681872915962e-19
-0.325763398779873,-0.899697969697587,6.8875878518174,87.4545111495618,1.02210189881119e-19,2.56918099090113e-19
0.560700324958043,-0.710908762787256,6.58705085668898,87.4200826826701,1.03984891187035e-19,2.61271158706839e-19
0.7425530179395,-0.279627127553342,6.29796765154459,87.3918413502773,1.05463643034561e-19,2.64877334486143e-19
0.792626043108937,0.61214327205242,3.24698703956553,87.3679796128791,1.06729451997241e-19,2.67945939694518e-19
0.712080368897235,-0.419420661747819,5.97911252028155,87.3240230295025,1.09101150496627e-19,2.73787223505138e-19
0.32629839181883,-0.941372959545532,7.07746625068626,87.2957499842527,1.10654414386988e-19,2.77570694185407e-19
0.830306780067143,-0.0545768681563248,4.89348015669858,87.2872485600138,1.11125775547858e-19,2.78638270813575e-19
0.606442910767005,0.634790157638655,4.12080032982534,87.1699019156484,1.17840968990095e-19,2.95354392429682e-19
-0.714775396414093,0.586177820494611,4.07146673654288,87.1336925473224,1.19993872528251e-19,3.00626623848556e-19
-0.643113128485744,-0.449897910417832,6.13305157985697,87.1229338928594,1.20641098092671e-19,3.02123819493288e-19
-0.604886135011515,-0.521489745176113,5.54119518937649,87.006360380743,1.27881846384647e-19,3.20125279929988e-19
-0.182685192860204,0.822189736504162,6.33759159185237,87.0027211144618,1.28114756271414e-19,3.20576504800808e-19
-0.782854467541807,-0.343558142244278,7.41782818920457,86.9114828746673,1.34094599265274e-19,3.35401774990547e-19
0.640159253527084,0.525533215523876,4.59073162455173,86.8935074152549,1.35305237573949e-19,3.38290877351213e-19
0.493363072972936,0.677148956563836,4.81180513118847,86.8625649286274,1.37414854948371e-19,3.43424317292973e-19
-0.634370504895808,-0.453314455776454,6.17123425862957,86.8543796561037,1.37978396365075e-19,3.44691209302657e-19
-0.220040241229936,0.904046982194041,4.68784494223036,86.8350703686046,1.39316980003518e-19,3.47892442272937e-19
-0.304492596529507,0.801877988393478,6.53880566663139,86.8187936772675,1.40455415953464e-19,3.50591460567728e-19
-0.681447553227819,-0.509466451433237,5.41086958868325,86.8179425782332,1.40515199407417e-19,3.505969401608e-19
-0.784109412137017,0.112456850568626,5.93447108132143,86.8023064403242,1.41618062437699e-19,3.53203918115819e-19
-0.461419083319539,-0.995061894804168,7.76423069707457,86.7844906359285,1.42885217756039e-19,3.56218347951992e-19
0.784489234781183,0.327618788811332,4.81857463524323,86.767466235191,1.4410667663535e-19,3.59116433629149e-19
-0.378074120533776,-0.788662963173766,6.33656501878005,86.7464848751059,1.45626411259014e-19,3.62755152105104e-19
-0.595080539162537,-0.556008091650164,6.40855318992786,86.7255664305618,1.47157543531231e-19,3.66419274036048e-19
0.682654327909312,0.359281740520212,6.56800302079765,86.6921744332565,1.49635110857248e-19,3.72436040432922e-19
-0.420741699941264,-0.769966750528844,6.71044962152575,86.6609951355955,1.51986147994316e-19,3.78133089084346e-19
-0.817975512317328,-0.00811723795971695,6.77252625267691,86.5283159376667,1.62410809105105e-19,4.03904005650277e-19
0.906412637336585,-0.304106811645312,8.2033395900142,86.5213702117393,1.62975820124e-19,4.05143647576525e-19
-0.753136162333247,-0.118040441676678,6.04604176037262,86.2121504121674,1.90225792237161e-19,4.72691682914219e-19
0.660815304109378,-0.536055515512717,6.40966592496,86.1813286316664,1.93180046419341e-19,4.79836851326376e-19
0.074047989011401,-0.981714240288937,6.62870021594405,86.0479678269839,2.06500542472477e-19,5.12714234328076e-19
0.61885248036528,0.448410244372314,6.04718813946047,85.951066264391,2.16751995197005e-19,5.37947878825668e-19
-0.929481911515755,-0.354760697697147,8.81345338985743,85.9435314842352,2.17570124651816e-19,5.39758320652101e-19
-0.744765466343705,-0.289908277009267,6.65615352613255,85.9006096618917,2.22289841335293e-19,5.5124258820744e-19
0.657445312124474,0.349654928364758,6.24254977858974,85.8747757682523,2.25179771751773e-19,5.58181779488922e-19
1.49448261590663,-0.197353058676157,0.926609924143044,85.8189984293006,2.3154812567931e-19,5.7373422431243e-19
-0.688578365476338,-0.366003318856037,6.60776141141425,85.7754452061767,2.3664576244918e-19,5.86126689093005e-19
-0.764353565751831,-0.210358411282581,5.37497540002122,85.6923154231393,2.46689199160297e-19,6.10753901784419e-19
-0.735579283480854,0.888947793243569,2.33486289556638,85.5701214685135,2.62231111164666e-19,6.48968701126214e-19
-0.68603560442943,0.475962109098915,6.79605915442748,85.5539373454264,2.64361710298277e-19,6.53975657170221e-19
-0.741010197998205,0.230587950526894,6.1604957405233,85.5498063790609,2.64908309266225e-19,6.55061651832972e-19
-1.41203911712047,-0.445771995484652,0.936020763785624,85.5016694855753,2.71361589491447e-19,6.70746795300011e-19
0.526713065145576,0.693983721539549,7.35603573445483,85.4991013097137,2.71710265450786e-19,6.71336077948208e-19
-0.303597251587001,0.780021519769986,6.75312437992774,85.4407125181996,2.79759608621633e-19,6.90943812287426e-19
-0.165456665806215,0.9036772615648,4.37976701136125,85.3217797230242,2.96900507578646e-19,7.32980652935441e-19
0.109780342222797,0.815535453719175,5.96405482564905,85.1641812871303,3.21242506320901e-19,7.92754105586399e-19
0.726413760745927,0.385504819290906,7.01215767800706,85.1483572537461,3.23794263855568e-19,7.987275033844e-19
-0.651251098991641,-0.932593436012179,9.48138565580443,85.0816832851864,3.34770529411066e-19,8.25469008932592e-19
-0.765677605633029,-0.187483613930465,6.71440377972113,85.0115519063072,3.46717733128932e-19,8.54582007809287e-19
-0.656190103120438,-0.446901259876542,6.63527706929515,84.9688955747335,3.54192009394616e-19,8.72651134437241e-19
0.698920965316777,0.288648014090776,6.06033935266196,84.9606776050304,3.55650373141139e-19,8.75889753917174e-19
0.711812882701465,-0.314991665524867,6.25053773717461,84.8452673979223,3.76776907092212e-19,9.27544605894617e-19
-1.02219710743239,-0.000502320675834117,9.52804145708033,84.7191665967404,4.01297743589505e-19,9.8751037306908e-19
-0.493132760360011,-0.659640538761542,6.46947214181888,84.5790156538566,4.30427596884149e-19,1.05876493326493e-18
0.751722243789729,0.552330236435846,3.11065337540426,84.5720800576465,4.31922823963388e-19,1.06201379333163e-18
0.395937782672923,1.35383957676775,0.885070377625533,84.5708817483964,4.32181690063693e-19,1.062221287488e-18
-0.553980475957296,-0.609055739415075,6.42467273148969,84.5626051985209,4.3397388245501e-19,1.06619572089835e-18
-0.883955352584503,0.297140678133105,7.4716178773007,84.5582033822215,4.34930070965225e-19,1.06811386528289e-18
-0.0295976853339334,0.974429940372928,7.79861463250034,84.4529375867525,4.5843483701829e-19,1.12538358377716e-18
-0.7200419722728,-0.422280288629914,6.94116339207475,84.4334748513248,4.62917812352972e-19,1.13593052865977e-18
0.553367198622173,-0.637378820731939,5.97290834935273,84.3783146237777,4.75862830263243e-19,1.16722518559332e-18
-0.793435812882707,-0.213137835497843,7.0692601513726,84.2870147055411,4.98089410519105e-19,1.22125184504241e-18
-0.819599512558818,-0.335814130205884,7.73641317033548,84.1975597631257,5.20873427777387e-19,1.2766012191259e-18
-1.64831177578128,0.403538939823156,0.653171550869303,84.0884406197073,5.50081606690774e-19,1.34764459619052e-18
0.635774879839134,0.403074610935098,5.66812826357324,84.0160426986585,5.7035878121716e-19,1.39675955754226e-18
-1.66025666861065,0.0855707156430689,0.632721777838984,83.9336229465355,5.94354224762147e-19,1.45493708096178e-18
0.743846793587231,-0.364556548230641,6.88938607892548,83.8569994622304,6.17566788248201e-19,1.51115217317325e-18
0.772342864923273,0.366356548304828,3.94941036214085,83.8529832858405,6.18808162802942e-19,1.51358139620101e-18
0.624037336845023,0.434779511783197,4.98840452549986,83.842952914305,6.21919395878739e-19,1.52058043458223e-18
0.785403727711573,0.354263342447877,7.80815339950282,83.8333386519202,6.24916241349438e-19,1.52729429037952e-18
-0.0564463340275325,0.959238537000979,4.01112839336193,83.8207020537517,6.28877148987553e-19,1.53635797874648e-18
-0.846268550157619,-0.142563172441254,4.44779153459448,83.7852539428959,6.40122767020197e-19,1.56320393326071e-18
0.813656041534563,0.0729251171015824,4.76151970492832,83.7774710681173,6.42618617763362e-19,1.56866966517376e-18
0.730049091667453,-0.703737903605003,8.47641857669804,83.6829495620593,6.7371836792545e-19,1.64392682321849e-18
0.292518738387314,0.756341766163601,6.6566693549637,83.6666565770388,6.79229226169034e-19,1.65670974716229e-18
-0.740455705883127,-0.271726899433375,4.96554937741555,83.4208173377965,7.68068010047832e-19,1.87264639374097e-18
0.663831627389122,0.818042089501657,2.45607275097382,83.29431164015,8.18219904842777e-19,1.99412441180257e-18
-0.0945235234733628,-1.11256576126386,3.96733449306511,83.2571125123885,8.33580848828198e-19,2.03074838241939e-18
0.750797127219363,0.25944646663755,7.05745998601897,83.1798081224274,8.6643136075985e-19,2.10993364972239e-18
-1.68523571866049,0.683427105695731,0.476093789269965,83.1429633943253,8.82541007996303e-19,2.14751986197552e-18
0.782712267477009,0.524123461295414,2.88308949704235,83.1428945173826,8.82571401882843e-19,2.14751986197552e-18
-0.6231082268162,-0.441473134993139,5.97875230059713,83.1195804070553,8.92919784047451e-19,2.17183205964078e-18
0.667562923006745,0.364871113976016,6.68371788698132,82.9570294858576,9.68522979968087e-19,2.35477951359653e-18
-0.474945194167561,-0.971202798582287,3.37375976497798,82.9318202405871,9.80808108698918e-19,2.38369651327705e-18
0.64872072098265,0.298708328576546,6.06434244594214,82.8269603983805,1.03360374231718e-18,2.51100542028211e-18
0.164055823977852,-0.929472533250061,5.89495774303218,82.8241010618799,1.03508250959243e-18,2.5135948617466e-18
1.57196002168934,0.287401438551493,0.588034045057257,82.7915295336608,1.05207763283407e-18,2.55384714062753e-18
-0.997743760534834,-0.160782315012885,9.19763788361226,82.7739420459538,1.0613701320981e-18,2.57537718780918e-18
-0.571406167007903,-0.535940703562707,6.10757474942733,82.6200745969922,1.14624843056497e-18,2.78022328497192e-18
0.781582779171247,-0.0365025772389243,5.22301408285319,82.5867149869194,1.16552797343062e-18,2.82585993717467e-18
-0.629091630338062,-0.572887641564641,5.14968507100516,82.5078606104794,1.21239939677246e-18,2.93833102211414e-18
0.921646586801831,0.207131813068392,3.15056715005529,82.4997737228371,1.21731159001819e-18,2.94906206129357e-18
0.916236932891629,0.014322927591732,3.51454914941983,82.4274015188396,1.26216804693428e-18,3.05651514309304e-18
-0.35014555172158,0.739387683870905,5.57634257660061,82.3382789840757,1.3196838256109e-18,3.19452689078297e-18
0.731417742424275,-0.339767803308432,6.96152691510523,82.330856786518,1.32459040140706e-18,3.20512971532836e-18
-0.429124545175126,0.770276960575397,6.9890729174489,82.2965731079909,1.34749204451332e-18,3.25924972864406e-18
0.622441109649871,0.368265126478213,5.85475757058236,82.2839695914846,1.35601042582547e-18,3.27855102161456e-18
-0.757280635963175,-0.217563769039241,6.94634693406978,82.2552784986003,1.375603335857e-18,3.32460226625543e-18
-0.917416364505478,-0.480705430707579,9.10431134830638,81.9800342024013,1.57856242092713e-18,3.81360635658903e-18
0.0217120463260292,-0.952848478991427,6.66765073005508,81.6339072382174,1.87681849758247e-18,4.53235660979058e-18
0.646893400087739,-0.448947861176883,6.46040182710033,81.4354429781912,2.07261311344224e-18,5.00319930001442e-18
-0.593678669956824,-0.509375534277418,6.82496882262435,81.3208477945587,2.19483698359324e-18,5.29614251134191e-18
-0.712555712992269,-0.24524258301317,6.38250038295646,81.2778023185657,2.24258790695856e-18,5.40922154420115e-18
-0.508879462709984,-0.746421496248449,7.55047933673067,81.2226219413124,2.30532278434502e-18,5.55833865785841e-18
-0.4039684924453,1.73817432372804,0.364182167600613,81.210089775977,2.3198134800227e-18,5.59106273411646e-18
-0.716364611471173,-0.197580613205585,6.34872789958098,81.1476691496686,2.39335727795498e-18,5.76603051372771e-18
0.746503851741683,0.422873001770798,8.41371874773137,81.1074294054164,2.44199901220174e-18,5.88089002622001e-18
0.522607141418438,0.659156740939889,6.83168555336165,81.0346205781164,2.53253653839845e-18,6.09651342260568e-18
0.178154687757661,0.95482600435811,3.46514185246732,81.005654907415,2.56948173794787e-18,6.18300585795518e-18
0.387774100424756,0.764873061569201,7.85988422014566,80.9673029840933,2.61922947719652e-18,6.300224834916e-18
-0.90567521976648,-0.0951871988837277,8.18795137582817,80.8738689537412,2.74449530145961e-18,6.59892867112406e-18
0.0428750886234746,-1.01684313318646,7.25666480630757,80.8519108039759,2.77479333875614e-18,6.6691440372473e-18
-0.304512995986879,-0.771550703068644,6.243061754029,80.6261238414206,3.10641632028315e-18,7.46324489261396e-18
-1.13175627325294,-1.32603329576472,0.615753730900163,80.5808444169346,3.17754684096604e-18,7.63112629893541e-18
-0.800813408482596,0.06838834128862,6.83825398686473,80.5451404468211,3.23478171774723e-18,7.76551699433956e-18
-1.81924925278956,0.180984365446922,0.298870298356015,80.4516511111792,3.38958033350634e-18,8.13392395364075e-18
0.499336691432341,-0.768316837073975,7.08029721019349,80.3463654122014,3.5727977337322e-18,8.57020985144272e-18
0.332223770568883,0.663554237294665,6.02587711580269,80.2956615418714,3.66453299007864e-18,8.7867967087825e-18
0.658675517098966,0.297910003211246,5.98243701290898,80.166610662065,3.90878405736242e-18,9.36877060678048e-18
0.897590817339299,-0.0103783009492964,3.59569655838946,80.1366318421615,3.96781574380752e-18,9.50651800405358e-18
-0.642929293689515,0.560017568030428,5.25267154557683,80.1342673864955,3.97250937994302e-18,9.51401931750318e-18
0.674655133868107,-0.408733987576352,5.45926403476972,80.0693826031328,4.10350042774398e-18,9.82387361545629e-18
-0.800277388196744,-0.246294497399803,7.50638618041274,80.0264309786,4.19257953196625e-18,1.00331856095167e-17
0.639457324608084,0.344985671137069,5.77127649013686,79.861532496965,4.55290470241685e-18,1.08911920739936e-17
0.76386260407018,0.085459832788717,7.01610046366805,79.6468362173449,5.06884796132631e-18,1.21206388014747e-17
0.43897301473242,0.59675752572585,5.73961697634486,79.3532728605039,5.87023838437141e-18,1.40314139317052e-17
0.804262848397481,0.00820664347491704,4.58800204938341,79.3186236040728,5.97282414615753e-18,1.42710178186056e-17
-0.819785054387204,0.0924795812810831,7.09702194444449,79.2643488237409,6.13713034276683e-18,1.46578460285463e-17
0.796039912545882,0.349819397972915,3.71047647148177,79.1687118803149,6.43772832766097e-18,1.53697608073725e-17
0.790366651951487,0.992483513572348,1.17228483122437,79.1301373690505,6.56309958690361e-18,1.56629362152368e-17
-0.737354794052009,-0.365714472323307,7.32197198512899,79.0748524222912,6.74705061012466e-18,1.60956285714886e-17
0.215758774802707,0.83389060715526,4.92691111276697,79.0383831918182,6.87120903229352e-18,1.6385397802038e-17
-0.708311896211971,-0.472255896866447,7.69234340544235,78.876016835875,7.45230407176913e-18,1.77641453363079e-17
-0.615390046586467,-0.46716029295167,6.54454034463859,78.8012452740664,7.73618782236987e-18,1.84336248385862e-17
0.715827122392304,0.319233344471015,4.58889581467134,78.6418861455685,8.37782723555561e-18,1.99546996127005e-17
-0.559265469275324,-0.526353619564119,5.6356642393105,78.6295764140912,8.42955064942232e-18,2.00700447218158e-17
0.271875935879061,0.804694284523574,6.95359791206622,78.6237527067129,8.45413203891503e-18,2.01207020535241e-17
0.7801910844843,-0.285670484439403,4.62462106861245,78.5787828809554,8.64637565238946e-18,2.05701973316714e-17
0.723240965623799,0.4222985491413,4.14115304788233,78.5663677492197,8.70021553318496e-18,2.06902000648555e-17
-0.471634210201525,0.788636415930259,5.04248103932666,78.518357275429,8.91159320316174e-18,2.11846073490233e-17
-0.555124466226485,0.527136571243578,6.02779946341114,78.4482016363454,9.2297397841738e-18,2.19323402833919e-17
-0.822267035216891,0.0345491347652516,7.28131534404569,78.2427475663142,1.02282949113136e-17,2.42956923215284e-17
0.360607787818534,-0.753458091522516,5.75479929316959,78.176480815022,1.05728697904099e-17,2.51043803759811e-17
0.841263286785693,0.605587183141067,2.48175801172191,78.1618320884011,1.06505936213108e-17,2.52790697725303e-17
0.697242423553412,0.464830222709414,3.86119198181463,78.1137956453875,1.09094987117898e-17,2.58834872008481e-17
0.891305176176242,0.179332144565963,9.61953698160319,78.1069058615116,1.09471455633865e-17,2.59626888156981e-17
-0.543256089915696,-0.653832907190346,4.72340615481347,78.0867851223427,1.10578337420714e-17,2.62149890271536e-17
-0.892607166856845,-0.716692807581735,2.01609563340108,78.0764424471048,1.11151656472377e-17,2.63406494590825e-17
-0.546728824932505,-0.638152731107988,4.68962439011917,78.0424229371413,1.13058490327707e-17,2.67821046348281e-17
-0.769616195660918,0.369144627597429,7.41621166250361,77.9559459180648,1.18054196081894e-17,2.79546458866812e-17
0.802959768056492,0.0968808618535642,7.44435709463539,77.9423345789295,1.18860374110492e-17,2.81346017723435e-17
-0.670182384524348,-0.511047084425252,4.26914145108887,77.862948787295,1.23673171617848e-17,2.92624278588984e-17
-0.9760306107406,-0.0774193375240484,9.66175727734105,77.8610675047537,1.23789558437685e-17,2.92785870927983e-17
0.42581225921379,0.575399754383574,6.6676726085009,77.7858759706655,1.28532113234634e-17,3.03884856455322e-17
1.02263331653758,-0.453564114941398,2.26617078099255,77.7559622028614,1.30469001931608e-17,3.08344442453272e-17
1.0348557283771,0.880436344025983,0.892440901270425,77.7396996366241,1.31534207198249e-17,3.10741270245611e-17
0.530628509783027,0.542711963374889,5.16488960092871,77.6254348729441,1.39267888035184e-17,3.28883980744065e-17
-0.636429698961162,-0.869103538551853,9.09767175692913,77.5426950440831,1.45150225617662e-17,3.42642331741111e-17
-0.469764156366474,-0.628592181421141,5.61764662099645,77.5193179964383,1.46856771559859e-17,3.46536443897837e-17
-1.46809969851848,0.587662664328382,0.691059120994124,77.5052020237028,1.47896951120066e-17,3.48855729724511e-17
0.384830156410817,-1.00142740163819,4.35098677983491,77.4620684002063,1.51121260888653e-17,3.56323096936529e-17
-0.890760301828442,0.120811827215184,7.90563786911513,77.4464976201077,1.52302390661489e-17,3.58969010587358e-17
-0.821727589298553,-0.0537216238002642,7.38378811173306,77.3752308018918,1.57827295058482e-17,3.7184697071054e-17
0.480069731891465,-0.705370275672715,5.35244147822373,77.3610737733278,1.58948441163716e-17,3.74343562787119e-17
0.75149336968948,0.244162098378411,7.33053570172998,77.3450878393873,1.60224001769782e-17,3.7720174894603e-17
0.705812492741606,-0.618393539342283,4.25576423331197,77.3087161009268,1.63164470967349e-17,3.83975763142334e-17
0.675137104664826,0.206374570695538,5.75734778696107,77.2442468611207,1.68509703610392e-17,3.96401497519346e-17
-0.645946924562449,-0.418459771669766,6.84720491866909,77.2348910672928,1.69299821236456e-17,3.9810633900639e-17
-1.56520153593994,-0.151484632984775,0.596062198497455,77.2092215325485,1.71486749394057e-17,4.03093177726262e-17
-0.581442458462479,-0.451244564458953,5.75858482423694,76.931437265444,1.97038301591996e-17,4.62975368619093e-17
0.883228551561385,0.026282584036912,8.46415239956949,76.8933125616053,2.00830342824263e-17,4.71703366942173e-17
0.161545853788327,-0.98853479963128,4.82978365675871,76.8879800048527,2.01366526915012e-17,4.72780337778093e-17
-0.00399019847338455,-1.0078949580675,7.47124728929637,76.8850651605781,2.01660216912216e-17,4.73287355652109e-17
0.627366172347864,-0.636655121208826,5.32409013282723,76.8650844704694,2.03684969209612e-17,4.77855141637039e-17
0.725926423733138,0.5655810758263,2.94558975713929,76.8113074253878,2.0923605286912e-17,4.90689171751619e-17
0.666508110525799,0.256040016562074,5.53397991492617,76.7617660356231,2.14483700915992e-17,5.02801991211613e-17
-0.770388985755782,-0.148968097722778,7.15809648530728,76.5785890072323,2.35055642631149e-17,5.5081553207792e-17
-0.655114950265253,-0.363133232368951,5.61236841424871,76.5332417002598,2.40446092486813e-17,5.63230400561645e-17
0.713063420017981,0.391072242924979,7.90539530246564,76.5159688286825,2.42531682795272e-17,5.67897263406775e-17
0.17853700746902,-0.854419813074701,5.93449431915546,76.4962334184384,2.44936760708175e-17,5.73308342634129e-17
0.663515370618773,0.3541486104282,4.48237574054943,76.4896627895301,2.45742778274098e-17,5.749738793746e-17
-0.626519970701065,-0.682142247771259,7.86556104319221,76.4545514168506,2.5009505321548e-17,5.84869148883379e-17
-0.741695704495495,-0.371322336443942,7.50529823139735,76.4539990360199,2.50164136611747e-17,5.84869148883379e-17
-0.80387766811578,0.189879441550904,7.35410697902809,76.4243772143515,2.53896869686321e-17,5.93368192955977e-17
0.348742202629256,0.915286355239485,7.88075826979741,76.3739644375488,2.60378033004006e-17,6.08281452390018e-17
-1.38105427660555,0.559079549268666,0.960735519462772,76.3556758275825,2.62769928592918e-17,6.13633803327075e-17
-1.46376951325803,-0.677374773667136,0.481630429544291,76.322709558218,2.6713709412803e-17,6.23593032611752e-17
-0.590853865896078,-0.727848796484826,7.79320514552018,76.2691232526256,2.74391286490163e-17,6.40107442704751e-17
-0.769722004510527,0.062469428821966,6.74302356388509,76.2689002492438,2.74421883288338e-17,6.40107442704751e-17
-1.65922284684451,-0.294817911742302,0.364402807956083,76.2319341794419,2.79541197023364e-17,6.51798853879065e-17
0.725127377959589,0.0606879161674017,5.54333642772486,76.1088887424884,2.97279387608948e-17,6.92893151517334e-17
0.179617013777864,0.837721979600048,7.35156166880729,75.9678308445166,3.19003267164881e-17,7.43242208381093e-17
-0.713460259778243,-0.0780225860506611,6.06617231156755,75.9335073674679,3.24525164980067e-17,7.55818364345313e-17
0.23020359472283,0.788702101136837,4.86741470564783,75.9266474612357,3.25640182216229e-17,7.58125211981798e-17
0.735516532984433,-0.216552751034278,5.64768417787892,75.863202615953,3.36135871910836e-17,7.82261157566197e-17
-0.919630108694626,0.196815122104437,8.24795461018056,75.8540653996325,3.37675058290743e-17,7.85542894487597e-17
-0.809189289595118,-0.229484169318955,3.87432736519263,75.8170992594742,3.43974365998203e-17,7.99891497401475e-17
0.0871620252291753,-0.903257432989094,6.22884952136962,75.7589660858621,3.54119251112406e-17,8.2316838517462e-17
0.596210167694206,0.56215902889148,4.13371496247091,75.7182075836048,3.61409973666803e-17,8.39795389192175e-17
0.62703094317136,-0.774979592696398,8.52447874842389,75.6761517910869,3.69090130880528e-17,8.57314275772856e-17
0.664884686788028,0.353637341481696,5.00518538570903,75.5880388432088,3.85714456333253e-17,8.95587189228391e-17
-0.32929970914854,-0.801714270149958,5.4485404677767,75.5048090289572,4.02104599449191e-17,9.33023168840701e-17
-0.683604112375349,-0.260065393985296,6.41878492010833,75.5046129663974,4.02144020209921e-17,9.33023168840701e-17
-0.846327938472147,-0.291081144752498,8.10801933106014,75.3649798300081,4.31223644330833e-17,1.00011030349947e-16
-0.767437590719131,0.0909078946942594,5.29927849386962,75.2913556645218,4.47393685248561e-17,1.03721734797915e-16
0.632607668713839,0.336460918480669,5.29884433761934,75.2458624582987,4.57686996963373e-17,1.06067698420747e-16
0.725353839998316,0.030922665622008,5.48089324833369,75.2154664549061,4.64696051620211e-17,1.07651048792384e-16
0.701429002283724,0.754168567455239,2.14914829580729,75.2095962438512,4.66061987171793e-17,1.07926412244271e-16
0.680860769668116,0.169962115892121,6.07093077241825,75.1561115686177,4.78693722455303e-17,1.10809406171403e-16
1.27274118215792,0.10076106670116,1.19613191734275,75.1492703377748,4.80333953284628e-17,1.11146830391365e-16
0.718016930825422,0.150257915462115,6.97318074459644,75.1484354687608,4.80534503106908e-17,1.11150989928376e-16
-0.764667684785016,-0.476751008767895,8.50222333425137,75.1294215153256,4.85124718402007e-17,1.1217012098866e-16
-0.92808457300632,-0.18375986309118,9.15622189822443,75.1229935240005,4.86686415442169e-17,1.12488492680787e-16
0.730366392421493,-0.237497101194556,6.68168530776549,75.0643881070083,5.01158647874844e-17,1.15789519858142e-16
-0.720459230950148,-0.534858364059701,7.68145059991346,75.0149503281255,5.13701112341965e-17,1.18642350983986e-16
-0.346730718062665,-0.727976598745216,5.89944050871835,74.9945231796581,5.18974722145516e-17,1.19814869488885e-16
-1.28217332011551,-0.139739877868723,1.27478947884347,74.879849931443,5.4960058271768e-17,1.26837314161685e-16
0.756122010260381,-0.0550522691156878,5.0274309159039,74.7783320134418,5.7821788434009e-17,1.3339107540214e-16
-0.402303720267096,-0.686302746030839,5.23468347943983,74.6873462252178,6.05130207739132e-17,1.39546693360448e-16
0.237834156536905,-0.864145476929239,5.65032008801236,74.6505717724354,6.16359797991443e-17,1.42082485807342e-16
0.884639321929599,-0.250281733343026,9.24932137338689,74.6365599826568,6.20693111595799e-17,1.43027239341227e-16
-0.435666045629048,-0.79204252425722,4.49869114763874,74.5719637966716,6.41067572416492e-17,1.47666264883526e-16
-0.45817645787982,0.646183828439967,7.20915961795082,74.5510868483585,6.47794387465924e-17,1.49159312817419e-16
-0.636507914672028,-0.352580417210578,5.83159362038106,74.4308775348333,6.8792374736331e-17,1.5833949996022e-16
0.742521749794557,0.118324945326373,4.82957315004896,74.2299409860375,7.60629419340157e-17,1.75008008501243e-16
-0.691808370277244,0.411508145915289,7.0994504022642,74.2273222878946,7.61626001058404e-17,1.75171102925711e-16
-0.686294193234812,-0.345808295714149,6.80238062157596,74.1770345857412,7.81018997412959e-17,1.79563582184671e-16
-0.763311416851672,0.622104717923105,8.16552009570524,74.0119980194688,8.48201102755676e-17,1.94935761176918e-16
-0.0240068774196871,-0.921231415819874,6.95632898179492,73.9148068325615,8.90437887900207e-17,2.04565504208923e-16
-0.469812858845241,-0.72518915151269,7.46949310250727,73.6983025271826,9.92240485987838e-17,2.27867222885476e-16
0.723026178939383,-0.0533507695471311,6.59885994912531,73.6698560361903,1.00645420902769e-16,2.31044239236824e-16
-0.792943517593417,-0.641433022133256,9.97573708412837,73.6291899935729,1.02712793126392e-16,2.3570127574575e-16
0.533446221235245,-0.643343750422634,6.59631573216766,73.6196848080293,1.0320210703844e-16,2.36734901149217e-16
-0.0887573583419821,-1.25191899927765,2.5936597418301,73.600938387644,1.04173989795163e-16,2.38874293737459e-16
0.905354110847293,0.467352307660571,1.98197996247772,73.5607593695157,1.06287957294774e-16,2.43629926208804e-16
-0.54247503884648,-0.774112661713362,3.74693214189907,73.5022111411982,1.09445433767359e-16,2.50772977333714e-16
0.531224188183271,-0.598735588813386,6.4609409505588,73.4829924286058,1.10502203240811e-16,2.53099102080534e-16
0.637445545428474,1.04745734550182,1.26649882035427,73.3863744446371,1.15971497716491e-16,2.65526317449415e-16
0.934533498884881,0.371430064173502,2.10433924342419,73.3220111087514,1.19764356876882e-16,2.74107294987389e-16
0.610060900484283,-0.394779118733399,6.02853644705351,73.2511083365075,1.24086326599803e-16,2.83892354881473e-16
-0.724973588561588,-0.0947592811685137,6.66608662502646,73.2112688240628,1.26582878780192e-16,2.89495329081069e-16
0.43532776265099,0.579693339524526,5.93128159778606,73.1167656805109,1.32707682530482e-16,3.03388798815462e-16
-0.587625262296058,-0.581795035558543,4.10523741904982,73.0887888654642,1.34577096252572e-16,3.07547057802424e-16
1.03505337226808,0.690761551458554,1.20697170215641,73.0833439642202,1.34943974929911e-16,3.08269763367092e-16
0.424234766027281,-0.699209127179011,6.69897579156451,72.9738609392458,1.42536941437464e-16,3.25493210604382e-16
0.700120873817749,-0.0473008361705256,5.93755576962172,72.9288599307701,1.45780447917569e-16,3.32775165700098e-16
-0.539128393526827,0.515759922385558,6.25958152735353,72.9227070264096,1.46229625076156e-16,3.33675396350689e-16
-1.62885840258943,0.0199996938601206,0.434551736057115,72.8514089742161,1.51536601038583e-16,3.45655611511014e-16
0.311205177018503,-0.853645281467385,7.21375716153019,72.7965679767187,1.55749303466669e-16,3.5513174513299e-16
-0.744391973565461,-0.22544755711263,7.29754369413755,72.7232496433044,1.61564889129256e-16,3.68254228760356e-16
-0.647420606296297,-0.408161594307757,6.9291252671879,72.626133644371,1.69603753009606e-16,3.86432503114702e-16
-0.777575683871157,0.00399384721353589,7.11798313205639,72.6182195905403,1.702762092114e-16,3.87819514283204e-16
0.670570591832152,0.224193586295595,5.39992992393497,72.564272114268,1.74931700827586e-16,3.98273819984422e-16
-0.731287836641034,0.184825470728826,7.05863669981152,72.5200690127618,1.78841004394401e-16,4.07022069066584e-16
0.542233366621036,0.529622473400982,4.98327436470403,72.5131314515075,1.79462441797675e-16,4.08283761458986e-16
-0.614615964717075,-0.418571173132401,6.78916994803376,72.4429491416581,1.85871784071257e-16,4.22707292277106e-16
0.727184663321578,0.0794715764985583,5.21752718760495,72.4257643548601,1.87475748640785e-16,4.2619580198846e-16
0.0298469830713639,-0.912198467055026,5.32144084295062,72.4196528951397,1.88049500052178e-16,4.27340558535893e-16
0.947326399650342,0.0815033284557012,2.58768532191025,72.4094561548414,1.89010694189505e-16,4.29364591875264e-16
0.55396910232386,-0.521146739830811,6.21075056986821,72.3815260332695,1.91668756827753e-16,4.3524035493001e-16
0.58986421723435,-0.55478666129173,6.60838100491373,72.2923876693132,2.00404503043704e-16,4.54907760824039e-16
-0.800348143105511,1.38538299013688,0.943608125441056,72.2830087390729,2.01346499975235e-16,4.56875695806646e-16
0.634392302569481,0.465290873777389,7.66353551446916,72.2187049971586,2.07925361282225e-16,4.71628017692319e-16
0.59161004805053,0.53331120032785,7.37872078496474,72.2144227539879,2.08371031708428e-16,4.72462883069239e-16
0.918008017835797,1.18606168353878,0.40924006824481,72.1967768115594,2.10217617530939e-16,4.76472395952478e-16
0.0752199904498032,-0.879086889870307,5.86092049915824,72.1937346552107,2.10537618272207e-16,4.77020104220764e-16
-0.261629369640792,0.975464315442052,2.79513412534246,72.1654176206304,2.13539721293638e-16,4.83642047334698e-16
0.284186120290513,-0.839236628410743,6.40563395236928,72.1597420448613,2.14146562363472e-16,4.84836099542142e-16
-0.610788236239814,-0.396767156716071,6.37486346237492,72.1058700142436,2.19993206596994e-16,4.97887970915427e-16
-0.563035537850637,-0.440355347926367,6.42949128723771,72.0540680829463,2.25765676651965e-16,5.10762333503218e-16
-0.463926519502255,-0.567336227889266,6.46246345186818,71.955369249253,2.37186570624436e-16,5.36401130000582e-16
0.769461394610098,0.0954409775098349,4.14281504380077,71.8891794002658,2.45167579273461e-16,5.54244419835437e-16
0.786984873309319,-0.219000727685887,7.66500227630981,71.8622647480475,2.48489179137204e-16,5.61544960128915e-16
-0.824032852903146,0.578193194886239,3.06390600406406,71.8491763300362,2.50120676869565e-16,5.65022145002564e-16
-0.511904644323694,-0.479482857142737,6.11782468627955,71.813655349452,2.54602625714414e-16,5.74933525723054e-16
-0.832068999395054,-0.190288734233491,8.15807014135681,71.8091444879976,2.55177512364484e-16,5.76018055348528e-16
-0.404763367871865,-0.630862844998616,6.78010665803482,71.6514411507294,2.76113247483157e-16,6.23045756366739e-16
0.711210196182151,-0.0874302454012686,5.59335597759706,71.6256413690476,2.79698150954478e-16,6.30901201560156e-16
-0.579511113511718,-0.433950291526237,6.31514868277931,71.6001697651539,2.83283111426425e-16,6.38750956431139e-16
0.760066967310272,-0.0572076251402049,7.24148130415222,71.5969016596544,2.8374638938083e-16,6.39558688837651e-16
0.674793251082006,0.809396900086158,2.63583908064599,71.5526262387284,2.90097929680099e-16,6.53632937043836e-16
-0.870531207746709,-0.243541780667773,8.97178533787808,71.4554528900503,3.04540848892756e-16,6.85921083262707e-16
-0.793441033796104,-0.488605194972315,9.08537279529572,71.4266063890346,3.08965147531308e-16,6.95628630980252e-16
-0.638990508443141,-0.295889905142874,6.58089329318783,71.4101967004205,3.11510586649148e-16,7.01100351763405e-16
0.188292468103202,0.793565522091875,6.97507838661571,71.3819907397304,3.15934939277802e-16,7.10795236630917e-16
-0.108887273713686,-0.84615870731272,5.66768182639381,71.3548959939399,3.20244151054175e-16,7.2022400872472e-16
0.113112476995897,0.824249810128324,7.34483682533125,71.2298675407157,3.40902974157897e-16,7.66402255049217e-16
0.85667620897735,-0.0720278655679584,8.44113667492036,71.2070377131211,3.4481664684337e-16,7.74914634914152e-16
-0.559191827992227,-0.475397169621799,6.68951630092728,71.1655657569617,3.52041404609438e-16,7.90859066886442e-16
0.644785495830694,0.350984697645602,5.07325523473993,71.1381687504524,3.56897026382451e-16,8.01471448401461e-16
0.0344090301528136,-0.897244430067915,6.82411123974582,71.1221772407947,3.59762126559522e-16,8.07607605639517e-16
0.681046731711145,-0.0832007284944952,6.10554328984345,71.0798404252658,3.67458894707095e-16,8.2458155214773e-16
0.52816918734021,0.795288727579145,2.23052974176897,71.0710399464008,3.69079364438163e-16,8.27912737914346e-16
0.538145845393401,-0.937374438364675,9.48382010228924,71.0107778810544,3.80369342020435e-16,8.52923961038824e-16
0.739571719191244,1.12851316030365,0.894671694969889,70.9898054890488,3.84378955549541e-16,8.61597599921063e-16
0.664156112366808,0.316874197944044,6.58271666266879,70.9524434537259,3.91627035577085e-16,8.77329017967927e-16
-0.860239987498572,-0.0452360596525218,8.22182379308774,70.9521457873756,3.91685327009991e-16,8.77329017967927e-16
0.580688896600811,0.717226688396242,3.2222721925786,70.9317248102137,3.95705112633173e-16,8.86006886984464e-16
0.298422313065969,0.683646501163922,6.74878295079651,70.7684512785306,4.2936442533283e-16,9.6101861081848e-16
-0.721911168803269,0.131971985165279,6.51935422100726,70.7313177634019,4.37410796892639e-16,9.78668479045346e-16
0.411747698789216,0.831571008601026,3.19974043336522,70.6942729975476,4.4558818574366e-16,9.96598411024028e-16
-0.404481584529033,0.709046171021852,4.7745811783553,70.6902421334463,4.46487144045005e-16,9.9824228165479e-16
0.748174710474579,-0.502213768050457,9.65837268974338,70.6718463765202,4.506128231926e-16,1.00709650058611e-15
-0.776834770109676,-0.179494469629638,7.75316199354705,70.6655455121002,4.52034686911632e-16,1.00990355006166e-15
0.734012749670405,-0.176912706480001,4.95323806933021,70.5029318853822,4.90323673503097e-16,1.09504421287119e-15
0.39518004806246,0.744329018528902,3.4488559920695,70.4706313074495,4.98306834171915e-16,1.11246498219238e-15
-0.445339445769201,-0.600951632386623,6.39826541410125,70.4253915285253,5.09706928034319e-16,1.13749845229946e-15
-0.328011610907771,-0.852403517696744,4.12810392607639,70.3890310446977,5.19058270559142e-16,1.15794311145623e-15
0.254886801336067,-0.810953387017809,5.97050423957927,70.35969085505,5.2672903244013e-16,1.17462503644524e-15
0.583402840283858,0.334946070644739,6.30120115026178,70.1901317439164,5.7333248525655e-16,1.27808428057191e-15
-0.754149072743404,-0.150341965999971,7.30028841688934,70.1734452890951,5.78135938852043e-16,1.2883204962413e-15
-0.447147300285931,0.679873244712316,7.45693947051327,70.0876857516535,6.03465455157155e-16,1.34427284705333e-15
-0.857531598884506,0.336464216915992,9.10973025570871,70.0825343705432,6.05021798899896e-16,1.34724678555324e-15
0.651300919789242,0.27464552603854,5.2237070878296,70.0685249484247,6.09274679496324e-16,1.35622093190992e-15
-0.663067308444322,-0.408885826152432,7.31626245913061,70.0665587181436,6.09873961191672e-16,1.35705872651129e-15
-0.100570670803735,-0.817122475498774,6.1260205341995,69.9617344291706,6.42691263793467e-16,1.42955952282595e-15
0.49350857284838,-0.56422364143862,5.86231913586839,69.913603649904,6.58345486459032e-16,1.46384489465398e-15
0.715462672101358,0.200157299887784,4.61782816186707,69.9081778891118,6.60133923834577e-16,1.46728562552205e-15
0.687719179725928,-0.033624165355197,5.84375014673712,69.8709657313176,6.72531404303023e-16,1.49429605452438e-15
-0.715626725057254,-0.376136952661695,4.21282149877002,69.7767749291749,7.04962217590081e-16,1.56578255406363e-15
0.492488378716368,-0.581833089328302,5.78976146269332,69.7697456360708,7.07444269830621e-16,1.57072236131613e-15
0.701701766544656,0.095553952312085,6.92932176679871,69.7300171933591,7.2163760244792e-16,1.60165137575754e-15
0.395558445300072,0.585372947468523,6.6244539650599,69.680155806847,7.39854666633977e-16,1.64148513501008e-15
0.0278697615173554,0.902249904370406,8.0327494305589,69.6330531315159,7.57486039972796e-16,1.67999089666826e-15
-1.72232844326511,0.150432615219081,0.211934629296032,69.5443775045819,7.91826990491063e-16,1.75551446398747e-15
-0.835781073850624,-0.184543031313478,8.22729045125182,69.5025191101182,8.08573932471829e-16,1.79199057185602e-15
-0.503250046372312,0.59260372989661,7.00713137546969,69.3843924756674,8.57769517740532e-16,1.90032781077306e-15
0.594369376385969,0.398883425302277,6.69636414702413,69.3652203394874,8.66031692357983e-16,1.91793413716821e-15
0.743645093163229,0.17886304460366,4.26250250525628,69.3143902191711,8.88324020429008e-16,1.96658786777156e-15
-0.689635631119492,-0.372275700325884,7.44010960322007,69.2943805594934,8.97256158851381e-16,1.98563994732359e-15
0.61079605660753,0.293450187663356,6.24840953110697,69.2775761904962,9.04826831194789e-16,2.00166633296289e-15
-0.0316667260923292,0.815053959633622,7.05328427337351,69.2714857616367,9.07586422558769e-16,2.00704182366066e-15
-0.511555897415552,-0.462078886873833,5.83206063690528,69.2161672370875,9.33039984106834e-16,2.06258076370458e-15
0.59849617115441,0.387743303334455,7.36624666252471,69.1608588771816,9.59202524223208e-16,2.11964608619633e-15
-0.740801812117372,0.200792197638314,6.79711573890348,69.1321045528947,9.73092746167446e-16,2.1495604639577e-15
-0.902730122111553,-0.0674434872299951,9.11305598137514,69.1225825943629,9.77736666588215e-16,2.1590354828397e-15
-0.483864670236608,-0.522039219351982,6.6514199204494,69.1158823355339,9.81017703835614e-16,2.1654952070164e-15
0.160207271839437,-0.912473343824949,4.92665096136236,69.0989891530032,9.89339053449673e-16,2.1830721846327e-15
0.511373223634517,0.388675522758004,6.26076956335769,69.0820607576535,9.97748554398206e-16,2.20083086926677e-15
0.568643684065617,0.308150578766699,5.91194781702247,69.0506997959423,1.01351703710824e-15,2.23480323140708e-15
-0.566902505412122,-0.438105061427497,6.61678237915239,69.0138377897486,1.03237038208094e-15,2.27555064667225e-15
-1.15447378359909,0.146948323047788,1.65095293046522,68.9889420241459,1.04530152329717e-15,2.30321957069606e-15
0.27858656871662,0.712381617614991,7.03407528797346,68.9024885925514,1.09147729881206e-15,2.40409326887403e-15
-0.6910352641819,-0.0552690877775803,6.32813451434189,68.6974466658659,1.20931376453489e-15,2.6626771061441e-15
-1.46365336254652,0.0787429700682238,0.666570951107188,68.6710436221955,1.22538439157122e-15,2.6970861084185e-15
-0.583756273855269,-0.500729126494912,4.32147042217434,68.6438715064993,1.24214614001912e-15,2.73299085668103e-15
0.566778572335742,-0.573197705169562,5.52023292627149,68.6045650489463,1.2667997906679e-15,2.78622728525512e-15
0.49814998437623,0.640964019040729,4.16175142490032,68.6028802094864,1.26786741743724e-15,2.78756837752182e-15
-0.347029707077634,-1.09403626598542,2.52212708668525,68.5803114952638,1.28225551367599e-15,2.8181846813211e-15
0.0490942669079277,-0.90638002123994,5.03437354662528,68.499021905381,1.33544616528023e-15,2.93402968395021e-15
0.0679841152624093,0.850231141273851,7.58209746611199,68.4835619590423,1.34580912942331e-15,2.95573087299031e-15
0.704103337730593,-0.136204393257462,5.57536656471144,68.455933955945,1.36452914026195e-15,2.9957639401063e-15
0.0745904503371142,0.776567775133906,5.29009466893003,68.4255742615849,1.38540049529703e-15,3.04048962342045e-15
-0.509352423205944,-0.491163775599963,6.06587138176904,68.3332830975902,1.4508286067052e-15,3.18293497571936e-15
-0.0158395524950717,0.833631843000476,4.58260669960355,68.3251537182136,1.45673777611658e-15,3.19474768767931e-15
0.599925318478179,0.395775135125517,4.52416543308158,68.0006502840665,1.71335125845492e-15,3.75616941356628e-15
-0.655285459933684,0.268288333542381,6.268582792267,67.9141433575408,1.78908571593031e-15,3.92078971871265e-15
0.641600361242221,-0.692001465745591,9.32200627447731,67.7930624970453,1.90074353985906e-15,4.16398944608202e-15
-0.508979272458538,-0.442836330616035,6.29073050782355,67.7676892816626,1.92501113873607e-15,4.21563590382202e-15
-0.664837979789473,-0.107360755570317,6.11388608765346,67.7532502411825,1.93895908376798e-15,4.24465404601923e-15
0.537524926825012,0.551709503018408,4.08606809732463,67.7159230471529,1.97548684413224e-15,4.32306394934475e-15
-0.615931589547684,-0.448931020777587,7.3118821797558,67.7093342249174,1.98200564185859e-15,4.33577087590193e-15
0.50509032654596,0.431243819700991,5.98357534888205,67.6777886372299,2.0135152522928e-15,4.40311812354834e-15
-0.836515088219816,-0.244079005962971,8.96070206919962,67.6593113593332,2.03220358719066e-15,4.44238974463797e-15
0.638067283268578,-0.28488025975511,5.94147883624525,67.5924498583802,2.1012900501644e-15,4.59176375642529e-15
-0.00395953907565185,-1.10106983472187,9.41475504008675,67.5318869300812,2.16589339490042e-15,4.73123752714522e-15
-0.899642387722718,-0.0942000531525338,9.83101356486799,67.4920915304125,2.2094213081052e-15,4.82459000134306e-15
-0.817035206742694,-0.299433873243987,8.54457511712825,67.4659985411132,2.23843536571236e-15,4.886193799375e-15
-1.12861932880465,0.851239866873768,0.887776570858942,67.4458397067258,2.26111157915072e-15,4.93392376124358e-15
0.615787983893433,0.262381489480095,6.4251964225691,67.4254889430398,2.28423670683251e-15,4.98199264582349e-15
0.703120057219971,-0.233739802363775,7.17591118136517,67.425015779761,2.28477717922786e-15,4.98199264582349e-15
0.692198529399387,-0.374515485696344,6.38649501505629,67.4092380270955,2.30287278700127e-15,5.01965253392902e-15
0.582756673758557,0.372871885218496,6.91757851241532,67.4036830490114,2.3092778818552e-15,5.03181236389923e-15
0.675459029828497,0.262043744446612,4.87372514430569,67.3401655984501,2.38379461886167e-15,5.19232259020746e-15
0.314893539265495,-0.9249786904181,7.24074627170951,67.1719057131103,2.59302082653846e-15,5.64603390270605e-15
0.953744586658603,0.26877745680441,2.03376002671609,67.0911628928579,2.69984657813201e-15,5.87653413216578e-15
0.25027997108669,0.825630669794157,7.67002935333718,66.9999523892915,2.82582455606952e-15,6.14854177889609e-15
-0.443016556195132,0.603714588977135,7.16460508372447,66.9915566140553,2.83771198356974e-15,6.17220098462757e-15
-0.0559709286442053,0.736732377797354,6.08825618396457,66.9131414614708,2.95118169339413e-15,6.41671219620838e-15
0.312088336589228,-0.987128723068513,3.98735901021685,66.8968015625815,2.97539146025408e-15,6.4670414887636e-15
-0.840767319263174,-0.205312291441388,8.78692184206839,66.8785033176632,3.00273859145328e-15,6.52415151490634e-15
-0.81244393413898,-0.151648982345529,8.23586123291336,66.8500389990049,3.04577960226283e-15,6.61530724886768e-15
-0.899524245171504,0.236562586681841,8.7290801711476,66.8316285410418,3.07394614175816e-15,6.67410275000844e-15
-0.533918621741851,-0.581755475513936,4.79864022643956,66.8089058627996,3.10906943231349e-15,6.74682405248424e-15
-0.442400280508689,-0.61367869664228,6.18488644616866,66.8085283007467,3.10965642103659e-15,6.74682405248424e-15
-0.386343827013221,-0.799056688245856,7.38029822051545,66.7594821129097,3.18685755391025e-15,6.91185920491829e-15
0.419585096839112,0.54171450304482,6.2437006146725,66.7387392167149,3.22008187597104e-15,6.98143107582325e-15
-0.198192567941357,-0.83992312936343,7.21573460818513,66.70832901677,3.26941767014354e-15,7.08587211670838e-15
-0.680081564362977,0.315605876358393,5.37851461407946,66.6397679514816,3.38343822624405e-15,7.33038146668106e-15
-0.432602140019616,0.683311537741829,7.38347436860973,66.5918044977424,3.4655596891201e-15,7.50563051845008e-15
0.594290333405977,0.333726725152582,5.25496199000657,66.5888212179238,3.47073291359544e-15,7.51416144308998e-15
-0.743972268730392,-0.244086907518847,7.49564451898019,66.5682968243574,3.50653364060065e-15,7.58780603181456e-15
0.733148693344978,-0.190803628977872,4.73147182116651,66.5678931350466,3.50724148711008e-15,7.58780603181456e-15
-0.728360909150187,0.0351124465866356,6.89354379686677,66.5642770211612,3.51358851559611e-15,7.59883725859649e-15
-0.684265645659742,-0.035205350229459,6.35355714360193,66.5612947191882,3.51883171480651e-15,7.60747424706749e-15
0.265072895682141,-0.910093386248774,7.47686562479686,66.5435356322509,3.55021646890716e-15,7.67260130021539e-15
0.420792350458345,0.832079726063503,8.30399746357877,66.4304082786079,3.75681774864965e-15,8.11621946550003e-15
-0.685975052288351,-0.682033568539542,2.7966278245951,66.4256628911728,3.76574210972085e-15,8.13261368002147e-15
0.413042536677395,0.80213554782343,7.93956297172947,66.4045638619594,3.80567914891187e-15,8.21594846048775e-15
-0.660123625262577,0.466242376315394,5.33670359775615,66.4029693960903,3.8087143713966e-15,8.21823508724571e-15
0.682671516969531,-0.294014280831727,4.85836777144468,66.4025893712111,3.80943814326666e-15,8.21823508724571e-15
0.326816963985605,0.653429051405549,5.69898601860332,66.3772522290154,3.85800526972086e-15,8.32006237409161e-15
-0.697896911188496,-0.298339928008918,7.54445093421945,66.3678808526413,3.87612509821921e-15,8.3561790361043e-15
-0.37354303861503,-0.63854534226384,6.23038372303899,66.3330857447237,3.94415021328896e-15,8.49981822955864e-15
-0.126464254362245,0.789878682306671,7.3301060400789,66.1715534113418,4.27592173314139e-15,9.21153981293871e-15
-0.682510968983096,-0.165129137890768,6.77694481708739,66.1567460950258,4.30769667622946e-15,9.27670936147328e-15
1.32706969584046,0.469547832114663,0.526845221654767,66.122052506383,4.38307328561084e-15,9.43569666294158e-15
0.635698515145229,0.0880663564189705,6.09507424194232,66.0831826277,4.46909121817878e-15,9.61747166358161e-15
0.374928984030105,0.635638531636628,6.07815407321535,66.0590018347853,4.52345226391183e-15,9.73101674300185e-15
-0.8450962176887,-0.0287645947575323,8.45856233156895,66.0416205501816,4.56293528742082e-15,9.81248676432991e-15
-0.39191185539996,-0.654688821953101,5.00825383844273,66.0192954558411,4.61415460498888e-15,9.91912896722186e-15
-0.718546050603315,-0.11771327204394,7.12996929294812,65.9720268686538,4.72450578913773e-15,1.01527678236041e-14
-1.49118273096175,0.271015888842221,0.519653758939873,65.9560714845519,4.76234718421822e-15,1.02304762376572e-14
0.760375627796752,-0.334871056889414,3.99511909321957,65.9489873506754,4.77924564680295e-15,1.02631560838576e-14
0.654146684724191,-0.29074730683718,4.91082189426851,65.9257907388894,4.83499949987124e-15,1.03792231859013e-14
0.79290058567907,0.104751407633297,3.6320550979296,65.7186428099417,5.36263248587603e-15,1.15078274846716e-14
-0.869442021778705,-0.274640595382965,10.0259960902137,65.5989985534028,5.69322640509419e-15,1.2212953613183e-14
-0.675689347844477,-0.114156098046384,5.45859556457492,65.4169506906999,6.23576364988459e-15,1.33720778797102e-14
0.491779040775941,0.563505869037558,4.7343189540599,65.4098608006814,6.25790831673679e-15,1.34148400817935e-14
0.145327631962122,0.890654479567161,3.21657501043808,65.3591027711017,6.41876036414008e-15,1.37548092562073e-14
0.382049711171833,-0.68745133045603,6.35831630692855,65.3492921013495,6.45032388474393e-15,1.38175833252361e-14
-0.798285160190484,-0.30460375425276,8.67141985513451,65.3300331680453,6.51273708411839e-15,1.39463747337716e-14
0.300978220557703,0.74948052877802,7.72679097132214,65.3118556584894,6.57219956503661e-15,1.40687591251557e-14
-0.457542216344636,-0.542291895812923,5.83813157424386,65.3089490801768,6.58175781516583e-15,1.40842676902389e-14
-0.642120575178705,-0.200977020061065,5.63263447639836,65.2551905604408,6.76106968315814e-15,1.44628925618646e-14
-0.612875926474384,0.457060089318311,6.23352016059676,65.2473755419887,6.78754030874909e-15,1.45144170704828e-14
-0.649423058982285,0.48563592456163,7.97579730781549,65.0724213111369,7.40803883282558e-15,1.58357234600569e-14
0.674681727922217,-0.861449992973579,9.34569679446578,65.0471873485008,7.50209804428294e-15,1.6031159316811e-14
-0.051773918016583,-0.806385149883201,5.9337323798294,64.8358601064624,8.33819146119585e-15,1.78115472336001e-14
0.386535714482962,0.545694819949248,6.03600549753672,64.8210744736324,8.40006259909329e-15,1.79374188366468e-14
0.840050334380843,0.166705966928469,2.89149247868106,64.786966988213,8.54454357449236e-15,1.82395446288603e-14
-0.751809647391339,-0.199581241897752,7.76697770719046,64.7676948336826,8.62727743131052e-15,1.84096968110124e-14
0.398561943123793,-0.890364405900889,7.63697797672039,64.6689546149162,9.06389634221303e-15,1.93346184062344e-14
-0.489628716016709,-0.453541454044785,5.94435794720851,64.6379712037856,9.20540482945584e-15,1.96295988097118e-14
-0.548399814939868,-0.414693565447518,6.22181346573274,64.5908426157215,9.42489965930626e-15,2.00906124390254e-14
-0.78890717408529,0.484098200381044,8.65842593191763,64.4902866561209,9.9108792394196e-15,2.11191574412273e-14
0.705626375131401,0.227764639296043,4.1089654788916,64.4457625075754,1.01339902112628e-14,2.15870302330888e-14
0.491013866887072,0.437542521162605,5.55631264791638,64.3300192964201,1.07377626359146e-14,2.28651622691319e-14
-0.714221395076928,0.0243172477331069,6.90690170255313,64.3289217691012,1.07436567469221e-14,2.28697140822593e-14
-0.698793108275974,-0.12127838325591,7.00312174969985,64.2864728284942,1.09741222732831e-14,2.33521343585276e-14
0.351376242433195,-0.759624990431856,7.20975962150398,64.2321931696789,1.12760364984344e-14,2.39862020274174e-14
0.60951330437344,-0.571771117004213,7.37986268372535,64.2130730632552,1.13843529378803e-14,2.42081525273543e-14
-0.636726109085274,-0.175011073919102,6.26305246495188,64.2103337856938,1.13999560720469e-14,2.42328675162784e-14
0.630926369553018,-0.488130690477308,7.06400412731584,64.1710463853706,1.16261073427281e-14,2.4704970856031e-14
-0.655769490196343,-0.127002560240505,6.01214862589008,64.1692200881137,1.16367285553372e-14,2.47189125767247e-14
0.244046986311901,-0.800006196791914,6.66505761089263,64.1292057675235,1.18718910716222e-14,2.52096521953386e-14
0.226712913307505,-0.791199986906828,5.64644926674318,64.0746467307916,1.22002083506421e-14,2.5897792342646e-14
-0.540320764598749,-0.575929300877126,7.49589776106604,64.0538700821865,1.2327608663709e-14,2.61591082414291e-14
0.528089393033497,-0.545843752968577,6.70619670769809,64.0431803482533,1.23936744912839e-14,2.62901359940545e-14
-0.0741193646779416,0.799112122402592,7.33389620102624,63.992955826442,1.27088484815334e-14,2.69493101900296e-14
0.421976201134789,-0.748162432512387,7.48674780027723,63.9857993623975,1.27544051476887e-14,2.70364967058249e-14
-0.315910354406796,-0.642667184098628,5.8406186906324,63.8336982236493,1.37622217393383e-14,2.91626891573587e-14
-0.68232733471864,0.0740051530126264,5.82237907365201,63.7806419319944,1.41321936014815e-14,2.99362542261029e-14
-0.861686887653035,-0.252557109778845,10.4740952024981,63.7442233239633,1.43918882649871e-14,3.04757620025187e-14
-0.150959908179992,-0.84096879625389,4.92300091345875,63.6836555077999,1.4834397522354e-14,3.14018818206157e-14
-0.765321158208128,0.0725358418518895,7.51635965988778,63.6153244759183,1.53499797828098e-14,3.24819871107912e-14
-0.366364295452437,-0.657662134948245,6.52150684900312,63.6024874140012,1.54488209715392e-14,3.2679785293513e-14
0.602298790296308,0.35660447369313,5.02660838018005,63.5607941784239,1.57742569719571e-14,3.33566086992965e-14
-0.881805807921952,-0.0418840148144916,9.60319340983132,63.4868155152776,1.63686617399052e-14,3.46015321779663e-14
0.864993332778499,0.473907589276203,1.85810841201461,63.4547433254142,1.66332671014318e-14,3.51486741109047e-14
0.694014692839685,0.0157723774870539,6.9978032981184,63.4451669152203,1.67131015751331e-14,3.53051222725227e-14
-0.729962703261983,-0.155463755129717,7.46175123366851,63.443268955774,1.67289694976164e-14,3.53263844264615e-14
-0.559679174673579,-0.391746638646879,5.74307461405545,63.3997920617222,1.70966128347596e-14,3.60902146109628e-14
0.313272879728001,0.629334998285714,5.8651032090906,63.3850986586833,1.72226790647068e-14,3.63437331528371e-14
0.609560343564939,0.315267704263683,4.69047501595641,63.3638962197257,1.74062316872469e-14,3.67183432127371e-14
-0.814636789410335,-0.228223240280101,8.83054983714718,63.2908391804167,1.80538111169053e-14,3.80712165153167e-14
0.638852622728475,-0.459974726483866,7.43609381921526,63.2786026243665,1.81646079500216e-14,3.82915973683282e-14
-0.760260518869223,-0.213143670878445,8.10793119398937,63.2266235200124,1.86428861734818e-14,3.92862204998814e-14
0.686912186372578,0.0403336826527072,5.01466145794321,63.2152963170408,1.87487716147503e-14,3.94956822112802e-14
0.717529278831877,-0.0630319677018647,7.30675254645599,63.0003984816646,2.0875519446216e-14,4.39606234481367e-14
-0.424046467345448,-0.533329034502923,5.62058174492137,62.9717116044239,2.11771038865123e-14,4.45802933821186e-14
0.445662732132488,0.624992358690675,4.37993585415885,62.9238602144588,2.16898907443291e-14,4.56439871591688e-14
0.615481135143762,-0.441889638137769,7.62142152298065,62.8874252066002,2.20886475630063e-14,4.64670650876235e-14
0.619450472717991,0.23784033344682,5.29729501265571,62.8360010547455,2.26639570519807e-14,4.76608533790876e-14
-0.524917809191847,-0.529250771051936,7.38238108923826,62.8148482413294,2.29049323595107e-14,4.81509765900211e-14
-0.880635387503457,-0.0763712607724354,9.866190538342,62.6929038050352,2.43449513772027e-14,5.11605329597548e-14
0.0870404150619146,-1.06146741663831,9.90323033388555,62.5882399158135,2.56528951605597e-14,5.38905540847093e-14
0.400320724698954,0.632954592869414,4.72613218638337,62.5545501288578,2.60886754791046e-14,5.47871184259361e-14
-0.582122530237176,-0.385025964345264,6.78904850982637,62.5431061973714,2.62383818854862e-14,5.50825065237379e-14
0.693983125567134,-0.00451890571018232,4.97932933421382,62.5023245590629,2.67788960203678e-14,5.61978348748704e-14
-0.424144528250193,-0.662142597854139,7.04983975102888,62.4944586827796,2.6884423141714e-14,5.63998511670416e-14
0.419403099480218,0.640295004815555,6.78685124464319,62.4801820605723,2.70770191050761e-14,5.67843239103352e-14
0.591258263672409,0.44454239508188,4.27882073618557,62.4607285763454,2.73416753219166e-14,5.73196003305195e-14
-0.635962720281117,0.440116046056064,5.61891599391703,62.4011052114099,2.81690480762168e-14,5.90337916309838e-14
-0.54425953744919,-0.428401855314683,6.78248620390101,62.3893039411749,2.83357547043217e-14,5.93627235512425e-14
-0.315752666773443,-0.649103817754179,6.26378282026191,62.3316350310715,2.91646943281758e-14,6.10783140935446e-14
1.0236171728673,0.178849912839898,1.66044546896264,62.2944170194098,2.97125015604847e-14,6.22041642022802e-14
-0.550699655624899,-0.528440116923688,4.47052132320388,62.288759364317,2.97966720992119e-14,6.23589342523212e-14
-0.695453212527365,0.0629790705166495,6.77268788042016,62.2596166758684,3.02340283610155e-14,6.32524964473754e-14
-0.606716039224499,-0.253649229104032,6.37397802694488,62.2386479974679,3.05526796750977e-14,6.38971878605273e-14
-0.660927718455783,-0.567867702530266,8.08748502210363,62.2345030304433,3.06160652600834e-14,6.40077628102294e-14
-0.630606915463211,-0.153975245102849,5.67688642670687,62.1430562166009,3.20484328972688e-14,6.69793544382328e-14
0.539695120660463,-0.555008405628136,7.0847766976419,62.1336469209609,3.21995647194743e-14,6.72721173686204e-14
0.630570284945874,0.263690132546462,5.16033325883079,62.125501137011,3.23309775015891e-14,6.75234960650684e-14
0.579409165625367,0.431973017404605,3.72448351984402,62.1144266791995,3.25104980893662e-14,6.7875141415659e-14
0.839118608099373,0.637581843947513,1.68713715806015,62.0891853994621,3.29234014494002e-14,6.87136331929889e-14
0.465856923331163,0.479106688686182,6.21118968671499,62.0659459752022,3.33081931515203e-14,6.94928992140012e-14
0.590749454279123,0.32310208200923,4.51930304901656,62.0426884008603,3.36977879076244e-14,7.02816487775324e-14
-0.777763094712083,-0.0147077404915722,7.87059652209668,62.0390305456541,3.37594751156147e-14,7.03861933232406e-14
-0.407568006296537,-0.544344712783827,6.2074026932934,62.0263999349239,3.3973351145319e-14,7.08078609286896e-14
0.723889464910273,0.959811631439239,0.975747357577644,62.011845714372,3.42214807061331e-14,7.13006073028536e-14
-1.29961887031595,-0.255641545115361,0.763719251874678,61.9865662804889,3.46567757433062e-14,7.21828432176696e-14
0.659027346732677,0.257597441941727,4.49808331260611,61.9731527405061,3.48899919564234e-14,7.26437315426489e-14
0.188149452666575,-0.846764753777215,7.2498649660956,61.9536959214371,3.52310724823124e-14,7.332881000763e-14
-0.839252985806981,0.331276078862867,9.03694240538827,61.9338955835543,3.55815983213728e-14,7.40330726522616e-14
-0.700430269807204,-0.718196134848631,2.36457275552493,61.9304580652216,3.56428071061526e-14,7.41350904209967e-14
0.080353566211501,0.700754044608786,5.94425918723744,61.841932406539,3.72558951603146e-14,7.74534217880324e-14
0.513532324583968,0.361115756841227,5.96775060081982,61.8415164022605,3.72636452721989e-14,7.74534217880324e-14
-0.180964067818269,1.02854848251935,2.30231464606061,61.7955596078309,3.81298176294421e-14,7.9226733695578e-14
-0.591314483285543,-0.296724484538042,6.18507029465021,61.7749722679082,3.85243404480307e-14,8.0019169105292e-14
0.478351712146742,-0.556284382551288,6.53578605263775,61.767186757671,3.86745985407346e-14,8.03038730954954e-14
0.826110058894216,-0.34793818783554,2.99338779424826,61.7490285193636,3.90273286454624e-14,8.10086521628282e-14
-0.611705872001001,-0.169671878556216,6.03494370057096,61.73894531861,3.92245856679875e-14,8.13903468121023e-14
0.708792653510507,0.151765898908256,4.02498132866747,61.6515772934479,4.09760499386936e-14,8.4995636124963e-14
0.445117937666479,0.500621379688171,6.59431910450195,61.6292756525442,4.14355235070851e-14,8.5919437026953e-14
0.619193342894357,-0.295410204376534,5.8125244798799,61.5727413944176,4.2623498010899e-14,8.83526918251118e-14
-0.686905782892367,-0.344341662162791,7.85754946143232,61.5598538953389,4.28990399648244e-14,8.88935858767361e-14
0.680031794738592,0.0173480797904036,5.08377958624144,61.480922944178,4.46259229760095e-14,9.24404964538774e-14
-0.732652402836383,-0.0725288022765382,7.46078191654763,61.4657199104436,4.49664402665126e-14,9.31141797083431e-14
0.653362448292873,-0.103023698892153,5.60099548902603,61.4553019882709,4.5201279808072e-14,9.35686472191576e-14
-0.713391024799284,0.295723746430161,7.40565359541231,61.431440571575,4.57437929422296e-14,9.46594872305552e-14
0.625649754531772,0.290211778225182,7.11353258577888,61.3393724202985,4.78987872038588e-14,9.90852247696543e-14
-0.507168005354024,-0.391890871381256,6.50173648371355,61.2220336433803,5.07930519819038e-14,1.0503671890823e-13
-0.0923358936654052,-0.793609249580305,5.65787364675364,61.1391114094061,5.29432555611529e-14,1.09446023720305e-13
-0.317782813563641,-0.725334273494297,7.38831834802179,61.1099025259508,5.37221359647183e-14,1.11018453412493e-13
0.519162450348911,0.401653152348549,5.67186175365181,61.0196387438624,5.62022629992477e-14,1.16104301710017e-13
0.527560794841006,-0.600038593245055,7.26234688049889,60.9746436107978,5.74810075355693e-14,1.18705689917417e-13
0.116137434042879,0.758960490902422,4.32356915226743,60.8980337940375,5.97255258618306e-14,1.23299084926017e-13
0.235290858365723,-0.74485732638425,6.28506198744521,60.8915897695659,5.99182725863533e-14,1.23655065595159e-13
0.594108454313836,0.311092590461562,6.86946581856852,60.8361646347054,6.16019839842904e-14,1.27086709080434e-13
-0.672237585852863,-0.199213103781886,7.36164390003081,60.8338319256676,6.16738756541203e-14,1.27191922419473e-13
-0.745114873781415,-0.326805655138905,8.52897149969871,60.8054818636286,6.25543302476566e-14,1.28964023890191e-13
-0.543965772091226,-0.554084551715631,7.29631555951673,60.764055917202,6.38635283000781e-14,1.31618537674636e-13
0.448227309615092,0.512560787603238,6.2890296898935,60.6548259990865,6.74484360356688e-14,1.3895975586638e-13
-0.675884120005768,-0.491477241266832,8.69835527753337,60.6464145013575,6.77327045809757e-14,1.3949820889343e-13
0.644254717894485,-0.0206221205905597,5.76346378311806,60.5747472429184,7.02038233659798e-14,1.44538679963505e-13
-0.68671088109747,0.0832707923539449,6.866893766536,60.5704915752413,7.03533644798311e-14,1.44797593966603e-13
-0.833508485931361,0.3629005261295,9.91149512215588,60.5400715009312,7.14316211421185e-14,1.46967120484359e-13
-0.650657130136904,-0.27956592317924,7.02410816121631,60.4489768473357,7.4760372952815e-14,1.53763902208357e-13
-0.00789575306805911,-0.809011648635801,6.6544688808177,60.426072917741,7.56214471974493e-14,1.5548239464305e-13
0.448702725490123,0.464248272595176,6.02880427979873,60.3678909336241,7.7853661357477e-14,1.60017923816448e-13
-0.409149337273756,-0.58403110559493,6.05072178582433,60.3641283387198,7.80002651116252e-14,1.60265141410589e-13
0.690385022041588,-0.089251992351578,4.92804371410181,60.3482401768172,7.86223732991079e-14,1.61488869313417e-13
-0.572341996465897,0.357765472722387,6.67123070702565,60.2646807844066,8.19767772353518e-14,1.68321962836027e-13
0.0095959662599685,-0.791151944628418,6.40808318432698,60.2465331048091,8.27240063710491e-14,1.69798971944352e-13
-1.20581160023013,-1.11104773514395,0.253141044984898,60.2406694192653,8.29668960343581e-14,1.70240129105889e-13
-0.658672345867059,-0.419849938199444,7.81999866591612,60.2302205019389,8.34014874169471e-14,1.71074210038536e-13
-0.744751294878257,-0.0705272705832021,7.71537266450815,60.2184148140434,8.38952492479976e-14,1.7202905942129e-13
0.506604553904833,-0.456709243750582,6.46393476968402,60.2107037761638,8.42193333251212e-14,1.72635454977555e-13
-0.608119388839582,-0.223514276886699,5.83118528290976,60.2066722980621,8.43892687393267e-14,1.72925569870421e-13
0.717055472701613,-0.12528607750063,7.90049382687381,60.2014042116352,8.46118467312707e-14,1.73323325336466e-13
-0.430029056006648,-0.54135560810836,6.66692642328893,60.1755006970615,8.57148463063279e-14,1.75523708144273e-13
-0.188410988180457,-0.706794462228726,5.89679170851457,60.1372269435712,8.73709566032099e-14,1.78854870141339e-13
0.613745922505562,0.161856662313567,6.41819196797965,60.0837961516286,8.97365646882994e-14,1.8363569943609e-13
0.560154089863047,0.567313761555246,8.10863498297456,60.0118967406943,9.30212558498789e-14,1.90293483069242e-13
-0.522165200322518,-0.411173626850777,6.43968885908938,59.9782660569607,9.45986652386533e-14,1.93455382590837e-13
0.392019404446556,0.592256556412445,7.74814878966157,59.9357566660519,9.66308513018276e-14,1.97544869954844e-13
-0.244291640509678,-0.77111046032341,6.99564623686835,59.8682702346658,9.9947123143709e-14,2.0425581930141e-13
0.569951279385266,0.367961720897717,5.0100450113711,59.7487017968291,1.06104610238124e-13,2.1676673393614e-13
-0.0141019670960123,0.723846925975849,6.53984054677869,59.6871824805989,1.09419066211027e-13,2.23463024184077e-13
0.122323107983967,0.714091883040973,7.07041762192238,59.5683073770224,1.16119833628381e-13,2.37068258594763e-13
0.655235599088349,0.0531269520770086,5.17660829039143,59.5411162931297,1.17709326220642e-13,2.40232778421478e-13
-0.00771817173743979,0.755957301289999,7.01687137577272,59.4521953126521,1.23060824169087e-13,2.51070475047388e-13
0.643776529045229,0.0645972340384318,5.36082746293523,59.4439841129132,1.23567101247137e-13,2.52018932124815e-13
0.917914278074482,-0.06783073420597,2.31377954825097,59.4111073889902,1.2561512897661e-13,2.56110149098995e-13
-0.486201565992039,-0.566213236570063,7.11433050620391,59.348656634654,1.29599390060482e-13,2.64144990521666e-13
-0.29036138103978,-1.04893559011266,11.9875818783585,59.3348168047397,1.30499316935831e-13,2.65890174533245e-13
-0.494656310706402,-0.474910289697453,6.64807629079556,59.3316057241026,1.30709007138706e-13,2.66228315644177e-13
-0.883121715359967,-0.29728176707193,2.28467467915796,59.2954843473708,1.33091148588538e-13,2.70989602878602e-13
0.58871544003588,0.581706393309111,3.01702623203417,59.2677654487954,1.34948560232736e-13,2.74679650517184e-13
0.426597494046373,0.532389583252046,6.873355407761,59.1695912397271,1.41738069750341e-13,2.88402863850293e-13
0.439984324286152,-0.657275564783084,5.43001982985459,59.1604666253449,1.42386199725023e-13,2.89624852631454e-13
0.687913114946282,-0.107900818110181,4.84985177862389,59.0979352209927,1.46908329647497e-13,2.98723417132252e-13
-0.699247295239383,0.0615003982542582,7.11549373317863,59.0790249146043,1.48303957952123e-13,3.01460599670292e-13
0.744008583549199,-0.442222531232262,10.5229164414544,58.9694757249881,1.56653840324714e-13,3.18327296360768e-13
1.01312937101957,0.645534124282539,0.861103429893913,58.9640637138114,1.57078320555988e-13,3.19083355203488e-13
0.592147850286275,-0.386617602533997,6.35760871131031,58.9283268249695,1.59910291908712e-13,3.24727770894008e-13
-0.700146007549188,-0.0520113930056834,7.22714493710696,58.8712428154374,1.64540211508279e-13,3.34018275312572e-13
-0.435046291129175,0.515329688933743,5.82534972273501,58.6171916363491,1.86826537000609e-13,3.79133319086569e-13
0.381539356936606,0.645735462130741,3.8885701293965,58.6144974439597,1.87078379907902e-13,3.79517886330992e-13
0.426307279192212,0.621307640038897,7.29769614721884,58.5883274570997,1.89542384867708e-13,3.84388420744373e-13
0.25874374957864,0.631837758139186,4.58899671008374,58.5639077147903,1.91870859223703e-13,3.889809493686e-13
0.549078135156069,0.606386058957347,2.89306577451096,58.5560471013559,1.92626454438365e-13,3.90382774507579e-13
0.646119187078869,-0.128472456116912,5.5299627766305,58.5022626789382,1.9787688719045e-13,4.0089001305007e-13
-0.558574446055302,-0.558560134299989,7.99052151763139,58.4657032318745,2.01527284460804e-13,4.0814973645954e-13
0.649582629819101,-0.0875046369161876,5.50985432152622,58.4564903718782,2.02457747199819e-13,4.09897826721815e-13
-0.848809461762248,-0.00773998970533928,9.75301031755676,58.437371276692,2.04402432013735e-13,4.13697475432053e-13
0.558771688053771,0.283483654713009,5.6319837661679,58.3738097284557,2.11002826829566e-13,4.26914326932003e-13
-0.647861977028943,0.0757192738602172,6.39250227888733,58.3657989336058,2.11849671852066e-13,4.28485316357269e-13
-0.522377206435125,-0.380100006317204,6.4952530645029,58.3602149275525,2.12441983259925e-13,4.2954061577098e-13
-0.449691822429509,1.16860415428212,1.48432620336863,58.3464159527311,2.13912792128003e-13,4.3237087598781e-13
-0.1487389951094,-0.749026336566377,5.68097366580028,58.3314960721294,2.15514535814829e-13,4.35463821453926e-13
-0.443964815283103,-0.725963040042016,7.24144613413054,58.1528898525123,2.3564618610272e-13,4.75983404443716e-13
0.791164661748587,0.317383412923989,2.64735116570651,58.1354560278304,2.37709272056634e-13,4.79991392464606e-13
-0.359858189502456,-0.692085739421155,7.56318129755315,58.1243664571454,2.39030979850823e-13,4.82500200706834e-13
0.337321160464004,0.963093703319408,1.71990771202113,58.0686983620206,2.45777637339009e-13,4.95954344090119e-13
-0.645142442708197,-0.262177531233492,7.28575703836857,58.066916775692,2.4599667192106e-13,4.96231855087944e-13
-0.669720443152194,-0.742145737675364,9.51684190531639,57.9888960805349,2.55782725257847e-13,5.15801666568325e-13
-0.0312482621548638,-0.829624914856604,4.96718389613892,57.9477555423062,2.61098733159578e-13,5.26347379958779e-13
0.412852965069616,0.571954101597851,6.58102649629947,57.9120706945577,2.65799176380827e-13,5.35645609336801e-13
-0.425244218516533,-0.576220682967497,7.05650030588935,57.9083417315442,2.66295216314631e-13,5.36467662780766e-13
-0.644786726781164,-0.0891086796302345,5.43769471543704,57.7326629469299,2.90744513612913e-13,5.85528481268745e-13
0.17261398381147,0.7070846320735,6.97399577517541,57.724026552893,2.92002720341874e-13,5.8786791052954e-13
-0.744143187570869,-0.0348126353579736,7.87851842415818,57.7175270130662,2.92953205589748e-13,5.89586484505913e-13
0.596387529165287,0.466085310987906,8.3331913598424,57.6857872981763,2.97639417606436e-13,5.98819819691998e-13
0.375850582082924,0.557563156150862,6.39370535304117,57.6531137785309,3.02541816912813e-13,6.08481857074729e-13
0.476543425736815,-0.558018019570081,6.91078088230647,57.6488126310586,3.03193155523162e-13,6.09590465926357e-13
0.00553735697347556,-0.773396533916972,5.79960927812655,57.6462502788788,3.03581848283417e-13,6.10170449768716e-13
0.854653133561695,0.509189936842119,1.46258927360868,57.6283514119199,3.06310927481732e-13,6.15452450992998e-13
0.722817984175622,0.0806892181405771,3.84314835347212,57.6273349089682,3.06466650032442e-13,6.15562179279943e-13
-0.60376338840013,-0.322991108590822,6.91910188677192,57.6161151476083,3.08190722771202e-13,6.18687233801061e-13
-0.53865265278024,-0.305900482721362,6.39142342838116,57.6158878366953,3.0822575231909e-13,6.18687233801061e-13
0.506295697262601,0.486602270865771,4.5638699061348,57.5809816479723,3.13652464163831e-13,6.29372512138894e-13
0.346694144547218,0.743485626555473,10.074397159777,57.5767845808496,3.14311365507955e-13,6.30486851140833e-13
-0.39043727950776,-0.612559686799287,7.10571670908972,57.5439856581367,3.19508400412341e-13,6.40700639562034e-13
-0.807534146016577,0.69946295018547,1.94599960715726,57.4992769406632,3.26731235964221e-13,6.54968641603614e-13
-0.552883566631058,-0.517483456829787,7.66771189492569,57.4385875385759,3.36797758015599e-13,6.74925856089192e-13
-0.582313431273301,-0.336080127720737,7.00436174265102,57.3788660382263,3.47006452820174e-13,6.95154749841796e-13
-0.800511172170322,-0.479988745196836,2.1272466817082,57.3718358154215,3.48228365480593e-13,6.97373121396661e-13
-0.540702500780233,-0.502353859319613,7.10786208676003,57.3609320168862,3.50132056100769e-13,7.00954935067899e-13
0.535804559388178,-0.471668901522508,5.47510075612698,57.3540194752576,3.51344301024026e-13,7.03150593239405e-13
-0.673345357275974,0.0777974532476439,5.11830399640264,57.3514829516186,3.51790180272558e-13,7.03811573282725e-13
-0.822556315775338,0.156860568659525,9.76759225189064,57.3224010813452,3.56942910432883e-13,7.13885820865766e-13
0.622507719540652,0.23795592171456,4.85025846351137,57.3210102089205,3.57191227792975e-13,7.14147847226152e-13
-0.593892031269208,-0.22177598680459,5.79760071667465,57.263611980972,3.67590815240245e-13,7.34698911090811e-13
-0.523213667249695,-0.330333072065322,6.01499689628973,57.2016004197222,3.791667890968e-13,7.57586941917073e-13
0.429098732979993,0.433080433761693,6.30899764425428,57.1577227563663,3.87577185260641e-13,7.74137107567841e-13
0.47734711052107,0.58044435368162,3.96470254105431,57.1417886927174,3.90677358220119e-13,7.80073386960998e-13
0.108070216920259,-0.978058017643487,10.1046652064677,57.1018702361011,3.98553314350072e-13,7.95538550086309e-13
-0.574806199036889,-0.409569197939301,7.22887371300664,57.0418235696626,4.1070065265082e-13,8.19516739868303e-13
-0.0706548538573511,-0.751135520881206,5.83544260377909,57.0123440978618,4.16799106190298e-13,8.31413158088642e-13
-0.685498889267723,-0.0715247423122859,7.11584148896401,56.9844957808366,4.22643276164266e-13,8.42794715128743e-13
0.020115859068309,0.797909045623224,4.02750523635886,56.946124979632,4.30830139741481e-13,8.58838864029515e-13
0.572862702679043,0.589755666429164,3.05915008516118,56.8853073363591,4.44132404686902e-13,8.85066474544634e-13
-0.465338850835796,-0.559403660792096,7.13472955511088,56.7859145617141,4.6676182368889e-13,9.29857978605354e-13
-0.0368104760963535,0.772836352300463,7.47935867767442,56.7843529005666,4.67126427920029e-13,9.30279912717415e-13
-0.320946492942604,-0.620787767746743,6.49080539962486,56.7407344793225,4.77425991005449e-13,9.50480521007578e-13
0.37329972592218,0.532313100520973,5.62519923785323,56.6371339337274,5.02808523201418e-13,1.00068593960452e-12
-0.625238038900734,0.102644793041923,6.23734666404977,56.6309536989484,5.04364663652597e-13,1.00345492559379e-12
0.527352305308438,0.33273848262134,6.54058232709547,56.6150857684846,5.08382191747804e-13,1.01111753785058e-12
0.667376796012372,0.00548486541122893,4.83447666951052,56.6080413264055,5.10175983410594e-13,1.01435381678762e-12
0.679953150114973,-0.278999716363976,7.86844331878643,56.5725046386691,5.19321979695282e-13,1.0322011793617e-12
-0.587140423962804,-0.384422318886661,7.20696706228716,56.571617260778,5.19552448241244e-13,1.0323222274454e-12
0.60777858585664,-0.268181117111171,5.84282377223592,56.515236161469,5.34407317030163e-13,1.06149159741587e-12
-0.355413732353629,-0.559631414941003,6.2738704970275,56.43188712115,5.57149070029748e-13,1.10630252392078e-12
-0.434116184236932,-0.45117606249573,6.31468801604899,56.4166535141368,5.61408967827232e-13,1.11439771637828e-12
0.665540942123777,0.158322621166591,7.343567771737,56.3762234576963,5.72873351974609e-13,1.13678388749069e-12
-0.0318602130135901,-1.01519119838789,10.1037771177196,56.3603631874522,5.77434375929314e-13,1.14546121885228e-12
0.650911460037583,0.806797445347659,1.39213871449848,56.2963427836555,5.96217183828014e-13,1.18233557496578e-12
-0.606270733631573,0.454924455738623,8.14812163487806,56.2874649723644,5.9886961824908e-13,1.18720880361459e-12
0.562893085986909,0.264844283417814,6.39967302649377,56.2278297336346,6.16995375101326e-13,1.22274343867737e-12
0.513904307824762,0.382337526969905,5.85224518844695,56.2231297717909,6.18447007447805e-13,1.22522140622917e-12
-1.11284447932441,0.66228844065275,0.897464098422388,56.2002964137832,6.2554807659663e-13,1.23888636640217e-12
-0.12079685689507,-0.777487356595651,4.77101603563098,56.1837251636156,6.30752665291298e-13,1.24878771586778e-12
0.467429212867093,0.453919829772176,5.47041808324742,56.1471740991198,6.42385984731097e-13,1.27140633128833e-12
0.338020212572539,-0.669850231088261,6.34003700305859,56.1417948853674,6.4411607608264e-13,1.27441620773192e-12
-0.358566344715938,-0.55690371916662,6.22575453675178,56.0974000188866,6.58573666751308e-13,1.30259794775242e-12
0.603534632177244,1.05734985944392,0.671252118960713,56.0925935124253,6.6015828940564e-13,1.3052002489709e-12
-0.265469436486295,0.68289532455882,6.51479321581388,56.0921093260248,6.60318128585802e-13,1.3052002489709e-12
0.569139453275206,0.26861309494966,5.16597425132642,56.0469348401575,6.75402611696116e-13,1.33458328464977e-12
0.726419754811677,-0.0661039988473482,3.82033841995709,56.0111800911468,6.87585612690269e-13,1.35821583713769e-12
-0.809928853919853,-0.285422778167116,10.3428171489785,55.9972692467107,6.9238473153892e-13,1.36721268358081e-12
0.591326625458311,0.196393067429995,5.63798888008973,55.9966783019241,6.92589342339559e-13,1.36721268358081e-12
0.68130573299034,-0.0856307879451828,7.37740718411646,55.9788380082501,6.98794977411027e-13,1.37901582576283e-12
0.750045943203421,-0.0194506566738338,3.59287491581942,55.9415772982393,7.11935804972023e-13,1.4044929295754e-12
0.602866092860299,0.308621643640512,4.29689377334176,55.8739872903982,7.36406848811537e-13,1.45229831407989e-12
-0.604002248551493,0.411553187717764,7.26187759848847,55.8245761705324,7.54826792969621e-13,1.48814297784943e-12
0.611793659106496,-0.131590111282821,5.72698950877723,55.8077033427925,7.61221761567031e-13,1.50026483794758e-12
0.0503034800695995,-0.774220797371817,5.66171108210799,55.7803434918902,7.71706772084626e-13,1.52043716131107e-12
0.594032724444504,-0.243141035665815,6.14893696278818,55.7415977074321,7.86802718146722e-13,1.54967808090496e-12
0.557201102398441,0.254984667298051,6.66702045699856,55.7085570554001,7.99908916819654e-13,1.57498236921024e-12
-0.778309218080235,-0.358354075333887,9.43888278546025,55.6728067085273,8.14335986482406e-13,1.60287018613155e-12
-0.37552741919897,-0.682221900425771,7.74171700322165,55.5928062811608,8.47569849654924e-13,1.66774571580452e-12
0.69376187459232,0.0596247737099771,7.75554594022729,55.5861808052323,8.50382282327449e-13,1.67273904194168e-12
0.599803673908879,-0.181993293814208,6.04687651649019,55.4792206091844,8.97098880198552e-13,1.76406265589431e-12
-0.402404001558413,-0.527489540976813,5.96691975183323,55.4746366514446,8.99157369982582e-13,1.7675395765108e-12
-0.565965893597299,-0.420638589318153,7.3576123641939,55.4615714025128,9.05050455115097e-13,1.7785497646032e-12
0.378888998939089,-0.652414545045718,7.04254107382511,55.456004926027,9.07572934856245e-13,1.78293127699413e-12
0.552066867257804,0.304544704947405,4.97552566352003,55.4174407795564,9.25242629364077e-13,1.81705713792532e-12
0.347912537242972,0.570681631133999,4.73283073135823,55.3680730311783,9.48365407864419e-13,1.86186668915788e-12
-0.64928630018415,-0.0899392771822028,5.02949721836539,55.2064445218143,1.02818884859617e-12,2.0179283398625e-12
-0.674885539095268,-0.273410223078743,3.89363402896414,55.1825815048368,1.0405301714607e-12,2.04149135799315e-12
0.555151994974099,0.335169695450888,7.17634883818975,55.1016209377435,1.08351528294304e-12,2.12514208845271e-12
0.576889870909816,0.25408642013243,5.30796564837346,55.0716031780875,1.09990028630827e-12,2.15658387859735e-12
0.593685935716924,-0.538384576732004,3.68769594943758,55.0141403224912,1.13196035228337e-12,2.21872975682587e-12
-0.729958336974152,-0.264905182913119,8.51501809130994,54.9157667084423,1.18902989659036e-12,2.32984036383717e-12
-0.788205012152325,-0.155271877312515,9.26677611055911,54.857156778693,1.22438995811591e-12,2.39835458977146e-12
-0.607518589490121,-0.271610075578151,4.92439226578418,54.8295987394604,1.24137761925057e-12,2.43084816532566e-12
-0.564425263539741,0.361593568857794,6.92281487803813,54.7958412855496,1.26250832114772e-12,2.47143108011169e-12
-0.32857043383878,-0.634799238050833,6.5755075939087,54.7725587869138,1.27729137493961e-12,2.49956602077543e-12
0.632900333678645,0.0532646689242429,5.25779553667506,54.7623373158607,1.28383598298243e-12,2.51138306989628e-12
-0.68111019863522,-0.0987469566047554,7.31375404094473,54.7618404395592,1.28415497644335e-12,2.51138306989628e-12
0.529970512147895,0.451400005822994,3.99963665494837,54.735123556508,1.30142437492421e-12,2.54433898347418e-12
0.650300361836203,0.114448488273219,7.30967021274852,54.7295148884988,1.30507912572907e-12,2.55066507782939e-12
0.619411092345026,0.0571694090856334,5.33086863220075,54.6854345582251,1.3341626102663e-12,2.60666943880015e-12
-0.630624763526281,0.0794192204471515,5.89311234955635,54.6808957499316,1.33719380262585e-12,2.61175356765678e-12
0.789856266438184,-0.028760491316183,9.711084356112,54.6377908149365,1.36632644102732e-12,2.66779838774031e-12
0.418504907804749,0.562737772827027,7.66461155433312,54.6180318430877,1.37989194362825e-12,2.6934216584831e-12
0.485539125972534,0.364409561993099,5.32371329550506,54.5500502539396,1.42760182208259e-12,2.78565381180731e-12
0.624884491529234,0.0888958001191722,5.25204108913705,54.4868351223079,1.47344552803855e-12,2.87418659874998e-12
0.342912347947211,0.526351358069889,6.51329769900956,54.482687526531,1.47650432683232e-12,2.87923073086328e-12
0.315194433392133,0.514882506998841,6.7573869259902,54.4774859881678,1.48034937165176e-12,2.88580434665895e-12
-0.535083509558006,0.614947567488424,8.4311701038216,54.4294952682324,1.51630049277876e-12,2.95494154930766e-12
0.5093176845501,0.33566697222361,5.75945037834548,54.3651260655828,1.56589584186437e-12,3.05061564328648e-12
0.591651002096134,-0.289498322886234,6.77857064188013,54.34094641561,1.58494214981469e-12,3.08673314397691e-12
-0.371473913258911,-0.555354337464651,6.46333540052687,54.3239241134104,1.59848940150955e-12,3.11212135477778e-12
-0.325093097283551,-0.594466249153437,6.4648401088222,54.3228864823193,1.59931893783002e-12,3.11274095061034e-12
-0.618509908716819,-0.288497496705415,7.19389632663038,54.3016586859089,1.61638435130637e-12,3.14494980209433e-12
-0.593212279287317,-0.114998075551005,5.97356021881304,54.2713787430129,1.6410425554793e-12,3.19190641461916e-12
-0.531842215490709,-0.307316811812657,6.5038887092274,54.2556458051895,1.65400267407738e-12,3.21608696256247e-12
0.396476587191308,-0.638903687714887,7.176502854174,54.243236486283,1.66429710108567e-12,3.23507048257011e-12
-0.507453272375719,-0.350416385684981,5.90723771793208,54.2187404744444,1.6848067666906e-12,3.27389198710897e-12
0.320752167249542,0.514947899470615,6.35070621127777,54.2113070732654,1.69108034026904e-12,3.285034177268e-12
0.234551519442924,0.678306738942653,7.38401778923801,54.210532211049,1.69173564433367e-12,3.2852588844349e-12
0.558804411202376,-0.495353357191627,4.924784899186,54.1878705949708,1.71101338611749e-12,3.32163568070257e-12
-0.609763398164823,-0.139090131090779,5.51872637979979,54.1697276928698,1.72660537435194e-12,3.35083631464923e-12
0.734060488628643,0.237930740427992,3.10815799448132,54.0934522616687,1.79372593623103e-12,3.47998836831565e-12
0.574367167922015,0.151441277133408,5.92314651206082,54.0868111415331,1.79969201082006e-12,3.49034404378632e-12
0.473210528666909,-0.518407913188924,6.95022328005163,54.0862352506613,1.80021029853631e-12,3.49034404378632e-12
-0.59102299507343,-0.14297128898645,6.33583356020287,54.0565953554222,1.82708799193991e-12,3.54132814228914e-12
0.469979934316836,-0.492950108550451,6.11783835335497,54.0236994901386,1.85738831791849e-12,3.59891154662246e-12
0.665277199591519,0.0248065299516232,4.50410240923955,53.9974512811497,1.88192553861963e-12,3.64529515721168e-12
1.0399396141429,-0.00203029913015697,1.35661066212863,53.8763816964765,1.99936627468389e-12,3.87154639957873e-12
0.572458062090488,0.160428462967248,6.43003945865801,53.8633319208989,2.01245456866447e-12,3.89565132401566e-12
-0.48211190698154,-0.439167226971654,6.40229942208371,53.7874854178649,2.09023898639317e-12,4.04493800036924e-12
0.0607835055079347,0.674487212496863,6.37125287556727,53.739933829171,2.14053158275435e-12,4.14094575017747e-12
-0.220982591132472,0.651549403377378,5.56388424072331,53.7054791708464,2.17772669120589e-12,4.21156292759258e-12
0.612176891288104,-0.1880221240576,5.44283311125619,53.6758293055755,2.21025183856858e-12,4.27310676189442e-12
0.162104871915748,0.663445408329811,4.91105623809442,53.5203624991334,2.38891638172884e-12,4.61705489903657e-12
-0.647001966483249,-0.320520237433182,7.8856288669809,53.4880512136939,2.42782430628419e-12,4.69076305193847e-12
-0.067723372033716,-0.744512491199147,5.38279941705009,53.4748660726778,2.443882784368e-12,4.72029136777677e-12
0.426583689587825,0.44297345210029,7.04965763383849,53.4510745395896,2.47312824715636e-12,4.77526316799491e-12
0.476947148317989,0.412381261885779,5.22740166696784,53.2419702950536,2.74569977167337e-12,5.29987958463775e-12
-0.593192087035194,-0.165169769521198,6.66257525162587,53.228691778147,2.76398983112342e-12,5.33349289758458e-12
0.993035324650665,-0.08533410182085,1.56795560482773,53.224580332974,2.76967767175637e-12,5.34277492574549e-12
0.542466335466728,0.28911060709124,4.97532904307892,53.1990178051403,2.80530484821065e-12,5.40978647953958e-12
0.395731171110557,-0.553942353404037,6.29519488203332,53.1862147989604,2.82332061834613e-12,5.44134329125256e-12
-0.58118644412504,-0.45848227182448,7.9737924128515,53.1861185114858,2.82345654682438e-12,5.44134329125256e-12
0.831593089144918,-0.282146384445347,2.50237381535151,53.1483758948261,2.87724479692687e-12,5.543248836611e-12
-0.384296671078111,-0.535151551297453,5.22348046363702,53.1111537446705,2.93129482027145e-12,5.6455940733352e-12
0.442149669518205,0.526015353924648,7.52965142494135,53.1051877529428,2.94005191529158e-12,5.66066921577962e-12
-0.264035649798446,-0.608320258663727,6.06041262899782,53.0734884384736,2.98702197680722e-12,5.74928542358594e-12
0.522435846153745,0.470232797385847,7.42918284040529,53.0593099374524,3.00827296165742e-12,5.78835834088824e-12
-0.653171841458732,0.212392725405804,6.90079772334839,53.0029612663063,3.0942343194248e-12,5.95187947445756e-12
0.360940921920784,0.495331713620263,6.04004527539387,52.8851844795063,3.28192085062601e-12,6.31090781383801e-12
-0.801776493960008,0.14240078202214,10.4430657887816,52.858964957976,3.32522930932572e-12,6.39216799342437e-12
-0.398516319735549,-1.66040625209275,0.521700504974559,52.8011383301575,3.42277611334806e-12,6.57760763196433e-12
0.397288815233972,0.899297036194359,1.62186015293204,52.7820292479958,3.45563589843854e-12,6.63865930883365e-12
0.279548120179291,0.62705572192845,5.03421216896073,52.7768592694308,3.46458023572749e-12,6.65374273662742e-12
0.59287365045203,0.119970590673037,5.31756790132949,52.7619245174829,3.49054839527599e-12,6.70150067185123e-12
0.618393607832006,0.0514261672731744,6.80483469422537,52.7502818903096,3.51092723031961e-12,6.73850093889842e-12
-0.109470609879528,1.14983359987723,1.1175737402346,52.7178279227191,3.56836373992863e-12,6.84658003425324e-12
0.524536282692339,-0.323014017259175,5.96894618470818,52.6451215253015,3.70047190451342e-12,7.09781756606102e-12
-0.522329172341939,0.379048726160127,5.88345879952741,52.6430258851979,3.70435136530958e-12,7.10302082267866e-12
-0.739294205290809,-0.0643804077281416,8.26066717088791,52.6152551729463,3.75614636707055e-12,7.20006898070703e-12
0.605021228961382,-0.0388355565984112,6.53305059510791,52.5921948328048,3.79970601598902e-12,7.28127485846432e-12
0.352288059519797,0.472888879117232,6.4254379696873,52.5368407513909,3.90633947653454e-12,7.48325825460738e-12
0.48451275460654,0.496633866637116,7.94419970002375,52.5200435246277,3.93928546820024e-12,7.54399809072131e-12
-0.766081732931829,-0.102748246514919,8.84060942055053,52.5047039533476,3.96961510554498e-12,7.59969080583579e-12
-0.46097229494949,0.531790249491232,7.56418867568068,52.4626767665111,4.05391358846442e-12,7.75863751228274e-12
-0.386885057694784,-0.511361672978701,6.06968047864847,52.4584663709485,4.06245686784767e-12,7.77254475532892e-12
-0.176184808974976,-0.671241967422165,6.24997178763818,52.4538590730211,4.07182613000351e-12,7.78802308497058e-12
1.03284151991745,0.36415223976301,0.975315002155937,52.4280584312892,4.12469426838188e-12,7.88666416642867e-12
0.615179778085186,0.293940372068171,7.20386932698924,52.4195865839065,4.14220321565491e-12,7.91765562854225e-12
-0.987722765936145,0.226212394051623,1.69116185391945,52.4102872977944,4.16150782707032e-12,7.95205889868303e-12
-0.378445707156789,-0.512473059778523,5.83610466681752,52.4018032540191,4.17919853000449e-12,7.98335759355738e-12
0.534894379501842,0.634606514268244,2.25364223989893,52.3126765790686,4.36964961559065e-12,8.34455045787826e-12
-0.513890010805511,-0.374264545405049,6.86072808501042,52.2625757518279,4.48049369447333e-12,8.55354205454802e-12
0.00372465551920456,-0.749308138159493,6.64022536253736,52.2230466585912,4.56992953903491e-12,8.72154577857195e-12
0.575478221048718,-0.180504579042359,6.17867368361847,52.2207255874627,4.5752361834702e-12,8.72893697429226e-12
0.405962905847006,-0.508275488030274,6.30096690042192,52.1914908019953,4.64260538913183e-12,8.85469348653965e-12
0.872267785185358,0.377670569656016,1.61643443932167,52.1847361306834,4.65831153338026e-12,8.88186677582807e-12
0.572258114306778,0.381769594638698,7.63974723319385,52.174746960215,4.68163606707933e-12,8.92354426311175e-12
0.75268037700212,0.0682838540079287,3.0375639007091,52.1606343400041,4.71478797046826e-12,8.98392149114579e-12
0.600068423178753,-0.142248977515501,5.67724742624097,52.1373338911567,4.77003751834372e-12,9.08635432155086e-12
0.225092841706901,-0.745060724667806,6.56301349332058,52.0911659117168,4.88142975760734e-12,9.29563477144619e-12
0.636260679370161,0.0552709063127486,4.72012414419553,52.0744966764762,4.92228462643099e-12,9.37050306620133e-12
0.332914899196473,0.527669789987944,6.36527994280955,51.9801946599742,5.15993398569374e-12,9.81984310875383e-12
-1.35740120640409,-0.401235089298334,0.236697880654548,51.9619859343311,5.20712639928391e-12,9.90655797463763e-12
-0.776461283248803,0.0109940556383479,8.87582067082072,51.9506300712504,5.23677620161847e-12,9.95985426912004e-12
-0.190604025351253,-0.633742628705496,6.40674406182362,51.9322378713696,5.28515623177956e-12,1.00487292751636e-11
0.473654969149658,0.408908565808667,4.83432948990561,51.877666982344,5.43134947276085e-12,1.0323464124311e-11
-0.680134798480768,0.0261577881530716,7.463122169962,51.8509241949268,5.50446190313951e-12,1.04591648147045e-11
-0.103345950006618,-0.729608773173249,6.80620843558732,51.8120749018798,5.61242934984731e-12,1.06609890427053e-11
-0.481700261945769,-0.326715596305164,5.3218154402542,51.8031278068969,5.63759306265234e-12,1.07054480865338e-11
0.0999060095981998,0.628119360928237,6.02737707067526,51.8008475598534,5.64402428060399e-12,1.07143186218638e-11
-0.695897739612654,-0.0522768302797799,4.07218648739783,51.7980073132432,5.6520451850079e-12,1.07262004633192e-11
-0.457283695731033,-0.526483736353726,7.12204723795982,51.7673538345313,5.73933987098445e-12,1.08884702818801e-11
0.847121529710263,-0.517128378867877,1.95517737735699,51.7621030719842,5.75442762328908e-12,1.09136932618642e-11
0.413114663459204,0.431499868021986,6.27189869446246,51.7300036884496,5.84752954297517e-12,1.10868140322743e-11
0.32629807277992,0.572489077273492,7.04972197793756,51.6964205919061,5.94654762446236e-12,1.12710404538377e-11
-0.315793392442863,-0.877878907868375,8.86700743158104,51.6554447642465,6.06963659229381e-12,1.15007617721397e-11
-0.637773729398359,0.15717467094454,7.04600601366728,51.6522329509609,6.0793916928106e-12,1.15156616757408e-11
0.504237411984206,0.451452940643463,4.15971743366611,51.6302061167871,6.14671662743544e-12,1.16395679091219e-11
0.66567064520404,0.176534563552344,3.91941672983387,51.6012067673292,6.2364912980948e-12,1.18058952185327e-11
0.434387356408117,0.426667845810922,5.50847697320462,51.5843998740257,6.28912014214304e-12,1.19018226376645e-11
0.677728526862128,-0.395519197098311,3.82807532096644,51.5591052112628,6.36916584396381e-12,1.20495592473747e-11
0.506940593895699,0.278676910245004,5.89128106178759,51.3692546417456,7.00338634083204e-12,1.32452985532729e-11
-0.317272944887282,0.701366149501315,7.31247918418859,51.3378579484024,7.1141954114664e-12,1.34506899580768e-11
-0.310683787895862,0.675110658645914,8.43368439109969,51.3324269555997,7.13354023701951e-12,1.34830776041524e-11
0.561470091051025,-0.263422436403067,6.39188890771195,51.3260272481649,7.1564030816365e-12,1.35220924770338e-11
0.629151354723347,0.25043992404029,7.80257334832898,51.3128998263821,7.20353013747651e-12,1.3606916375103e-11
0.542261996389666,-0.415309630540405,6.9037526253765,51.2958533652308,7.26518988263484e-12,1.37191302746529e-11
-0.497351452642481,-0.574546195668264,8.3020844407719,51.2764047860826,7.33618331376754e-12,1.38488942679742e-11
-0.473865661892303,-0.399160544522557,5.34722813014522,51.2006043391449,7.61956244669331e-12,1.43793850512923e-11
0.386335075762859,-0.585630298895604,6.88427774737424,51.1957482781277,7.63808545489094e-12,1.4409874263829e-11
0.321157827812418,0.535108366144202,5.98103282442088,51.1294050604816,7.89570219657856e-12,1.4891274774712e-11
-0.572880016842861,-0.0973550146568253,6.11916509191193,51.1191891631033,7.93613621780253e-12,1.49628978922211e-11
0.594335459307481,0.0743468908648411,5.3704542637078,51.0564126300456,8.18918843611642e-12,1.54352257582281e-11
0.24032458805831,-0.737306716694974,7.252497393073,51.03237393019,8.28821105922987e-12,1.56170315470726e-11
0.595530309247599,0.156531720253091,4.82913519773469,50.9964768906326,8.43831522349538e-12,1.5894945260099e-11
-0.381558680681894,-0.514002122340988,5.9190439054861,50.9904325549597,8.46385580287683e-12,1.59381237636604e-11
-0.54260193953253,-0.664006439718559,11.4476560116986,50.94876549142,8.64203744335082e-12,1.62686221258874e-11
-0.751271868988553,-0.0576083828282323,8.71661349751044,50.928454883313,8.73024710108832e-12,1.64295963992042e-11
0.464770563873474,0.531102472333299,8.00631539672471,50.8860902179447,8.91714659493239e-12,1.67761398238407e-11
-0.604168856562354,-0.256711280398879,7.25374610109169,50.8801082402872,8.94385760703843e-12,1.68211940412882e-11
0.214308313336022,0.595041225330936,5.43190810833415,50.8494939471435,9.0818157251925e-12,1.7075384229454e-11
-0.692878545717611,-0.149354915766788,8.18270608040951,50.8244760003946,9.19613342417155e-12,1.72849831078593e-11
-0.569386327305188,-0.250576412968919,5.37354482568812,50.6768303309463,9.90070483890658e-12,1.86035466232294e-11
-0.0975359511363326,-0.708374097964197,5.75077254805312,50.6743240983408,9.91311935033778e-12,1.86211263822451e-11
0.197104085480934,-0.69944209745248,6.55239147665047,50.664421362751,9.96232456627064e-12,1.87077828375866e-11
-0.445959942701097,-0.391160073702548,5.94207289851828,50.595647963829,1.03108540743809e-11,1.93562996006262e-11
-0.63022786077993,-0.134639838538124,7.21913775274509,50.5839218586519,1.03714847207023e-11,1.94641180578409e-11
0.973772404944759,0.461619982770709,1.04365458222477,50.5541991453652,1.05267700715327e-11,1.97494533730326e-11
-0.00882365245513615,-0.73055066510368,5.62232928580482,50.5453148396861,1.05736356079693e-11,1.98312672770539e-11
-0.345515094813004,-0.543898110636034,6.20630226656963,50.5409913376349,1.05965178995868e-11,1.98680631267891e-11
0.758616367469191,0.739057808124826,1.08355049022137,50.5213823774723,1.07009222269933e-11,2.0057639937788e-11
-0.180738150142885,0.766325121440017,8.36507690678471,50.4899326714964,1.08705226318072e-11,2.03692649376553e-11
0.435265264715995,0.421284885336966,6.18110170643872,50.4794383502302,1.09277119196975e-11,2.04701262052671e-11
-0.682925117089281,0.270512010981734,8.29997906682092,50.4227426187246,1.12419217782831e-11,2.10522361692363e-11
0.541436952181852,0.53566914020286,2.92089344457479,50.4006973566854,1.13665227879069e-11,2.12790254405833e-11
0.229399110105528,-0.716895843035623,6.04448195653992,50.3918595428909,1.14168615330536e-11,2.13666932103382e-11
-0.539595999655784,-0.2067579787195,6.42810788429142,50.3395024850008,1.17196846105967e-11,2.19266871264021e-11
-0.707718001650161,-0.16509294276607,8.42850162834039,50.3134456170203,1.18733727317902e-11,2.22074019020396e-11
0.18764888087808,0.581988596760298,6.3598805815569,50.2841604052015,1.20485089456216e-11,2.25280474388649e-11
0.416790674103877,0.519114160898997,7.28186384414305,50.2208738851111,1.24358592399076e-11,2.32451676550683e-11
0.248586575151552,0.586465178785315,6.22365353658407,50.2073612221528,1.2520164503617e-11,2.3395568292824e-11
-0.425511153122021,-0.491776021004609,6.93789454501513,50.1971786423493,1.25840708355093e-11,2.35077702505618e-11
-0.489882041130891,0.370778903577246,6.56987490165827,50.129635935446,1.30163095018871e-11,2.43077583581254e-11
-0.627531514905706,-0.0664441274811431,4.96116512535782,50.1140420278605,1.31181937428353e-11,2.44905131880961e-11
0.329169569124483,0.508693015366482,5.46114246161939,50.0535893459823,1.35207621752837e-11,2.52343348016943e-11
-0.550549240688746,-0.259016890802338,6.6593695202413,50.03429749205,1.36518134993785e-11,2.54711126522269e-11
-0.601807094246579,-0.231498163941262,4.83122380737479,50.0228549288932,1.37301432280167e-11,2.56094093051979e-11
0.584674943920594,0.0125432896960361,5.70687667509808,49.9049261875741,1.45640770703914e-11,2.71565394194618e-11
-0.696992541930229,0.71959459083528,1.7864277656848,49.8845743362571,1.47130366513671e-11,2.74258931823401e-11
-0.604850905924467,0.117222117585125,6.51742950595417,49.8386367270204,1.50548884501594e-11,2.80545334816561e-11
0.530468762987183,-0.348671797654854,5.81298108540072,49.8092524180579,1.52777100535125e-11,2.84610461462008e-11
-0.00909057126732476,-0.877474106919377,8.34190952124179,49.8015280787668,1.53368292522352e-11,2.85624400390357e-11
-0.653229812557272,-0.172358682418283,7.56716389091197,49.7902367109336,1.54236610242078e-11,2.87153664573018e-11
0.20553361045759,0.566376996194431,5.95579126450229,49.7451168866669,1.57755720776205e-11,2.93615661291818e-11
-0.354243087614869,-0.592008773532149,7.14764624582463,49.7145183859858,1.60187822266399e-11,2.98051180304963e-11
-0.246381085338673,-0.600342389625763,6.36205900617556,49.5890579671497,1.70558308798578e-11,3.17249918718527e-11
0.430043942602174,0.420880706169859,6.6835926233873,49.5528666001899,1.73672772154581e-11,3.2294436068329e-11
0.187420369479528,0.61381555438249,6.13765248398024,49.3904279072734,1.88367012756491e-11,3.50161335469167e-11
-0.414751558960181,-0.44461210003298,6.64806087035041,49.3522409466761,1.91998149811808e-11,3.56802422482994e-11
-0.426354004293453,-0.640414656969386,7.49853904263835,49.2429660362519,2.02780312944977e-11,3.76724609462624e-11
0.18219198744029,-0.88797706971129,9.95744408077372,49.1994850649482,2.07237126534094e-11,3.84887012306151e-11
0.54990400564394,-0.431592550872486,4.63667323882769,49.1748541059279,2.09805131770017e-11,3.89537554808132e-11
-0.38947123420035,-0.55033781708188,7.19380543805133,49.1656384149632,2.1077411214006e-11,3.91217315459965e-11
0.499313976089988,0.316254079496567,6.60805682011706,49.0531991006181,2.22963182874789e-11,4.13715287211739e-11
0.771031442008636,0.114420914316808,2.70206884953472,49.0519005614375,2.23107993094534e-11,4.1385784946969e-11
-0.556507700929078,-0.390193716694253,7.61192185014522,49.0046644940751,2.2844008408613e-11,4.23619625926397e-11
-0.649813926143977,0.126520231858789,4.53835690390072,48.9922354901562,2.29864145770252e-11,4.26130608845704e-11
-0.519153074406652,-0.239658712942482,5.73139915656334,48.9627958994247,2.33272724201233e-11,4.32317913222864e-11
0.39208603607918,-0.581954531196437,6.69782672822508,48.9252738921926,2.37690465678192e-11,4.40371136655153e-11
-0.216721851202817,-0.624851413621725,6.44916714670144,48.8957719260828,2.41222621044686e-11,4.46779226321889e-11
0.539289065573894,0.210756337395295,5.47707157806183,48.8808260616808,2.43032013650829e-11,4.49993582453237e-11
-0.675553311096797,-0.216032994892761,8.12507871859889,48.8451666863126,2.47404058830174e-11,4.57949501416267e-11
0.548580064711253,0.794922898463967,1.34246417859417,48.8230649404797,2.50153252158384e-11,4.62897568127732e-11
0.0622126955877712,-0.75859692764166,7.10419322035061,48.8152127743834,2.51137305073831e-11,4.64577305770125e-11
0.557881855641572,0.328284278337595,4.05635743922563,48.811732614423,2.51574684497897e-11,4.65245042291372e-11
-0.609981593370543,0.31025372016316,7.40878189870178,48.7707373737929,2.56784579677015e-11,4.74735657781254e-11
-0.750226996967509,0.208428567084206,9.2031498225656,48.637579450873,2.74463006079297e-11,5.07264960841154e-11
-0.711760321617252,-0.114192019325023,8.56953489761577,48.5204924372324,2.91010686628482e-11,5.37685298996721e-11
0.420303471586867,0.348682493259527,6.05744766038036,48.5028938979571,2.93582667308234e-11,5.42272839372734e-11
-0.477687508756085,-0.381764728370251,5.24507067543793,48.4225951996223,3.05609642388032e-11,5.64316500715299e-11
-0.614287891133528,0.0540746409821108,6.74434385211062,48.4103256607788,3.07490249725226e-11,5.67616931572825e-11
-0.769809498827722,0.0548361698076501,9.60585898684767,48.3969954389803,3.09546551467283e-11,5.71239589370361e-11
-0.991070823834982,0.802996105840079,0.791645051152723,48.3590175319677,3.15480679673667e-11,5.82014053894936e-11
0.58434954270764,-0.122932790306919,5.68125189119455,48.3459259099395,3.17552530154433e-11,5.85658831741954e-11
0.391662760870306,0.422290530186686,5.6053057495273,48.3225372878438,3.21287886858124e-11,5.92368460082453e-11
0.591065584667891,0.138999222601016,4.62931274376379,47.9112753683526,3.94637856250625e-11,7.27385791357495e-11
-0.523435005288259,-0.383059986166039,7.53390960111081,47.867707044701,4.03329032471525e-11,7.43180130050437e-11
-0.508818843139354,-0.449561432904774,4.21624707110816,47.8509485465441,4.06722825757805e-11,7.49206826993499e-11
0.628132350447908,0.668198217098246,1.64425371797778,47.8262274049032,4.11781350773373e-11,7.58295482004929e-11
-0.393608439643681,0.747655005938574,4.3255349976611,47.7939269301737,4.18485710103733e-11,7.70408528307085e-11
0.448796113141026,-0.433700843966245,6.26749821350771,47.7678821602252,4.23971030586796e-11,7.8027074794813e-11
0.159426371256692,-0.690448003429335,6.7248582800365,47.711126622143,4.36174720361802e-11,8.02487669254351e-11
0.764265357189501,-0.229747227994032,2.83162117483111,47.692142757193,4.40334572640866e-11,8.09896337836131e-11
-0.695545048489312,-0.0502484721474556,8.21683615942111,47.6791893907728,4.43195735595821e-11,8.14912605952086e-11
0.308447659839576,-0.57860105618989,6.21286274168826,47.6774226995637,4.43587403564432e-11,8.15386507518195e-11
0.740249864504836,0.424417940512615,1.78725620282768,47.6522344624621,4.49209323165152e-11,8.25471282653018e-11
-0.0871010710670908,0.667807210987313,5.28553571331494,47.6191043520325,4.56712473887477e-11,8.39005896507834e-11
-0.575522828090871,-0.285654337567046,7.20030910989213,47.5403117004194,4.75064392836438e-11,8.72456115712891e-11
0.475973515356394,-0.608965131207419,7.822134223502,47.5203615251264,4.79826915593543e-11,8.80936749738688e-11
0.245052406597241,-0.622468643006521,6.25792218848931,47.4927951618767,4.86486245067709e-11,8.92893656910525e-11
-0.574725468382083,-0.131535082436148,6.81574457217508,47.4808167058966,4.89408664886937e-11,8.97986724482119e-11
-0.507088977627941,-0.30314223040254,5.16037473546584,47.4699530601337,4.92074279089349e-11,9.02605667699896e-11
0.516371095781239,0.229106123215451,5.56742632909873,47.4690339733444,4.92300460540094e-11,9.02748555351835e-11
-0.401378792045769,0.646604459493939,7.70220880060752,47.4636491003662,4.93627734261941e-11,9.04909860339264e-11
-0.240806099630429,-0.563934157677693,6.17356056974396,47.455343949923,4.95681822486158e-11,9.0840184686807e-11
-0.517365740884449,-0.169004399710794,6.11455569762987,47.4454965658338,4.98128425349007e-11,9.12610849691470e-11
0.526915049257119,-0.346537047795336,5.48825670371113,47.3834545925554,5.13823033126789e-11,9.41081415666633e-11
-0.524640498186203,-0.416407041785969,7.86836245667707,47.3691597353722,5.17508702403344e-11,9.47546760971898e-11
-0.416716245862122,-0.452384421851354,6.50350089308912,47.2854683740483,5.3962368764591e-11,9.87741734933344e-11
0.585969506182686,0.661279404346986,1.68794617372739,47.247644748535,5.49926061006132e-11,1.00629692197335e-10
0.423406828777157,0.347270973243736,6.59459892679131,47.1494721719264,5.77593378073888e-11,1.05660711710151e-10
-0.0716415419152802,0.624255832917213,6.33425736794672,47.0454834211534,6.08419431365624e-11,1.11266371227213e-10
-0.0272487479783521,0.641524325360437,6.51526594189197,47.0268386699668,6.14117866027913e-11,1.12274761813151e-10
0.461199340603966,-0.41653074815383,5.41437992803994,46.9878924922121,6.26193834417721e-11,1.14448155626992e-10
0.0296593341973093,0.623337259910902,6.01908356960518,46.9530724859157,6.37191326447292e-11,1.16423193139589e-10
0.329973082366099,0.475022267240979,5.70524647704538,46.8173283555326,6.81940241217635e-11,1.24562021858175e-10
-0.373187687768963,-0.732454149138823,11.0847436726458,46.7671613117157,6.99262041875838e-11,1.27687681791845e-10
0.579524069880084,-0.0545513760587553,6.68358376990951,46.6553159819222,7.39480725783147e-11,1.34991264124971e-10
-0.517593969053096,-0.4852256385656,8.31688116963074,46.6000990356933,7.60181097497702e-11,1.38728492852698e-10
-0.368778901685969,0.547137804788588,6.92242121774619,46.5951354075605,7.62070068706574e-11,1.39031542651652e-10
0.485980815352238,0.382004791973848,4.76985130914172,46.5680871778193,7.72446399043393e-11,1.4088237499629e-10
0.599737660181514,-0.0733476096654474,5.00491317008881,46.5373384546799,7.84414030892592e-11,1.43022240792875e-10
0.441939211811599,0.333410040449178,6.33334069129083,46.5252276396151,7.89178388027547e-11,1.43847845099153e-10
-0.690402355528062,0.101733428260947,8.19137003350694,46.5061013653521,7.96761611081786e-11,1.45186611441661e-10
0.327259029080691,0.483574076325365,5.51107760608706,46.4850997666497,8.0517232722676e-11,1.46675318017849e-10
-0.318578652873503,-0.584578685371149,6.65503361712987,46.4797584668391,8.07325534577925e-11,1.47023567290171e-10
-0.814607865264688,-0.317036229040589,1.97529367298043,46.4681229887606,8.12036032796527e-11,1.47837182047406e-10
0.13928624890243,0.747882980759981,8.26596481427262,46.4641378609192,8.136556795868e-11,1.48087766138249e-10
0.590564008291481,-0.129561651923224,6.71224497210554,46.4579933401901,8.16159285577034e-11,1.48499035582576e-10
-0.611778787279547,0.147764898530376,7.22874527020103,46.4481166644803,8.2019972418688e-11,1.49189600264408e-10
0.0144987359095056,0.644967027540097,5.46073306119538,46.3937202101108,8.42813840522282e-11,1.53257188204888e-10
-0.523060344865097,-0.230511131433515,6.48334037094871,46.3875974661288,8.45397960665618e-11,1.53681181980659e-10
0.232955280160916,0.658793339771485,7.84905106872713,46.3854265849309,8.46316088130636e-11,1.53802159538487e-10
-0.133025069254267,-0.704668919823982,6.91636512924823,46.368289357016,8.53599001653125e-11,1.55079400837488e-10
-0.617959887372314,-0.329443261912373,8.07034299370421,46.3522827872507,8.60458008319679e-11,1.5627888886188e-10
0.544854458499948,0.141070548191334,5.5858736612488,46.3306609063281,8.69810833944002e-11,1.57930460991682e-10
-0.595808405874788,0.053965557377026,5.36541455881344,46.2797897874613,8.92218729703105e-11,1.61950734240683e-10
0.529272179898538,-0.417944453462631,5.39676586944557,46.2741387565786,8.94743272388574e-11,1.62360567579781e-10
0.00881507683240147,-0.678488313056346,5.97275695443052,46.2694925528807,8.9682426838589e-11,1.626896944557e-10
-0.561520198135574,-0.0487847522747014,6.26055997925391,46.197695633242,9.29603724174666e-11,1.68585864544992e-10
0.450644368235848,0.384949180487129,5.03821281164894,46.1800331179367,9.37849651539917e-11,1.70030633668107e-10
-0.57560033902767,-0.187734411542332,4.85538089272703,46.1616894303812,9.46491030140212e-11,1.71546215882513e-10
0.538549632059084,0.166257621555955,5.36477243938892,46.1194527091379,9.66691923142231e-11,1.75155369883628e-10
0.60020392535744,0.00881323020853542,4.86506906528574,46.0966600085558,9.77771697499879e-11,1.77110208104114e-10
-0.567033174406505,0.0143891514425966,6.30458514176062,46.0817616533942,9.8508248839138e-11,1.78381385762246e-10
0.20844844848291,-0.621102071413407,6.26718959565224,46.0588736410141,9.96420531060946e-11,1.80380856173031e-10
-0.434389709018275,-0.394705586274807,6.06463528296378,46.0397933246184,1.00597202951826e-10,1.82055817946111e-10
-0.568311924811826,0.160346602355929,6.21434749469401,45.9695589398655,1.04192655896518e-10,1.88506653520952e-10
0.329378170334374,-0.58981493318366,6.78883074355729,45.8966766010948,1.0805958796425e-10,1.95444673656076e-10
-0.118004280067138,-0.746104198736289,4.33071568431233,45.8861813520074,1.08628134565083e-10,1.96414637134608e-10
0.288493903898648,-0.637071318054271,6.58103068916483,45.8732866977857,1.09330758270607e-10,1.97626382527153e-10
-0.704516200902516,0.459902962582758,11.9639424393684,45.8593976275645,1.10092651996994e-10,1.98910266479776e-10
-0.318537131991481,-0.498051217242145,6.36506198505466,45.8591483826147,1.10106372870704e-10,1.98910266479776e-10
0.708171113812532,0.110980866113851,9.70334089012257,45.8239417412576,1.12061770916396e-10,2.02382693959958e-10
0.550857194980733,0.0618141008646278,5.85180084522981,45.8099142502733,1.12850506418711e-10,2.03746703166404e-10
0.528444658076014,0.170754300921837,5.48677814321769,45.7747521932692,1.14852077673537e-10,2.07298976838569e-10
0.394822897516592,0.401663400202628,6.51278326208099,45.7405331473558,1.16834048874743e-10,2.1081377876391e-10
0.144124763433216,0.606197696087946,5.30287790178203,45.7135565011316,1.18420620316268e-10,2.13613255254945e-10
-0.585049011827038,0.308507249103622,7.44460821333862,45.6538687543959,1.22008014930938e-10,2.20019192801999e-10
0.515102727174603,-0.452910941753463,7.45905696587322,45.6416714237021,1.22754374569149e-10,2.21299565406271e-10
-0.0957779093409948,0.620009131301655,5.97158464599604,45.640271534295,1.22840325920558e-10,2.21388959207922e-10
0.0199547744639486,0.613350387678635,6.04196194865972,45.5996632503311,1.25359986550783e-10,2.25863154223488e-10
-0.113251267047798,-0.823302767573599,8.31024553847938,45.5708858567371,1.27176792779683e-10,2.29068732083643e-10
0.0625628265303689,0.613644919815007,6.35404314481945,45.5417232577105,1.29044781440782e-10,2.32364575395292e-10
-0.493095587499036,-0.258214481134676,6.25154741530489,45.5405375005461,1.29121312012272e-10,2.32433633214286e-10
-0.157852542866872,-0.658368556655358,4.90736009491158,45.4921247349328,1.32285008261713e-10,2.38058270853475e-10
0.731719528412701,0.668473639682541,0.917376671795065,45.4628440366161,1.34235953382983e-10,2.41497779017612e-10
-0.191156862994008,-0.639358711217629,6.76257048713714,45.4492812198909,1.35149355776713e-10,2.43069210625887e-10
0.148566139880022,0.897236031893928,1.92568534821305,45.3947398547095,1.38885685538842e-10,2.49715314105278e-10
0.458337015403859,0.366775995550684,4.9381024171429,45.3776288588233,1.40079019238822e-10,2.51786557167389e-10
0.608265986235505,-0.215027918039414,7.21641980642187,45.3057183025113,1.45207240183881e-10,2.60927295820385e-10
-0.654365921553609,0.275751705713309,3.78469890751487,45.2561288892898,1.48852617374897e-10,2.67398859421179e-10
-0.543299457257587,-0.482620241514999,3.0029690085665,45.2272781355513,1.51015434700819e-10,2.71204119899288e-10
0.308080907423791,-0.633306463643984,7.12706775643383,45.2123778932944,1.5214471941221e-10,2.73151592975976e-10
-0.0946810774600801,0.772098876178687,8.60473422781923,45.1998246525442,1.53102677282006e-10,2.74790418423601e-10
-0.617963166631058,0.0236710640025001,7.21343992734297,45.1704124807176,1.55370855541956e-10,2.78779183182855e-10
0.274398740542591,0.508442156645307,6.4818037127751,45.1310816172531,1.58456531628229e-10,2.84231987198779e-10
1.04736567497132,0.0101392280236619,0.943197641178411,45.1038987828391,1.60624882560599e-10,2.88036608255944e-10
-0.536168811482315,-0.248189886956161,6.82890953579936,45.0751076437087,1.62953892724927e-10,2.92127002034558e-10
0.497236705811969,0.190125958354746,5.64341132364402,44.9673949646732,1.71970617475877e-10,3.08200506091593e-10
-0.00199616196495734,-0.662419979045794,6.15365478601717,44.9389277189872,1.7443588561255e-10,3.12526683816717e-10
0.430073209007534,-0.487530240986112,5.67409057086228,44.8839196397522,1.79300164138712e-10,3.21147219557657e-10
-0.3971885755153,-0.366295690015415,6.31458174384076,44.8242182853797,1.847330801524e-10,3.30780879990533e-10
-0.589046975987999,0.0476500518157393,6.78248638324867,44.8033908615906,1.86666888813605e-10,3.34145257011829e-10
-0.582324548072498,-0.0537252121281078,6.82233193594436,44.7374007858799,1.92928706249277e-10,3.4525278178883e-10
0.327528806798514,-0.622854344455845,5.81854043353386,44.6740976149271,1.99132873604911e-10,3.56250641935556e-10
0.372212586217486,-0.582652574038794,7.11342740315619,44.6685964474089,1.99681359234979e-10,3.57126943308623e-10
0.435386900984998,-0.433395293487253,6.43308279351023,44.6390622473353,2.02651953390572e-10,3.62333360423437e-10
-0.457897019020238,-0.31075534866068,5.98288854857635,44.6094443826842,2.05675343792516e-10,3.6763109013765e-10
-0.531639952585314,0.579183953782377,10.2959198548692,44.6044277671262,2.06191888412922e-10,3.68446203891362e-10
0.553500072849839,0.0651026877944997,6.50961908804744,44.5836871858412,2.08341283889127e-10,3.72177739529638e-10
0.663340372924511,0.221839264277876,3.03516184200215,44.5764824019178,2.09093164326413e-10,3.73411318398123e-10
0.656561044959204,0.0934335197111104,3.42400749689752,44.4977013274751,2.17493823449242e-10,3.88299823213779e-10
-0.560047052720182,0.048818258902101,6.29528181397559,44.4840788856799,2.18980278464627e-10,3.90839031161727e-10
0.532616525370228,-0.441299698762513,7.73827440440295,44.4820262062327,2.19205141996558e-10,3.91125704711325e-10
-0.250019246892841,-0.560814008404171,5.54535031608338,44.4750308818911,2.19973189932465e-10,3.92381125200365e-10
0.563208719522956,0.781521815545291,0.93172846736773,44.4056932155969,2.27733140744764e-10,4.06104089295291e-10
0.331295474881703,0.492099325619274,4.80931783735891,44.4006130608104,2.28312335836031e-10,4.07017716125844e-10
0.383383481053109,0.457748024859696,6.80828049361636,44.3188780533745,2.37836173316341e-10,4.23871962280411e-10
0.0168667599606001,-0.66456542160941,6.25578270443639,44.2401578695555,2.47384097934092e-10,4.40759259064312e-10
-0.694517534741766,-0.186266089599786,8.97352455569571,44.2361639961975,2.47878601895279e-10,4.4151109664671e-10
-0.488224701200176,-0.377839546260327,4.92593372893942,44.1473574539318,2.59133245023984e-10,4.61422402955839e-10
-0.0488693091038435,0.763407401446246,8.61737273014528,44.0969584699551,2.65746243312518e-10,4.73059394528249e-10
-0.519344438538232,-0.165723761954434,5.49959871696602,44.0861340958247,2.67188410813046e-10,4.75487589894715e-10
-0.694957052392935,-0.0317864543996662,8.62727859143299,43.9468719051714,2.86456062058908e-10,5.09627266456642e-10
0.582331557298516,0.132098928444108,7.00376092103058,43.8457552134312,3.01311167311957e-10,5.35899032017294e-10
0.164237743109882,0.566573033213749,6.03566701407647,43.8407443386767,3.02067030060718e-10,5.3708647167338e-10
-0.530900629196318,-0.212788252639565,6.83738790699288,43.8381403357223,3.02460577924426e-10,5.3762919661428e-10
0.404276247786398,0.452085681062966,4.47804740972632,43.8198672806362,3.05236679980277e-10,5.42405402136581e-10
-0.555105546598639,0.0845177961788254,5.8987184496286,43.8105909715812,3.06655703149954e-10,5.44767995557898e-10
-0.0363463150547488,0.721233545923239,7.9962848565657,43.7689657601585,3.13104886751683e-10,5.5606258767335e-10
0.0769099297526157,-0.797666809725905,8.09314222359094,43.7623094475147,3.14148684757931e-10,5.57753628698245e-10
-0.555100337707816,-0.0279187335992361,5.77742803467369,43.7583428240472,3.14772357795143e-10,5.58697992494703e-10
-0.42748837742449,-0.432600583685262,7.23263470324449,43.7325167972349,3.18863374300193e-10,5.65794294007455e-10
-0.277280958946113,-0.563483078096383,5.47612657239157,43.7063965767352,3.23055077596619e-10,5.73065067718012e-10
-0.407351441838011,-0.320067686769304,6.15779262201917,43.699056429984,3.24242891785115e-10,5.75004580596499e-10
-0.587617811274786,-0.0369956333449044,6.9905220017074,43.6915089035946,3.2546881940163e-10,5.77010533639232e-10
0.678210655466748,0.219027601628918,9.00065474565477,43.6757063871379,3.28050618889452e-10,5.8141838946113e-10
0.563123338186622,0.119965774528579,7.44847823602399,43.5685927197413,3.46098963576239e-10,6.13227732902253e-10
0.469708735903529,0.2683368018136,6.57154249521322,43.5531659919366,3.48778873100245e-10,6.17796269838316e-10
-0.578125253384116,0.222946839619364,6.70358270087407,43.5387895207623,3.51295010267059e-10,6.22072141508394e-10
-0.546796621820685,0.192763176104355,6.89722712024168,43.537553378385,3.51512202704901e-10,6.22275745875963e-10
0.418474756371191,-0.42436948774818,6.65099406775086,43.4451420597495,3.68135135227412e-10,6.51513576530373e-10
0.511721777918884,0.277237598967261,4.67785845738003,43.3832661716618,3.79702491926078e-10,6.71789820065667e-10
0.298577492002718,0.472939601702365,5.70744284770373,43.2681205617615,4.02204568096599e-10,7.11394947871033e-10
-1.01468652548242,0.726749054447179,0.505218755565664,43.2596488444079,4.03911863183813e-10,7.14207209719157e-10
-0.5886364502381,0.143495395209239,6.9399531402056,43.2494457360365,4.05977706465364e-10,7.17651648362699e-10
-0.548421945019283,-0.102970449272025,6.6351521722147,43.227514084438,4.10454086015315e-10,7.25353984226774e-10
0.423872705117315,-0.624344713719465,9.45779277065773,43.2111951514659,4.13816872991068e-10,7.31084481360889e-10
0.580217844777688,0.944942692676049,0.6299836108961,43.1349872240208,4.29889201226425e-10,7.59258908345365e-10
-0.546881141274442,0.0306637765478315,6.19267764824909,43.1091473745716,4.35479371877057e-10,7.68909053360651e-10
0.43589911159019,-0.575953145876704,7.88870381322519,43.0762997460662,4.42690660526267e-10,7.81415117797597e-10
0.749491895261847,0.574088241110676,1.12331976612087,42.968248870077,4.6726506183828e-10,8.24553535209116e-10
0.485754298506502,0.24996031614616,5.46354794984767,42.953285126966,4.70774190067074e-10,8.30505148979527e-10
-0.384289490524964,-0.49266625905648,5.2216394141826,42.9511589941539,4.71274920401007e-10,8.3114765799575e-10
0.540598323339851,0.140511929718255,6.67876596509249,42.9503387922022,4.71468230341351e-10,8.31247780572877e-10
0.266227258865179,0.533084129844557,6.96203145885643,42.9254220094948,4.77378707134637e-10,8.41424889703436e-10
-0.531316824902708,-0.280015021944507,4.60142881798047,42.9059177149873,4.82056948957271e-10,8.49424806151047e-10
0.542353878928894,-0.232269983706592,5.05595835540405,42.9000176637646,4.83481128953712e-10,8.51687822068924e-10
-0.547805237176122,-0.183450172862759,6.99931779136034,42.8902024140648,4.85859704761527e-10,8.55630281338784e-10
0.508495424305087,0.178938734365912,6.46082960811787,42.8816868568397,4.87932798075475e-10,8.59032641608876e-10
0.164164738928835,0.567308318764839,6.96348882660385,42.8709437217888,4.90560814011763e-10,8.6340972411206e-10
0.292854689484398,0.615701588947636,4.07243081467852,42.8499200350087,4.95744710883513e-10,8.72281445045904e-10
0.169186703345616,-0.668180057944022,6.81282551601251,42.8478373114931,4.96261229361669e-10,8.7293798449981e-10
0.549867581395008,-0.0414242690897134,5.63774627959106,42.8170036928292,5.03971273545747e-10,8.86244111307483e-10
0.249031453067548,-0.656044252730082,5.69962511686957,42.761480989946,5.18158210320372e-10,9.10929016584009e-10
-0.573132770189507,-0.0538251199148771,5.13391103418651,42.730221022188,5.26320637930112e-10,9.25011559964932e-10
0.508721480381848,-0.335644445653272,5.41653156442225,42.6977314065521,5.34940439495352e-10,9.39889580273507e-10
0.548893609051276,0.116239865919501,5.15345821259471,42.6046076896776,5.60437243531225e-10,9.84403329087737e-10
-0.210070941590841,-0.552052694403023,5.79223084399713,42.5993795090017,5.61904193649273e-10,9.86695336295579e-10
0.0854574001574009,-0.905152626591627,2.83221674927799,42.4841955398776,5.95215393541711e-10,1.04488792268799e-09
-0.66390820319838,-0.0755151209234656,8.35240149665396,42.4614346259937,6.02027907935847e-10,1.05654249164412e-09
0.505301649964933,0.234228486694507,5.06046003076193,42.4584613998893,6.0292355605772e-10,1.05780939748686e-09
-0.437205897285015,-0.475586730369297,7.68248658961148,42.3693688237299,6.30388757244031e-10,1.10567754367665e-09
-0.605068690657476,-0.838782486321822,1.32740673250912,42.348421638047,6.3702588905512e-10,1.11699700822799e-09
0.40335815096951,0.397983310154737,5.25754387818404,42.3440324304899,6.38425443650458e-10,1.11912873623495e-09
-0.434158587676251,-0.340141655224392,5.92487834717455,42.2896679375569,6.56017291211029e-10,1.14963536813263e-09
0.324687984964424,0.489272124584572,5.59059607129263,42.2305912107795,6.75683999600398e-10,1.18375947901215e-09
-0.554012269570627,-0.169865779697708,7.11280625835829,42.2191414534795,6.79563302177011e-10,1.19021328643661e-09
0.49903278869274,-0.212713644699721,5.45210739330374,42.2162067811257,6.80561181928248e-10,1.19161819832591e-09
0.417742474703183,0.358246917370445,6.79046935999246,42.2053331834103,6.84271332717603e-10,1.1977699464016e-09
-0.5214553275593,-0.259591409292842,5.82651662820927,42.134811031714,7.08829912544503e-10,1.24040141062689e-09
-0.113120738447577,0.600352228730488,5.83121470228849,42.1235293947015,7.12839591737333e-10,1.24705960761405e-09
-0.367505974641602,-0.489156385137254,7.20116251960154,42.1026222491339,7.20330396916927e-10,1.2598021994916e-09
-0.538730435189358,0.348851442050172,7.9519222104183,42.1014984186747,7.20735275280289e-10,1.26014829290821e-09
-0.515401484140538,-0.113628092525555,6.00837302658317,41.9368810516882,7.8256782039075e-10,1.36786474032124e-09
0.404390668299201,0.334215578101602,6.0993020265406,41.9315594951178,7.84652832501315e-10,1.37111551213203e-09
-0.637234078682528,-0.185186149274215,8.38913374339716,41.8943868977337,7.99372997351158e-10,1.39643696065247e-09
-0.592833069202103,-0.117382865390835,7.53346213762476,41.8819170288572,8.04372605499497e-10,1.4047677631328e-09
0.730114483497381,0.466356696869578,1.36586672830132,41.8390858139464,8.21784511275423e-10,1.4347645840679e-09
0.655256617478964,0.0252997011216263,8.53252936349492,41.8124348398335,8.32808476873689e-10,1.45359461215798e-09
-0.592257292444957,0.108394083288239,4.72477087291188,41.7839910118096,8.44737231218189e-10,1.4739926235759e-09
0.0517412493921511,0.691716499833479,7.79774099697575,41.7281215624819,8.68667418646452e-10,1.51531439676779e-09
0.504049659372052,0.361595630416965,7.92734084432563,41.6799339923881,8.89851077198326e-10,1.55182278945386e-09
0.243806110473107,0.857832784538028,1.70395073534169,41.6630008747255,8.97417037322202e-10,1.56456899290308e-09
0.54436903301619,0.0711252185441065,6.80589814372141,41.6105686843851,9.21254910489727e-10,1.60566844977425e-09
-0.189831695241965,-0.660505705626313,7.35318818916364,41.6049482019496,9.23847500206234e-10,1.60972626824715e-09
-0.484270970401287,-0.30143956585498,4.99239213923863,41.6018031796502,9.25301403540959e-10,1.61179826745561e-09
-0.134408656671634,0.615842918636782,5.32490002712778,41.5667330806603,9.41669699484163e-10,1.6398412844564e-09
-0.324572484298746,-0.444619094242427,6.30493002334919,41.5634149351501,9.43233294727372e-10,1.6420944519017e-09
0.0707648553923444,-0.639405599764457,6.15102848912812,41.5002745461476,9.73486388659534e-10,1.6942781973011e-09
-0.458493753463522,0.481002949306448,4.48697170490899,41.4721598183843,9.8726767841915e-10,1.7177723996044e-09
0.276841142474634,0.479527441140682,6.45366010845982,41.4667625165564,9.89935567473308e-10,1.72192220993643e-09
-0.141427470607541,-0.635938749303321,6.60523541465391,41.4659263587204,9.90349525191745e-10,1.72215021690013e-09
-0.544600194311476,-0.091516513828802,6.77975228213315,41.4627629072102,9.91917226051861e-10,1.7243838013146e-09
-0.0132413053260511,0.839460208199156,2.26582300788032,41.353439976677,1.04764611108322e-09,1.82074493984432e-09
0.677495399204014,-0.234719065796356,12.3734780793473,41.2652543539419,1.09487331222341e-09,1.90227988721921e-09
-0.689016597592771,0.171414054588109,9.73756645830457,41.2199253760362,1.11997139962106e-09,1.94533120710214e-09
-0.234571653816111,-0.534656256904449,6.38416692340019,41.1810955464077,1.14192800203468e-09,1.98290293108588e-09
-0.490335642854714,-0.17185470916069,5.77482140992845,41.1308670160757,1.17096984045546e-09,2.0327528909874e-09
-0.562487430756353,-0.184413218990017,7.39278924905011,41.0977506448195,1.19052039057275e-09,2.06610266186057e-09
0.0347365832092923,-0.654363340831346,5.68142118249505,41.0768432803969,1.20303098938492e-09,2.08721933980491e-09
-0.408519487455893,0.421848539210601,6.25632607005579,41.0704494348376,1.20688314079394e-09,2.09330614277878e-09
-0.500609192487534,-0.490384185883999,3.64769070667059,40.9875730431656,1.25794484682243e-09,2.18124985116916e-09
-0.505233808542396,-0.269683750157352,6.91036179565644,40.9695639280747,1.26932323538007e-09,2.20035303445156e-09
0.460364224107413,0.188706435138292,5.96946446675946,40.9309756813167,1.29405150249578e-09,2.24258057136188e-09
-0.577777014666585,-0.207988817858916,7.79203675260935,40.8417788525541,1.35307044101701e-09,2.34419261380523e-09
0.690359090394133,0.163560857020205,2.51251223185854,40.8332289233343,1.35886715080359e-09,2.3535656370106e-09
0.470587854045188,0.200790627562722,5.78961971188257,40.8201578978866,1.36777712827905e-09,2.36832399231026e-09
-0.527471351718938,-0.350973596472324,7.76244189835886,40.8111994017498,1.37391748315873e-09,2.37827968082751e-09
0.421807733630321,0.445244985709459,3.50525690643341,40.749162999192,1.41720176206426e-09,2.45250833639773e-09
-0.629512199768858,-0.270603954086905,7.97189255782448,40.7189988334424,1.43873811478175e-09,2.48907008888641e-09
-0.337849598978562,-0.450465013946081,5.84915559170369,40.69934056195,1.45294939490117e-09,2.51294202163588e-09
-0.365815780925396,-0.4222373114662,6.41360451150162,40.6459433190095,1.4922636233721e-09,2.58020475407251e-09
0.570137784470785,-0.155616472938651,4.7332599245801,40.5902957523165,1.53436706544121e-09,2.65194815429188e-09
-0.625473348125824,-0.218371164145197,8.54676076047847,40.5899560713557,1.53462768521194e-09,2.65194815429188e-09
0.537928535480791,0.0209261109023388,5.4468904278473,40.5626229521379,1.55574473598917e-09,2.68767705808799e-09
0.473059077486236,0.166852844616352,5.99418549040871,40.4686818253119,1.63056229940462e-09,2.81613142660294e-09
-0.680795649473258,-0.0277405907182409,3.19189123465432,40.466142838635,1.63263360185578e-09,2.81890906639195e-09
-0.280535719892694,-0.538307049700919,5.81388825216945,40.4389227811849,1.65500568911352e-09,2.85672657650216e-09
0.36910926266506,0.618974562762739,2.76456458719448,40.410598163581,1.67861115011963e-09,2.89665098694113e-09
-0.703606538673564,-0.0384097373565722,2.84733497595477,40.3887881769956,1.69701656652833e-09,2.92758199405625e-09
-0.244780450025952,-0.506342096039766,6.54210692877127,40.3602821130972,1.7213773932855e-09,2.96876645051619e-09
-0.482036747015809,-0.28871477940498,7.35403032461803,40.3544746319075,1.72638309080785e-09,2.97655628910739e-09
-0.569370746587827,-0.0543191178072789,7.15703509406463,40.2739241091703,1.79733278949513e-09,3.09800736762355e-09
0.539721890926658,-0.143533125268134,5.37173182735416,40.2686090983526,1.80211556341375e-09,3.10537207757229e-09
0.321563867854244,0.467448940482824,5.34558929022106,40.2294426211404,1.83775464786706e-09,3.16588859542011e-09
0.461419111827686,0.301802113751047,6.48179756559748,40.1325371639784,1.92899136009316e-09,3.32212147107416e-09
-0.515402437702664,0.3064702047231,5.35448272110319,40.0744543615418,1.98583336282864e-09,3.41904793916876e-09
0.20864667469527,0.527380309320701,5.32722485178912,40.0606858455551,1.99955151750952e-09,3.44169342340908e-09
0.595808507977562,-0.0404964409548062,4.07381077562498,40.005404070791,2.05559182985928e-09,3.53715179767759e-09
-0.381588938210097,-0.414782009316083,6.9227862723122,39.9677218881775,2.09468857936666e-09,3.60340889267709e-09
-0.329665949871968,-0.442235039274698,6.36578014185104,39.9595435359924,2.10327166674447e-09,3.61715195116959e-09
-0.504772738248071,-0.101587116996108,6.30939201517921,39.9167728736764,2.14873522179339e-09,3.69429540533131e-09
0.418494859481846,0.292490568459792,6.13340472468743,39.8734839496532,2.19575041347009e-09,3.77406225782211e-09
-0.590150373675239,0.0989512124840414,4.49583055436265,39.8660375006349,2.20394092331741e-09,3.78707094020785e-09
0.578871652886176,0.0457269866593902,4.27049375100664,39.8519789803844,2.21948757408023e-09,3.8127089026525e-09
0.514648119755173,-0.0142123842767931,6.22511771211141,39.8480828557677,2.22381548832176e-09,3.81906592183437e-09
-0.463876706654849,-0.226159996134424,5.87194043284059,39.8303170995064,2.24365736631237e-09,3.85205472253517e-09
0.545775092073236,0.205484887420345,4.30916916718981,39.8198919192218,2.25538316692876e-09,3.8710946490731e-09
0.448116946386705,-0.342411385655743,6.55495161740838,39.7623237315369,2.32124567666009e-09,3.98301682060502e-09
0.560417212735505,0.25205814551776,3.52231889119434,39.7323224171325,2.35632836114405e-09,4.04207581365032e-09
-0.438700030063483,-0.329234003041285,6.88858320761592,39.7035455838949,2.3904772805926e-09,4.09950019274585e-09
-0.362540866494584,-0.40929437167898,6.3421575234207,39.7007045534507,2.39387540292859e-09,4.10417162856357e-09
-0.484560176579745,-0.174368183945014,6.07700114328619,39.6104951071941,2.5043226113798e-09,4.2923187100451e-09
-0.511803464756556,-0.0752498123070412,5.94899179698158,39.5953496124015,2.52335920258953e-09,4.32372947519422e-09
0.503408812622303,0.0331850815647957,6.08941085323565,39.5776285873867,2.54581680436922e-09,4.36098275323574e-09
-0.498798852780128,-0.375668092497313,7.91827020298891,39.575909802305,2.54800560072412e-09,4.36350438740041e-09
-0.486696789205433,-0.596667893935848,9.67348647226891,39.5674718853069,2.55877823928737e-09,4.38072045016353e-09
0.282242013216956,-0.581655938136609,7.02972510623642,39.552687534211,2.57776326107563e-09,4.41198277577409e-09
0.539500821371885,-0.155844842757734,6.78696679293782,39.5261731799908,2.61216465401168e-09,4.46960607465518e-09
-0.404608603229469,-0.330329570409329,6.3367607943275,39.5218674625143,2.6177943332905e-09,4.47798030375739e-09
0.530083721045887,0.110959734406426,5.33313553086832,39.5020907839876,2.64380837765878e-09,4.52120938291761e-09
-0.493775680758558,-0.38471175659029,8.02722883998331,39.4628344837519,2.69621407634591e-09,4.60953420297498e-09
0.037626047973324,0.572803440337118,5.87230626128967,39.456068366583,2.70535097313655e-09,4.62385646391222e-09
-0.398417954688302,-0.400917376699238,6.91606068921767,39.4413907283415,2.72527808588803e-09,4.65660763033577e-09
-0.496559394908104,-0.123253250454119,6.10143642471514,39.4343464623423,2.73489380174192e-09,4.67172656144917e-09
0.4888254126877,0.240259237068782,5.39516111777509,39.3864947992803,2.80111747928378e-09,4.78350721286947e-09
0.43536299711262,0.342119938539666,7.05864610811805,39.3635129141999,2.83349060191647e-09,4.83743431981701e-09
-0.408341282886851,-0.295881205069047,5.87267528122347,39.3590536024244,2.83981535931599e-09,4.84687297659538e-09
-0.139465710238798,-0.635916809369719,4.92523975139186,39.3452440972846,2.8594914327532e-09,4.87908739983225e-09
0.237011990787571,-0.797625801476067,9.92639202767105,39.3038723792559,2.91925850479415e-09,4.97967099388815e-09
-0.404981789690143,-0.392908940676943,5.61432034045366,39.259064708807,2.98539922775446e-09,5.09106736654599e-09
-0.524129783683273,0.0882555805718138,6.20887783251982,39.2480479679903,3.00188928750105e-09,5.11775468560806e-09
-0.461225572317633,-0.22320056689111,6.39443419941287,39.1518245665122,3.14984597145211e-09,5.36849447765971e-09
0.593443746321849,0.290081907012571,3.1456222723716,39.106717300115,3.22169360924496e-09,5.48941245258419e-09
-0.631238686546331,0.959436829364579,0.925005190178022,39.0829675822365,3.26017881736954e-09,5.5534327476625e-09
0.529941273146873,0.0492628569995423,5.17930681470856,39.0675277660857,3.28544449703155e-09,5.59490520221765e-09
-0.686323127675785,-0.224013189316997,9.76545363812027,39.0589044987786,3.29964071253951e-09,5.61750913253371e-09
0.425706267014932,-0.477757929359831,4.82131997625377,39.0575255951113,3.30191644029145e-09,5.61981193416113e-09
-0.383113485480412,0.474423402225585,5.42962362454066,39.0355087740754,3.33846609968406e-09,5.68043085938416e-09
0.00858411473150164,0.574228074269283,6.26114739454794,39.0328936479607,3.34283420979167e-09,5.68627400648553e-09
0.458157347434967,0.375385019866875,8.04666528994283,39.0292199944614,3.34898005979067e-09,5.69513704022502e-09
0.475344689804067,0.132784924189516,6.12645945053704,38.9944502887921,3.40771061713871e-09,5.79339353173428e-09
-0.0803166723727147,-0.812573249017421,8.9452490018016,38.9830286480927,3.42722711484131e-09,5.82494658714513e-09
0.432845287701773,0.262158772392155,5.8020386533386,38.979341509633,3.43355127301457e-09,5.83406646667952e-09
0.524928190027902,-0.445788112716941,4.5581656270648,38.9610068926459,3.46517241569572e-09,5.88615225076885e-09
-0.152809689207478,-0.753128293935526,8.49076707655533,38.9327700271715,3.51444220707713e-09,5.96817968108384e-09
-0.597538874912717,0.185622707205109,3.99120160517033,38.9194383161968,3.53794722443836e-09,6.006420162404e-09
-0.322881508067492,-0.468597751780605,6.58428174559793,38.9169270607436,3.54239235920183e-09,6.0122901262394e-09
-0.121033045119417,-0.674228797433365,7.45359937484782,38.7973814273695,3.76058722948439e-09,6.38084031580294e-09
-0.49680761296975,-0.227172856276751,6.77478630855809,38.7632386879879,3.82533671302245e-09,6.48889660319885e-09
-0.549611079522996,-0.128945811936343,7.17571421912603,38.7324344010012,3.88471117118982e-09,6.58777760729906e-09
-0.512903780139992,0.413030375980789,7.86281985824724,38.7255955410746,3.89801740587081e-09,6.60850180087483e-09
0.493295296508989,0.119566112019819,5.55666545190897,38.7061072309492,3.93618595001358e-09,6.67135302441055e-09
0.293577154503445,-0.533259831115275,6.69961518282401,38.7008092997717,3.94662659349345e-09,6.68718694717176e-09
-0.156257213370778,-0.596645538769458,6.80166067102815,38.6650871368511,4.01775090027269e-09,6.80580619946025e-09
-0.0388671043735886,0.581117188891091,5.76999888576155,38.6452745314177,4.05774975018274e-09,6.8716496464847e-09
0.515790153443576,-0.0166305033904516,6.44271404031268,38.6362836411592,4.07603220462909e-09,6.90069078470019e-09
-0.57626182311695,0.0123963878399704,4.60382782699816,38.5893209893619,4.17287539881798e-09,7.06268152015676e-09
-0.559048231572049,-0.230133383660308,8.03120718950838,38.5881642249597,4.17528961377827e-09,7.06480354882771e-09
-0.532724155117081,-0.0640138275883067,6.82812002314355,38.537362487301,4.28270403206693e-09,7.24454074665837e-09
-0.186039535308728,-0.616910606471447,4.4682629556138,38.5011419865826,4.36097145645213e-09,7.37488728524459e-09
-0.604340492819421,-0.199344999382793,8.66920521781756,38.4343369582175,4.50909901150685e-09,7.623269864497e-09
-0.542645946231688,-0.233942723620065,7.76863750549122,38.3967303042977,4.59468722435418e-09,7.76581227703171e-09
0.530232432734392,-0.132471673528281,5.40517184727445,38.3728767868018,4.64981504502842e-09,7.85680654846878e-09
0.405548734889684,0.326187460431025,5.45874637728068,38.2841072049414,4.86084472470078e-09,8.21110507324594e-09
-0.440916957598714,-0.233707703899813,6.1334917545998,38.163424682392,5.16318426999884e-09,8.7194079988219e-09
0.580474402589109,0.22489637237897,8.7061393724458,38.133293500613,5.24155959477549e-09,8.84931081891103e-09
0.532761697786842,-0.298421586453682,7.50972439324369,38.1295440955869,5.25139517623434e-09,8.86345822925274e-09
0.417459903101829,-0.434484729722519,5.30870541762714,38.1068462836869,5.31133223289366e-09,8.96213709364097e-09
0.396596565400703,0.285825063305116,5.444562299352,38.0658837982735,5.42123656421961e-09,9.1450507628066e-09
-0.243851904964829,-0.802934338550664,9.47378838527602,38.0469535371851,5.47279288475828e-09,9.22946345773087e-09
-0.361788017487044,-0.386751136129768,6.20167100171768,38.0455023696245,5.47676529549249e-09,9.23360485155312e-09
-0.457226937859139,-0.283266272207959,5.13616031656945,38.0006721480391,5.60091379958843e-09,9.44029989255105e-09
-0.46343636528484,0.510827355896623,3.30639642156092,37.9907755327708,5.62869752862812e-09,9.48450333636535e-09
0.386176229004662,0.362569816764083,6.41562342645517,37.8982354611751,5.89525686471432e-09,9.93091416501959e-09
-0.515116170755877,-0.147970627715736,6.72535056951857,37.8902433567862,5.9188617506126e-09,9.96791987212435e-09
0.492860425973004,-0.218850511946025,6.2978375753335,37.8832477973914,5.93960087437424e-09,1.00000802331832e-08
0.353909511699345,0.362751773011619,6.41700912015224,37.8808284942633,5.9467900691954e-09,1.00094160744433e-08
-0.451361419650888,-0.219357190691748,5.94136336306291,37.86672932263,5.98886059177123e-09,1.00774414822286e-08
0.557910492180114,0.0828304911195112,4.17840280446467,37.8531032508152,6.0298022240659e-09,1.01435302404292e-08
-0.257753300177705,-0.529377868155716,4.84480062910652,37.8174603312569,6.13822536154619e-09,1.0323070718534e-08
0.409277383700718,0.35308059043469,6.8551717744287,37.8048833685528,6.1769471001282e-09,1.03853228239659e-08
0.0282504701742561,-0.647174873306281,6.8973868322044,37.7502404324279,6.34803693320502e-09,1.06700300522783e-08
-0.528726017254227,-0.230377802556827,7.51149180313585,37.7289845451193,6.41586330102177e-09,1.07810587294012e-08
-0.370121475097365,-0.367052377581267,6.27056263055191,37.6890625292349,6.54521712067101e-09,1.09953868186107e-08
-0.338748306728305,-0.397502757112731,6.01167046163405,37.6479569604191,6.68113148199432e-09,1.12206147482432e-08
0.0771750152757478,-0.64030358844534,5.25816414910262,37.6440905231823,6.69406006262713e-09,1.12392271542399e-08
-0.101858116743623,-0.605057527105077,5.37164584835961,37.6401377671899,6.70730313799066e-09,1.12583571833712e-08
-0.497718970879024,-0.170823824810776,6.86894160145989,37.5972221880286,6.85278228589903e-09,1.14993766693918e-08
-0.531062511714033,-0.279776984689149,7.96931875553404,37.5518825537269,7.00990788245097e-09,1.17598013745829e-08
0.267948558641647,0.602205119042327,3.11455929617337,37.5482583004321,7.0226222398542e-09,1.17778854535075e-08
-0.628683561932743,-0.107824893863399,8.71194893236773,37.5421878845769,7.04396973921013e-09,1.18104345283149e-08
-0.629430346786445,0.430532749348424,3.06809391885231,37.4559886947303,7.3541993453897e-09,1.23271931758625e-08
-0.420570226263617,-0.356829008554804,6.64614691117223,37.4206566301962,7.48527323725284e-09,1.25434471424154e-08
-0.567620730323369,0.0299187998543568,4.60048848392499,37.4077563478792,7.53371035142212e-09,1.2621141612399e-08
0.100551071398475,-0.605243437272372,5.92262618504034,37.4059064117157,7.5406820168213e-09,1.26293458372512e-08
0.489797720620106,0.0566196678763376,5.88036864889769,37.3880988051156,7.60812255936633e-09,1.27387926681579e-08
0.474503514238508,0.219943384425023,4.91801257754417,37.371220960392,7.6725985864168e-09,1.28432169904057e-08
0.485300547553549,-0.282204966641183,6.87030872241444,37.3581159571176,7.72303837414157e-09,1.29240950032364e-08
0.376103023825316,0.416593754658526,5.38847495172171,37.3481166201489,7.76174769194872e-09,1.2985303640721e-08
-0.045225961768755,0.589131505243722,5.35953134845322,37.3076326648156,7.92046173926059e-09,1.32471898540161e-08
0.495114434659898,-0.0819217340351863,6.14882090680454,37.3018032984304,7.94358105233888e-09,1.32822085818839e-08
-0.376416300441966,-0.361874747970413,5.71116989459493,37.3007700533891,7.94768594545402e-09,1.32854234036035e-08
0.520862134301922,-0.0369741904468658,5.43310425759798,37.2834471163917,8.01682356131824e-09,1.33942488025081e-08
-0.386810190147095,0.432437764664926,5.23225564636936,37.2833561142479,8.01718834368258e-09,1.33942488025081e-08
0.494684780255758,0.049282189774816,6.2660192036486,37.2761393707947,8.04616959554809e-09,1.34389795604106e-08
-0.437889729267116,-0.259899026821307,6.27804014205203,37.2751212799969,8.05026650382701e-09,1.3442134524218e-08
-0.472776721450931,-0.156789988481307,6.31061119052533,37.2066893552554,8.33048068102417e-09,1.39062150770702e-08
0.434864945197924,0.255161901893185,5.87923043867626,37.1897097909295,8.40150571424675e-09,1.40209338783811e-08
0.494370198773553,0.178852069874669,5.11589297552929,37.1370241736469,8.62576582364493e-09,1.43912475566869e-08
0.576630848889408,-0.256194673830716,8.10788054965571,37.1311917793564,8.65095697063827e-09,1.44293222019851e-08
0.333395838784731,0.395579184983107,6.40270009841757,37.1041139000553,8.76887821803954e-09,1.46220023531703e-08
-0.123182838511217,-0.623751045114626,7.09077316985363,36.9432778532368,9.50318409483845e-09,1.58421097396978e-08
0.531559511659944,0.019561936758364,5.0095001751401,36.9418612334096,9.50991767879433e-09,1.58489950255954e-08
-0.351568554059036,0.474401839749894,5.64022505978198,36.9333444606743,9.55050093085118e-09,1.59122741289058e-08
0.0410415706379522,0.578158025285624,5.27407662823081,36.9101948743611,9.6616882473979e-09,1.60931212175536e-08
0.468521313828898,-0.179337478779233,5.71173063384309,36.8513884714312,9.94999054810461e-09,1.65688026413733e-08
0.458192080364989,-0.284749751254246,5.65495753220626,36.8492221054666,9.96077404773755e-09,1.65822237907099e-08
-0.510817589842355,-0.295051899300079,7.87384867096348,36.6490762352525,1.10091607241173e-08,1.83225179027955e-08
0.042531358043033,0.548248915045327,6.0780966895119,36.6290448150715,1.11199793233603e-08,1.85018950862579e-08
-0.346114165948048,-0.380890386748059,6.25969332002426,36.5195192155858,1.17459233229868e-08,1.95380276476349e-08
0.51797540599542,0.135133791920344,4.57644560449595,36.5005778205152,1.18576938470368e-08,1.97185578095493e-08
-0.608128818540999,0.143888801294691,8.27186092115847,36.4785261157202,1.19891584519969e-08,1.99317303811461e-08
-0.52485717149927,-0.207454239167163,7.50776632418804,36.4668509570012,1.20593507932645e-08,2.00429504857751e-08
0.42269178710489,0.424777890309483,7.32460137824948,36.4575874471006,1.21153363064991e-08,2.01305042123271e-08
0.88779195570435,-0.307067036425234,1.08504539968041,36.3753393659327,1.26239544258836e-08,2.09698866425046e-08
0.278391767499656,0.485089457506156,5.10526483586051,36.3533204219695,1.27637053789534e-08,2.11962461394077e-08
0.374926797203831,0.332602028086082,6.51713717202382,36.3493983619361,1.27887599466763e-08,2.12320617822104e-08
-0.357119144351823,0.424054758562784,6.36582286294108,36.3236328716194,1.2954580097979e-08,2.15014949935921e-08
0.501294278661293,-0.0553476728975764,5.82994495788737,36.320784338857,1.29730440165432e-08,2.1526272001285e-08
0.481275425877506,0.144822830737789,5.08759773869972,36.3059741914479,1.30694669324445e-08,2.16803582247198e-08
0.108750091414418,0.588029486998164,7.19372605373665,36.2797851630913,1.32417306458683e-08,2.19601351599145e-08
-0.501441886439478,-0.0426761188572159,6.35519994178807,36.2642873783701,1.33447379722282e-08,2.21249359408838e-08
0.183222166094908,-0.617362189071442,5.30161149613743,36.2556644322743,1.34023976601029e-08,2.22144832438623e-08
-0.527269739505047,-0.130073636835378,7.27010620685782,36.217075704107,1.3663499194155e-08,2.26410950174239e-08
0.413288622504216,-0.600161038657562,10.4270447665484,36.1984029504749,1.37916641383762e-08,2.28472520474651e-08
-0.497960563735778,0.113267316633477,6.28542217125847,36.1632152700393,1.40364596051973e-08,2.32464543189449e-08
-0.485965397502247,-0.350673865893137,7.75577380669408,36.1481680772426,1.41424625236966e-08,2.34156409693404e-08
0.494355336464236,0.0954479354795098,5.24067780347578,36.1219433081055,1.43291250520101e-08,2.37182472312772e-08
0.220238279903592,0.466129412673883,5.64769684287865,36.1156531236067,1.43742624155306e-08,2.37864934997962e-08
0.399619702073556,0.2819862869682,6.239123272539,36.0969828455372,1.45090764284517e-08,2.40030590479385e-08
0.434977943790067,0.189019743183406,5.94689860778649,36.0687843115517,1.47150926972156e-08,2.43372682262018e-08
0.389297519881552,-0.512206382921992,7.64176911220821,36.0450761999003,1.48905641972612e-08,2.4615162208139e-08
0.943174020566406,0.179250934505882,0.760513969219792,36.0449904340916,1.48912027615926e-08,2.4615162208139e-08
-0.412639876337073,-0.31666770749311,6.57568569675372,36.0347821323027,1.49674040133961e-08,2.47304450982715e-08
0.122194734176413,-0.645391361382139,7.3824316036391,36.034559704361,1.49690686903959e-08,2.47304450982715e-08
0.529290425271233,-0.321344296686959,7.84944209403421,36.0339628159063,1.49735367892417e-08,2.4731115565085e-08
0.0999503194609195,0.594129991928768,7.36761697557529,36.0186301957019,1.50887697068599e-08,2.49146813060383e-08
-0.6427774503204,0.0676600328255005,8.74062956330932,35.9986167233211,1.5240517026187e-08,2.51584239846601e-08
-0.185221904896763,-0.528553913631735,6.07243455663327,35.9573044699248,1.55586009580173e-08,2.56765417816235e-08
-0.665403956904353,0.274250404940785,2.5575436379235,35.9440846316199,1.56617826882458e-08,2.58398192428293e-08
0.371236165875008,0.338160980177422,5.80314362554962,35.9076848103582,1.59494354204486e-08,2.63072779300166e-08
-0.507874717503219,-0.0314077980034695,6.57683371632194,35.8665678625474,1.62807252103527e-08,2.68464396209716e-08
0.030401876140288,-0.696868435559437,7.72944272823047,35.8261035596523,1.66134740706127e-08,2.73877146336014e-08
-0.195031680351138,-0.554822992504686,6.45205638866336,35.8181715923962,1.66794936665644e-08,2.74891059669854e-08
-0.502794234358885,-0.0171767975271254,5.74845457695135,35.8145994842651,1.67093107635862e-08,2.75307940267152e-08
-0.419897427334398,-0.385410991009641,7.42725086557112,35.8128138249961,1.67242359932602e-08,2.75479298503701e-08
0.363769359471137,0.37911364477191,6.76590076841198,35.7436182400031,1.73129835967697e-08,2.8509993004364e-08
0.494195517649573,0.177443819496846,4.80701510624565,35.7429170887779,1.73190541706355e-08,2.85122773907054e-08
-0.542968303233868,-0.267870795909683,8.25841616720712,35.7132226562929,1.75781123001807e-08,2.8930940168559e-08
-0.532933257637741,-0.0527283233625168,7.16428890024642,35.7036986546856,1.76620189081881e-08,2.90611813819052e-08
-0.478179840423822,-0.182727223790922,5.6853503348039,35.7011255266665,1.76847568498234e-08,2.90907321539381e-08
0.245770448022012,0.454128264212629,6.07797476796485,35.6106525861079,1.85031232820671e-08,3.04286911240477e-08
-0.504995057413307,-0.27016761899103,4.26072080352148,35.5832338221364,1.87585364450428e-08,3.08403915412964e-08
0.454628490638081,-0.356725204665316,5.62677163034012,35.5476913805857,1.90948782884011e-08,3.13848863444347e-08
-0.646486309631615,-0.00155321277240887,9.20250863279144,35.5227563698114,1.93344340144709e-08,3.17700497382183e-08
0.105225332697345,0.518292286466259,5.78836711067286,35.4773131855945,1.97787720552588e-08,3.24914096795509e-08
-0.620488736643898,0.169068497335517,8.46808639680738,35.4764751315989,1.97870616313899e-08,3.24962587569198e-08
-0.59221863286987,-0.0981047340837261,8.3584053716139,35.4649749212938,1.99011670611454e-08,3.2674839554545e-08
0.415726856668934,0.599181608216521,10.6211749717972,35.4426898911096,2.01241561379433e-08,3.30320470660012e-08
-0.0922472767431943,-0.679686298488178,7.81124297458325,35.4024176078703,2.05334863306427e-08,3.36948422590169e-08
-0.361089907227,0.470239129053139,6.94052060310656,35.3152185900893,2.14485392302621e-08,3.51869325879375e-08
0.507766000894232,0.267831455921559,8.44619728452735,35.257436636466,2.20772467361573e-08,3.62085878582235e-08
-0.432766196941248,0.28502308027331,6.31872976839568,35.1893934613388,2.28412727142723e-08,3.74515670036332e-08
-0.25697861059372,-0.485130789063077,5.7769146243037,35.1828859562894,2.29157136034745e-08,3.75635068438214e-08
0.00789147318638202,-0.614581484737548,5.41052348285594,35.1257187800454,2.35801780724574e-08,3.86422945101267e-08
-0.314000779794808,-0.382573146879095,6.37587567066738,35.0997063735219,2.38888697633097e-08,3.91274830293064e-08
-0.267787718339572,-0.512003000469825,4.78385093086572,35.0996869106726,2.38891022371767e-08,3.91274830293064e-08
-0.624408101811599,0.592696869465689,1.56843561035828,35.0354875927711,2.46683745477343e-08,4.03929704805289e-08
-0.509271583925581,-0.097319380351208,6.94127146180115,35.0185726256325,2.48778916650642e-08,4.07250885874996e-08
0.492772418416507,-0.0700270512105085,5.80252639080749,34.973871149165,2.54401914085321e-08,4.16343777675117e-08
-0.419954144726808,-0.326134629574878,4.7780731981415,34.9150495683529,2.61995190248915e-08,4.28655393237139e-08
0.0292281381128177,-0.613816271815297,6.7282919253086,34.9068360078542,2.63073359308019e-08,4.30303764499522e-08
-0.43360194863866,-0.25179762148431,5.59907389639146,34.89981607677,2.6399836014511e-08,4.3170078339066e-08
0.506743305895776,0.0218451981164193,5.20462236758029,34.8784670163764,2.6683151299817e-08,4.36216501378318e-08
0.0763051135837394,0.547820333111601,6.51951069394452,34.8710980977582,2.67816456227578e-08,4.37709150473422e-08
0.538729194296276,0.115640006795141,7.64504246516487,34.8614931306689,2.69105733740641e-08,4.39698257384064e-08
0.464170429224995,0.175407809180939,6.84069181560435,34.8527547200292,2.70284084297312e-08,4.41505099329766e-08
-0.480672988298893,-0.272218080316209,4.7285718543741,34.8435448496794,2.71531595133074e-08,4.43423913940493e-08
0.297274423817244,0.505495260959896,7.25662725174411,34.8424709614542,2.71677431573968e-08,4.43543095581207e-08
0.53698075935806,-0.395765278107998,10.2243201406093,34.830342978877,2.73329886324285e-08,4.46121272906769e-08
0.223753813778488,-0.526303428787397,6.6837968758358,34.7697019630722,2.81744307435258e-08,4.59731799427995e-08
0.224411452462245,0.465864857156605,6.37711419616758,34.7648303121931,2.82431423894904e-08,4.6072950393145e-08
-0.143237847045881,-0.572712892125847,6.8046666485991,34.7607560936409,2.83007353985473e-08,4.6154534451207e-08
-0.360989659127535,-0.343428138417632,5.84562796274377,34.7287541293499,2.87572173003092e-08,4.68864324917736e-08
-0.42518943184509,-0.406262504774889,7.75608477365639,34.6794517709483,2.94749264614052e-08,4.80437355547617e-08
-0.123016893100117,0.540956896384109,6.67404736377882,34.645034569321,2.9986538139978e-08,4.88645728576515e-08
0.419801886491933,0.262932471481749,5.53459472350299,34.6335664457858,3.01589767161183e-08,4.91324191190067e-08
0.479973834944841,0.0929817391038447,6.61335027561254,34.558633779766,3.13103573031518e-08,5.09945038152991e-08
-0.444693119833896,-0.171153049151684,6.25766586678771,34.5490895006539,3.14601317858801e-08,5.12247345045301e-08
-0.437193158704885,-0.246473496173878,6.3710723290015,34.4624499876117,3.28529270065908e-08,5.34782405390708e-08
-0.0642017618375422,0.580313218984154,6.85268237150559,34.4099053400854,3.37274878099691e-08,5.488718144536e-08
0.226525806748312,0.505824088517059,5.4797746899014,34.4011088221717,3.38761567378802e-08,5.51143886211156e-08
0.473834072057177,0.288003794837582,7.41083820561926,34.3913424079816,3.40419855855939e-08,5.53693850507869e-08
-0.620906521540225,0.167812439857898,8.86783963245196,34.3538005438227,3.46870203975828e-08,5.6403466928548e-08
-0.384266024349014,-0.293734821212001,6.18195963883009,34.3461145141989,3.48205796013745e-08,5.66055243292838e-08
-0.445171471842625,-0.261465210000953,6.79171338317619,34.3369177865684,3.49810659992731e-08,5.68512359326147e-08
-0.495304216271042,0.192581744814256,6.56735478692803,34.2889017445364,3.58310546128576e-08,5.82170964726654e-08
0.469346409273231,0.129577948256931,6.44637847937632,34.2003123561042,3.74538556359315e-08,6.08375328472655e-08
-0.308923272972742,-0.402780690239244,6.41086178816711,34.1561363221678,3.82903411797149e-08,6.21796738069096e-08
0.267174880703087,-0.523982400509339,6.98278800174216,34.1487995568262,3.84310627562445e-08,6.23915493493378e-08
0.146534249319917,-0.569335230055935,5.77641543373758,34.1371538930555,3.86554931499604e-08,6.27391741660781e-08
-0.168096035091431,-0.512919383311928,6.11490175904853,34.0877173301379,3.96228975405993e-08,6.42921642396505e-08
-0.494372402999124,0.132003685664049,6.53942269573347,34.0739367539967,3.98968534525612e-08,6.4719436136209e-08
0.50414833094497,0.213520958089843,3.82823992530707,34.0553187101347,4.02699882015245e-08,6.53073223683754e-08
-0.484022125982545,-0.104351082252844,6.67413806455128,34.0536899896226,4.03027958362309e-08,6.53431214516575e-08
-0.295697972187959,-0.500662992048901,7.13838127449064,34.0219513962149,4.09474746315807e-08,6.63706670812202e-08
-0.553719972574004,0.0334259106937406,7.53063329436277,34.0101375276973,4.11900644479752e-08,6.6746103901856e-08
0.400866165585948,0.306539339687256,4.91197638978099,34.0068706148776,4.12574016039522e-08,6.68374297405165e-08
0.5072695407,-0.164418994929341,4.72604151073037,33.9695108402095,4.20353283893966e-08,6.8079563510148e-08
0.474526529599742,0.262054958296576,4.25627264649404,33.9677185558686,4.20730149035295e-08,6.81224773225233e-08
0.593042939058092,0.283759300225894,2.58956685156105,33.915218320788,4.31920597620652e-08,6.99157829916121e-08
-0.48669413341682,-0.0813464864823666,5.52817253061238,33.8937388798806,4.36584302715293e-08,7.06519201204334e-08
0.497069790896746,-0.217918920726316,5.23208939538656,33.863630407448,4.43206466682363e-08,7.17045168525704e-08
0.310645114362443,0.54185919080013,3.81631792321683,33.8565008403853,4.44789221208319e-08,7.19414659595177e-08
0.28578247179778,0.452285131571216,6.98006887230288,33.8412850253926,4.48186041421576e-08,7.24716233778102e-08
-0.352082266404234,-0.360227865728196,6.41092921581379,33.8361659449233,4.49334660969107e-08,7.26380620281445e-08
0.473703026577939,-0.118759547199021,6.26877614762278,33.8230485299646,4.52291401168694e-08,7.30966299526151e-08
-0.529961341274653,0.161549748771493,7.081713305613,33.8146580144583,4.54192865954719e-08,7.33844524398177e-08
-0.266631279304052,-0.459555490141777,6.64283215671622,33.802412596894,4.56982287297127e-08,7.38155522702284e-08
0.345019923264824,0.33294152571531,5.87858064104168,33.7744804801068,4.63409304187074e-08,7.48338420130214e-08
-0.485741905185904,-0.234226554961162,7.27382822312618,33.7724918886667,4.63870299219554e-08,7.48884216825417e-08
-0.488152755709135,-0.0541860745125104,6.61814245724505,33.7703815885337,4.6436001031054e-08,7.49476071784349e-08
0.269042038370824,0.400193072583802,6.63935230350022,33.7472805241219,4.69754711421627e-08,7.57982158265271e-08
-0.46237438781161,0.171062886581311,6.08528181047188,33.7278550642574,4.7433954163362e-08,7.65177299805374e-08
-0.500247270623182,0.576643001230256,3.03066062184232,33.7079322716602,4.79088238345379e-08,7.72632899350111e-08
-0.0604478356682649,0.993087287625158,0.840341045494003,33.6773710602189,4.86465215620287e-08,7.84322095523386e-08
0.606852221333149,-0.581734181811941,1.9783273698687,33.6521921762271,4.9262825444508e-08,7.94048401657836e-08
0.292561162129496,0.634943141689671,2.2129764274291,33.6095837908943,5.03235894086811e-08,8.10931742509398e-08
0.478261896732845,-0.0864577742881504,5.76501022628424,33.6048205940113,5.04435828221347e-08,8.12650257266886e-08
0.468756448826644,-0.206260256721427,6.30012495857577,33.587668897856,5.08780395798043e-08,8.19432552809124e-08
0.322288150224193,0.415376444708827,7.42473539043344,33.5820492622217,5.10211986331596e-08,8.21520913194064e-08
-0.449034527849105,-0.149551675776393,6.208844890458,33.5635413069531,5.14955390469249e-08,8.28939295921942e-08
0.3370473447908,-0.498507393358884,7.21637475921397,33.5106265864272,5.28761583118083e-08,8.50938545604783e-08
-0.549370111145454,0.122078929032595,7.75952632601962,33.4941315112245,5.33140597377014e-08,8.57758973792617e-08
0.36270568873981,-0.504091458525809,5.12021277512253,33.4580061476397,5.42858043708392e-08,8.73162422746813e-08
-0.477452968509448,-0.0291024561950161,5.9183169110754,33.4546352316427,5.43773779640654e-08,8.74404323944084e-08
-0.478520405548988,-0.290345037393674,7.49494914263889,33.4446009716492,5.46508818668012e-08,8.78570289952695e-08
-0.45893410774199,-0.198205062410462,6.82676953945856,33.4361708705846,5.48817242599054e-08,8.82048408907878e-08
-0.287737529447984,0.472740829248724,6.38929675508385,33.4292077766806,5.5073130561395e-08,8.8489105003371e-08
0.442863397469467,0.131116630484454,5.84554414702288,33.4057920415766,5.57217088051785e-08,8.95075892363922e-08
0.459504671094566,-0.335960464128207,5.36458229254772,33.3828962302944,5.6363270934478e-08,9.05142689129786e-08
0.156304968413907,0.514457106544273,5.00915881896802,33.3798914881989,5.64480131220521e-08,9.06264514470078e-08
-0.446603892562773,0.343301786409434,7.42249883241349,33.3721798795109,5.66660857688113e-08,9.09525784762782e-08
0.415894965157518,-0.372116198723552,5.71836883632804,33.3370160550657,5.76711938843707e-08,9.25414413199918e-08
-0.432564414132928,-0.312835846611575,6.55689041947716,33.327005928622,5.79605654131596e-08,9.29812706812426e-08
0.515705688286606,-0.228847230447117,7.64597749983359,33.3155259828708,5.82942141377323e-08,9.3491879786753e-08
-0.60460414515532,0.0926554600519539,8.54720438691373,33.3098151329809,5.84609067668133e-08,9.37345273627494e-08
0.555956545112824,-0.0999772717591741,8.0761524350844,33.2669837127787,5.97263908528852e-08,9.57383537420656e-08
-0.0394367792678183,-0.556665047823281,6.13614604961964,33.2566788428917,6.0034921355274e-08,9.62075812610972e-08
0.323121965130611,0.447466457919621,4.50550861466325,33.2160148830253,6.1268043600252e-08,9.81578551153511e-08
-0.461846440708501,-0.232623527470865,7.14411589748484,33.1768039900727,6.24810831863261e-08,1.00074936710959e-07
-0.29660429149634,-0.481918323321109,7.15168191377043,33.1299627176012,6.3961700730529e-08,1.02419472395439e-07
0.496057931487419,-0.223448810341985,7.21061097929465,33.1225592753342,6.41989078763439e-08,1.02772272193316e-07
-0.457433340356203,-0.0990170985621622,5.94176769161938,33.1062078525763,6.47259310771584e-08,1.03588714089837e-07
-0.411917885177113,-0.388432566321864,7.82947107770145,33.1038306582788,6.48029098736137e-08,1.03684655797782e-07
0.483181713920557,0.198635047843181,4.47959528121884,33.1004751450823,6.49117246400599e-08,1.03831471258194e-07
0.101740828422374,-0.585956902478402,6.59161143580613,33.0814518161375,6.55320888561865e-08,1.04796258722475e-07
0.354652934922052,0.51530298368652,7.52665017416036,33.0198641975527,6.75814635880627e-08,1.08045155022092e-07
0.43054827299357,0.135450488085815,6.55554444935149,32.9767857090534,6.90529072432727e-08,1.10368626751652e-07
-0.469687203976258,0.235177727903673,6.76270034364186,32.9731346757664,6.91790796045626e-08,1.10541269457369e-07
-0.481766584536588,-0.136416534476118,6.80675610329921,32.9713939781194,6.92393157445296e-08,1.10608489701573e-07
-0.300457233025165,-0.572570506389897,8.30166309252621,32.9551869861812,6.98026757705921e-08,1.11479194672446e-07
-0.460535739650155,-0.204843978955395,6.13131780137709,32.952120098778,6.99097963548084e-08,1.11620991399967e-07
0.233504253127659,-0.74868613999842,2.82697442235457,32.9072592818576,7.1495620495843e-08,1.14123056522992e-07
-0.435468420928792,-0.262107913306124,5.29999232710479,32.9055600602543,7.15563897587436e-08,1.14190118178567e-07
0.148951428765644,0.50486246077657,5.33278165702909,32.8872118371929,7.22158765363185e-08,1.15212331329431e-07
-0.404758097252515,-0.215010660845448,6.09366638857277,32.8864636564442,7.22428968543101e-08,1.15225243921677e-07
-0.126399177027656,-0.587512339200338,7.38939712857399,32.8825167523095,7.2385605516496e-08,1.15422620844533e-07
0.492035196857004,0.0878401056148215,4.84365486914281,32.871365280355,7.27903358275391e-08,1.16037592175454e-07
0.461982222001079,-0.57846293631316,2.93333824024708,32.8440694985278,7.37905804796008e-08,1.17601323026128e-07
0.314480904074208,-0.459988149504819,6.87365930569595,32.8354144829878,7.41106017377923e-08,1.18080435325747e-07
-0.572291559274743,-0.137280407903129,8.74154982891782,32.830318568585,7.4299673149831e-08,1.1835070908848e-07
0.52649269760782,-0.0887343654530188,4.4251675640906,32.8150142648635,7.48704064158309e-08,1.19228625231383e-07
0.475604287424586,-0.0816941054508066,5.79574779171822,32.7625526017823,7.68603036682019e-08,1.22365462534522e-07
0.323183639614025,-0.495051040163659,6.81468684526582,32.7234310983917,7.83785495898797e-08,1.24749963373382e-07
0.153550050427232,0.476088824015405,6.18311389483276,32.6628214482421,8.07901549015411e-08,1.28554747266226e-07
0.31741238039889,-0.445326839662821,6.43109132966578,32.6439495865429,8.15560932039007e-08,1.29739612078742e-07
-0.347462478064615,-0.358690775488639,6.04091134359242,32.5973695703538,8.34778270071954e-08,1.32762019545404e-07
0.454214961017564,0.147790813351121,6.8752969777166,32.5717749528941,8.45529834124727e-08,1.34436814576948e-07
-0.10380587303382,0.530135344413774,6.49065583427004,32.5265963146024,8.6484713834524e-08,1.37472307526001e-07
0.35338287716739,-0.449104890161807,7.11535548143797,32.5040998186122,8.74630070712862e-08,1.38991069446617e-07
-0.419344113334352,-0.221624446734639,6.38504648557218,32.4506514922222,8.98318950372138e-08,1.42718313409853e-07
-0.0264016598791615,0.528967900134863,6.33991310501491,32.4441070231378,9.01263275305153e-08,1.43148729978027e-07
-0.357000823093858,-0.274145416796914,6.09667989910646,32.4204034598742,9.12008399493969e-08,1.44817609184123e-07
0.417321225086226,-0.346827865371011,5.28567725734323,32.3858897229063,9.2788339085758e-08,1.47299976102763e-07
-0.379723510049827,-0.326547979216113,6.95082575234918,32.3597544151397,9.40088220419703e-08,1.49198568454514e-07
0.458735891622728,0.153210258210076,5.23251747241208,32.3558500878197,9.41925218958308e-08,1.49451152802142e-07
0.0542219555619868,-0.590339376363675,5.37455867739904,32.3212436024297,9.58365403692104e-08,1.5202002547362e-07
-0.435295366292728,0.312158073860427,6.80765908128072,32.2664506388095,9.8498420994975e-08,1.56161444666021e-07
-0.425969204328993,0.273255926073005,6.27243290220876,32.2664454341859,9.84986773189092e-08,1.56161444666021e-07
0.489570361061065,0.141982896161627,4.07651694111764,32.2199483809853,1.00815452898666e-07,1.59792886552221e-07
-0.466088504943593,-0.339972273526545,8.36196644691868,32.1972280002417,1.01967265654968e-07,1.61576448023801e-07
-0.398370087028315,0.318739423712371,6.07710868013161,32.1918048047892,1.02244135070266e-07,1.61973014391825e-07
0.256825433586889,0.488512917849876,4.31419774028054,32.1793701588687,1.02881800109449e-07,1.62940790599981e-07
-0.572733186951929,-0.121098790036972,8.2568641178737,32.1520122786942,1.04298783409405e-07,1.65142000883343e-07
0.507046418686096,-0.643793722885528,2.3318833815537,32.1138249144981,1.06309364841839e-07,1.68281698688797e-07
0.400576482695602,-0.438487784479005,5.59381212171479,32.1020992855094,1.06934467567042e-07,1.69227200038511e-07
-0.323405647013685,-0.420902545054765,6.89624205528251,32.0567096095462,1.09389076100515e-07,1.73066708757779e-07
-0.401061641433004,-0.269784974903597,6.3617288099631,32.0170628720208,1.11579171914179e-07,1.76485840117828e-07
-0.0538307861233221,-0.600351987032555,4.91686443224886,32.0067751650137,1.12154597512267e-07,1.77349919390826e-07
0.340622382893551,-0.439623346747691,7.05579327974117,31.9973409967604,1.12684889917579e-07,1.78142199381517e-07
0.463785971435869,0.0894060994012698,5.71296065228367,31.9669368937094,1.14411018525699e-07,1.80824060432101e-07
-0.398520782901009,-0.237556232864663,6.31178598804744,31.9051683208744,1.17999652141648e-07,1.86447412986856e-07
-0.455471035809485,-0.0681604678390206,6.03610696029026,31.9020698152682,1.1818260511711e-07,1.86688038389456e-07
0.362629588664441,-0.563092529168289,3.54599056735287,31.8941663355294,1.18650556030793e-07,1.87378621301029e-07
0.199414268675058,0.492840334409935,6.93336527037221,31.8927788593095,1.18732897001506e-07,1.87460030328104e-07
-0.370234886210905,-0.323825275833464,5.57912180653393,31.8626046897279,1.2053781149895e-07,1.90260356859116e-07
0.322535091320253,0.423322262273975,7.58352393926242,31.850407140551,1.21275190709894e-07,1.91374639979739e-07
0.451689531298371,-0.307882053274528,4.76236039054104,31.7752982358383,1.25916214191295e-07,1.98646776884323e-07
-0.189174425259548,-0.521358883049217,6.80431248549476,31.7677507863892,1.26392285037194e-07,1.99346173913585e-07
0.370631939300393,0.241854001674952,5.55654948895372,31.7503995625618,1.27493585772392e-07,2.01031067128288e-07
-0.353660233462052,-0.40331997828339,7.28485361100102,31.7157351219026,1.29722593719731e-07,2.04492788856997e-07
-0.513730642572931,-0.145059759044257,7.74101075585321,31.7130866485738,1.29894490925712e-07,2.04710758673501e-07
0.0424794967462594,0.546380096371978,5.06274690874749,31.7034697072646,1.30520588853923e-07,2.05644240409597e-07
-0.484573266318717,0.102063187321631,6.76180671870793,31.6323634128964,1.35244483639863e-07,2.13031931798056e-07
0.331576825675981,0.395350602079976,5.73517535909406,31.6219847727347,1.359481347109e-07,2.14084905359534e-07
0.475229336515611,-0.287707096629805,4.72288136942414,31.5338427873534,1.42073487774041e-07,2.23672974804335e-07
0.242510622001534,-0.528864432583362,5.00752031258022,31.520187918826,1.4304680401794e-07,2.25147089674566e-07
0.0685812838400979,-0.602178931810315,5.08125705821699,31.5074161752993,1.43963205461418e-07,2.26530885202665e-07
0.180957846472046,0.459961055614621,6.60776328146644,31.4945877593059,1.44889583218836e-07,2.27929659595937e-07
0.204471275511677,-0.564700763984687,4.75829868920095,31.4772900882086,1.46148144094569e-07,2.29850142404478e-07
0.473427858352655,-0.0534979759725834,6.55574989523633,31.4297127009836,1.49666500144701e-07,2.35322740929995e-07
-0.271106942191026,0.432210851376812,6.10856844967892,31.3687180418856,1.54301243143709e-07,2.42547371097056e-07
0.13273132084189,0.588429942110354,3.62989764252614,31.3319492136932,1.57164217509551e-07,2.46983932937055e-07
-0.474130921109667,0.0455165385213964,5.80646143720583,31.3211020256039,1.58018928130251e-07,2.4826302824696e-07
0.382536671875628,-0.319843245834118,5.60106354926491,31.3095966250992,1.58930583383531e-07,2.49630905995598e-07
-0.145393381483674,-0.502593101006242,6.19403010417933,31.2968003835032,1.59950700390478e-07,2.51168394113291e-07
0.454425053834723,0.177241308138572,4.6470802830713,31.2652736068059,1.62492042858045e-07,2.55093232831299e-07
-0.435736382788551,-0.138962944289475,6.39795249279697,31.2634500451278,1.62640267553172e-07,2.55260105404412e-07
0.479354341322157,0.29611986230815,3.53092446357018,31.260883787373,1.62849089921453e-07,2.55521974082939e-07
-0.610067820285287,-0.661226810670493,1.11805474789081,31.2496099608337,1.63769648233521e-07,2.569001851187e-07
-0.0728649016441289,-0.600153353548117,7.41278271051515,31.2352868201187,1.6494670585149e-07,2.58679944673847e-07
-0.571312383578332,0.21085807740328,8.77129791427933,31.1948682849638,1.68314069335004e-07,2.63892880275947e-07
-0.146538116106034,-0.615920784573308,4.16020869507389,31.1823862128319,1.69367808303277e-07,2.65476626403284e-07
-0.445068316436844,0.247379872545499,5.45484286442523,31.1163696185975,1.75051642019935e-07,2.74315160004469e-07
0.508757836664878,-0.181270671230097,7.22031412771703,31.0970069839508,1.7675460266427e-07,2.76912511842532e-07
0.256775592490205,-0.496715800357348,6.54409051788816,31.090644822757,1.77317768564378e-07,2.77723327764325e-07
-0.295868311265789,-0.423705044896673,6.40523290751504,31.0855520753141,1.77769861224755e-07,2.783598032758e-07
0.428832931982947,-0.462125776288084,7.95355172018024,31.007295379862,1.8486357988161e-07,2.89393025024233e-07
-0.446784981286436,0.215746929859079,6.36075106454986,30.9847280211275,1.86961334179749e-07,2.92601697297253e-07
-0.522022419597046,0.0515110977099007,7.53006644914612,30.9515396766617,1.9008968718768e-07,2.97421232484861e-07
0.729147112411334,0.087424495212868,1.58695531347853,30.9016081011866,1.94895162610769e-07,3.0486170348776e-07
0.476384005021263,-0.121380985785093,5.09055076820335,30.8202570343493,2.02986062646656e-07,3.17436205854827e-07
0.548951506830376,-0.131808678564036,8.23266208108088,30.7705105726124,2.08098297174742e-07,3.25347312069807e-07
-0.468385436480671,0.333418285367197,7.39696966441617,30.7648235182439,2.08690872442418e-07,3.26189995232205e-07
0.415761065283796,0.213457183446479,5.43504345413747,30.7331437228843,2.12022833806027e-07,3.31312888144531e-07
0.829163991222037,0.0817084139221961,1.03173382880431,30.7056726295195,2.14955175895891e-07,3.35808855749085e-07
0.0853742299136099,0.808016685079085,1.39231108647842,30.6905107604912,2.16590929444136e-07,3.38277470101564e-07
0.462783789327377,0.0139182231829892,6.60851903490523,30.673789054498,2.18409405779074e-07,3.41030126284433e-07
-0.583584216603781,-0.46610212888371,1.73744904830655,30.617581614649,2.24634588214533e-07,3.50660352064122e-07
0.435763815205999,0.167233145957596,5.29934498091142,30.5709079150701,2.29938499436175e-07,3.58847881201598e-07
0.498673996030147,-0.0383753507353007,7.25338142374821,30.5640658136257,2.30726477794191e-07,3.59985340033582e-07
0.461794702258934,0.283424042274883,3.43962805753483,30.5506263026312,2.32282124239805e-07,3.62319644471414e-07
-0.433266833366147,-0.147643311099764,6.42883075034046,30.5274407207515,2.34990591358583e-07,3.66450491852217e-07
0.556279837222723,-0.251235953879356,9.89063920623621,30.5138764138938,2.36589750344521e-07,3.68849782355299e-07
0.393559756599587,-0.321853605732349,6.8395028242369,30.4553925602793,2.43610236523614e-07,3.79697675359898e-07
-0.547835943145547,0.013419841974781,7.98083399745568,30.4258339234479,2.47237367014677e-07,3.85252390679639e-07
0.484744192226586,0.238891339965986,7.79247218471988,30.4180914821266,2.4819633240365e-07,3.86647715371909e-07
-0.47852135909633,0.183449897956368,6.74075447799101,30.4081577327519,2.49432159041945e-07,3.88473518610223e-07
-0.253440140808772,0.521270244695708,5.34289476879383,30.3957269530214,2.50987305068336e-07,3.90795578837859e-07
-0.045016488567594,0.51995168791398,5.85251218929359,30.3807278401516,2.52876674387694e-07,3.93636715334258e-07
0.447657668255908,0.133989896465018,5.08256041747258,30.3792011797306,2.5306977648374e-07,3.93836605120912e-07
-0.0128617776215503,0.508434469547534,6.22472964993148,30.3537524067317,2.56310508569383e-07,3.98778015888168e-07
-0.549732742642554,-0.235605021528354,9.19966214042229,30.3505408180686,2.56722421166104e-07,3.99316837010537e-07
0.354242683893968,0.286456233728902,6.81369413025226,30.2590463179014,2.68739545439693e-07,4.17902005782081e-07
-0.0905813052465854,0.519941687784031,6.40879830213202,30.2494093689193,2.70037584857589e-07,4.19813283098315e-07
0.22199133120935,0.428711980527494,6.32340607784646,30.2036836826747,2.76282528357125e-07,4.29412313668159e-07
-0.393230216944869,-0.246470286994849,6.58861473015611,30.1872075140144,2.7856796802172e-07,4.32853953373209e-07
0.349444419360036,0.267996155536627,6.05488484610789,30.1680515335064,2.81248907816847e-07,4.36908229341404e-07
-0.431930054851303,-0.293379026412921,7.57215927109464,30.1660548482123,2.81529830801321e-07,4.37233063754704e-07
0.435614547110564,0.208385779183248,7.1566904925893,30.1519263705569,2.83525665991525e-07,4.40122620586137e-07
-0.46954501769128,-0.204573845818374,7.62830464339556,30.1518607169879,2.83534973380228e-07,4.40122620586137e-07
-0.190111519746898,0.49171110868817,5.32922895810622,30.1214300889163,2.87882034123698e-07,4.46756518925585e-07
-0.369587753549502,-0.284769030016306,6.40660548287564,30.1199135558023,2.88100408224955e-07,4.46981469233824e-07
0.498845174485598,0.357674832549194,9.54645731437454,30.0992880109814,2.91086895177961e-07,4.51499877157561e-07
0.0555674465760874,0.572442351300986,7.41663830871257,30.0063824791148,3.04927668916435e-07,4.72847592553045e-07
-0.0482148475447104,0.685441152849879,2.68879839285798,29.9969250011941,3.06373006884247e-07,4.74967880293175e-07
0.468718605424311,-0.244110567994808,7.52096447452253,29.9916077264266,3.07188625350172e-07,4.76111087355359e-07
0.379041829995168,-0.422473635585384,5.12277681852047,29.9880710565642,3.07732318300789e-07,4.7683236289519e-07
-0.301616255305146,-0.360842408631839,5.89745640171033,29.9574723323664,3.12476626370023e-07,4.84060483801704e-07
0.364264189402871,0.351114403086764,7.3479507475342,29.9516273580081,3.13391171025967e-07,4.85353713865705e-07
-0.168756274622523,-0.484487550260463,5.73666730999938,29.9430527185152,3.14737663541345e-07,4.87315080274595e-07
-0.492080521659903,-0.349847093163897,9.15238035660774,29.9115327868159,3.19737211240438e-07,4.94930114933075e-07
-0.1052681758766,0.550638398049464,7.28150624354053,29.8757989850254,3.25501263849004e-07,5.03724375778531e-07
0.421682276341622,0.260630262464631,7.28820310652201,29.8733066624568,3.25907143765389e-07,5.04224317978065e-07
0.439822021048632,0.0840921031017048,5.68661768069565,29.8722318106106,3.26082341786735e-07,5.04367199389645e-07
0.534984290129208,0.525803638247288,1.5261219903741,29.8608580287014,3.27942019386617e-07,5.07114811792158e-07
-0.521785998883969,-0.160484138492395,8.205256156869,29.832113213249,3.32689369505716e-07,5.14325261947893e-07
-0.411628453045729,-0.21994017408583,5.52301307867941,29.8283945285741,3.33308528371428e-07,5.15151642732991e-07
-0.418569566098611,-0.119202593502389,6.08699487015609,29.8122209824831,3.36014846737197e-07,5.19202636278187e-07
-0.536424576628428,0.158175938918275,7.73697888556446,29.7966266510761,3.38645050919544e-07,5.23133993909715e-07
-0.326762653535778,0.703175367028468,2.10886714103984,29.7777497183685,3.41856472444863e-07,5.27960985348637e-07
0.343219733418831,-0.394116226338998,6.02382777560906,29.7693048729846,3.43302986719727e-07,5.30060508026806e-07
-0.497867445876745,-0.0638002503361468,7.350633268042,29.7509771564425,3.46463425423426e-07,5.34804597864558e-07
-0.467384659589529,0.092236480956931,6.45942416652783,29.7448695964436,3.47523065633087e-07,5.363042898794e-07
-0.173702984082627,0.468100641516976,5.9813190037888,29.7241756671182,3.51137541693711e-07,5.41744894534037e-07
0.118384364621099,0.494575977489436,5.48662122042571,29.7171775667072,3.52368341640765e-07,5.43506071423607e-07
-0.492983420839723,-0.249233755646605,8.39466997217288,29.685121302222,3.58061652705751e-07,5.52147756249395e-07
0.292205742400139,-0.447640522208782,5.53751277986191,29.6766623336719,3.59579275954863e-07,5.54347589772906e-07
-0.583828920262894,0.226821072123239,3.21095030048034,29.669006197566,3.60958407914986e-07,5.56332857566186e-07
-0.170359063255487,-0.496871923391735,7.05673670296573,29.5663069093694,3.79977629884163e-07,5.85498306943757e-07
-0.303930295842431,0.666731507689443,2.22780410069009,29.5629472533823,3.8061646335872e-07,5.86334268453413e-07
-0.482330398629159,0.0812977618328163,6.851190694923,29.5565628073312,3.81833417357822e-07,5.88060168194894e-07
-0.251606139778482,0.453895143384434,6.62302635728959,29.5557209367215,3.8199417835638e-07,5.88158967585646e-07
-0.482550781207799,-0.16321142016907,7.33598130593165,29.5259672432135,3.87719529197801e-07,5.968233865376e-07
-0.0669064208655965,-0.570982507023975,4.90118728143091,29.5145797823314,3.89933396284144e-07,6.00079503685002e-07
-0.442997005112971,-0.217448710188165,6.86528605693104,29.5093303857291,3.90958198116407e-07,6.01504551461381e-07
-0.454838991900476,-0.0670403140416286,5.68268046645377,29.5061939587277,3.9157178503281e-07,6.02296368691195e-07
-0.531173624130821,0.0220775209749457,7.83962378574331,29.48691267853,3.95365043023366e-07,6.07977363456996e-07
0.381714369959449,0.208178469968906,5.84128007967932,29.4770761758477,3.97314337306747e-07,6.10820627657444e-07
-0.5113025589524,-0.214743334475545,3.67814570601006,29.4674435315018,3.99232546808564e-07,6.13614679366458e-07
0.370181042359695,0.25969628964674,5.91270582191495,29.4457403813095,4.03588440178552e-07,6.20153060021965e-07
-0.344191378726514,-0.272719630493025,6.37764303130125,29.4426620601926,4.04210105886475e-07,6.20951583304784e-07
0.460514475551923,0.283814091670268,8.2798786838265,29.4325461146262,4.06259768800636e-07,6.23942853798756e-07
-0.417045678450637,-0.220242119109444,6.90740663767372,29.410490183243,4.10764782504387e-07,6.307026471341e-07
-0.529966796177413,0.406663667466497,10.1413754096565,29.3980219626117,4.13333534093342e-07,6.34486776490234e-07
-0.587407882038076,0.351901058053588,3.01460079079913,29.3897274274724,4.15051298406755e-07,6.36963021099149e-07
-0.461679530040115,0.0999457771091808,5.31267614860014,29.3521202130587,4.22929598089151e-07,6.48889968035975e-07
-0.406430362620594,-0.196567240184822,6.33520859450011,29.333484630803,4.26888784537032e-07,6.5479942561387e-07
0.0422723681697028,-0.549586411739749,5.61054281815436,29.294825804484,4.35220558969198e-07,6.67411275315989e-07
0.547499014718878,0.329172902369443,2.18054000461554,29.2937122140386,4.35462955173496e-07,6.67614825257175e-07
-0.567326373287654,-0.0680134577862576,8.79472353090174,29.2764839642307,4.3923029031249e-07,6.7322104920001e-07
0.462710903722291,-0.548497388726476,9.26674993113977,29.2024506108026,4.55793807877609e-07,6.98432595610089e-07
0.486106551348284,0.0697494019800773,7.41491017151596,29.1839527154666,4.60028976188367e-07,7.04744943894005e-07
-0.215324075476091,0.531010886156951,7.34903322433725,29.1221880974481,4.74457377661196e-07,7.26665789987764e-07
-0.172185423736887,-0.481031337664556,5.83924574847608,29.077599120102,4.85153956620137e-07,7.42861490921377e-07
-0.288773225634198,-0.387725143145324,6.73726798939797,29.0310149860329,4.96586825801799e-07,7.60176161800692e-07
0.0748534038549822,0.482044232453944,6.41368021898012,29.0287781578559,4.97142526197571e-07,7.6083552023399e-07
0.448191393597447,0.0599082891314682,6.72345821412876,29.0143543225137,5.00740836931514e-07,7.66149840472244e-07
0.404814226485056,-0.275245541427096,7.21533017838098,29.0025320809609,5.03709542039297e-07,7.70498415059106e-07
-0.434290641615593,-0.186767670123557,7.00989219031115,28.992260058559,5.06303254856744e-07,7.74271342770122e-07
-0.385271079068905,0.514894626648353,9.675651005655,28.9878098173973,5.07431094974057e-07,7.75801232094941e-07
0.790388725298093,-0.259755766007615,1.09066443043718,28.9669115125171,5.12761118455847e-07,7.83753374129851e-07
-0.436733790307485,-0.109283192168692,6.56632674281125,28.950716492037,5.16930063119645e-07,7.89927265128614e-07
-0.489328747222505,-0.161567799666259,7.55381742004628,28.9099930822213,5.27563530906567e-07,8.05974096903182e-07
-0.438997858249858,0.207651001524886,6.72835223758703,28.9057910758101,5.28673108781338e-07,8.07466604681582e-07
-0.348254895988014,-0.363628564075687,4.93772697463134,28.900530406647,5.30065526400998e-07,8.09390249493172e-07
-0.57076577118291,-0.0765503946288416,9.12043746963601,28.898532395842,5.30595329319486e-07,8.09996079462646e-07
0.441391050365306,-0.0344559127783028,6.28744109190597,28.8638947349794,5.39864655109299e-07,8.2393983963535e-07
0.0164368981035585,0.747537475603689,1.87701990013383,28.8152787126657,5.53148488869642e-07,8.44002005072276e-07
-0.0622847238075249,0.489823560356322,6.23579804721307,28.8130269843706,5.53771609630353e-07,8.44741057236179e-07
-0.451859664997604,0.143212469954393,6.44159914135715,28.8019648780136,5.568430361334e-07,8.49213528051137e-07
0.175600678288941,0.451488565517096,5.71297310544513,28.7933944793522,5.59234339485626e-07,8.52646796591158e-07
-0.459662644892303,0.142318368177768,7.03505513657418,28.7866489388292,5.61123692821392e-07,8.55313230319638e-07
-0.102779158897994,0.51603981976527,6.93319902312073,28.7855382138847,5.6143540641168e-07,8.55574156253895e-07
0.143954478558647,-0.534600636755992,6.4946398931852,28.7700005557206,5.65814088719112e-07,8.62031074104594e-07
0.589379847528094,0.115439595484277,2.50471291859045,28.7619454933489,5.68097517811148e-07,8.65293392152682e-07
-0.481120871483278,0.165417651519262,7.36407529339533,28.7507586402601,5.71284033008518e-07,8.699292628704e-07
-0.268909247064358,-0.432741413225909,4.90030431574445,28.7491317842604,5.7174892048746e-07,8.70419461847377e-07
0.476562427270633,0.135568817001725,4.05899963516934,28.6547125062653,5.99388269216148e-07,9.12268945746977e-07
-0.146113229325547,-0.58331927549603,7.78668502892313,28.6188064030818,6.10246293433583e-07,9.28562717926432e-07
-0.477877381117019,-0.0636787069045397,7.22317948958582,28.6030552653004,6.15071305074508e-07,9.35670690977912e-07
-0.334372249633866,-0.312668778909186,6.40627287965134,28.60222663591,6.15326190952649e-07,9.35776122767575e-07
0.338618276318675,0.397050297242908,3.38665441087178,28.6018306665238,6.15448028180251e-07,9.35776122767575e-07
-0.446914790389966,-0.0799375975435604,6.60249881991874,28.5943453764592,6.17755747478884e-07,9.39050434619587e-07
-0.447865388252261,0.195714338640706,6.84432358185669,28.5862915698347,6.20248405622839e-07,9.42604167107301e-07
-0.488517091979863,-0.0751023764709591,7.35018898707636,28.5629563922214,6.27527591674792e-07,9.53277070978926e-07
-0.373105318344924,-0.208432408153084,6.31335627356045,28.5627749935493,6.27584510591908e-07,9.53277070978926e-07
-0.100241572436153,-0.520842213170546,6.64752561044108,28.5473084530859,6.32456605538306e-07,9.60437968200849e-07
-0.334674973091108,-0.315583268614291,6.213201423204,28.5242533769393,6.39789456797934e-07,9.71331225183497e-07
0.0111887628160311,-0.539278817422842,5.68830046221566,28.5124324072064,6.43582119897956e-07,9.76845660917166e-07
-0.404906726545256,-0.163782815984333,6.3647986221464,28.5039847218259,6.46306258647365e-07,9.80735917907566e-07
0.370937139930009,0.251386792705244,6.78323110528192,28.4470386579297,6.64973046317839e-07,1.00881034288139e-06
-0.199200531661868,1.00189004307354,0.504108801529218,28.4312527249651,6.70242424440182e-07,1.01655104135322e-06
-0.425021466695141,-0.0978470123001555,6.35131099920794,28.4280834760369,6.71305348928478e-07,1.0179095801436e-06
-0.04734289191432,0.530438274458914,7.08749133535073,28.3968610649014,6.81867463896682e-07,1.0336676096123e-06
-0.291835407739924,-0.332973806237581,6.18063441251134,28.3597288229848,6.94645348541331e-07,1.05277592280797e-06
0.416510306517469,0.197652630893347,4.63959791813635,28.3508664858947,6.97730269013268e-07,1.05718812288521e-06
-0.483071187146975,-0.275418022544253,8.94094703038674,28.3254705181851,7.0664652614519e-07,1.0704314633421e-06
0.490800346880965,0.608441309621543,1.08403766417181,28.3228968926256,7.07556433240269e-07,1.07154317551412e-06
-0.21684955372427,-0.565216807814538,3.5458352436264,28.3089696186846,7.12500794766629e-07,1.07876270543129e-06
0.28838658762779,0.407637405212914,7.46380480504592,28.2669596314738,7.27625156888774e-07,1.10138785557903e-06
0.07577959008221,-0.524792383284486,6.14751268972888,28.2381761471573,7.38172667006238e-07,1.11707561440069e-06
0.428934509558257,0.184812226200319,4.46244089820598,28.2280654258057,7.41913844612371e-07,1.12245812276345e-06
-0.444353079873495,-0.176259026656509,7.22286148188493,28.0728030434024,8.01804101247009e-07,1.21276605425883e-06
0.44120243656515,0.244283636539008,3.4734052194443,28.0472167942514,8.12127574943858e-07,1.22807567716299e-06
-0.230588682755867,0.496509285600596,4.23055055824707,28.0445501642535,8.13211119012838e-07,1.22940881364543e-06
-0.421263338670944,-0.409340895843394,3.49191990495336,28.028578453545,8.19731305362876e-07,1.23895833839354e-06
-0.475522160439545,-0.149549405401329,7.50373177022256,28.0186676731676,8.23803475092803e-07,1.24480405965872e-06
0.368406565519928,0.233137033002648,6.68587787041824,27.9548139748697,8.50529289747459e-07,1.28486906103785e-06
-0.0560225874527455,-0.663455205992014,3.27470938976687,27.9442423698963,8.55036922314805e-07,1.29135816994605e-06
-0.401731958873612,-0.248902018307806,6.96347208765496,27.935542655464,8.58764311770097e-07,1.29666595487509e-06
0.223775070812839,0.44522765265513,7.05082469195424,27.9256574499169,8.63019349457535e-07,1.30276761703384e-06
0.123544788550245,0.612986688922019,2.89569987045833,27.9249829306016,8.6331046015508e-07,1.30288400630246e-06
-0.291171810223366,-0.387955357066504,6.86591098091461,27.9160050978039,8.67194499679224e-07,1.30842134177128e-06
0.348860862782275,0.272465720315367,6.38691858583941,27.8897159782065,8.7866863566324e-07,1.32521699725532e-06
0.450192827552768,-0.0274326266485211,5.36938224178095,27.8895042382206,8.78761665229913e-07,1.32521699725532e-06
-0.322723049670984,-0.427033680321784,7.61510889238913,27.8776025152393,8.84006644778132e-07,1.33279654616376e-06
0.469221855318672,-0.0399025587481226,4.8540824571322,27.8697960409551,8.87463875153597e-07,1.33767766079106e-06
-0.363676051007503,-0.230263025832976,6.6672418015656,27.8385722908417,9.01427566377408e-07,1.35838886735289e-06
0.426971153188554,0.224354371745185,3.54045297302247,27.7982880473517,9.19768320945463e-07,1.38568412222618e-06
-0.23108746556767,-0.412868838032918,6.20711018353351,27.7546139498929,9.40074250464138e-07,1.41592578842792e-06
0.313013224571826,0.37363659206368,4.31255093127834,27.72736691302,9.52969005877481e-07,1.43499265589466e-06
0.766289287277768,0.486375550298535,0.603716402206265,27.7237087102503,9.54713677910408e-07,1.43726431036562e-06
-0.220215596349829,-0.401790174790475,6.10326621823974,27.6226601150934,1.00418925089899e-06,1.51137309257677e-06
0.433368878200434,0.104855761163968,5.57569203860237,27.6131395125998,1.00898089001652e-06,1.51820950529426e-06
-0.557153440401833,-0.120501116039623,10.5340941047603,27.5979998705335,1.01664767626946e-06,1.52936769289065e-06
0.402851295355787,0.322336835282003,4.26991598517607,27.588784664642,1.02134279340875e-06,1.53605111815032e-06
-0.293861309718841,0.379963602315986,5.99390013583435,27.5449473336004,1.04397640764515e-06,1.56970322789422e-06
0.466917823649178,-0.119116145789441,4.84022644566398,27.5208090980245,1.05665262337571e-06,1.58837065953366e-06
0.0832070475536024,0.449288641625143,6.15127975266588,27.5100587894429,1.06234758619834e-06,1.59653717718477e-06
-0.736927197935199,0.362055496912978,1.32323218433584,27.4970185788405,1.06929683462387e-06,1.60658418785542e-06
-0.0870911000206323,0.650414068491692,2.96814064012137,27.4687025872256,1.08454361194769e-06,1.62908993573589e-06
-0.659143981697779,0.000349082303062034,2.02329909980702,27.4554040241776,1.09177907641027e-06,1.63955377828953e-06
-0.182171998204413,-0.490146476797439,7.06588213948329,27.4439522728758,1.09804839919274e-06,1.64856193693844e-06
0.36701740987559,0.2229066181798,6.69455228629723,27.40782630471,1.11806264427478e-06,1.67819659229409e-06
0.520213910307763,-0.288574910117472,3.83448302242998,27.3899478704198,1.1281020544137e-06,1.69284823940611e-06
0.421752012382886,-0.0212795737873996,6.09289465165062,27.3528384962961,1.14922903110452e-06,1.7241267475023e-06
-0.405840185026721,0.291518624485515,6.45343415738895,27.341674161009,1.15566215891094e-06,1.7333508803769e-06
-0.139822482631276,-0.458515144389644,6.23314116307538,27.339964485285,1.15665048504918e-06,1.73440594900971e-06
-0.330095236046586,-0.328042193979004,5.44045616079659,27.3317911944393,1.16138697704957e-06,1.74107951644367e-06
0.0613666157275736,0.472529908559576,6.34795003288035,27.2832608821311,1.1899129068198e-06,1.78340467176734e-06
0.44185886626309,0.349014612598902,3.04704969886846,27.2009006420401,1.23993658470743e-06,1.8579212226677e-06
0.324574451745024,-0.340772432097528,6.72357317596468,27.1909977762964,1.24609127215852e-06,1.86668397266266e-06
-0.237256344699319,0.526323329368599,7.87509178547609,27.1849245644989,1.24988091117398e-06,1.87190036586155e-06
0.437865023383002,-0.127337950116892,6.57331768483124,27.173007699917,1.25735047329581e-06,1.88262412233765e-06
-0.45090798257326,-0.00286573885031066,6.71901394933549,27.1664020758134,1.26151013109496e-06,1.88815589364206e-06
0.438406866335929,-0.176433985359433,5.99250245694858,27.1661561304757,1.26166527190143e-06,1.88815589364206e-06
0.086926255085286,0.463749947511594,5.88941895749188,27.1469424739983,1.27384428061798e-06,1.90591397896345e-06
-0.357904612594713,0.472767554570087,8.3793508742912,27.1449497082974,1.2751141497462e-06,1.90734519500119e-06
0.374867155644531,0.221359750096913,5.76839254375793,26.9950476532509,1.37435802521559e-06,2.05529149042311e-06
-0.298653493754324,-0.354590039863998,5.36079814370765,26.9532168772495,1.40340597218626e-06,2.098216001638e-06
0.292888158788218,-0.376549378483378,6.33816612246972,26.9307848142023,1.41923522255415e-06,2.12136116742197e-06
-0.031695874950596,-0.504487813678851,5.956220018572,26.912929197583,1.43196261187645e-06,2.1398596909926e-06
0.425490191458351,0.14447753185185,4.85100285365338,26.9069309160103,1.43626371593459e-06,2.14576036873859e-06
0.428982267288207,-0.19820639871789,5.0787767239451,26.8793872065655,1.45618056233974e-06,2.17498215493727e-06
0.352322849696449,0.284963072320997,5.4883981411679,26.8788346440686,1.45658293330465e-06,2.17504952120645e-06
0.433463246255662,-0.0245828906084138,5.64243390269442,26.811767018854,1.50625591999655e-06,2.24867239846468e-06
-0.38118484564211,0.417846954385946,3.74569162121947,26.8030882038493,1.51280638051603e-06,2.25789782902221e-06
-0.454895458110688,-0.243226800690088,7.94062965626239,26.7814175616707,1.52928724990738e-06,2.28193646505787e-06
-0.463143233535802,-0.383967351501668,9.57030307575801,26.7796342773319,1.53065143500062e-06,2.28341238330894e-06
-0.354321843270815,0.338543960527774,6.95238832425213,26.7694090838696,1.53849707723662e-06,2.2945541906459e-06
-0.21854428018268,-0.424556976753435,5.90733686476341,26.7565727651826,1.54840315200617e-06,2.30876276987841e-06
0.0939863239204133,-0.549063123005918,5.21260876064887,26.7136215133091,1.58201571244553e-06,2.35830354000205e-06
0.373720289853065,0.263651615483765,6.7383387257653,26.6960811973274,1.59595125933993e-06,2.37849480216928e-06
0.171454501459166,-0.489023779017819,6.3825657976101,26.6799574535161,1.60886961706534e-06,2.39657624439187e-06
-0.128235857074142,-0.469067117751652,5.88502178541887,26.6799556398734,1.60887107602326e-06,2.39657624439187e-06
-0.537456890145962,0.0204192049144794,8.51546847777672,26.6703812398759,1.61659152856734e-06,2.40748757972553e-06
-0.266762501912928,-0.36965284221465,6.28204722478175,26.6685445171567,1.61807682567672e-06,2.40911022614818e-06
0.503211275154736,-0.0916224417592982,7.8952747360189,26.6567942190466,1.62761124886353e-06,2.42271327214699e-06
0.221981632789862,0.414396549712495,7.00697341021199,26.6328263861521,1.64723374843753e-06,2.45132218540398e-06
0.367134391870085,0.241558332844538,6.88015694606621,26.6045311244514,1.67070383502441e-06,2.48564148280269e-06
-0.433120851154841,-0.107179802908121,6.86440276715359,26.5728379346594,1.69738968337191e-06,2.52472719090354e-06
0.173177160363426,-0.541257727687134,7.17591153513322,26.5500358878023,1.71685239954225e-06,2.55305261563586e-06
-0.37155541072692,-0.220064322553983,6.49227230134404,26.5475302403342,1.71900466089684e-06,2.55562890733577e-06
0.0366664064188453,0.506976230317509,7.05063835692675,26.5133626368572,1.74862408148463e-06,2.5990291523629e-06
-0.121853117781379,-0.472790157373037,6.32318255397909,26.5022625532028,1.75835599957213e-06,2.61285607161219e-06
0.489076605739922,-0.0281511577678347,4.12735627557472,26.4941171768355,1.76553183783147e-06,2.62287892355246e-06
-0.399808409607428,0.294622255979151,7.03577708101713,26.4711528752348,1.78592077103351e-06,2.65252150623372e-06
-0.111813599080291,-0.482380477261344,6.29237552833707,26.4596692515954,1.79620468792984e-06,2.66714491222362e-06
0.0961942371304246,-0.494867184371866,6.0868547432891,26.4363330686484,1.81728571705034e-06,2.69778967212935e-06
0.37295586095931,0.183929358275897,6.81512929100731,26.4259807948578,1.82671662347466e-06,2.71112891363085e-06
-0.468818400346391,-0.0789418663143075,7.40709456399531,26.3796943918718,1.86948569201103e-06,2.77392856274998e-06
0.20495594916699,0.465126314671675,7.59575961120845,26.3627467425566,1.88539469582305e-06,2.79685256047045e-06
0.382322212158311,-0.385171009966007,9.21514263137882,26.3512087004554,1.89630301241209e-06,2.8123490230365e-06
-0.54360540500573,0.10559075477641,8.77870274543368,26.3465525459504,1.9007228952372e-06,2.81821748324502e-06
-0.176154210023723,0.511856389016277,7.40548383781756,26.3208106420105,1.92534512418126e-06,2.85402997711603e-06
0.243440127081798,0.484767862053482,8.18232102608492,26.2694079315722,1.97547048883604e-06,2.92762033496442e-06
0.421868194173805,0.017114066564904,6.4436610903216,26.2110424408044,2.03396957145685e-06,3.01358158944495e-06
-0.226448357330114,0.4075283063439,6.34097304055767,26.1926841405441,2.05272563417751e-06,3.04063106103959e-06
-0.426825951923115,-0.194912982465655,7.2837233985721,26.1687206706304,2.07746878559261e-06,3.07647100151969e-06
0.318142333243528,0.259250087734076,5.89125989178761,26.1682749780379,2.07793179340489e-06,3.07647100151969e-06
0.278357667456856,-0.536228973377659,8.5907287816342,26.1614826528065,2.08500078460703e-06,3.08618642759241e-06
-0.32384515759962,-0.289864027216328,6.27425520331335,26.1573477256159,2.08931590696755e-06,3.09182188663551e-06
0.226728326106193,0.397899867362225,5.63799222078158,26.1304726272099,2.11758067154291e-06,3.13288727298985e-06
-0.31522234006585,-0.317979717451797,5.64941374320036,26.1277481248071,2.12046731407654e-06,3.13639577456219e-06
0.373980991804739,0.162325429452091,6.17631142973721,26.1221382538971,2.12642343739265e-06,3.14444155619297e-06
-0.433130826500777,0.250944074086952,7.39688842535595,26.0820852999171,2.16943747970627e-06,3.20726939690427e-06
-0.360806163745757,0.335547105146978,6.52254126549791,26.0766044718923,2.1753907901167e-06,3.21528990780054e-06
-0.393509075614827,0.347932603247067,7.58748949837525,26.0710795336838,2.18140854807232e-06,3.22340175744278e-06
0.328258034436853,0.245480539520262,6.03297511986256,26.0702208453593,2.18234532418321e-06,3.22400347819155e-06
0.383410583286795,-0.265968047515427,6.39902513260298,26.0188571581026,2.23911786696482e-06,3.30707170647303e-06
0.298650819657001,0.304115230272585,5.64226762291783,26.0077424290915,2.25159610205774e-06,3.32469489918203e-06
0.360401129383306,0.216409124033298,6.28922603597056,25.9897260133675,2.2719705787484e-06,3.35396626659075e-06
-0.434111526661533,0.0925338383738748,6.17370047761909,25.9733004975105,2.29070655483977e-06,3.38080521354291e-06
-0.426939417093881,-0.187829357603039,7.52798778501639,25.971498046722,2.29277192830141e-06,3.38303332513306e-06
-0.433572079280687,-0.142619297111939,6.94550898173668,25.9485949043753,2.31917868004332e-06,3.42116787111794e-06
0.339526276673516,0.289868287768778,5.46471710149729,25.9339536758111,2.33621878854179e-06,3.44546995751996e-06
-0.386972726212722,-0.22262435398759,6.82639673089265,25.9139867822715,2.35965911740794e-06,3.4791970711503e-06
-0.492706295213661,-0.0495266890332224,7.88389294019685,25.9134505059381,2.3602919169128e-06,3.47928745524579e-06
-0.38692904501881,-0.195736412099738,6.74042245219077,25.9030178058139,2.37263619384409e-06,3.49663741179443e-06
-0.420263657436497,0.00282969907289862,5.98759998685634,25.8246996410424,2.46738956979874e-06,3.6353987659571e-06
-0.2192321633961,-0.453213122783088,7.18482579200056,25.8069257166654,2.48941489175198e-06,3.66696294725044e-06
-0.284229108644664,-0.354222151332662,5.8659499595935,25.8060969798161,2.49044664042619e-06,3.66759534274664e-06
0.400263339464269,-0.140080169105206,6.12249777350993,25.8039058223344,2.49317661599917e-06,3.67072774805392e-06
0.401495130126152,0.129753437694455,6.71393515951223,25.7766573511933,2.52737668743361e-06,3.7201811588723e-06
-0.367930814390601,0.318155937737598,4.20519347229746,25.7530454568635,2.55739159163452e-06,3.76345177903576e-06
-0.543481671567965,-0.258198779951536,2.25722136755902,25.7431323668725,2.57009888424798e-06,3.78123779780128e-06
-0.295927875850684,0.476482630630602,8.10478053300467,25.7261050518063,2.59207323429085e-06,3.81264601361747e-06
0.0163929867411247,0.462032018989941,6.06464433829364,25.7139382984736,2.60788985256739e-06,3.83498391846143e-06
0.227186460946813,0.392919984973482,6.61325222335686,25.7010234009442,2.62478465763586e-06,3.85819101589671e-06
-0.311865995934367,-0.339648454993622,7.10523017276797,25.7009059813102,2.62493876278649e-06,3.85819101589671e-06
-0.420565075933786,-0.149724864196827,7.30219611448084,25.6703196880194,2.66539086779835e-06,3.9167027765282e-06
0.638940570580559,0.193115588143777,1.68121255339362,25.6643130208392,2.67340795869536e-06,3.92753563043855e-06
0.39831400086878,0.101967604497738,6.46134053550342,25.658663506278,2.68097036324093e-06,3.93769543339223e-06
-0.438267410596905,-0.356427731863054,9.18411640831448,25.6244613035347,2.72721217521714e-06,4.00464730408152e-06
-0.271113675270719,-0.426677808606125,7.43598824869963,25.5751013686285,2.79535713169949e-06,4.10372177906595e-06
-0.527268248859297,0.123402873249329,8.56641549658219,25.5552757179382,2.82320481529995e-06,4.14360436729656e-06
0.374833438272076,0.208474161387585,5.16221150336104,25.550216027478,2.83035612857933e-06,4.15309908671751e-06
0.104301463183082,-0.52547535588122,6.76928294900074,25.545851829827,2.83653898871572e-06,4.16116852127743e-06
-0.543100586185152,-0.0597278056171952,9.19951614787143,25.5326213957274,2.85536551190923e-06,4.18777770091626e-06
-0.454497351231893,0.259471508773144,7.67803167121247,25.507026037865,2.89214239035963e-06,4.24069433345602e-06
-0.43908548334105,-0.0565389167847659,6.95925318827308,25.506496755187,2.89290787207897e-06,4.24079535882898e-06
-0.497709844361294,-0.0591335653759402,8.0946288083177,25.5003652449588,2.90179042809599e-06,4.25256496952148e-06
0.333016192081219,0.283896212944015,5.73864660465231,25.4999908541718,2.90233368074273e-06,4.25256496952148e-06
0.0977733763002352,0.943957737592448,0.505497844148397,25.4884409627226,2.91914298993192e-06,4.27616518833146e-06
0.0755358335259955,-0.505655375591297,6.5033997267462,25.4516211191233,2.97338191942067e-06,4.35457039341666e-06
-0.364760425105056,-0.188219803167725,6.2399801227778,25.446626691815,2.98081636818879e-06,4.36440838132116e-06
0.356349947083665,0.187803718937419,6.0493749888599,25.4460807326626,2.98163018124984e-06,4.36455026291152e-06
-0.297856505510919,-0.423600841072367,7.70640390041193,25.3765826777909,3.08706011543051e-06,4.51779374585119e-06
-0.458102602354267,0.0498607958754499,7.08454039498287,25.3751256824074,3.08930985096287e-06,4.51999960890699e-06
0.424535146601986,-0.0978523108468654,5.57624093008802,25.3669098376924,3.10202659779033e-06,4.53751511949724e-06
0.284952670563084,0.350218292682348,5.79504939558625,25.363107779915,3.10792924874362e-06,4.54505723429045e-06
-0.471058910474793,-0.0775050585610296,7.67967737762191,25.3549564225228,3.12062201802618e-06,4.56252325786345e-06
0.144121593352475,0.49190893511795,7.68906965072192,25.3251488418108,3.1674794234982e-06,4.62991950306291e-06
-0.311051479320298,-0.3487392764336,4.81637434899159,25.2719271486929,3.25290025194926e-06,4.75363819823983e-06
0.095454380445693,-0.493513120734546,6.29787267021203,25.2687749180557,3.25803124031871e-06,4.75999380634997e-06
-0.366087269582446,0.264045228818033,6.05858973867054,25.2515148913861,3.28626976754087e-06,4.80009845124492e-06
-0.365595099839715,-0.336451560329446,7.48258664509764,25.1476964797401,3.46136257064929e-06,5.05463548335641e-06
-0.357341461849438,0.469681802072022,8.42164575722562,25.130817737604,3.49069790556013e-06,5.09625152255398e-06
-0.353361366571998,-0.22685625665858,5.75887066274062,25.1240019340973,3.50261415424255e-06,5.11242267346648e-06
0.403761594932248,-0.270763867437052,6.90415442498153,25.1229323187632,3.50448788014383e-06,5.11393149911689e-06
0.438612851386614,-0.00261631788075375,6.99718776279747,25.1137303898467,3.52064905430924e-06,5.13628359516766e-06
-0.404839798806404,-0.0833400067344418,6.34805867213775,25.0868968128904,3.56820315629057e-06,5.20441322843722e-06
-0.400096160945125,-0.174867196092149,6.91035437206182,25.0550877515689,3.62540745068726e-06,5.28658217000816e-06
-0.343176096762751,-0.304355775610585,7.12216599015863,25.054495944099,3.62648038102689e-06,5.28688040222502e-06
0.507496616335957,-0.173224672715565,8.46882916936646,25.0349778486558,3.66204463047246e-06,5.33744977503384e-06
0.0995528583592228,0.585965987207892,2.85770347642314,25.0089240180276,3.71006185486417e-06,5.4061408742013e-06
-0.279317947742581,-0.416550751682873,7.40839191029187,24.9995798041929,3.72743621635239e-06,5.43015833576295e-06
-0.563378777810514,-0.163133845549949,2.30931024288055,24.9635640391984,3.79516746762381e-06,5.52750706767794e-06
0.215596802921275,0.399564515749073,5.19213140018469,24.8767784899714,3.96347558366086e-06,5.77126030933444e-06
0.0957149037661277,-0.569438160322166,4.27404823466909,24.866084333769,3.98472535863214e-06,5.80081491710963e-06
-0.160599876192549,-0.484942058135357,4.5293078183953,24.842621971833,4.03174615842659e-06,5.86786292433686e-06
-0.177161288865716,-0.417985697704206,6.16646426153525,24.8367557982283,4.04358897939493e-06,5.88369256848861e-06
0.335319464967426,0.26428864624698,4.76578180434879,24.8215374724676,4.07447466464355e-06,5.92721666866187e-06
0.447603310145422,-0.244356687476232,4.01593966843378,24.8204009945282,4.07679059786855e-06,5.92916893450161e-06
0.434795164485015,-0.00205898063297245,5.05661006264196,24.8177456040034,4.08220692825359e-06,5.93562832080436e-06
0.257309217115889,-0.427056585559477,5.80872994353054,24.8007292367415,4.11708726817424e-06,5.98457497216596e-06
0.521850404768593,-0.0911117841202212,8.88040910784764,24.8003656311633,4.1178358341661e-06,5.98457497216596e-06
-0.116329018552496,-0.464706846782534,6.44986398315616,24.7979721343573,4.1227667975973e-06,5.99031128013661e-06
0.438883745396308,-0.401607580052532,9.11606256093716,24.7966232758647,4.12554824994221e-06,5.9929223921852e-06
-0.418495375568171,-0.0103360358363144,6.45420127735221,24.7384175028025,4.24737780967362e-06,6.16767890649266e-06
0.277591406675301,-0.382709667631688,6.04235998195943,24.7381822667814,4.24787740718195e-06,6.16767890649266e-06
0.406613536922371,-0.255701299401676,6.9534739238508,24.7318202603646,4.26141143332103e-06,6.18585426944645e-06
0.390564762983984,0.190648622085188,4.95584162337269,24.7270260390776,4.27163876114511e-06,6.19922211629355e-06
0.524216871583607,-0.0936063565306656,8.86936423223501,24.7202013199379,4.28624002676649e-06,6.21892976238189e-06
0.357179148038146,0.181795869777663,5.49959995422902,24.7066719849552,4.31533330757704e-06,6.25964955361664e-06
0.402737460433621,0.000249927092301663,6.02614827294014,24.6809612708512,4.37116656737345e-06,6.33912864749156e-06
-0.0586003497832102,-0.470966210462262,6.21010160915525,24.6644049176632,4.40750204438745e-06,6.39030065402019e-06
-0.549693508615075,0.152059012265919,10.3062333987688,24.6061546158459,4.53775887380291e-06,6.57758952945526e-06
0.292708710283604,0.316663459444547,5.44048960202943,24.5900888381046,4.57435698403629e-06,6.62906101376171e-06
0.321320544001079,0.371955698622544,3.59043314072431,24.5669839229005,4.6275084731847e-06,6.70449109584685e-06
-0.449022738632164,-0.0750024304977528,7.34105291844353,24.5628366566684,4.63711418391754e-06,6.71680969585772e-06
0.133855542044237,0.429486891847698,6.94004695082424,24.4922836403927,4.80361489581153e-06,6.9563290879402e-06
-0.0337859419253585,-0.513859958502028,6.90867251270588,24.4878199502297,4.81434779271661e-06,6.97021387920541e-06
0.354661947286193,-0.330932144719127,5.15461081445823,24.4801555171601,4.83283281260917e-06,6.99531292514613e-06
0.795698615435259,-0.0418064951756492,0.819087556810817,24.443713674806,4.92169862823858e-06,7.12224893004908e-06
0.180701660555539,-0.486158894833775,6.88926400534619,24.4360408863086,4.94061646949594e-06,7.14792610890953e-06
0.376963446530643,0.156459991894747,6.47844980199088,24.4260822243536,4.96527878408812e-06,7.18190003267485e-06
0.212904781805935,-0.471032880184534,4.78609054852179,24.4168139633787,4.98834193142347e-06,7.21354529180667e-06
0.405985322052439,-0.068693161837704,6.48409183692419,24.4126596969225,4.99871415071369e-06,7.22682777239254e-06
0.280760033818623,0.315045332649566,5.04186896125849,24.4049953229688,5.01790690961539e-06,7.25285310202719e-06
0.410272119232811,-0.0156588897906954,6.46765930035075,24.4034431746941,5.02180268890269e-06,7.25676116070248e-06
-0.392994506336805,0.320261166482888,8.09489866647984,24.3644861214104,5.12057889074669e-06,7.39774188107875e-06
-0.571680521635849,0.333788801170777,1.98883884065128,24.2779042038673,5.34712191333227e-06,7.72319767695536e-06
0.489481171473898,0.00487788800561217,8.23917727140094,24.2728955960582,5.36052951296278e-06,7.74072667811134e-06
-0.441533599317047,-0.144155935733599,7.71592259459424,24.2601892316608,5.39469434643011e-06,7.78821417620738e-06
0.324968215565607,-0.323146272163039,6.3585378157789,24.2577488262519,5.40128098476088e-06,7.79587449863068e-06
-0.380267863093411,-0.278078782296039,7.40679299513923,24.2533748476264,5.41310645492469e-06,7.8110908029347e-06
0.307864958080807,0.273421824411701,5.4714562899442,24.2215435561364,5.49994878235556e-06,7.93452326705702e-06
-0.340603468508026,-0.225530433541601,6.03646978119991,24.2197415318337,5.50490653620308e-06,7.93979412281553e-06
-0.325531174141059,0.338405616491465,5.33565328522498,24.1976476578888,5.56605602717144e-06,8.02608931630027e-06
-0.0734225305469499,0.612583874354104,2.75309655311161,24.1814177788642,5.61140800053701e-06,8.08956947839672e-06
-0.440655689768561,-0.11060486471895,7.54963790004969,24.1738962098566,5.63255102905735e-06,8.11812752483455e-06
0.459377958548144,-0.186343512078855,4.00802351581223,24.165387322163,5.65656544890275e-06,8.15080957465561e-06
0.163197461501595,0.41370930231158,5.9240760709125,24.1582487760667,5.67679134991352e-06,8.17801839523746e-06
0.323921920955549,0.275099070616099,7.12398257178353,24.1369040944423,5.73770044510898e-06,8.26380892117896e-06
-0.421653298848667,0.177296397829071,4.92081642324492,24.0866125053555,5.88380878809557e-06,8.47223933347347e-06
-0.461461512491641,0.15645983054902,7.56416832378394,24.0686245673771,5.93696627192269e-06,8.54676062035122e-06
-0.379289175709523,0.186789613258772,6.39805910152817,24.0439763943122,6.01058667832213e-06,8.65069780085701e-06
-0.135255730184835,0.457463308829615,6.7873840145868,23.9522676311876,6.29261511820727e-06,9.05446486401462e-06
-0.34362732634189,-0.212077246554614,5.74032762532459,23.94481500949,6.31610710022022e-06,9.08612004398409e-06
-0.35199169623394,0.419902551899969,7.69336166160498,23.9065103247715,6.43824118939261e-06,9.25962966241961e-06
0.430173311576076,-0.0720317615193243,5.06948900827819,23.8927512740645,6.48268593698136e-06,9.32134907518718e-06
0.205407608401461,0.508832158663328,3.30931091504159,23.876789338454,6.53463105517036e-06,9.39382145546095e-06
-0.0793381995126425,0.577628309689284,8.74269281612521,23.8753660505574,6.53928304089746e-06,9.3982896961718e-06
-0.388859104829171,0.165570311379656,6.2450560220947,23.8328189795777,6.67988697954367e-06,9.59810052666082e-06
-0.419045439634822,0.291238829441591,7.84950187806967,23.8019273032991,6.78386437444127e-06,9.74520205559189e-06
-0.0590536979214009,0.534290665133169,3.86711293051473,23.7976011068744,6.79855442162211e-06,9.76400078292886e-06
0.0477489162389463,-0.48124568707649,6.23030178140916,23.7968786425022,6.80101072191867e-06,9.76473918348318e-06
0.328862473633215,-0.297843748414231,6.94404035442841,23.79650646676,6.8022764252878e-06,9.76473918348318e-06
0.369093396432526,-0.295574886629652,4.8902652483493,23.7549941360734,6.94494106304416e-06,9.96718557091297e-06
0.184718461162793,0.414623570421092,6.89373478057998,23.7386365647943,7.00197516419259e-06,1.00466709402792e-05
0.384221872023151,-0.334509436117116,4.86212190954596,23.7240208736822,7.05333194242445e-06,1.01179747562394e-05
0.364792348572903,-0.289913058448126,5.90199313463084,23.7189838560992,7.07111820896392e-06,1.01410995656472e-05
0.417850642901767,-0.00822521655056148,6.78919169577932,23.6767003527194,7.22220553201207e-06,1.03553432121737e-05
-0.0757728215735411,-0.535210119704704,7.49625479205288,23.6703478300874,7.24518161376309e-06,1.03858407498445e-05
0.375687456197969,0.231548737086422,6.72596279902985,23.6677985071511,7.25442265594471e-06,1.03966396255629e-05
-0.0759494668992853,0.477428374664708,6.76466040342719,23.6458416776821,7.33450349252504e-06,1.05089332225212e-05
0.318282071455124,-0.360527038477691,5.94772666373733,23.6395122322829,7.35775193024383e-06,1.05397632356057e-05
0.415493831028935,0.220181294646195,7.95168739078843,23.5957048724431,7.52069174984738e-06,1.07706354676713e-05
0.262551173066156,0.345870569195922,7.25449564233445,23.5432268113001,7.72063915195935e-06,1.1054386443351e-05
0.393351585585468,0.468464278259584,2.14446612172741,23.5263171039223,7.78619275894647e-06,1.11456246217884e-05
0.10417966098054,-0.505228197841408,6.97066127043718,23.5173322871161,7.82125020394519e-06,1.11931761263795e-05
0.285816252605537,0.348571222801924,4.492043618376,23.5164675990118,7.8246324060362e-06,1.11953847445237e-05
-0.167646654761893,-0.412151795769629,6.14115478503059,23.5091187078119,7.85343647924334e-06,1.12339570689928e-05
-0.237562392896091,-0.422877402690484,5.23276916206907,23.5017270095453,7.88251529801264e-06,1.12729041894059e-05
-0.217031877270231,0.467874126144282,4.54956218416273,23.4930656336853,7.91672603641954e-06,1.13191705283518e-05
-0.311753146821315,-0.270812832217378,6.47527394628389,23.479262619995,7.97155234982159e-06,1.13948839412336e-05
0.270672347372453,0.333154184851494,4.81960164277318,23.4550192341327,8.06876908491689e-06,1.15311422978812e-05
0.30042441652922,0.250885928683072,5.44789942027978,23.4522181084998,8.08007782032005e-06,1.15445937033815e-05
0.336586207249053,0.247231184925177,6.47313563980895,23.442782058477,8.11828990146538e-06,1.15964685406197e-05
-0.365399139110661,-0.210118071935268,7.49739345811269,23.4131566159672,8.23943892503189e-06,1.17662206936006e-05
0.410829458474966,-0.126840482903446,5.39678246241579,23.4127794370019,8.24099294308687e-06,1.17662206936006e-05
0.361327336560705,0.31111756981869,8.29099890947461,23.4001842878376,8.29305497096641e-06,1.18377769433162e-05
-0.427598449197083,0.190751599038719,7.27700238224425,23.3506213232976,8.50113680497565e-06,1.21319551965991e-05
0.366615479720877,0.28171563242565,3.75064298943449,23.339588617542,8.54816165905102e-06,1.21962053387163e-05
0.467772491597681,-0.136956137207575,8.04399503233108,23.3274482977774,8.60020817253803e-06,1.22675884148106e-05
0.436967716673339,-0.00354566116759908,7.30958945917069,23.3031733646387,8.70522896561873e-06,1.2414484409156e-05
0.362180244892626,0.271204901273404,3.88908995754153,23.2456138267085,8.959403441764e-06,1.277396912259e-05
0.373543273122245,0.111200204280327,5.76820133623475,23.2117321821739,9.11247602998794e-06,1.29891721073675e-05
0.585931012786309,-0.150325520413572,2.16751070862168,23.2105639813714,9.11780018566306e-06,1.2993718991179e-05
-0.256824578828647,-0.308969618997262,5.92245658051889,23.1998002996815,9.16700301726257e-06,1.30607803344476e-05
0.358556339524742,0.155527883506905,5.50955765590711,23.172761605397,9.29177644049239e-06,1.32354550701258e-05
0.354330453821978,0.177846219169334,6.40121961564036,23.0856295301233,9.70552967726706e-06,1.38215823801642e-05
-0.0646589757533857,-0.487158870348628,5.10741983172222,23.077243280629,9.74631161606606e-06,1.38764137321352e-05
-0.454595266450076,-0.163917698856213,8.27597564219784,23.0653015978049,9.80467937599185e-06,1.39562515878042e-05
0.358919900810284,0.261430423654532,4.47873106752042,23.0633627909937,9.8141886739981e-06,1.39665218904396e-05
0.389142962600044,0.047249947083474,5.90701978977818,23.0419515129711,9.91982025303337e-06,1.41135465530421e-05
-0.0873963621813838,-0.477373493810145,5.13241468029345,22.9778698215272,1.02428064270164e-05,1.45696741887093e-05
-0.48390526463372,-0.135198507260455,8.71713001423103,22.976630480126,1.02491555610338e-05,1.45752999429044e-05
0.373704114598021,0.0802133293250605,6.26703714080261,22.9709397084327,1.0278359892299e-05,1.46134178011015e-05
0.332895078460632,0.212303305783241,6.77237553378632,22.9486030087014,1.03937956250716e-05,1.47740900689787e-05
0.234084575953959,-0.488680110574078,7.71540248633602,22.9413720305909,1.04314422939469e-05,1.48241411497547e-05
0.0839047457868755,-0.474996766836049,5.88686624522679,22.9259125806021,1.05123869109617e-05,1.49356853008016e-05
0.187334687817049,0.433464130904257,7.65410576755157,22.9155025146227,1.05672468817554e-05,1.50101257620454e-05
-0.416129765365822,-0.0188607019417985,6.82965753904723,22.8950519618688,1.0675854225421e-05,1.51608585314586e-05
0.0672598643124604,-0.502236521814197,5.47060116795691,22.8928118833852,1.06878182999588e-05,1.51743091907997e-05
-0.438371988498548,0.0106010377465739,7.24777076690536,22.8740549986917,1.07885248850108e-05,1.53137186989848e-05
-0.27719970477323,0.403642041423407,7.47591591613282,22.8697442013078,1.08118035358104e-05,1.53431841319379e-05
0.410617222570567,0.0790412326688627,7.0533398088149,22.8563032622694,1.08847086357769e-05,1.54430450185527e-05
-0.119633987014364,-0.586575209517127,8.81547455977402,22.8445709795535,1.09487475222144e-05,1.55302830650608e-05
0.432617599304217,-0.0419938319266275,7.27514534859506,22.8410973491136,1.09677799967121e-05,1.55536558630289e-05
0.369684827657992,-0.22972619679915,6.8008682838275,22.8381888255038,1.09837416236246e-05,1.55726639507748e-05
-0.201876039577104,0.428382703761723,6.00091660324444,22.8048294685126,1.11684833356778e-05,1.58309025722018e-05
-0.132810698858725,-0.43863836607171,5.70530519215874,22.7528042150398,1.1462816516798e-05,1.62443265722221e-05
0.15781920795608,-0.447818144760844,6.17975946791933,22.730612201857,1.15907162804715e-05,1.64217548791042e-05
0.383394210697378,-0.253460096970305,5.70061358069943,22.7200233403341,1.1652245262034e-05,1.65050882166735e-05
-0.522360374151995,-0.359643693251445,1.73368256850499,22.6991249694301,1.17746400831584e-05,1.66745775357684e-05
0.429770431031285,-0.0256421484462152,4.77021518883047,22.6239471540525,1.22256595024681e-05,1.7309259314192e-05
0.273615347570837,0.305234909172861,6.59124763714617,22.6183704594419,1.22597964579242e-05,1.7353555181549e-05
0.428296158078853,0.181244420454526,7.79180034343612,22.5931498602793,1.24153750487175e-05,1.75696892832617e-05
-0.403789767419508,-0.157556405648019,4.55732436397967,22.5771646982169,1.25150035539109e-05,1.77065632433673e-05
-0.276903542195627,-0.312554220759015,6.51887303351457,22.5303269753195,1.28115495195201e-05,1.81219129820722e-05
-0.3232769594082,0.384411948209938,7.84033638661883,22.4986018267463,1.30163940611268e-05,1.84073883958513e-05
-0.423536447307675,-0.0637965545144275,7.29434077371601,22.4620524433807,1.32564514560075e-05,1.87425165964175e-05
-0.202532152539223,0.339922775241126,6.0077023264277,22.4549579657704,1.33035587560566e-05,1.8804751731338e-05
0.280388127920505,0.273921746623305,6.44078162791634,22.4504078130605,1.33338598235701e-05,1.88412368078415e-05
0.172773120681276,0.383984923741969,5.58266047598582,22.4501528098438,1.33355600205304e-05,1.88412368078415e-05
-0.319709163321778,-0.248093913400423,5.92057439531694,22.4256219018953,1.350013394189e-05,1.90693307281268e-05
0.582507637892492,0.092840178560416,1.85648298315335,22.4125696969903,1.35885253109667e-05,1.9189733726088e-05
-0.199288693821205,0.435287238363875,5.30238686298124,22.4079100498881,1.3620221085705e-05,1.92300338519879e-05
0.372093006831796,0.12120649297542,6.85474965864223,22.3965071961567,1.36980975727112e-05,1.93355015123269e-05
0.652388222081971,0.0543254553888341,1.38858706202649,22.384339218709,1.37816906757807e-05,1.94489876759743e-05
0.0457173814086832,-0.524386072557938,7.44915718712083,22.2558809189485,1.46959228546849e-05,2.07343634621834e-05
-0.255177323256747,0.358909202705004,6.77365200553207,22.2264207983644,1.49139968629964e-05,2.10371670301024e-05
-0.379094689962781,-0.0931317660404207,5.89287102768109,22.2069284586048,1.50600618408563e-05,2.12382804000772e-05
-0.297489445738673,-0.270998340559552,6.17084221362259,22.193406974088,1.51622239942193e-05,2.13774014999553e-05
-0.480028026242333,-0.041511475475081,8.40402783371657,22.1905691421409,1.51837531864846e-05,2.14027991200089e-05
0.348984512453962,0.259006054591802,7.64989092865508,22.1796963079387,1.52665231842293e-05,2.15144891540712e-05
0.367426284429379,-0.152600928222313,5.88256265894056,22.1778719257082,1.52804555245509e-05,2.15291398364883e-05
0.301215055310258,-0.292809236705093,6.2260102249667,22.1517560377138,1.54812952804288e-05,2.18070628568373e-05
-0.672870284958928,-0.258128063344568,0.970406047401338,22.1272482360245,1.56721686208099e-05,2.20708217819779e-05
-0.412680482109446,-0.00377832081082188,6.87500368437347,22.1206816583325,1.57237094426371e-05,2.21382847101699e-05
-0.26312691656737,-0.38169332567442,6.84109291776027,22.1109391766311,1.58004902755365e-05,2.22412450398766e-05
0.362124406277283,0.176345189435137,7.59108303542814,22.1023970717191,1.5868119319123e-05,2.23312784130422e-05
0.181479619627829,-0.465563134780721,5.90945942715318,22.0933461908182,1.59400922800054e-05,2.24273819738093e-05
0.370861069825998,0.151451711529668,5.15218301839167,22.0825245434846,1.60265750691295e-05,2.25438514373522e-05
-0.387981478445098,-0.355207837645866,10.4672797721027,22.0338463151007,1.64214334692852e-05,2.30939447819376e-05
0.274658947374789,-0.491161228467961,8.40519921093103,22.0128531561079,1.65947101665148e-05,2.33322391440513e-05
-0.382835756074688,0.159952175411801,6.02882742877373,22.0041170842633,1.66673549987571e-05,2.34289672667821e-05
-0.0845109077231204,-0.454972408303144,5.55358139744764,21.9883280990477,1.67994560589302e-05,2.36092078685981e-05
0.384632931422619,-0.01486116515418,5.89752308304595,21.984061115858,1.68353358182025e-05,2.36541713503847e-05
-0.230103734388963,-0.43182197135693,7.49729627873494,21.9687830773695,1.69644337354509e-05,2.38278211557005e-05
-0.348868069511983,0.280833668490575,4.61232676632939,21.9685094283782,1.69667550443433e-05,2.38278211557005e-05
-0.228765691123277,-0.34093447986704,5.81947198928791,21.9445247329096,1.71714512113487e-05,2.41097313133512e-05
0.385487859796166,0.000698442520490151,5.82863781755013,21.9254168482291,1.7336292454124e-05,2.4335565704567e-05
-0.387420817136295,-0.207835566884561,6.9621569569223,21.9157138961334,1.74206034126544e-05,2.44482788326971e-05
0.0143474030455025,-0.502835570823852,4.88696807315239,21.8807049918482,1.77282260595955e-05,2.4874266017704e-05
0.29457363111519,0.252374752021554,5.63862913028851,21.858510684964,1.79260545407823e-05,2.51460414848577e-05
-0.39991147169503,0.182217725870553,7.0385032228754,21.8189432147108,1.82842301995572e-05,2.56425693284737e-05
-0.485557053153448,-0.17613917486429,9.88310176089703,21.8125689598962,1.83425973330864e-05,2.5718501281398e-05
-0.414761286861765,0.0898748934773249,6.90748126226545,21.808940931472,1.83759012631039e-05,2.57592647685417e-05
-0.401398719726152,-0.0206210232225718,6.73174830872076,21.7735214035066,1.87042328939558e-05,2.62134829324132e-05
-0.479770681346132,-0.0936144896831074,8.79600298317291,21.7687974231571,1.8748464324816e-05,2.62634840148567e-05
-0.174792316955316,-0.402006953973707,6.27163698845853,21.7687895255642,1.87485383588317e-05,2.62634840148567e-05
-0.0656263395845193,0.602158133622082,2.49044731771123,21.7345834461114,1.90719531597149e-05,2.67103866658257e-05
-0.400692063420636,-0.163836510234387,5.32017271063821,21.6864809204307,1.95362184211358e-05,2.73543003099988e-05
-0.415717101420524,-0.162585842285111,8.03582034578242,21.6858401002238,1.9542479025828e-05,2.73567745020099e-05
-0.399707137325406,-0.62846157243844,1.21711276341769,21.6775565256616,1.96235876683229e-05,2.74640003964941e-05
0.311899234375858,0.23878214294459,5.37905397345848,21.6609980028825,1.97867309008603e-05,2.76859613248534e-05
0.368698457863699,-0.183340545825855,6.5414256528572,21.6486875775825,1.99088980338361e-05,2.78504989039508e-05
-0.381833091731302,0.160802613880811,5.74904842758508,21.6237744400313,2.01584456179946e-05,2.81931120887552e-05
-0.329262947671804,-0.456125123893155,2.75419952989538,21.6225931132627,2.01703559908695e-05,2.82032906000032e-05
0.353707931926295,-0.209545894130754,5.66576320840014,21.6116230998924,2.02812944994173e-05,2.83518991762233e-05
0.372516479106952,-0.210392832486962,6.64987191746604,21.5276371010553,2.11511019848306e-05,2.95610442799928e-05
0.351800059068567,0.165361547293719,5.40044758620516,21.5110960356238,2.13267582499486e-05,2.97997025994232e-05
-0.384088368851028,-0.0987471127144208,6.81019523196186,21.4754123733948,2.17106814306422e-05,3.03291942518929e-05
-0.236253376744432,-0.323930652096653,6.51042417718742,21.4388874813191,2.21108141590359e-05,3.08810820372127e-05
0.409500738543605,0.00888876383332617,4.84804673380153,21.4198759526225,2.23219964824886e-05,3.1168879492062e-05
0.174083031372293,0.386283751580632,7.00941463626242,21.3901402202147,2.26563563895137e-05,3.16285021094611e-05
-0.386913477245061,0.079493599600397,6.26837418985506,21.3618410063898,2.29792136918276e-05,3.20718599165169e-05
-0.390052197269355,-0.159959667035894,7.33256658707399,21.3483840986925,2.31343495977465e-05,3.22809810568601e-05
-0.359348525401106,-0.107218963642254,6.36556115150897,21.3336187235192,2.33057752858802e-05,3.25127314253984e-05
0.241991978869529,-0.415029123026814,6.96312836334058,21.3251363012121,2.3404829907266e-05,3.2643437451417e-05
-0.315062299937749,-0.214659412330454,6.53496863169366,21.2723242095425,2.40310910695443e-05,3.35092263928963e-05
0.257954635933418,0.406617403190028,7.85665709055037,21.2709130264521,2.40480531876842e-05,3.35251998641222e-05
0.602247710363724,-0.172724338171203,1.75547830631701,21.2700739548071,2.40581443241065e-05,3.35315894334159e-05
0.34993884051481,0.140056853122482,5.76758151813548,21.2520231501167,2.4276261573666e-05,3.38278508721626e-05
0.017675723008148,0.451575947220855,6.93172768319724,21.2184712409358,2.46869542847716e-05,3.43922603399747e-05
0.428579269825252,-0.00269258584298208,4.27924523753528,21.2048319952883,2.48558853700936e-05,3.46196820254244e-05
-0.115852572888183,-0.426374326158235,6.69396824898755,21.1986609305215,2.49326974514624e-05,3.47187241730337e-05
-0.633542149345743,0.618969453961166,0.637265318820838,21.1965444162033,2.49590966231292e-05,3.47475372150951e-05
0.234654210906273,-0.400772371353752,5.1595153582031,21.1850173016965,2.51033651561182e-05,3.49403948492107e-05
-0.445140387768881,0.0563998132545372,7.67829172639517,21.1816495649519,2.51456715279274e-05,3.49837492597405e-05
-0.30212102454206,-0.228377123325255,6.03268816997319,21.1816229332059,2.51460063667254e-05,3.49837492597405e-05
-0.416242505963229,0.08691773649732,7.05356030909694,21.1600533126308,2.54186689391118e-05,3.53550049123401e-05
-0.00312193953563091,-0.454730371068609,6.35954796947015,21.1416266148902,2.56539421667522e-05,3.56740977412488e-05
-0.346556319940291,-0.14527519534904,5.91952652827946,21.1377709231276,2.57034467167365e-05,3.57347758875296e-05
-0.399447329353384,0.102445025206079,5.45843959482718,21.1364485841133,2.57204466712407e-05,3.57502464234049e-05
-0.551444911604286,-0.283814645635383,1.454102421961,21.1073049362551,2.60979845185836e-05,3.62667267174474e-05
-0.386934134399601,-0.111959082500447,7.02302328048446,21.098306641703,2.62156677330834e-05,3.64219500591081e-05
0.390592500451598,-0.110805111563496,6.67097781131325,21.0825511274383,2.64230039966546e-05,3.67016309221157e-05
0.31956233450355,-0.257358146281935,6.08702290033564,21.0734625655477,2.65433507879474e-05,3.6860383119759e-05
-0.0111198169642365,0.422001655619836,6.12262096812438,21.0621081304445,2.66944717322631e-05,3.7061788804109e-05
-0.3178461283092,-0.289421706085069,7.27399095429376,21.0603307277833,2.67182056894479e-05,3.70862827718557e-05
0.172669506407425,0.365333135211707,6.25551446950441,21.0368602720366,2.7033596895905e-05,3.75155089815978e-05
0.401251043358399,-0.263044972165968,8.01852444327613,21.0254925059304,2.71876902084981e-05,3.77207515928297e-05
0.393079600537965,-0.0447980911235626,5.41969146627463,21.0204932554425,2.72557342521441e-05,3.78065413823315e-05
-0.0337922941481484,0.455083608206664,5.1469212082963,21.0186048760536,2.72814809885286e-05,3.78336346829527e-05
0.557722365304553,0.448694597985329,0.834913161786283,21.0076043343849,2.74319499534124e-05,3.80336395619164e-05
0.397900649947543,0.0729137537787005,4.88148705191733,20.9721311781711,2.79228393566554e-05,3.87054294178775e-05
-0.46253090700125,0.0529057453636889,8.2028274516072,20.9714894783736,2.79317998342425e-05,3.87090365105551e-05
0.495689167743669,0.442347451900086,1.10903249497053,20.9618384527241,2.80669108202804e-05,3.8887426735063e-05
-0.301827179110005,-0.258012761624436,6.78718635594857,20.9254225240917,2.8582633008529e-05,3.9592962401803e-05
0.13481190284936,0.628199575182333,1.66323070083927,20.9012652814454,2.89299652334958e-05,4.00611780845611e-05
0.32617713787503,-0.179758231601169,6.14451107646658,20.9009999010354,2.89338042112049e-05,4.00611780845611e-05
-0.313952650123803,-0.193463979006919,5.86462094365363,20.899813031166,2.89509796371629e-05,4.00758444818207e-05
0.567406471031752,0.149049615813439,1.76284138105365,20.8910779030917,2.90777014259877e-05,4.02421109982754e-05
-0.416549270534692,0.195349040501103,7.45035107198987,20.8779316416195,2.92694625038477e-05,4.04982926644147e-05
-0.37710488112126,-0.0514625933638426,5.86121655762635,20.8621451543228,2.95014076985703e-05,4.08023138335415e-05
-0.306127148993318,-0.210599784915343,6.20950723408841,20.8620648080218,2.95025928868675e-05,4.08023138335415e-05
0.259701240927691,0.334470812667481,7.39949261586503,20.7961322833104,3.04913920621464e-05,4.21602532078917e-05
0.661380902516173,0.245864993915294,0.783104003749359,20.7815841402925,3.0713997269972e-05,4.24584049454109e-05
0.325565559137751,-0.261506054475281,5.47654494177456,20.7802980924959,3.07337534553967e-05,4.2476070609865e-05
0.349074363443636,0.177299407328929,7.31457754299369,20.7642626408016,3.09811587534364e-05,4.2808282907608e-05
0.406669413260533,-0.454484664401667,2.48912233161914,20.7457970268328,3.12685263758772e-05,4.31955499379034e-05
0.220956340452354,-0.479598667946249,7.57677444223869,20.7303646855044,3.15107329135684e-05,4.3520268143785e-05
0.294417405116851,0.448054529437884,2.41561947976826,20.6509226749827,3.27875614857983e-05,4.52734575471853e-05
-0.39597516425664,-0.0862750923212387,5.36496254910296,20.648375900716,3.28293393387725e-05,4.53208657357023e-05
0.403838826892487,-0.0171752794673476,4.84579148347588,20.6093175191891,3.34767711017301e-05,4.62041674149473e-05
-0.162718064765659,0.396366464906705,6.32409316675025,20.6072410975957,3.35115450951697e-05,4.62416787260637e-05
-0.598333320080291,-0.236748190235946,1.26195691157556,20.6004681850978,3.36252228502027e-05,4.63880255409095e-05
-0.153982973427796,-0.552918768204948,8.99933883855688,20.5570586969751,3.43630276740978e-05,4.73951319619184e-05
-0.149706250432038,-0.512558057478594,8.35891692790218,20.5311434383178,3.48111883286264e-05,4.80023815503233e-05
0.345785043999012,0.179406175002993,5.13615569297286,20.5190814467568,3.50217688253106e-05,4.82818226015605e-05
-0.296687176960684,0.409676047926269,4.3735259413154,20.5146961522835,3.50986434586235e-05,4.83768488512792e-05
-0.130577850526658,-0.40252363433234,5.68030161819989,20.5102291822573,3.51771233619881e-05,4.84740441439075e-05
-0.405488836441094,0.0405062148501102,7.07172197066056,20.4871486181313,3.55854287359073e-05,4.9025591795475e-05
-0.124143719372357,-0.492422978375702,4.31087294662137,20.4715911806119,3.58633171848177e-05,4.93972567921199e-05
-0.194905512166474,-0.348125736555222,6.06027813121027,20.4602309718455,3.60676042065058e-05,4.96673997758895e-05
-0.373099609149915,-0.0394174456008396,5.84728239735645,20.450305185661,3.62470487840899e-05,4.99032186787741e-05
0.191074617881625,0.674990826263461,1.15357628491863,20.4339864746095,3.65440112053414e-05,5.03006873656158e-05
-0.00663210231018951,0.428795577202139,6.51831767459335,20.4264811375804,3.66814064036657e-05,5.04783910907587e-05
0.441272441140945,-0.420077796082121,2.26529893429199,20.3802055318553,3.75400285633817e-05,5.16482924053938e-05
-0.431786565346217,0.00679838685567591,7.67074723301481,20.3785958947693,3.75702536356904e-05,5.16781979516682e-05
-0.016086641925541,0.425089921924547,6.32705990136602,20.3553720906118,3.80090584909323e-05,5.22699679450634e-05
-0.0807901692740671,-0.43056570801015,5.83609016197675,20.333526556805,3.84264982252263e-05,5.28320960242046e-05
-0.380273260214375,-0.397806819074345,9.6060542631521,20.316689595877,3.87513564375134e-05,5.32667098648863e-05
0.32525448502144,0.163784476566983,6.44774809348478,20.2985190675968,3.9105026908641e-05,5.37407232098886e-05
-0.382380573052229,0.0629962344116137,6.54858997750945,20.2972631449819,3.91295910643284e-05,5.37610686175186e-05
-0.271575399326458,-0.382361985720703,7.88339074018574,20.2968593110067,3.91374927912028e-05,5.37610686175186e-05
-0.1824879834251,-0.339866955719688,6.16517373619945,20.2662444736414,3.97411955569354e-05,5.45780280962379e-05
-0.484438912279866,0.0301725360331825,9.0224152470791,20.2539003970256,3.99872382497132e-05,5.49035422788124e-05
0.290791921853174,0.258777368985377,4.92433101334224,20.245683922654,4.01518532159845e-05,5.51171324416942e-05
-0.186793040835901,-0.357285192978458,6.25216885733337,20.2029935587427,4.10181141877643e-05,5.62935705985368e-05
-0.215230330315407,-0.317890614547844,5.84444191758723,20.1991196393074,4.10976416184913e-05,5.6390002743605e-05
-0.283146031973336,-0.329682517392715,6.95545940405552,20.1907895884614,4.12691713054439e-05,5.66125991229253e-05
-0.444573910041207,-0.176639110788567,9.1389866850992,20.1802813488183,4.14865751091029e-05,5.68980106474923e-05
0.42074150435275,0.0805506364358901,7.87815610733868,20.1731036081305,4.16357325414283e-05,5.70897161513999e-05
-0.546770027381146,-0.543028931722676,0.71397736353861,20.1656602722944,4.17909756138667e-05,5.72896778962441e-05
-0.07098300490454,-0.432244043416915,6.41900734711803,20.1498382927001,4.21228947690268e-05,5.77316936861403e-05
0.166706728313595,-0.427153920120436,6.79525578489714,20.1458583085697,4.22068024555049e-05,5.78336739475835e-05
-0.209275926544584,0.377168550233777,5.65869827100071,20.1008361325834,4.31676983278415e-05,5.91370268721645e-05
0.402600307127151,0.272341074013671,3.05090140324249,20.0898871798792,4.3404666919161e-05,5.94482817106528e-05
0.0356119193474693,-0.46359579847665,6.72398014185566,20.07300228159,4.37726598071651e-05,5.99388108200677e-05
0.0790201848076443,0.384713840536932,5.59401426123493,20.0453029017702,4.438311512265e-05,6.07610534892496e-05
-0.464951707675437,-0.154415335081758,9.21306129582243,20.0446407862626,4.43978109294953e-05,6.07675074052985e-05
-0.0199257195282025,-0.437937467196258,6.23457293617844,20.0360176227772,4.45896489860615e-05,6.1016359412709e-05
-0.0376596818737848,0.416797947247539,5.89028058211882,20.0281136856012,4.47662145391635e-05,6.12442054189724e-05
-0.157841540624524,0.409095985034075,5.53386908483164,19.9778171803048,4.59062818790417e-05,6.27898099482377e-05
-0.302163217412213,-0.265889834235767,6.91133547650895,19.9757013459584,4.59548726209597e-05,6.28421528563349e-05
-0.455519858042522,0.044796431112486,8.19104334744872,19.9656767107405,4.61857912735749e-05,6.3143745177077e-05
-0.0743381050484257,-0.593061003719755,9.70798814028038,19.9642329161007,4.62191447099425e-05,6.31751578343355e-05
-0.712833151415777,-0.233477144217045,0.654631765868662,19.9332558075513,4.6940585052809e-05,6.41468646019082e-05
0.310080845656641,0.225183318839349,5.07413532445058,19.9188224732076,4.7280564917233e-05,6.45969657127725e-05
0.364439493139716,0.0119046997367592,6.33902201443772,19.9160101106677,4.7347096728983e-05,6.46733508831161e-05
0.444888754973738,0.108528346343876,3.20969726933616,19.9036997960711,4.76394242951185e-05,6.5058056327654e-05
0.235932006108715,0.318002377963853,6.4488942221522,19.9004239411493,4.77175181549727e-05,6.51500898245064e-05
0.303903148718948,-0.291565836934589,5.93383794884373,19.899340179794,4.77433823630695e-05,6.5170787405015e-05
-0.381620992576075,0.125140584954973,6.74237158587156,19.8914624306857,4.79318084066482e-05,6.54133265141614e-05
0.374460995876904,0.0973462114195891,6.97758112821244,19.8871037506885,4.80363820232577e-05,6.554134777176e-05
-0.493970772715385,-0.0301095110667709,10.5535338399046,19.8712168451613,4.84194762859972e-05,6.60492430269215e-05
0.176209546086822,-0.445551327911516,7.48598440569866,19.8539362932439,4.88396465022354e-05,6.66074748892494e-05
0.617602364314914,-0.148790244006675,1.46273253423483,19.8522841019566,4.88800093909549e-05,6.66378433080558e-05
0.439166769295413,0.50626370803036,1.18383969839463,19.8521287821906,4.88838055541684e-05,6.66378433080558e-05
0.121687724585782,0.390350764237709,6.90527214771803,19.8513840005381,4.89020128248086e-05,6.66477398874939e-05
-0.383269328354314,-0.0821084755666135,7.01786374511194,19.7796968448286,5.06866283687386e-05,6.9064501680591e-05
-0.190337721252343,-0.392750945883451,6.83426808752501,19.7757466753461,5.07868376833831e-05,6.91855600394801e-05
-0.0741397330163492,-0.550832390346254,8.79004943083425,19.7591422723961,5.12102353766428e-05,6.97467366829981e-05
-0.302254261746369,-0.236439621980091,6.62619008487167,19.7570906698642,5.12627938535873e-05,6.98027038650502e-05
0.364498188127753,-0.174588016729136,6.83819238010179,19.7366736031738,5.17887920611019e-05,7.05031677253999e-05
0.197297448133195,-0.386273188047238,6.07631676769284,19.7154548966517,5.23411626170694e-05,7.12392126118306e-05
-0.417870501948796,-0.109787465606262,8.00890136756779,19.7036061482795,5.26521716069101e-05,7.1646495472255e-05
-0.283583727263641,-0.248011279324171,6.47039218884559,19.6831339711066,5.31938917172657e-05,7.23674665418354e-05
0.386899448173708,0.107507845267937,4.35257572843437,19.6660708693049,5.36496595507937e-05,7.29712080753423e-05
0.137560769323565,-0.427904477422139,5.68497016765554,19.6058031093262,5.52909367837159e-05,7.51867820279791e-05
-0.279341745845924,-0.218633909760241,6.27802526226209,19.6025123226312,5.53819870094513e-05,7.52937777832826e-05
-0.155058686012853,-0.439026160234652,7.44031540295124,19.590019792455,5.57290002214246e-05,7.57486388363547e-05
0.307758661457856,-0.297545413253586,7.12084331380058,19.5633090802307,5.6478273131419e-05,7.6749939023232e-05
-0.373809183708007,-0.145673978921595,7.29747597785121,19.559997493138,5.65718669562206e-05,7.68599701025376e-05
0.43116091576996,-0.135451589656751,8.40364953519909,19.5415816560379,5.70951817217829e-05,7.75536515667591e-05
-0.323536372053384,0.67028145123213,1.03804742219169,19.5410234326458,5.71111198789474e-05,7.7557996391486e-05
-0.485814668544957,0.0164714330829792,9.71217786274149,19.4751880082711,5.90223717258598e-05,8.01356376153065e-05
0.143550840917802,0.382210269949018,5.5187678414936,19.4698781088446,5.91792813561706e-05,8.03307614038722e-05
0.0284941180829908,-0.499566671217559,4.34017486662227,19.4545878995827,5.96334470140368e-05,8.09292076285012e-05
-0.394150620744007,-0.0632600961719625,7.21427136404765,19.4339390109506,6.02523184717299e-05,8.17508613451954e-05
-0.394009455281123,-0.00962535508463215,7.08664777934276,19.3958048774761,6.14121758491893e-05,8.33059996813423e-05
-0.137924868911727,-0.398700784241962,6.35718118003551,19.3676452259468,6.22829644755523e-05,8.44684089389981e-05
-0.0506822523446858,0.401956896030719,6.33821246054921,19.3125635161556,6.40221296827919e-05,8.68077339663334e-05
0.0596106903831388,-0.490294276138939,7.59894801324032,19.310523118697,6.40874783067671e-05,8.68769913007343e-05
0.338143945625121,0.0900577581785218,6.00526207100685,19.3053605286708,6.42531206888747e-05,8.70821457599886e-05
-0.151237871171756,0.412572263430793,5.40540789317735,19.300251404552,6.4417469102921e-05,8.72854555750241e-05
0.318450150990717,0.186452692331711,6.40290965070889,19.2689117191746,6.54348308422072e-05,8.86355911657973e-05
0.335909371408019,0.219525001902594,5.22452626766879,19.2686620549822,6.54429997191621e-05,8.86355911657973e-05
0.411848125970891,-0.345480149508019,3.62346508550155,19.261619530765,6.56738478742492e-05,8.89284666055225e-05
0.359335209989854,-0.133036965927768,6.41711447884748,19.2330269267619,6.66194844842945e-05,9.01888862664855e-05
-0.373427759739816,-0.119043824363237,7.02185627463914,19.1692854133218,6.87768943985776e-05,9.308886907482e-05
-0.365361655276337,0.246956135581841,7.44285206132338,19.1365554859112,6.9911685863957e-05,9.4603766067964e-05
-0.103101581861059,-0.44138056232518,7.15535395006098,19.1293833227649,7.0162844941693e-05,9.49225333344505e-05
-0.366507582619075,-0.337283443866915,10.7459325554155,19.1268788764804,7.0250759512698e-05,9.50203563459909e-05
-0.394129725581665,0.0839813785130372,7.15677153802005,19.1035980372515,7.10732858197099e-05,9.61115424412248e-05
-0.248375052212602,-0.408668542565734,8.12327763051022,19.0894416253977,7.1578141802135e-05,9.67727575597152e-05
0.304660843038737,0.224297603293586,6.73482743288242,19.0872867287235,7.16553051142661e-05,9.68555722770098e-05
0.0245707399967602,0.408908150320269,5.81111846794521,19.0728427633021,7.21746716596556e-05,9.75359380830152e-05
0.229478054371835,-0.349126077747857,6.4691042969116,19.068150013597,7.23442193276334e-05,9.77433660156752e-05
-0.133992412643824,-0.402984129246403,6.54914710737371,19.0320892772638,7.36604425738452e-05,9.94996171265963e-05
-0.404066468799972,0.010929028416251,7.35389380312805,19.0307027414921,7.37115266985856e-05,9.95465338378415e-05
0.0692027249175396,-0.437152972804016,6.5298276572712,19.0224380505631,7.4016758418724e-05,9.993657690246e-05
0.277363343581212,0.257646208807665,4.93114500766826,19.0123864590517,7.43896878777106e-05,0.000100417831441131
0.0200389822945566,0.40673835051464,6.41867561004341,18.9769622916588,7.57190221426173e-05,0.0001021896268686
0.314773184907701,0.19859124343187,5.27683407272031,18.9567961407661,7.64863648415712e-05,0.000103202346887297
-0.360644639036467,0.140160896571928,6.55520661192992,18.9522321474301,7.66611057745683e-05,0.000103415203180938
0.224174009849645,-0.405121108759461,7.32670230594694,18.9355009821879,7.73051105706387e-05,0.000104260858031468
-0.357714629008779,-0.127818438557116,6.9283440488334,18.9340051619267,7.73629494724349e-05,0.000104315755567704
-0.346131583307267,-0.272574058854942,8.29537525332405,18.9294036657901,7.75411470442452e-05,0.000104532883792153
-0.191391874083581,0.389265123934122,7.06609871318429,18.9265042350392,7.76536411598682e-05,0.000104661360943387
0.109897977094181,-0.421066835596645,5.56624145950278,18.9225295142926,7.78081203812478e-05,0.0001048463561047
0.27769546880959,-0.299325337825203,6.65498435629897,18.9167728460762,7.80324007701397e-05,0.000105125305573935
-0.229558286007317,-0.334353763996019,5.06935086142078,18.9150404590977,7.81000212096018e-05,0.000105193125912402
0.424070908491583,-0.0111632180102137,3.81333824717277,18.9045253288974,7.8511718469665e-05,0.000105724251723805
-0.097771322694487,-0.43755015744929,7.21663107653937,18.9006765127529,7.86629525258004e-05,0.000105904479207668
0.317540503977706,0.167899108611394,5.70279003242461,18.8974723567514,7.87890777157357e-05,0.000106050830230687
-0.258367341915873,0.369082764130462,7.70336904186936,18.884565973328,7.9299162807317e-05,0.000106713815908697
-0.302714903345011,0.273572425478018,6.70898073764928,18.8724193060345,7.97822385361216e-05,0.000107340169769704
0.193606630305418,-0.449091470392795,4.51458605612151,18.8684340047799,7.99413751629839e-05,0.000107530510824624
0.39739397928918,-0.186932855683085,4.26942845777259,18.8669361269146,8.00012687967069e-05,0.000107587303829103
0.261993896194178,0.27275176175618,4.89753826495298,18.8467351011823,8.08134172950498e-05,0.000108655495691754
-0.0720475278882025,-0.466133438847531,7.68471716942378,18.8116395707199,8.22440274652226e-05,0.000110554568162569
0.325439353350088,0.181353209489192,5.0340923363355,18.8036236131125,8.25743212471217e-05,0.000110974054691496
-0.302523368490697,-0.390881285948486,8.85690952182148,18.7684459502956,8.40395551639826e-05,0.000112918298794599
0.330586231885365,-0.387230472869636,8.91545650739028,18.7664586764315,8.41231014702213e-05,0.00011300561380201
-0.0354914436641846,-0.468419650494671,7.30607323000307,18.763956167646,8.42284267510879e-05,0.000113122140317808
0.138542410232609,0.347306388872627,6.27033942185438,18.7610988299239,8.43488472816511e-05,0.000113258884484052
-0.0935433318300719,0.41027804084345,6.4975376691738,18.71530552324,8.63024335437075e-05,0.00011585649733497
0.260868496929311,0.23430417629908,5.77902868975662,18.6889000916473,8.74494150205752e-05,0.000117370378890049
-0.204594161226296,-0.316503446404627,6.71179176311095,18.6364617401833,8.97725893725633e-05,0.000120461874388399
0.161539358692077,-0.409385288367318,6.82367310781896,18.6217015366915,9.04375710139771e-05,0.000121327442118354
-0.418929073472491,-0.232373628077638,11.1289445060085,18.5972312534305,9.15508843890359e-05,0.000122793959938412
0.287554268380594,0.435803425394964,10.5637254533521,18.5755169054097,9.25502837809408e-05,0.000124107076576733
-0.327058280102415,-0.21444612020419,7.13742020606401,18.554903941034,9.35090840740295e-05,0.000125365184726424
0.442337169521877,-0.445472854853651,1.93501192920151,18.4906909307036,9.65600498079026e-05,0.000129427032855683
-0.0998335710910572,0.386900435389112,6.20131837391956,18.4833383527506,9.69156857643151e-05,0.000129875125453038
0.101046342242022,0.723800859506736,0.862298429953076,18.4780635185425,9.71716302193804e-05,0.000130189455276318
-0.166289788373984,0.446775096005961,3.82973141752445,18.4587940876609,9.81123758564563e-05,0.00013139916609839
-0.291680080767395,-0.248420806683155,6.69559048999588,18.4586853866922,9.81177084565176e-05,0.00013139916609839
0.461616413533611,0.0460643168017331,2.79693013220287,18.4441616787699,9.88328182953606e-05,0.000132327732083166
0.183012434134764,-0.446424739686505,7.83100490901129,18.4317601791954,9.94475598319081e-05,0.000133096041731291
0.29510273227661,-0.317939151449459,5.52628553827395,18.4317035280712,9.9450376779836e-05,0.000133096041731291
-0.220157515383813,-0.406765062511453,7.98492247131408,18.426066789119,9.97310600349062e-05,0.000133442350218134
0.0448984403802333,0.393974602003464,5.93540326380681,18.387384906441,0.000101678726757039,0.000136018476927456
-0.461578829826843,-0.0431273329966694,9.35638966258258,18.3712396031326,0.000102502865716558,0.000137065364195709
0.156333042045098,-0.540350446617815,3.34096522620719,18.3711717984131,0.000102506340864498,0.000137065364195709
0.342611317603624,0.183695530179604,4.74703892578299,18.3680661635269,0.000102665638146408,0.000137248222449568
0.21658077976693,0.310117946617313,6.16975661415401,18.3665404344644,0.000102743988001694,0.000137322809869224
0.0165378623171323,0.415796284313699,6.83095327470566,18.35507664111,0.000103334596962871,0.00013808187583625
0.357464877507045,-0.220372411705835,4.80204530924919,18.3534470908773,0.000103418825730226,0.000138164101611941
0.183446348499263,0.421506506898832,7.96774919714657,18.3403003706318,0.000104100874134226,0.000139044783178844
-0.000823058602166579,-0.431953154531893,6.60465480400877,18.3125576715764,0.000105554955465242,0.000140956036164158
0.236541955077507,0.36371452257825,4.18924432719266,18.3061212439472,0.000105895201079027,0.000141379382493228
-0.375300464688627,-0.0754164481686938,7.10144743339821,18.296734925645,0.00010639335214781,0.000142013314596769
-0.37759228236769,-0.214088918079369,8.20298834692609,18.2957926961376,0.000106443487434512,0.000142049090640357
0.322927370966992,-0.224574537913615,6.8041060843116,18.2938497833261,0.000106546942885325,0.000142155991296485
-0.447272288073766,0.0460180833406912,8.49119679768077,18.2914906047989,0.000106672698670727,0.000142292591916605
-0.123934542899265,0.376354766561387,6.06691025639271,18.289427832029,0.000106782776196251,0.000142408223764026
0.354448565705844,0.0420516936843488,6.58675230510349,18.2298322342851,0.000110012548968972,0.000146683398625295
0.115667983331653,0.377948119973161,6.67656388673089,18.1860992053996,0.000112444633660861,0.000149893350060723
-0.121767902602009,-0.503392462771784,8.50494309447085,18.1750784044837,0.000113065958925007,0.000150688607253818
-0.238791082387355,-0.261723915935286,6.11310399116355,18.1642698862067,0.000113678650748279,0.000151472012640736
-0.349122410035012,0.14165629594688,6.7838634355873,18.1207858725622,0.000116177317332393,0.000154767507203415
0.217062908294719,0.516640980317946,1.88279716371996,18.1109931702723,0.000116747557181143,0.000155493136757558
0.117841462736254,0.380046783374527,6.870734093918,18.1019429835608,0.000117277047870333,0.000156164187977819
0.280109283160584,0.173782415574543,6.18770562642395,18.0939692473867,0.000117745549295948,0.000156753751172914
0.471896162844867,-0.00546412641401705,2.71474031009922,18.0854648724,0.000118247291442904,0.000157387300022825
0.294817055163484,0.225499601785029,5.23573855840074,18.0685296119539,0.000119252816982873,0.00015869096170311
0.399887863610827,-0.105756511035066,4.32324163672234,18.0656139764323,0.000119426792639085,0.000158887743353747
0.0679801732596233,0.400363038664381,6.86226864671398,18.0632308531794,0.000119569181838268,0.000159042424957697
0.36026475356095,0.00791778158756778,5.38563348036041,18.059341462638,0.000119801933703085,0.000159317206724417
0.57757845346768,0.102123721164675,1.36062496098248,18.0136714743288,0.000122569083847436,0.000162961472475037
-0.537824251612965,0.273428016642982,1.61203627834146,17.9624181684246,0.000125750712347115,0.000167155095364462
0.240133436902346,0.405607702101167,2.82277139466347,17.9089901592675,0.000129155289935894,0.000171643179465122
-0.314165499545104,-0.245796084404847,7.44175577786337,17.9078382870518,0.000129229696555557,0.000171704581543044
0.0830439366833805,0.375693655274374,5.82055963790359,17.9066939622853,0.000129303658083711,0.00017176536557138
0.610054430235667,0.129009274862821,1.03999045450786,17.9041781927184,0.000129466409527481,0.000171944044765118
0.000545911587449438,-0.41386034661381,6.23474679598398,17.9024205542703,0.000129580237106645,0.000172057684515868
0.391694130774474,-0.246345666059975,7.75263428721574,17.8978314629501,0.00012987790625446,0.000172415327797024
0.359997264619745,0.00785593221696278,5.35521823097466,17.873135460073,0.000131491581154267,0.000174519456304159
-0.339521746725626,0.239427012997388,6.94511486774567,17.8615302420196,0.000132256793356547,0.00017549680862133
-0.124584857155852,-0.361476850690683,6.15472525426016,17.8503441578682,0.000132998583665063,0.000176442662312683
0.314909341051914,0.162822162476994,6.92866202071011,17.8490031500293,0.000133087789639825,0.000176522541029903
0.358888323572437,0.0751673610233062,6.92236188167887,17.8028467390259,0.000136194932737295,0.000180604389131922
0.0992480253483731,-0.411311223583479,5.6933557161223,17.800927159468,0.000136325713992902,0.000180738446600345
0.326539261694769,0.119758334478703,6.63791443047507,17.7934302789315,0.000136837681729604,0.000181377706590427
0.0176530895135867,0.404150157621935,5.3842680798785,17.7911501440052,0.000136993774879734,0.000181545080859343
-0.405390147771953,-0.0715799040700181,7.95181352323917,17.7628211645214,0.000138948029635591,0.00018409479965647
0.0874832389287667,-0.43163550194908,5.72416760146488,17.7522379783805,0.000139685234841133,0.000185031268431857
0.150100236858206,0.383473929388786,7.23809749587257,17.7502144261269,0.000139826636548388,0.000185178282207219
0.386060671480027,-0.0719336244711656,7.41897068779019,17.7192891964337,0.000142005524212203,0.000188022973337079
-0.225882175427167,0.334507817273868,6.0726742035963,17.7144809924417,0.000142347330680587,0.000188434561683716
0.135734664705002,-0.418295254692986,5.47352545559395,17.7134943236644,0.000142417572838955,0.000188486561618165
0.396843740316588,0.0246540827358692,3.98767816818168,17.6883583617306,0.000144218769175578,0.000190828921265143
-0.40106419432723,0.044605102015874,7.41849958754948,17.6509683960907,0.000146940296778957,0.000194387772010059
0.217812291343538,0.308827166295808,6.74258956568728,17.6177168977323,0.000149403710604154,0.000197603691105385
0.311290404342733,-0.263848030621851,5.35395094456229,17.6047468942849,0.000150375742332078,0.000198846116272304
-0.285387852681581,-0.178825174807975,5.48272938710885,17.6001307595663,0.000150723220521864,0.000199262316294703
-0.430005106249899,-0.0921419804587314,8.32189060083088,17.5980765768033,0.000150878106570097,0.000199423776117835
-0.577279874204999,0.591975778857499,0.442911052520338,17.5766047764442,0.000152506645133216,0.000201532549505322
0.234057135495746,0.274328305090724,5.68084300192294,17.5388715748416,0.000155411240894117,0.000205326309584067
-0.112887865255915,0.422518413895623,7.04601201121065,17.527702755386,0.000156281548755661,0.000206429402904039
-0.188039110626233,-0.357878823349648,6.98699304192139,17.5268739261322,0.000156346327537091,0.000206429402904039
-0.044504661500606,-0.436932356794893,4.93964177366985,17.5268538918143,0.000156347893690954,0.000206429402904039
0.173103698237504,0.473542007696213,2.32045760185211,17.4890605270303,0.000159330441559286,0.000210321710367072
0.297850023945802,0.178382365355504,5.71851639848105,17.4847382818982,0.000159675146512665,0.000210731040964471
0.173044586394089,-0.389138342301246,7.19816177830519,17.4811588657157,0.000159961174291111,0.000211062771799801
0.180155723001398,-0.406894324527129,6.87328140130008,17.4666742168931,0.000161123870237088,0.000212550839003986
0.226696657256536,0.29457739133891,5.27907512157875,17.4574961578286,0.000161864971603409,0.000213482224246437
-0.398649269560009,-0.128874935362972,8.0867677773794,17.4482072530229,0.000162618494255234,0.000214429584800924
0.347693871214371,-0.135525278681398,5.56206360197543,17.4384757059728,0.000163411687202938,0.000215428833194345
0.403558243903964,0.13223512696853,3.2152491602808,17.4374603343016,0.000163494670064728,0.00021549156773199
-0.378497852071637,0.167971052019173,7.59920827729103,17.4176216393001,0.000165124500575527,0.000217592631927231
0.402118704179955,0.322100462047958,1.82973091238432,17.4148388102075,0.0001653544171251,0.000217824120509441
-0.378827616687662,0.0764687659812853,7.24198895581925,17.4146294323277,0.000165371728809894,0.000217824120509441
-0.248307202218259,0.383402417977287,7.73986807040038,17.4105783760329,0.000165707033371155,0.0002182185635223
0.0850414855075037,0.426584975183383,7.48681561707339,17.3953167891612,0.000166976346286778,0.000219842559730515
0.234948093603675,0.27452409833513,6.77829693206447,17.3203786102034,0.000173351487476191,0.000228186779622714
0.0305942645723123,-0.47548760895592,7.77216653196802,17.3199017778642,0.000173392822201068,0.000228191850747969
-0.340659067705633,-0.169413414290413,7.09500351388437,17.2700400717026,0.000177769989721054,0.000233901814873952
0.425844033138029,-0.116186373600746,9.79794074938627,17.2568536025267,0.000178945941368561,0.000235365913086816
0.316388878646119,0.18445580144585,7.28949060986612,17.2566958727052,0.000178960054480761,0.000235365913086816
0.0972845839271701,-0.414984007595344,5.64906065266764,17.2392262865675,0.000180530080468005,0.000237379509695294
-0.129748117874657,-0.352056103844293,6.20201703133234,17.2299257952009,0.000181371544686715,0.00023843445563652
-0.338745330636378,-0.0278776869015052,5.99480595401617,17.1957116407239,0.000184500973078032,0.000242496097603424
-0.34597140612967,0.207975016003595,4.95316390262242,17.1869596833847,0.000185310114502343,0.000243507009948255
0.305704128115017,0.165009754792689,5.26682723511933,17.1785312256662,0.000186092701577097,0.00024448259974134
-0.0384499843475838,-0.438128003867967,7.19968141026878,17.1725656334511,0.000186648606826848,0.000245160025536537
-0.273816646584774,0.255972740742739,6.48045747090402,17.1451187166823,0.000189227727968234,0.000248494048289605
-0.0948764088610188,0.374316244349273,5.97508287109059,17.1282024130053,0.000190835032654741,0.000250550717878384
-0.286422142442596,0.240748423334314,6.07359392385861,17.0978652203578,0.00019375179792153,0.000254325344059136
0.333282196309777,0.140317234888312,4.81296315840004,17.0366873801792,0.000199770032579299,0.00026216856183289
0.248207375179061,0.260735604711447,6.58427468058357,17.0169199277302,0.000201754294687695,0.000264715548719545
-0.323609788903926,-0.195225516103176,7.23129774613331,16.9955485490422,0.000203921738094099,0.000267501732712103
0.369999300256153,-0.231291562640596,8.2209312767364,16.9660895151387,0.000206947637099819,0.000271412583943063
-0.112096961924566,0.378861582935538,5.50628085834194,16.9618726241639,0.000207384435232095,0.000271926866614902
-0.0184155377600724,-0.51533664695548,3.29001763508983,16.9599265994899,0.000207586321048849,0.00027213297212433
-0.404602807741534,-0.0724178691134481,8.18001414609207,16.9587787994654,0.000207705489033024,0.000272230574215942
0.031071796437522,0.389038032783803,5.48238526248536,16.9476772958486,0.000208861616371404,0.000273686939403596
-0.385867687614863,-0.0621356116627655,7.72768862185351,16.9091472404776,0.00021292434987673,0.00027895060082839
0.309950597513693,-0.135284876595601,6.1021213325548,16.8943278487161,0.000214507914174578,0.000280964755054826
-0.342564553106918,0.282459225985278,7.65333867231897,16.8727525647012,0.000216834475252057,0.000283951018570558
-0.328826143357775,-0.144545137046028,7.10490028248996,16.8358506737864,0.000220872413664137,0.000289176613846724
-0.340146933395038,0.130951756699771,6.54427459716756,16.8083281410073,0.000223932907625392,0.000293120520667251
0.301455483173135,-0.212653861634789,6.11730132223011,16.8048990150011,0.000224317184042908,0.000293560407664064
-0.334857373042025,-0.0496602731098167,6.34565731079867,16.7801868550539,0.000227106059409929,0.000297146290498098
0.060158019958548,0.396149563483254,7.08598062599457,16.7785214840239,0.000227295246091541,0.000297329922261561
-0.47505461143657,0.0702367164474781,2.54568221451509,16.713766136174,0.00023477497210559,0.000307048341606623
0.291332756777177,0.195074617681987,4.95601484033408,16.6949574766841,0.000236993287896492,0.000309882976098334
-0.29463197342784,0.253255332913961,5.24292812967463,16.692385010082,0.000237298312679969,0.000310215187372912
-0.0131938530595381,0.380484409805809,6.21347246016816,16.6891568670291,0.00023768163840409,0.000310649595234886
0.32750938817626,-0.120145696662532,5.80279338143623,16.644209191491,0.000243083732510292,0.000317641932501107
0.0308889502588821,0.380558357933437,5.84705798934217,16.6364312195921,0.000244030922340747,0.000318811213564479
0.315448726486142,0.168202094512371,6.96346767413034,16.59404601324,0.00024925776238958,0.000325569890029557
0.280608716737106,0.243289726287745,7.29819798399057,16.5903260079845,0.000249721813917345,0.000326106049577177
0.00179782489180066,-0.413152521416545,5.49235848308094,16.5590939107067,0.000253652089729051,0.000331167472071726
0.184516600093433,0.311909920615506,5.14331352407289,16.532983387088,0.000256985294758665,0.000335447357309338
-0.350550810656252,-0.047169590674249,6.86321959995961,16.5263161282996,0.000257843418028928,0.000336495333110421
0.27201002286223,0.263961335919856,4.42930415583402,16.4702115377779,0.000265178925595905,0.000345994277545622
0.158176217107168,0.325440059449389,5.65437633688539,16.4345068933263,0.00026995549479014,0.000352151071841092
0.319273735114766,0.0749084526253388,6.39337641791783,16.4247625476812,0.000271273973936107,0.000353795191371683
0.20724793549907,0.295658872849509,5.02042308585202,16.4128289400522,0.000272897451187007,0.000355836299598736
-0.355625685926872,-0.0881856513427775,7.38777208406875,16.3804149726077,0.000277356330630144,0.000361572878131973
0.132978352215811,0.410596031872006,7.95440085591519,16.3625322234282,0.000279847397662543,0.000364742230136922
0.162944638686185,-0.384351266768402,7.01864103974303,16.3535998276607,0.000281100046724855,0.000366296464995916
-0.24736966957653,-0.252891627731426,5.62780749815172,16.3456220950895,0.000282223556499557,0.000367681791562016
0.119937517165571,0.344584880896237,6.53208362989157,16.3242707698102,0.000285252619838447,0.000371548555750206
-0.0855206352851442,-0.374733934522913,6.39062385497227,16.3001005462289,0.000288720844367285,0.000375985561605996
-0.254216594477516,0.412306552602431,9.09752829706042,16.28971297625,0.000290224299286012,0.000377862603518658
-0.363163533257893,0.204003411347718,8.0586008584759,16.2750906529294,0.000292353951685958,0.000380553957208491
0.346043070637856,0.14469602824512,7.42175961193548,16.2740470968395,0.000292506535363243,0.000380671181550112
-0.318977336227128,0.22129523855979,5.73073576262069,16.2477320250511,0.000296380631490632,0.000385630537404353
0.0451400569224984,0.393659647728133,5.14612828599812,16.2458223372204,0.000296663763885342,0.000385916451823496
0.289932936867974,0.211542121746163,4.86235230184164,16.2080767758477,0.000302315801106429,0.000393184917140769
-0.308933667389695,-0.105108779030352,6.21241393329613,16.2024455793757,0.000303168200386582,0.000394209313104124
-0.40721811486442,-0.27443723018856,2.13362017528135,16.1949937846803,0.000304299880933879,0.000395596343182886
-0.0444793762435558,-0.415708688117974,6.96233513810383,16.1891720955942,0.000305186941002394,0.00039666483706716
-0.335804051306976,-0.189395170330828,3.92275431652969,16.1874516263691,0.000305449586324446,0.000396921468845939
0.228071993759815,0.287478250862053,4.92604419417393,16.1865877024787,0.000305581557423111,0.000397008220570188
-0.259486622126055,-0.301319606924517,7.75185312609097,16.1830301575854,0.000306125601199247,0.000397630181374229
-0.0531522338009271,-0.374672767600793,6.07198846973012,16.1537434530349,0.000310641287923387,0.000403409590630883
0.324974542893199,0.0556862118288844,5.64436221459185,16.1487018993208,0.000311425333079095,0.000404341528638415
-0.151980629171141,-0.35957045463303,7.10815929821747,16.1270234454715,0.000314819303713962,0.000408660963968146
0.371163841865896,0.0125025025811024,7.53703481350089,16.1222165403217,0.000315576866999141,0.000409557016902743
-0.354257609475314,-0.159002271732479,7.7679454265275,16.0789712640662,0.000322474778163069,0.000418419959389763
-0.311601830184918,-0.15529502868574,6.79447872215081,16.0713368339196,0.000323708086150388,0.000419930711375146
0.111021331479399,0.329855968565092,6.09613882920465,16.0599148982812,0.000325562061571224,0.000422245809724246
0.362474957491808,-0.268504191987248,3.85288071452418,16.0427630187765,0.000328366068508748,0.000425791826428383
-0.238526380500223,-0.31552421617531,7.62982363593629,16.0052860907867,0.000334577155636358,0.00043375334827814
-0.179461170131201,-0.32656368173796,6.64129387968307,15.9828053926896,0.00033835913521509,0.000438563000891945
0.376682622303094,0.0640836534644335,8.02847107887034,15.8640389547683,0.000359060565569289,0.000465296024518057
0.177244460191818,0.281941599433358,6.15803303623453,15.8537387000585,0.00036091454322273,0.000467599008116616
-0.388347730211148,0.153056891605621,7.94815310219534,15.8451347529331,0.000362470532558848,0.000469515021748567
0.102945091396427,-0.416959021349544,4.81812211455493,15.8330997567214,0.000364658274065582,0.000472248366839239
0.274505818126103,-0.332784779644794,7.47615566160374,15.8181753395762,0.00036738960838314,0.000475684375975448
0.324508884168283,-0.108011398225763,5.90826247082578,15.8040375375934,0.000369995849929123,0.000478956992211035
0.357296022671453,0.000828576995656382,4.67667861720097,15.7902967402118,0.000372546621306713,0.000482073346873715
-0.270862677209968,0.268793485161051,6.76760964185196,15.790216262151,0.000372561612523132,0.000482073346873715
0.0390080763244557,-0.398574293928817,6.50519844522587,15.7828077312065,0.000373944238867228,0.000483759567833337
0.23100839168257,-0.348254816662476,4.98098336607479,15.7800464916463,0.000374460870233732,0.000484325000633729
0.118844315079506,0.342455773623913,5.26066609964598,15.7544790562178,0.000379278600937855,0.000490452022623123
0.257420972274251,0.2557867671537,4.24823459052829,15.7319382820377,0.000383577396627882,0.000495905540596845
-0.339128182092223,0.0779216817199988,5.43853389158687,15.7301823781032,0.000383914307031774,0.000496235732740857
0.130510650875239,-0.606633098261401,1.95018478448502,15.7097824258095,0.000387850263009963,0.000501216811972969
0.26158747405278,0.230780551114546,7.53782718711961,15.7014608791723,0.000389467381935581,0.000503199792280097
0.012072497982776,0.36725622203068,5.95114212222375,15.6592102376269,0.000397782526116158,0.000513834079990488
-0.193384545536575,-0.281564728695629,5.83434595878164,15.6585303063148,0.000397917781503413,0.000513899756850398
0.051792399541542,0.46591279861756,9.63828496250424,15.6278324712208,0.000404072502039506,0.000521737729038496
-0.318741798140607,-0.103884351988536,5.21500321791647,15.6200489675918,0.000405648115892891,0.000523661096173859
-0.255757288400571,-0.42428115718682,2.64933895211083,15.5907377893452,0.000411636905435396,0.00053127951670356
-0.0941732053520491,0.37102946565989,5.46394653009837,15.5858921620288,0.000412635434088088,0.000532455388454489
-0.358933639965163,-0.193964551629299,8.19065476025379,15.5767031121141,0.00041453565986291,0.000534794044764865
-0.335959120257465,0.397177059228793,8.81254477044241,15.5718441270267,0.000415543995533671,0.000535981323052751
-0.139114819185768,0.344369334857894,6.03174580277055,15.5610229950826,0.000417798417084355,0.000538774997502553
-0.341275559706372,0.31538846835137,9.23924491441306,15.5244632094758,0.000425505959259833,0.000548598110964393
0.201006012764676,0.309219109301166,7.13237704801698,15.4635986473403,0.00043865412583837,0.000565430090642388
0.274333328444069,-0.254890192406626,6.07619445321434,15.4152520210906,0.000449387051924409,0.000579142331099873
0.182082221708871,-0.450249180190595,8.73132368509484,15.4060277573942,0.000451464471242141,0.000581696444639609
-0.138858133457985,0.44385989045892,3.77912347690509,15.3848816657562,0.000456263149400934,0.00058775498382414
-0.336691734128659,-0.224420237265636,8.16210996097196,15.3754772652655,0.000458413642155369,0.0005904003074766
0.122366153383117,-0.363933973634916,6.22986125838996,15.3619544742856,0.000461523660270952,0.000594280043090008
-0.292386489122376,-0.147957133543395,5.84613966644392,15.3595709108584,0.00046207402362099,0.000594862900360454
-0.309950435230259,-0.0785388422872457,6.41019532553923,15.3518137099156,0.000463869704259603,0.000597048363537519
-0.270121688314244,0.218607999023984,6.72429833239125,15.3392643217833,0.000466789495559187,0.000600679443873247
-0.358293746809012,-0.0186693579317483,7.34103695408411,15.3333396678278,0.00046817432882659,0.000602334174534294
-0.414991106934121,-0.161491649786534,2.54292700823594,15.3323386414978,0.000468408714893432,0.000602508399803764
-0.301308856744281,0.218678113608226,6.56449206188507,15.3151934317226,0.000472441458594286,0.000607567300363755
-0.469768747040653,0.436889898312865,1.000051767506,15.3020343237155,0.000475560161270121,0.000611448840931889
0.380754771111675,0.20209740766936,10.4299874796241,15.2861662565003,0.000479348279228199,0.000616189257588952
-0.302300874999646,-0.130400241095066,6.68931602493443,15.2802471271558,0.00048076904284498,0.000617885145205876
-0.0488465847883692,0.395937654177883,4.98397888951584,15.2793845222593,0.000480976444433388,0.000618021231260124
0.285270397244045,0.181896168417893,5.48278493994485,15.2697031858314,0.000483310336059805,0.000620889074895989
-0.26126199412955,0.244084923575852,5.97454678993231,15.2657098458232,0.000484276311356503,0.000621998772898395
-0.0818316538298946,-0.38621206580123,5.07392145296825,15.2631552103857,0.000484895281296241,0.000622662407199223
-0.231933014402715,-0.252401194765012,6.71692801728611,15.2106370737168,0.000497796829607696,0.000639094706590396
-0.145092155448545,-0.321583215956684,6.50176641055094,15.2064150674044,0.000498848790241599,0.000640310232972982
-0.234370501770064,-0.240183881952983,6.72968087152227,15.2017236562386,0.00050002031612413,0.000641678685616295
-0.15231337563925,-0.362582273050114,7.26871940621896,15.181654285211,0.000505063121916723,0.000648013548204217
-0.2085127422806,-0.291939478484402,6.80751908926613,15.1495080603438,0.000513246649460188,0.000658374547390144
0.228837849165704,0.30512335017524,8.055083335764,15.14673088826,0.000513959831636489,0.00065915050663639
0.0284258605978452,0.371879437978182,6.69168116141027,15.1419644442511,0.00051518617275779,0.000660584123788843
-0.202839430381598,-0.263560792201721,5.82990594094199,15.0804384635325,0.000531281135328284,0.000681078027348619
-0.17006051444819,0.348231550278388,6.90031213971021,15.0713111859738,0.00053371125138852,0.000684049283884907
-0.319178715699279,-0.0922075370577974,6.74096773163687,15.043682572934,0.000541135262930747,0.000693418539406943
-0.00424761051597469,-0.380834283213964,5.86793921403185,15.0195113457431,0.000547714893974589,0.000701702077970812
0.191474669137034,0.304458799480434,7.34803769362347,14.9985807679677,0.000553476986962278,0.000708934966679223
-0.351744258267604,0.0765213687542342,7.33444644747681,14.9918254546133,0.000555349602949598,0.000711183925695656
0.116791206161125,0.486020740934033,2.33803003518117,14.965486577032,0.000562711615941082,0.00072046021405874
0.260028959595756,0.261133236114645,7.39091706862964,14.9528968807221,0.000566264972304326,0.000724857264799986
-0.319352161951511,-0.202230400716085,3.798319152339,14.9192433684939,0.000575873992485262,0.000737002494481874
-0.394741854143857,-0.0178958099076193,8.44649586091286,14.8978892171255,0.000582055584626159,0.000744757124675086
-0.278999928677477,0.264334505848756,4.59374786290005,14.8876656412956,0.000585038546969405,0.000748416615665
-0.120016229012104,0.335069236174186,6.22817119259287,14.8776100347434,0.000587987412638758,0.000752030959694277
0.335466266226447,0.0245742337854007,7.01560393786408,14.8613213793206,0.000592795728489528,0.000758021507045631
-0.365541078966339,-0.0567918496203796,7.64248489068008,14.8500886858427,0.000596134441755608,0.00076213071848134
0.326254357705115,-0.133227069697513,5.29939753644589,14.84207841305,0.000598526829226424,0.000765028624045869
0.124016470029873,0.306979846855591,6.14376848989027,14.8375529043086,0.000599882681827411,0.000766600706751737
0.143577404575423,-0.335801604991264,6.08931109633791,14.834383839972,0.000600833968707275,0.000767655236409211
0.268796485797086,0.259532268562159,7.72766868644937,14.8124755303933,0.00060745177707746,0.000775947632993617
0.267822128355921,0.474650628276545,1.37409420417792,14.801501610325,0.000610794001641958,0.000780053258232901
-0.365205729222829,-0.0283357455681308,7.70177497655441,14.7814594965455,0.000616945574230657,0.000787744265083104
-0.339200479784879,0.10509180182938,4.93341391895451,14.7719490271505,0.000619886281567128,0.000791333126898862
-0.204331178138152,0.403659481079037,8.43090851144087,14.7645598906755,0.000622180729621444,0.00079409565659022
-0.220612138072818,-0.359378609054794,8.4319210455794,14.7427587374037,0.000628999957581474,0.000802630840862715
-0.104758839881071,0.449073750058429,9.0907763329033,14.7407845973518,0.000629621131106383,0.000803255122836475
0.298667066633577,0.158140245695153,4.81177242081847,14.738090335955,0.00063046988462306,0.000804169423336516
-0.178699400864023,-0.355326741899769,7.95657522267143,14.7338561476464,0.000631806062638519,0.000805704924453981
0.198101783701105,-0.338387376797849,7.30847167497709,14.711361021768,0.000638952455505897,0.000814647654265947
0.211639326602753,0.245106689857375,5.51721662685151,14.6946487592482,0.000644313995762611,0.00082131147533559
-0.228691584950375,0.295440957908648,5.30882639034513,14.688597039199,0.000646266552317338,0.000823627961169762
0.328452382007,0.0660136170645084,7.08760080892159,14.6623837896867,0.000654792677821093,0.000834319343360153
0.377357362413952,-0.109858345467602,8.24694742173944,14.6482583505112,0.000659433664594964,0.000840056947071383
-0.253829333511043,-0.210871075886848,6.43768391626441,14.6338312657081,0.000664207715503328,0.00084596162593813
0.164398741881098,-0.355092421973995,6.85011623492951,14.595684743177,0.000676997910418013,0.000862071382268325
0.177149962726881,-0.346069675260261,6.45099452841056,14.5931350676287,0.000677861523293417,0.000862990580052347
0.658534735365882,-0.169986276759842,0.518789664715383,14.5900393047783,0.000678911585030078,0.000864146713289382
0.278574339738975,-0.541233275065364,1.73035596267421,14.5867159759436,0.0006800406460539,0.000865402895730799
0.338280542955796,-0.214874608904062,4.05301914484462,14.5776628138636,0.000683125882667508,0.000869147413517197
-0.319821944884512,0.0853948307231423,6.10710507019483,14.5720491149077,0.000685046007684999,0.000871408293937792
-0.332241594389885,0.00870818323218681,6.78194022234054,14.5593921113962,0.000689395069555283,0.000876757297566861
-0.306302118450352,-0.0845663926540931,5.46758493561391,14.528686914854,0.000700060738480678,0.000890135709246108
0.225925438020795,0.241516348200176,5.0188642798546,14.5169922959293,0.000704166201519946,0.000895168894310593
0.263378731521117,0.256784787983006,3.97583638044919,14.4695997221556,0.000721051596318775,0.000916443030978852
-0.28498199607784,-0.14158099665598,5.67406394423808,14.456602195813,0.000725752799334205,0.000922225640230984
-0.2078810969783,0.296079377639541,6.3304698770471,14.4480025150504,0.000728880139240485,0.000926006320470799
-0.12682515527438,-0.311410412372926,6.07920800803615,14.4416760235459,0.000731189416725348,0.000928746331947407
-0.143165555973376,0.376929207871546,7.38286261488251,14.4331744569569,0.000734304159842035,0.000932508077830269
-0.147849297667592,0.44029627314676,8.81168985051495,14.4092568932257,0.000743138260371253,0.000943529870519331
0.203626002447486,0.241381599800297,5.83034631128672,14.3825462838054,0.00075312966892446,0.000956016143538805
0.350635802149846,-0.134567632801814,7.754837712934,14.3668575172975,0.000759060739067381,0.00096334412746346
-0.335600442873418,-0.00513424165884399,6.98531456894429,14.3575591841021,0.000762597955083036,0.000967631586191231
0.324261366692393,-0.0330217543138429,5.4650127430463,14.3550752674565,0.000763545658342448,0.000968632208374416
0.328832168052037,-0.0596449459848274,6.76859738528128,14.3493093429381,0.000765750107804094,0.000971226386731526
0.134505701112028,0.30037381735416,5.65430364799431,14.3376439103566,0.000770229561925584,0.000976704347636524
0.314914488257956,-0.0952167129212085,6.3662913929913,14.3215330180361,0.000776459162110499,0.000984398871080532
-0.0981832167429538,-0.368466421470236,6.99881894153626,14.2942642984,0.000787118185066117,0.000997704665975957
0.434884968630474,0.147533904609327,2.10749291165427,14.2585848022733,0.000801286176126573,0.0010154517569231
-0.211720367074126,-0.284563870387614,4.78395606771179,14.2498942887879,0.000804775545899671,0.00101966150331679
-0.0913007486137114,0.612347602313138,1.14698728333826,14.2372027701768,0.000809898695755056,0.00102593908858859
-0.316727867895548,0.0934712960345434,6.59233775030872,14.2358458359932,0.000810448371815267,0.00102642181976521
0.287097338671391,-0.177942972029986,6.19846270114143,14.2163410875438,0.000818390833607104,0.00103626526518304
0.037878110963325,0.349974670362021,6.48832102499167,14.21294502905,0.000819781665680561,0.00103781051791708
0.184253119605174,0.254131285533773,6.08445726392597,14.2048874027521,0.000823091074853763,0.00104178346438871
0.289638477890518,-0.177020784748471,5.96959581329806,14.2027746084775,0.000823961045345249,0.00104266781211014
-0.143463162253141,-0.345335309148616,7.06064741053911,14.1909392613616,0.000828851433424865,0.0010486383056298
-0.293401323385426,-0.274641886395595,3.08812112847265,14.185842398269,0.000830966398342039,0.00105109566447254
-0.268599087890831,0.206186760160907,6.21807912008035,14.1832296674659,0.000832052653463236,0.00105225104991362
-0.399544359698263,-0.0827408694591601,8.97953489218013,14.1782582988997,0.000834123446268999,0.00105465078730751
0.267441929034945,0.162474932603699,6.60704671819774,14.1542053907198,0.000844215558121267,0.00106718943476791
0.486292863902498,0.124927673829052,1.49665306825462,14.1300537328177,0.000854471963460261,0.00107993051973138
0.323917232361023,0.0673741515339881,5.12061003013282,14.1129600049548,0.000861806317280114,0.0010889740264843
0.0365432556443886,0.353110583826342,5.45930463991695,14.0449892009845,0.000891598534175427,0.00112638553145051
-0.119845192103147,0.527600223763274,1.90196106001567,14.0309289355573,0.000897888674552428,0.00113409673250522
0.315910913387304,-0.169503474065566,5.061814072497,14.0247623411169,0.000900661404585488,0.00113736291871322
0.290112391830897,0.100621995225099,5.57079899151374,14.0204360015459,0.00090261179687715,0.00113958951044962
0.310699037365755,0.123766992270792,4.61357712005731,13.9834860844261,0.000919442507031912,0.00116059837918521
-0.397786941431239,-0.0661396813048167,8.80420377300214,13.9696050559615,0.000925846107271569,0.00116843928297457
-0.418441194998188,-0.494843844930363,0.673243674081794,13.9490337306538,0.00093541819122395,0.00118027480791117
0.120598252367114,-0.670007035575068,1.22994704296416,13.927534141538,0.00094552798636017,0.0011927837507171
0.334250727429175,0.0733676395828303,7.50626041335048,13.9194161232864,0.000949373692684016,0.00119738699835515
0.198547546597771,0.230240715747422,6.2104965845937,13.8992456076222,0.000958996815424953,0.00120927353196088
-0.0688394484557743,0.392540664888992,7.54334030285772,13.8746763868598,0.000970850376781066,0.00122396709336159
0.246114825886919,0.187779736382051,6.2204821963957,13.8701724751577,0.000973039152555733,0.00122647253845948
-0.325967224827156,-0.139255834008376,7.48502631564741,13.8672510778842,0.000974461508082898,0.00122801110768137
0.276286006911613,0.21626839503085,7.89155818081698,13.8496154193382,0.000983092139087451,0.00123863098981051
0.183569063078786,0.328899207431113,7.71664084611062,13.8251582382725,0.00099518777587735,0.00125361125171556
-0.153270796751917,-0.282596980664267,5.6688934189085,13.8208352459578,0.000997341196897947,0.00125606396498029
-0.539866038136201,-0.0655648211848384,1.16423912641793,13.7995943134602,0.00100798987227454,0.00126921248033245
-0.411867559681637,0.0835197388836739,10.6269437110959,13.7778368996314,0.00101901536146521,0.00128262128023695
0.315281737814066,0.0513402479836288,6.87025714032793,13.777748693244,0.00101906030428813,0.00128262128023695
-0.00294510495902201,-0.369357043901082,6.52360672113687,13.7722294384317,0.00102187641495328,0.00128589987892426
0.315722099116352,0.036842239581009,5.18102180700907,13.7628500971303,0.00102667993344134,0.00129167750253996
-0.345977682936768,0.130578791787469,4.37569243773112,13.7580253994066,0.00102915963335834,0.00129452972063751
0.31983351615798,-0.056741683301427,6.74568127914597,13.7522564045489,0.00103213252726579,0.00129800099690026
0.131853508176257,0.316172872609935,5.02006101071644,13.7510605658947,0.00103274984378628,0.00129850909726784
0.26533779192948,0.131319248065922,6.28657820361437,13.7464127553654,0.00103515264744802,0.00130126147381035
-0.306195274403185,-0.0647087941918113,6.66783568714549,13.733351710692,0.00104193485651417,0.00130951680562722
0.27537688071781,0.162340130657606,5.29504055228376,13.7290468979131,0.00104417993905494,0.00131206758905397
-0.196870345780598,0.314070600028789,6.83179264592986,13.7136769512619,0.00105223534718683,0.00132191679605312
-0.241584449669958,-0.195743936320489,5.80386341790342,13.6806582132917,0.00106975127944478,0.00134364468521969
-0.238833753224274,0.262117438482702,6.56077718635527,13.6788277410085,0.00107073080265738,0.00134459759211595
-0.0843270529379918,0.387018546459856,7.68802569688358,13.6436856012089,0.00108971095086111,0.00136815018949112
0.0175229410034069,-0.439885158520715,8.18684883802532,13.6271544065188,0.00109875539015712,0.0013792211990261
-0.40214468973091,-0.0860343426037849,2.94288319536543,13.6091378227772,0.00110869801520413,0.00139141486632916
-0.0606333961150685,-0.406404307869754,4.33004420052721,13.6062524901022,0.00111029865082307,0.00139313647696019
0.0967537099275405,0.317758337838612,5.73036237051152,13.5831742675561,0.00112318471437938,0.00140901474163233
0.00936933948406795,-0.370527919401766,5.6134436176286,13.5789044332789,0.00112558518216406,0.00141173518521113
0.443872762678703,-0.315732562174484,1.59659769366517,13.5672587570868,0.0011321584012661,0.00141963432213642
-0.276437977013929,0.303652599885815,3.57124926153137,13.5669210539145,0.00113234958414824,0.00141963432213642
-0.308655753893037,0.267442228353191,3.47949513580868,13.5546537602823,0.00113931636060111,0.00142807453229145
0.0387199152890072,-0.463173756887251,8.82471733851679,13.5472611873313,0.00114353539282842,0.00143306782040746
0.250384793554472,0.257964482073844,7.66989994994669,13.5421282215418,0.0011464740262168,0.00143645479967233
-0.201528420511758,-0.276737836891973,7.1238856183512,13.5310046266863,0.00115286824770614,0.00144416911358744
-0.286362785507451,-0.097182795152725,6.30187885217909,13.5168440112742,0.00116105987504446,0.0014541313555381
-0.317332138109172,-0.12288768125592,4.17915651153541,13.5061654830121,0.00116727565948028,0.00146161542881858
0.316349022978874,0.249225445424944,8.21046744555436,13.5014965959129,0.00117000378169884,0.00146473021241673
-0.154295076749382,0.341916848481459,5.50291737687009,13.4913877782721,0.00117593242941604,0.00147184963616053
-0.280883626244133,-0.189258110136585,7.06705801973454,13.4902175384868,0.00117662069221138,0.00147240838112701
-0.173159691443258,0.325101506534555,6.9228429948359,13.4862266261907,0.00117897093132528,0.00147504624535724
0.220904937105665,0.213113238309774,6.34286810459955,13.4727735930325,0.00118692803061899,0.00148469649689921
0.190571973010939,0.307080889994181,4.14438756709199,13.4684682047482,0.00118948587577905,0.00148759038860782
-0.159822367512113,-0.286790592989384,6.04722926884287,13.4585563486069,0.00119539551399579,0.0014946740376271
-0.142929310404599,-0.324889870720695,6.78658136075561,13.4325863113346,0.00121101896288732,0.00151389803820493
-0.28013091557121,-0.108918273738775,5.98851156394309,13.417401115215,0.00122024873776125,0.00152512303746468
0.240284346556336,0.189126458842916,5.8621164354581,13.3912632349235,0.00123630075845745,0.00154486843544519
-0.237049049641302,-0.180234352831811,5.43146126747205,13.3900632284721,0.00123704276548153,0.00154547842319958
-0.0917390389595919,0.343468285051151,6.28475605421346,13.385863967261,0.00123964282696145,0.00154840901324196
-0.0155908535470688,0.347432090579768,5.78933045999569,13.3744736196657,0.00124672295043787,0.00155693319431092
0.287152113373336,0.165878383980138,4.56965221389216,13.3564715528317,0.00125799540112273,0.0015706882694904
0.191029138586732,-0.309425682388633,5.54680057801953,13.3517669846435,0.00126095804682137,0.00157406450462343
0.234479542519308,-0.248943133784286,6.27697291691201,13.3500759411528,0.00126202466513089,0.0015750730138001
0.301932667684152,-0.0177903874557714,5.86031174847083,13.3399176191521,0.00126845099796557,0.00158276894355695
0.282724197471522,-0.182684842002192,6.42461784860121,13.3327680545421,0.00127299354862523,0.00158811162377673
-0.311038505561217,0.160595531197276,6.77416575714051,13.3289560923395,0.00127542216398327,0.00159081543419999
-0.349438817413769,0.157590052416817,8.25073304653235,13.3183008045256,0.00128223529194869,0.00159898575530184
0.0991718994501018,0.311303337073868,5.91569069870442,13.2915537967972,0.00129949844772756,0.0016201815584201
0.442996204575772,0.115964556425271,1.74030384614276,13.2882481194228,0.00130164808504838,0.00162252939020772
0.000169920544564375,0.37997149720135,7.40068753476805,13.277573389664,0.00130861402917882,0.00163087865089881
-0.125340560581062,-0.321401889169408,5.28604275867137,13.2645331208143,0.0013171742451125,0.0016412109709875
-0.150538966935002,0.296517146038577,6.08965609988853,13.2623599752476,0.00131860622863446,0.00164265903824976
-0.175748413935962,-0.2555092647918,6.26413492860588,13.2208860036877,0.00134623563242525,0.00167673537851983
-0.312479213578426,-0.114009445817885,7.36770346214191,13.2152110200097,0.00135006098968903,0.00168115592252543
0.0543751738915434,-0.368032125324599,6.58331977400344,13.1913939570936,0.00136623434276462,0.00170094778706564
-0.309606316694061,-0.0446176246556818,6.77650002945797,13.1900570252959,0.00136714792914926,0.00170173718925797
0.157113436670235,0.29953879088239,7.26433438412316,13.1784326462593,0.00137511718900282,0.00171130691877538
0.287760194495003,0.119419206482661,6.9645541055873,13.1446419567241,0.00139854764345536,0.00174010996389868
0.00330820523210168,0.346531210110323,5.57845238885414,13.1225069403804,0.00141411205166255,0.00175911609532522
-0.194330772722786,0.41470534259504,9.42675282065392,13.1187267386656,0.00141678739360043,0.00176208409647384
0.0375557788718618,0.454950035013999,2.56960716086649,13.1174242391711,0.00141771037654597,0.00176287188979
-0.314090342214859,-0.0410432478879969,5.06784700255103,13.1161528393206,0.00141861190144565,0.00176363268450094
-0.297171273235487,-0.0811490871234702,6.78139089465064,13.1015672554915,0.00142899535902805,0.00177617879660326
0.120766666795802,0.335207142362161,7.46808029211754,13.0973552062625,0.00143200802969391,0.00177956009078924
-0.0217024313826362,-0.354611329235068,6.48582603133467,13.0785962601071,0.00144550269796227,0.00179596335208047
0.322265597390456,-0.0135203350114214,4.82626444772904,13.0712873763186,0.00145079486765353,0.00180217081295137
0.0654989598308238,-0.350051796331802,6.22797353084943,13.0620326204595,0.00145752380045495,0.00181016011774168
-0.350020560400785,-0.104347916646967,8.46574731978568,13.0299829478724,0.00148106852710035,0.00183902614582642
0.279527965908423,0.0795695089273166,6.01179947120265,13.0198160145991,0.00148861665862714,0.00184802165940498
-0.303818808664487,-0.0384745467438329,5.42457740112406,12.9930566797703,0.00150866769339578,0.00187253188937686
0.250162374762373,0.17014963013157,5.19711324281861,12.9914992825861,0.00150984294832985,0.00187360861586468
0.0631091932467025,-0.384186946159687,4.96456027757078,12.9887491094388,0.00151192054120411,0.00187580441305291
-0.245433029974451,-0.169650291615105,6.47230821220749,12.9875745322959,0.0015128087356466,0.00187652395733833
-0.193823112212962,-0.260343899758557,6.88921240877886,12.9610285545376,0.00153302207815468,0.00190120969888077
-0.223256253057698,-0.268000252421652,4.56674950935211,12.9542139855178,0.00153825442952762,0.00190731017657111
0.118843363437618,0.310338560565948,6.94723312316279,12.9322865946039,0.00155521217252985,0.00192794373984152
0.314799012999187,0.0808901554236119,7.63548586296753,12.9162029063773,0.00156776937022355,0.00194311480576567
-0.145527286357306,0.308273263897302,6.06989148376303,12.8942159130922,0.00158509972358133,0.00196419440609875
0.280935298772634,-0.112976229593326,5.8630948187234,12.891581791396,0.0015871887717674,0.00196638283323564
-0.0615342609205991,0.328462115131952,6.26008283492485,12.8726091084456,0.00160231702889852,0.001984721479539
-0.0896234786566124,0.334636082865551,6.92367796511832,12.8419300142296,0.00162708532802412,0.00201499094324875
-0.280032897222179,-0.109751925433841,6.6860429470044,12.7938291071084,0.00166669183629326,0.00206362007308387
0.267063808428264,0.132251501328013,5.53389728359772,12.7905240236392,0.00166944839114512,0.00206661281116134
-0.250054704914558,-0.23439211133022,7.51590990783085,12.7870820324977,0.00167232397815839,0.00206974302674632
0.253736144084788,0.15505397302383,5.64004695721255,12.7866838222694,0.00167265697956503,0.00206974302674632
0.0425818955982203,-0.354571799755399,5.74258617775105,12.7605161679003,0.00169468552904356,0.00209657498492526
0.299682808737736,-0.0840390902670474,5.21028325799186,12.7206782811165,0.00172878031290649,0.00213832071210376
0.301137582850995,0.0075791679767217,5.45434326447919,12.69216575662,0.00175360277577666,0.00216858291670289
0.0637068831186784,-0.359315329326149,5.45806743914503,12.6658357523971,0.00177684159392768,0.00219687482206168
-0.303604882607564,0.0286214257700162,5.60491909582064,12.6363167785919,0.0018032613556141,0.00222908733664541
0.232602322233171,-0.305638072248536,4.35094847346549,12.6163409305363,0.00182136243867951,0.00225100579104362
0.209725112699805,-0.288068161467168,7.20468692179233,12.5908181265943,0.00184475451729771,0.00227945311575166
0.171789159661129,0.264338108263865,5.63347181638572,12.5703510477031,0.00186372981203233,0.00230243244635812
-0.0344443848717361,0.338458219335379,6.4531734768573,12.5652839626484,0.00186845763731485,0.00230780484803668
-0.0190501012292835,0.345577686346296,5.4646870551406,12.5617326363507,0.00187177833603527,0.00231143742591942
0.245212186634275,0.178960410881475,4.28312101174116,12.5567336811657,0.00187646265578169,0.00231675210878096
-0.163632182578542,-0.263172426676162,6.15145377129758,12.5423396525014,0.00189001629878745,0.00233301281975223
-0.306821012914666,-0.0212240795432043,6.91929072246841,12.5286801438197,0.00190296882675231,0.00234852507951917
-0.348725709933269,0.0806094254010292,7.92254508205533,12.5249951216865,0.00190647830000378,0.00235237938597954
0.199005856010308,-0.258167529359126,6.37737319825267,12.522366595536,0.00190898556127688,0.00235499576434724
-0.364599303693323,0.00684608749911614,8.44494333919002,12.5184096465585,0.00191276617920406,0.00235918162459366
-0.225539916097756,-0.252508425531537,7.45747982597563,12.510652535485,0.00192019935473273,0.00236786989499957
0.107609274680068,-0.340523725493485,5.61982398318897,12.4979015276096,0.00193248070156755,0.00238253189776088
0.310314050685977,-0.0575244427782252,6.79006521461532,12.4885474270489,0.00194154018027876,0.00239321656560783
-0.292559412825174,0.0945422854034583,6.3946387934723,12.474983296612,0.00195475258545898,0.00240901492718103
0.10552899547794,0.274903889384409,5.6206787555518,12.4643677131542,0.00196515558912917,0.00242134532010086
-0.179446299083731,-0.349225084816913,8.4860035855938,12.4502055169078,0.00197912043354797,0.00243805851870499
-0.237725931433944,-0.173602114866122,5.71738456912171,12.448916192645,0.00198039670888395,0.00243913719678039
0.127533297241294,-0.321734051522054,5.7798771803268,12.4220862745562,0.00200714264635189,0.00247157856613882
-0.0954280285403295,0.362993217154338,6.93137044215175,12.4038943143682,0.0020254828605699,0.00249365817090993
-0.261878232263954,0.165774664686192,6.22539066406102,12.4004001146113,0.0020290246744798,0.00249751359042317
0.254537850380901,-0.204175735141398,5.54343261246064,12.3958035924709,0.00203369326566532,0.00250231674048596
-0.293184004417982,0.0339990974692492,5.99026356572195,12.3957488921211,0.00203374888829246,0.00250231674048596
0.28793435116022,0.113585806278229,6.90616650907017,12.3805091384879,0.00204930499684383,0.00252094742792185
-0.237921494980811,-0.248418046994688,7.47778537888431,12.3784742479628,0.00205139111357921,0.00252300385847884
-0.290513453827248,0.0431610224714614,6.0671551517392,12.3658671968352,0.00206436295110743,0.00253844509116179
-0.263803860644565,-0.142321920571671,6.62806356393484,12.2829797430163,0.00215171544946955,0.00264532384013946
-0.223659669437286,0.2572180087922,6.89436509077063,12.27418262692,0.00216120074028538,0.00265644863857407
0.217394168218086,-0.223459738740688,6.22447960939452,12.2420079623816,0.00219624986223399,0.00269898448956006
-0.31811903449787,0.00716504113647111,7.22005127902064,12.2205567610654,0.00221993274071373,0.00272753794661255
-0.475678219878375,-0.288167620101066,0.787809987037286,12.2058687061676,0.00223629600026429,0.00274708838773386
-0.446309805000826,0.169218258886192,1.73128404769785,12.1878722700635,0.00225650948559109,0.00277135964258191
0.144636437923589,-0.337643898161738,5.35068251711204,12.1873868644123,0.00225705721328411,0.00277147323809473
-0.271429963102467,-0.114944173705556,6.73930056113795,12.1681726657412,0.00227884547957614,0.00279766309329695
0.279793734615893,-0.16402734544484,6.31869223760617,12.1629184855745,0.00228484008267057,0.00280445694018114
-0.0264098834172734,-0.414735098922199,8.2509549929366,12.1249586082558,0.00232862036656826,0.00285761757542181
0.270690576564079,-0.14453534023472,5.97187355817072,12.1197746108793,0.00233466397663488,0.00286445672909173
-0.316462486283631,0.0596243140969468,7.09282322521967,12.114823673259,0.00234045052374469,0.00287097779338257
-0.413635091395873,0.229473158750532,1.99650015395896,12.1132817742709,0.00234225558860939,0.00287261321987388
0.284948019118933,-0.0664147390956844,6.28495812142539,12.1080751022139,0.00234836121101622,0.00287952125934879
-0.141583812357411,0.436360838139283,9.56008393620489,12.105548064087,0.00235133028552034,0.00288258130854769
-0.273939687161413,-0.150381414180495,7.21502430944168,12.1048901176065,0.00235210393751169,0.00288294921916069
0.132380155187211,-0.309031360923441,6.14724820868954,12.0951240428025,0.00236361743655783,0.00289647805027458
0.179342925432411,-0.34376364770526,4.58908117211423,12.0480077731132,0.00241996092277727,0.00296492696676757
0.24319850286845,0.273634398832407,2.93500601483202,12.0408950828422,0.00242858246052821,0.00297489135205146
-0.104567675119241,-0.310075014804472,6.59894421625048,12.0252005798704,0.00244771512909989,0.00299747898058312
-0.280083576137179,0.171167878592714,6.70011079044636,12.024962260628,0.00244800681528569,0.00299747898058312
0.284329107863928,-0.0546974023277647,5.87387876401035,12.0224267358882,0.00245111227428343,0.0030006779661849
-0.286080896922121,-0.0638530229889463,5.42515041536628,12.0173255770267,0.00245737201041635,0.00300773638910629
0.221957504645418,0.216451698736742,4.6762167191997,12.0112901041416,0.00246479891206466,0.00301622025661299
0.29125092537897,0.114094603321162,7.38019063000185,11.9902915828504,0.0024908138078896,0.00304744261704821
0.00988090261143963,-0.349955195678149,6.64056832207054,11.9849537391751,0.00249747047436487,0.00305497292504186
-0.334857733416021,-0.0745101261934115,8.07669567225089,11.9711875098022,0.00251472014770248,0.00307545525496438
0.287609135053124,-0.26984136980949,3.88318898320622,11.9407139289468,0.00255332980826588,0.0031220469718262
-0.297491610297863,-0.0772123362104042,7.17658631577419,11.9373454814967,0.00255763381034075,0.00312668165408725
-0.0129453385808937,-0.337875029755329,6.34513208187399,11.935412416304,0.0025601070418248,0.00312907682606492
0.0238269281836625,0.343345815895063,7.03361806827079,11.9303300895942,0.00256662096499027,0.00313640875850276
-0.549191139850733,-0.152450495536475,0.701369193171727,11.8877753123861,0.00262181708896776,0.003203215419955
-0.199305648714428,0.296545099925102,7.07056316050258,11.8736991016893,0.00264033480221307,0.00322519227044004
-0.0178583115975622,-0.349125281126898,5.24703955936075,11.8578002646295,0.00266140757579206,0.00325028070640363
-0.214373895162095,0.261968408027762,5.57251161521347,11.8391969953782,0.00268627850749167,0.00327999670148602
0.1618888747792,0.259844105101465,6.3090141875266,11.8334162855502,0.00269405403738355,0.00328883115692622
0.134719769652285,0.348566587396239,8.6938324200084,11.8006706173824,0.0027385264130949,0.00334245164453123
-0.227084559185443,-0.217195194804635,6.54047287655673,11.7881884930692,0.00275567117175846,0.00336270316569764
0.347344132903045,0.118474609408446,8.99054222974495,11.7769202055189,0.00277124083902279,0.00338102489538491
-0.296466254216837,0.0221578046425247,5.40033253681865,11.7494765553237,0.00280952941491703,0.00342705170867859
-0.0366590299299483,-0.391264575260639,7.93299486341297,11.7381936327302,0.00282542405872702,0.00344574953315908
-0.369992839728512,0.259879043823098,2.24066187474332,11.724799398238,0.00284440975868639,0.00346820881451687
-0.123712219561236,-0.443702166051594,2.43740235761544,11.7233439464288,0.00284648046271225,0.00347003865778778
0.332727053384605,0.0559215500161052,8.29771685223659,11.7182988005586,0.00285366998151799,0.00347810667617247
-0.284576955278527,0.148607895263724,5.34910358575869,11.7099547007519,0.00286560050515342,0.00349194873406205
0.258994635228862,0.227193013347068,3.43288282462949,11.6976874451061,0.0028832310464567,0.0035127297600217
-0.289025747030368,-0.123485968799539,4.55475176937509,11.6824304185432,0.00290530992020707,0.00353892092721502
-0.0103491335317197,-0.328763428875607,6.03631409372613,11.6764954447976,0.00291394419396769,0.0035487281962143
0.249927308820795,0.107583311216235,6.01368801513239,11.6612659206155,0.0029362178825435,0.00357513889378497
-0.207065160254222,-0.253928314250132,7.39552728478055,11.6580971988374,0.00294087359851169,0.00358009167521279
-0.249721902254843,-0.196340695436839,4.50547435995692,11.6456522566799,0.00295923015175626,0.00360171794560019
0.259296731874227,0.174709147222722,4.36285162921972,11.6224205392587,0.0029938045681045,0.00364307059976418
0.270596166978385,-0.149148816360334,5.99964996355811,11.6188014492975,0.00299922689662777,0.0036489395177198
-0.203946650976716,0.238763954799928,6.31927370753466,11.6183369209354,0.00299992359051201,0.00364905790590152
-0.179719773252816,-0.277614547723045,5.40750310140071,11.6170861266571,0.003001800320933,0.00365061133716343
0.123604195483852,-0.399841399923679,3.47700564964977,11.6020305392273,0.00302448252087123,0.00367746147135292
-0.343826826242433,0.112618025661294,8.64515268966626,11.5984667285465,0.00302987666692865,0.00368328457433339
0.202177674481171,0.328722448675321,2.47966390577914,11.5903053711396,0.0030422658811267,0.00369760724382099
-0.251271446922255,-0.219197068876945,7.53445965509202,11.5759038919574,0.00306425150688907,0.00372358546386041
0.0696559550001807,-0.350398340505936,6.81389776003233,11.5609226276018,0.00308729086979676,0.00375057369029167
-0.262631290421982,-0.117637076334859,6.55390884564076,11.5606621002969,0.00308769305777626,0.00375057369029167
0.217129175057936,-0.243116043148847,6.11111282003361,11.5587276521395,0.00309068099361823,0.00375345419691757
-0.210554389398994,0.294961571014251,7.47664763924569,11.5550374945154,0.00309638880769857,0.00375963603136595
-0.156367982080053,-0.255667142059948,6.34731668756773,11.4990731022266,0.00318425619458585,0.00386555368148328
-0.267071989709623,-0.0871241202682497,6.44434867434853,11.4842173388725,0.00320799653389137,0.00389359706904519
-0.218782172733145,-0.198833452679845,5.38742383172874,11.4679141587073,0.00323425367997252,0.00392468335731966
0.102871450420719,0.271632192449569,6.18823252588209,11.4665639850822,0.0032364378191392,0.0039265511046073
0.243366850719546,0.136537104638682,5.84671513994923,11.4636390814521,0.00324117441618027,0.00393151421512363
0.277130780320509,0.123960634653225,5.45947331701385,11.4158954516372,0.00331947803821571,0.00402569368459307
0.0767698074970825,0.323581612120848,7.18832809410112,11.3900125436375,0.00336271608870978,0.00407731837244874
-0.301040073847774,0.262503123125557,8.62853945818217,11.3845547534578,0.00337190512038205,0.00408764603203623
0.033232848002886,-0.339812643354746,5.6733287396202,11.3749614222684,0.00338811787415534,0.0041064825040529
-0.00893553793388718,-0.325120865015731,6.00606358692703,11.3714140171547,0.00339413272018876,0.0041129538217574
-0.0639641934740387,-0.357980262153038,4.33418011217664,11.3579315128676,0.00341709072055591,0.00413994991178993
0.0207522792407265,-0.340207034647016,5.57440045462457,11.3480485989022,0.00343401791541627,0.00415963013709794
-0.292370151920929,-0.117661243959816,7.52529371631902,11.3239661723516,0.00347561761029614,0.00420918241724346
-0.205030348913716,-0.2320254142334,7.22286770405517,11.3176905018829,0.00348654065408836,0.00422157110224542
0.0578571256803737,0.313293107314574,5.50045982528216,11.3011217333455,0.00351554447013393,0.00425584305710387
0.253321106623345,0.178372205899062,7.64089204511693,11.2746797117592,0.0035623321300767,0.00431162584650237
0.181050484539379,-0.324592352219673,4.42956385357006,11.2659441568798,0.00357792563367336,0.00432963849290467
-0.0678065051334475,0.315983138001027,6.70933544015324,11.2565148658523,0.00359483411213172,0.004349234911498
-0.366286895188751,0.0316609638430964,9.81327205832246,11.2545933621457,0.00359828951529411,0.00435255048064982
-0.256401852916789,-0.0998023232715697,5.7885154582297,11.2142583824324,0.00367159468867877,0.00444033938511648
-0.0233005848399911,0.311554384196888,6.09245955635112,11.1975276027741,0.00370243783715837,0.00447675105315197
0.128150222867039,0.264349618036714,5.02391018709175,11.1967704546044,0.00370383974952149,0.00447755686955656
0.29335407479596,-0.0328462322508801,4.9707351481068,11.1728805565756,0.00374834721700261,0.00453046215150127
0.281349022714845,-0.134280345443161,6.94233922144203,11.1490957086485,0.00379319026905262,0.00458375195672734
-0.253269274951425,0.186122798918202,6.28934604933094,11.1475773408892,0.00379607109135602,0.00458570141637957
0.269723697175096,-0.0727996318988264,6.18060474079228,11.147451485557,0.00379630997676627,0.00458570141637957
0.0578104689178623,0.320499969263746,7.14201769195731,11.1372474926508,0.00381572823061169,0.00460824310017139
0.0485477597273379,0.313991968007186,6.65235231607842,11.1355117712974,0.00381904118848104,0.00461132938426667
-0.14379498864063,0.390477341527449,9.64277679123983,11.121079142023,0.00384670026959628,0.0046438055207817
0.232154678600098,-0.251328314771536,3.84501619104932,11.1082467331793,0.00387146083435362,0.00467254732315609
-0.289783426698213,-0.0829056160681872,4.38953863865181,11.1079457148467,0.00387204356854837,0.00467254732315609
-0.263020676166035,0.188975519785462,6.54150046336506,11.0969417661266,0.00389340616732878,0.00469739531246484
0.0411497870210864,0.305663400072911,5.80654317820525,11.0955784936282,0.00389606095880355,0.00469966695407094
-0.327357962251619,-0.193595861095045,11.4987380201767,11.0837585071035,0.0039191548279067,0.00472658767676228
0.098942299371117,-0.33794305187497,7.3193221145749,11.0706330067572,0.00394495984525529,0.00475676679301133
-0.294622317169175,-0.152916264164335,8.36765359751707,11.05634705571,0.00397323947698982,0.00478991721503248
-0.247598117069776,-0.1085667077359,6.30503888381977,11.0537883587198,0.0039783258878877,0.00479509958532178
0.295143906465343,-0.0460635333974801,5.0966118582417,11.0531440553526,0.00397960771873133,0.00479569512898581
-0.298442553070101,0.0507946923901128,7.17316055669509,11.0378236517344,0.00401020937476971,0.00483161580716367
-0.0836144062597732,-0.313551210392344,5.27763222216869,11.0347167334893,0.00401644391240205,0.00483816987311114
0.146812311102758,-0.29841176322971,5.71464821073414,11.0335733912805,0.00401874065375714,0.0048399788526357
-0.194547543102715,-0.201262706188904,5.70046199793686,11.0093184342446,0.00406777457263005,0.00489806400280296
0.410296944023656,-0.361396831210431,1.19429882451382,11.0072398030133,0.00407200447198384,0.0049021877052477
0.0309315907491877,0.330078425911821,7.09877408688823,11.0058331581964,0.00407486941134624,0.00490466685968287
0.223058929680503,-0.264446814875686,4.85714547679033,11.0040746630106,0.00407845380602179,0.00490801082645991
0.235286531671674,-0.386458451678913,2.66712224120356,10.9681583254369,0.00415235696444519,0.0049959583398305
0.270954956984033,-0.103746946884095,6.38471862808477,10.9632625119908,0.00416253399810763,0.00500721339270485
0.281894328966952,0.0839101894628253,4.67753523458287,10.9450649749778,0.00420058075820503,0.0050519825476002
0.270469170325936,-0.0202381713911398,6.26144858609046,10.9299068715452,0.00423253812731212,0.00508941183469805
0.0169020458383479,0.330225057713399,7.05155243252136,10.9247399136768,0.00424348693732261,0.00510156960395341
-0.116800299507624,-0.282937107955546,5.95766177712122,10.9091760324465,0.00427663832443293,0.0051404095003253
0.166729026142243,-0.261171789749303,6.14271121102365,10.8929286648813,0.0043115218814839,0.00518131567597197
0.225752961306476,-0.248242950199068,6.89147244281392,10.8908141633087,0.00431608265189754,0.00518577288035371
0.136547015971404,0.240925750300183,6.39582769097111,10.8797714465171,0.00433997920108269,0.00521345567801725
0.0736579764039817,-0.319210021481958,5.8952040620229,10.8633615599654,0.00437573497068389,0.00525537078349251
0.0715600046785985,-0.33221681101692,5.39869982389264,10.8629062598222,0.0043767312204571,0.00525553050693152
-0.474267167012995,0.100588900151002,1.28052967791715,10.853692609601,0.00439694057047479,0.00527875649636176
-0.25255617928152,-0.181779450588437,7.78048314839782,10.8492992516443,0.00440660985366236,0.00528932192214047
-0.286620092324537,-0.109125017103248,7.58417615405619,10.831675915645,0.00444561101699314,0.00533508375151867
0.0933016598791172,0.313645328660326,7.30806443786823,10.827957534334,0.00445388394354482,0.00534395850380387
0.269338508412422,-0.0881937288522222,6.00201737489257,10.7902293630131,0.00453869986401512,0.00544465118662543
-0.189159446218626,0.295584793754684,5.29707384602188,10.7551034736441,0.00461911691165656,0.00553974448450706
0.294318123118807,0.097323984664534,7.89271842141873,10.7548119716217,0.00461979020168239,0.00553974448450706
0.286562083107338,0.157664006304017,3.38124880598884,10.7501284965699,0.0046306212145044,0.00555163882510886
0.266003986351325,-0.0590860221397474,6.12333602713718,10.7424237366723,0.00464849453212241,0.00557196981916937
0.246523335822272,0.182940336297502,4.56379792579872,10.7388000357844,0.00465692454365802,0.0055809757129508
0.345099984490014,-0.160087592224818,8.69293732208607,10.7215476475053,0.00469726984187402,0.00562821861785654
0.190310398131738,0.218625965328568,7.02437970861551,10.7031952615954,0.00474057126356458,0.00567898422915804
0.289321676194071,0.0318045429911768,7.27783448101481,10.6726567295971,0.00481351176395656,0.00576522912039495
-0.0818344683107402,-0.294542966567922,6.38382584241693,10.651843073719,0.00486386671586561,0.00582439428917974
-0.284399286880442,-0.107978441444908,7.40356961589252,10.6388420788982,0.00489558725680406,0.00586122619850995
-0.548187461628006,-0.186331036228679,0.44738210532605,10.6337881342745,0.00490797391403089,0.00587490074491154
-0.266344569888251,-0.0580120387498093,5.43702259207393,10.6304809610294,0.00491609638779501,0.00588346664220485
0.113157946434811,0.258065802211836,6.340895748278,10.6256239240674,0.00492804972730544,0.00589661295987333
0.117072696455521,0.26278363152111,5.59968017193007,10.5985219342454,0.00499528422238194,0.00597588727566541
0.247530248870737,-0.146805985912003,6.40309783574982,10.596810087635,0.00499956163287042,0.00597982931648627
-0.15790531971649,0.350693842147775,3.66513905650439,10.5362575581056,0.0051532444155918,0.00616167633761451
0.223439913109032,0.123320347193626,5.67202566172846,10.5361106911854,0.00515362285005471,0.00616167633761451
0.145998863058012,0.268769747337458,4.37541372230393,10.5347174771166,0.0051572141507022,0.00616475942459749
0.110449492526948,-0.317988273715296,6.77626686505372,10.5248222843328,0.00518279319002915,0.00619411954081223
-0.258652670296786,0.532204404108757,0.972860581824829,10.5167429471919,0.00520377230258734,0.00621797169345471
-0.277486368484168,-0.0651653281259233,7.05699332392862,10.506912490023,0.00522941299626913,0.00624738350103737
-0.208456765577987,0.304568283909067,8.30825683308905,10.4744562115601,0.00531496896797492,0.0063483482591782
-0.0259228619916177,-0.321600596961314,6.64592049836096,10.4590349211829,0.00535610921296218,0.0063962324222271
0.113202341658656,-0.302243280693748,6.24448722095462,10.4530780111465,0.00537208592447279,0.00641405356112774
0.226589597494946,0.185876488311477,6.70000422116899,10.4252730639081,0.00544729277663701,0.00650257224003257
0.275657575973632,0.0533980205827375,4.92485865370574,10.4230354456005,0.00545339066821119,0.00650857525741418
0.0953633300387787,0.324332834004314,7.30955582814568,10.420899325973,0.00545921832722272,0.00651425346454957
-0.212056290263306,-0.181887688720538,5.32265429353315,10.4003320211158,0.00551564868883631,0.00658029967031853
-0.253808647115314,-0.0705775520076755,6.34460839261675,10.3845160975911,0.00555943914618739,0.00663124324490377
-0.153791477703556,-0.264652172028582,6.92543006150436,10.3418263068281,0.00567938030511007,0.00677298086141237
0.192799200473883,0.396813861221844,9.28174281254788,10.333617856424,0.00570273766002549,0.00679950389232965
0.0268038102635843,-0.312502832118891,6.34759491379459,10.315548422293,0.00575449372995323,0.00685987034030845
-0.0597561048075366,0.303909306838899,6.36973465242039,10.3017818652592,0.00579424014892598,0.00690589937875125
0.283133884256796,-0.110311716443472,7.29063162344147,10.2989352608782,0.00580249297536201,0.00691438192092462
0.227012178172477,0.136465852595945,6.6796061590042,10.2951444637681,0.00581350144158276,0.00692614418323989
0.0377385017642262,0.319547349010008,7.16090994869238,10.2945668016947,0.00581518080374527,0.00692678942148331
-0.224253718873275,-0.150947617844489,6.58871229407393,10.2506501887464,0.00594428458885079,0.00707918712381135
-0.316525704664436,0.219265063659763,10.2216651747079,10.2465256616409,0.00595655591931496,0.00709241393248376
0.285369797704398,-0.0080917974251815,7.14872408416583,10.1932553359865,0.00611734152609983,0.00728243551249429
0.262282015947492,-0.124264560247501,6.91916007324005,10.1799464915807,0.00615818464232795,0.00732962426246189
-0.274344774565661,-0.075989539780064,7.31903619969666,10.1749465622038,0.00617359914630839,0.00734653471515353
-0.250561633759953,0.189522054233292,7.20150868282376,10.1703473433566,0.0061878123492268,0.00736200929882602
-0.20757330653543,-0.192590329332386,5.83065712864157,10.1593571321957,0.0062219086269229,0.00740112929283052
-0.0879576729393142,0.305090518505604,6.5529484807997,10.1465801785404,0.00626178438306229,0.00744710750616981
-0.072131840034274,0.302161303765774,6.58431783555129,10.1349880697779,0.0062981834093382,0.00748893371016621
0.0944675137123617,-0.325105876725406,7.02849995387102,10.1327980883535,0.00630508363882917,0.00749567451536653
-0.078075801215476,-0.316725522492297,7.09961713493442,10.1284474948991,0.00631881399501875,0.00751053096479386
0.113333680000039,0.279316840002915,6.6802401132784,10.1226667975678,0.00633710399011627,0.0075308001350435
-0.264730654948305,0.052830657494908,5.915609596072,10.0954171057591,0.00642403693462523,0.00763261843442591
0.264836888665662,-0.00398892905686314,5.69744781384557,10.0929396002469,0.00643199965898825,0.00764058808271618
-0.221637413176602,-0.150154704362948,6.58148303298664,10.0889046004821,0.00644498931645406,0.00765452496265554
-0.302814197075096,0.215026119099411,8.60121756902065,10.0820514496036,0.00646711143846667,0.00767930065094306
-0.300513498337774,-0.055525084870459,8.03605203205641,10.0672126470395,0.00651527197360612,0.00773497967537325
0.084222531772948,-0.303901394662686,6.04610741347702,10.0599981760979,0.00653881653362684,0.00776141841620592
-0.155443467174784,0.302320713109678,7.60859734329523,10.0518980666371,0.0065653527988507,0.00779139723964972
0.287540463881247,-0.00816550195897109,7.30694538142061,10.0397361438525,0.00660539808928011,0.00783739301647579
-0.255955716470488,-0.0587508457699797,5.50898309122596,10.0159295788632,0.00668449382425694,0.00792969571357682
-0.322013143084272,0.0282146499441955,8.28396113366904,9.99752907798284,0.00674627661427862,0.0080014284098438
0.311491850987472,0.0980753080127154,9.87717338462073,9.99687248907591,0.00674849174305996,0.00800249663649183
-0.0219240269563368,0.316621812607536,5.05953889837662,9.91950564171842,0.00701466149631545,0.00831650617128889
0.268906102887047,0.0206350130900195,5.18978018747243,9.9131989753496,0.00703681597305474,0.00834114790575491
0.305611909762036,-0.0333782885722769,7.96390784817657,9.89612184193681,0.0070971575442965,0.00841103662247948
-0.24964273697926,-0.148998086845993,6.98503016477896,9.89195163666506,0.00711197128491707,0.00842695235161057
-0.222604275361993,-0.149369234531011,6.88234389301528,9.88473991290129,0.00713766236248025,0.00845574790091064
0.275797874668461,-0.0137151675216917,5.04414269034488,9.86349873759968,0.00721387251316115,0.00854436884438231
-0.30990310308885,-0.106477706680066,9.02326493974262,9.83787150239209,0.0073069030731199,0.00865287413132736
-0.094254708893002,0.305006397604761,5.53881188536763,9.83461814635614,0.00731879872430247,0.00866527550244136
0.261470608092257,0.0813175319919844,6.96822378409223,9.82678661490226,0.00734751360919958,0.00869593177209415
-0.255465646059119,-0.135020371588988,4.37959950903757,9.82677721742682,0.00734754813332002,0.00869593177209415
0.142669660973546,0.230761954595788,6.19496839462414,9.82065917330632,0.0073700588579964,0.00872087819776134
-0.127777667512816,-0.255347835051582,5.85070231339832,9.80318191291169,0.00743474530069907,0.00879571111361366
0.208273942094755,-0.234618650346018,5.78005565643833,9.79276841328902,0.00747355711340694,0.00883990979335952
0.00406995502776758,0.304193954399346,5.38520250481511,9.78582099369131,0.0074995632246753,0.00886894734106901
0.17069271751069,0.240137850008428,4.26511631950876,9.77806779651179,0.00752869244556469,0.00890166626696403
0.205503177756255,-0.245475646766564,6.94044098902316,9.77291693432324,0.00754810706396301,0.00892288850590423
-0.165484874894715,0.271838443312351,7.10410420488886,9.76179419691503,0.00759020181408168,0.00897090829821962
0.0581373421350577,-0.3144202664142,5.71945179590773,9.75682419752599,0.00760908691829179,0.00899148314413052
0.264260391231763,0.0995514262333787,7.3169522430548,9.75161303533854,0.00762893886300118,0.00901319227594628
-0.160725933128206,-0.244862777079238,7.2884019099047,9.72556092916141,0.00772896387687701,0.00912959489375771
-0.216704544478393,-0.163729551801252,6.94220401537734,9.72432845295113,0.00773372822676738,0.00913345052270802
0.272118740797395,-0.116823963531152,4.77873267464272,9.72272922085849,0.0077399147130326,0.00913898385821227
0.275219584992893,-0.0881879975323524,4.78107740696144,9.70272235989144,0.00781772896766021,0.00922907387145925
-0.250851100503086,-0.0249227752904984,6.08370989361538,9.70078802918116,0.00782529366183902,0.00923621322475299
-0.241967322196583,-0.0584302878451651,6.05390476142875,9.69872469968459,0.0078333709072432,0.00924395465851843
0.189028241593612,0.213959424145963,7.32062712184902,9.69045921540122,0.00786581119680676,0.00928043770662007
0.23662996479514,0.101396516134575,5.54431776173303,9.67938863203327,0.00790947148083851,0.00933014190570525
0.269918458557012,-0.251095678148767,8.47578144406318,9.67277374889221,0.00793567490487515,0.00935923843876015
0.0538639750604454,0.586334194491767,0.426849950714749,9.6623605722526,0.00797710044643286,0.00940627300365742
0.0216758562420809,0.282840321399699,6.10185475391523,9.65696634434185,0.00799864463587721,0.00942985060867941
0.00812382846568512,0.345839266265501,8.02610800070414,9.62126526532452,0.0081427067256488,0.0095978312770087
-0.250631518619525,-0.069676879956801,6.7420972284382,9.61430167698688,0.00817110736834914,0.00962944282975408
-0.136901302179827,0.262707817131323,6.23123382513413,9.61024931597832,0.00818768029099377,0.00964710617603446
-0.0748982617632815,-0.290903101046854,6.79212292273666,9.60531932341623,0.00820788778793179,0.00966904428268745
0.191384753257501,0.167079214809666,5.46127226229412,9.6032546823301,0.00821636533413011,0.00967715847440203
0.0920281822837739,-0.304610887784882,5.52656196439229,9.57253306319882,0.00834354968383738,0.00982505425052262
-0.255317731501843,0.171706362141739,5.33662474117645,9.56980694096372,0.00835493020640568,0.00983655290980425
0.246249104782436,-0.106164470614355,5.77576161113827,9.55798122126685,0.0084044780782132,0.0098929741957003
0.130268855103337,0.384666075805197,2.06228825427257,9.55542380903501,0.00841523180969876,0.00990371762177577
-0.142574201426723,0.255043987647775,6.56631529416219,9.5204770527006,0.00856356651760039,0.0100763418939218
0.258723799571484,0.265620480082809,2.2174844240297,9.51161366821141,0.00860160182706474,0.0101191404682454
-0.284855527996768,-0.0563772726245497,7.68280871610201,9.51056589707611,0.00860610926270778,0.010122487092613
-0.00616596745959857,-0.347156207939668,4.18185275028464,9.50729950865643,0.00862017619441382,0.0101370741107961
0.15539581864683,0.21861422703367,5.51354204857563,9.49561516726856,0.00867068412948548,0.0101945007686959
-0.0396069044430486,0.29722342569554,6.52754590091157,9.47114087968969,0.0087774404016518,0.0103180260987172
-0.0925564407713338,0.316759902864852,4.47285949669375,9.46509663163512,0.008804007038804,0.0103472576934824
-0.169630801983473,-0.266748180291215,7.64096036596383,9.45937967341765,0.00882920911163662,0.0103748745554225
-0.294271911037417,0.241196258864421,9.92136510846878,9.45407151766423,0.0088526736447839,0.010400439434474
-0.294016821492013,0.100918179716061,7.88162196169812,9.42951665770173,0.00896203166967867,0.0105268857428138
-0.296083120404117,-0.140502158460833,9.75815733571542,9.39806435451208,0.009104083978798,0.0106916788701625
-0.327216856062399,0.0597398829462062,3.14658025175565,9.39334716303391,0.00912558217528984,0.0107148590710057
0.206491225598077,0.140063605350245,6.16389296505342,9.37916504675032,0.00919052218364481,0.0107890279703104
-0.0819593609234223,-0.284699398179929,5.48958461845152,9.37343470100908,0.00921689237801509,0.0108178987463574
-0.315122429059422,0.222079611013966,2.68047113753123,9.37218769792043,0.00922264091657176,0.0108225593485137
0.224251067990303,-0.151560492199075,5.76581699354353,9.36113929672553,0.00927372961722665,0.0108804135497544
0.0317543186813321,0.312281647896346,7.33920985930155,9.34430396391702,0.00935212225812844,0.0109702736623287
0.247861789035685,-0.0542351121785865,6.03512392743128,9.34273979388519,0.00935943927370469,0.0109767417257396
0.165415054949378,0.355116359079165,2.12766677544644,9.33669047293756,0.00938779125567752,0.0110078723352397
0.248594799186928,0.0180696378743014,5.90465390502894,9.32632852858664,0.00943655535460301,0.0110629210473374
-0.0593059820574578,0.332562267327162,7.83525296965342,9.3161984247478,0.00948447324828085,0.0111169567068798
0.102385004535595,-0.291921391096745,5.47848800393959,9.30360187634776,0.00954439757326527,0.011185041852943
0.0591862776473798,0.291413687440516,5.27530828856798,9.286281641664,0.00962741211522062,0.0112801549186804
0.0305578875494704,0.275868702326853,6.09949886614092,9.27839595488467,0.0096654464258303,0.011322539511344
-0.182478775006558,-0.255194436100063,7.73286936243248,9.26275261731117,0.00974134277757694,0.0114076754854808
0.256889055069854,-0.182221926822208,7.64948475379146,9.26264436619247,0.00974187004747287,0.0114076754854808
-0.178457013397181,-0.197666961586114,5.37111235348832,9.23881376651598,0.00985864165287455,0.0115421943043654
-0.0869829567503895,-0.264565591011464,6.04487101808945,9.21474608881082,0.00997799566094672,0.0116796842114677
0.063025212654792,0.267573630545517,5.90250447042725,9.21306183268244,0.00998640195020642,0.0116872770228483
0.0810486736078012,0.28314878041405,4.84640005517443,9.2022841797135,0.0100403621981456,0.011748169337365
-0.199408911916282,-0.162708733222614,6.30093466935691,9.19134633594052,0.0100954225779436,0.0118103252602845
0.145819710879406,-0.253573821029566,6.45537733501918,9.1879599710541,0.0101125304494961,0.0118280663547612
0.0660550284664346,0.272340147958126,5.48539484650283,9.17804599405742,0.0101627825933744,0.0118845602052369
-0.285095554088591,0.0993107785976382,7.60035632188093,9.17372594813649,0.0101847581624409,0.0119079715177531
-0.188424898084103,0.213619724520433,6.23222732389553,9.17312253731693,0.0101878314226621,0.01190927759239
-0.0176844643808289,0.291417625495346,5.57785451231536,9.13604365399073,0.0103784698335007,0.0121297992601943
0.262157919750477,-0.0615912346985984,6.93566793109885,9.11401575255045,0.0104934095973294,0.0122617807348448
-0.351222421014693,0.0749446182641847,2.42306780328214,9.09701300583984,0.0105829982638656,0.0123640939225512
-0.169747902818954,0.443927505560549,1.37546196264785,9.09502218778261,0.0105935379206518,0.0123740327822195
0.0728233725451591,0.286847287675597,7.08349788319812,9.08644990713245,0.0106390407568283,0.0124247995640841
0.143241514999548,-0.25735542796892,5.99684854532845,9.06690980062577,0.01074349417846,0.0125443790867788
0.0743229474344804,-0.295330858770538,6.44502732959135,9.06440863524937,0.0107569382109753,0.0125576682317196
0.200204592278097,-0.210648102735301,6.39730972466811,9.05217932461584,0.0108229146865366,0.0126322669884269
-0.22859459145479,0.138019063655922,6.90863973852057,9.01019093826291,0.0110525349605764,0.0128978019628118
-0.241872846959708,0.1924367277316,7.39861842622634,8.99480557345236,0.0111378864719301,0.0129949123881009
-0.226063424746386,-0.109541331272889,6.37718195350714,8.94404948363718,0.0114241614401543,0.0133263642168345
-0.395188896309277,-0.171346774859289,1.16428429721306,8.89314520034218,0.0117186627617352,0.0136672833129203
0.0157498521819454,0.30907869025437,7.41338233973577,8.89132922912366,0.0117293079709997,0.0136770785151209
0.124908705099812,0.269191657551076,6.95701191688183,8.88687920453802,0.0117554348809906,0.0137049191029243
-0.294206993584115,0.0195628993531902,3.8890093008474,8.87959775433523,0.0117983111909085,0.0137522723588456
-0.223413327667363,-0.111853060309097,5.34313749163728,8.87454603296412,0.0118281497494584,0.0137844134139937
-0.107540593338201,-0.25106623501256,5.78441530325851,8.86551958904645,0.0118816534608839,0.0138441160325093
0.116747389004935,0.251996683014189,5.42015075595835,8.84249712295328,0.0120192161821065,0.0140017198845511
-0.189808586155364,0.233674877304314,4.57199569252478,8.8321788731653,0.0120813850501016,0.0140714505806426
0.21507529524556,-0.151382692956801,6.17484425113333,8.83167198591513,0.0120844473881735,0.0140723251146136
-0.157306354324372,0.247442378195604,6.73592095156868,8.81743350195875,0.0121707864630212,0.0141701564327545
-0.250750898516599,-0.0401072184205999,5.52795180910276,8.80179706355383,0.0122663132776581,0.0142764739089196
0.110424612320306,-0.321239049445476,8.01668717198344,8.80171886775666,0.0122667928741062,0.0142764739089196
-0.182475724889795,-0.286781673452368,8.7529638530763,8.79239886210335,0.0123240895612494,0.0143404161408422
-0.257317450876487,0.0400356138789766,5.38527458791496,8.78784716637734,0.0123521692545761,0.0143703432871888
-0.225240040355316,0.157587791300295,5.8480935171568,8.77131910508981,0.0124546709148887,0.0144868239453271
-0.208497664784445,0.167416257439612,6.16642947092767,8.72596016989888,0.0127403636543318,0.0148163006547415
0.126513925187017,-0.262107471466083,6.17771634355395,8.72515290741475,0.012745507101096,0.0148194513429092
-0.204747641138155,-0.142836404899554,6.64098374232204,8.71109144216945,0.0128354331060835,0.0149211603494054
0.182022421037272,-0.240849435192408,6.93382876081143,8.70590106308305,0.0128687867486553,0.0149570778399797
-0.0228007234592141,0.284936268450402,5.61780131589703,8.70331269983105,0.0128854520776696,0.0149735889003345
-0.356515083506195,-0.412167550290215,0.376967135540722,8.69868277672319,0.0129153159573642,0.015005428158098
0.274179913229762,0.0334360857427815,7.65457435341388,8.67883581157534,0.0130441189000898,0.0151521839083661
0.0419691481022074,0.267313985261901,6.32959990346441,8.67626665408298,0.0130608858649292,0.0151687663383611
-0.125095089038235,-0.271754386954519,4.38575576534337,8.67538020018348,0.0130666760846281,0.0151725966056105
-0.275930487967934,-0.0740734342536056,7.76208497134119,8.67301035850589,0.0130821682380896,0.0151876888317104
0.0751802846826019,-0.302319495300401,6.97885514002016,8.67227425918671,0.0130869840118239,0.0151903829673945
-0.0635859365576076,-0.265600017905855,5.89282056862613,8.66766654694786,0.0131171692979511,0.015222517477302
-0.269945149301802,-0.163416932683803,9.13817991840788,8.6565338116128,0.0131903878767325,0.0153045704961974
0.195549446236323,0.181653178999044,7.26357945030476,8.64068826957597,0.0132953073772947,0.015423367247136
0.233160625341935,-0.122212232403776,5.49800290252311,8.6402093836749,0.0132984912260812,0.0154241216582934
0.209438231538242,-0.179376044331864,5.63151279537047,8.63734625588884,0.013317542499256,0.0154432759496135
-0.189287996845919,0.25014679087801,7.44803626517323,8.6255612848644,0.0133962475820423,0.0155315854655253
0.298635073218798,0.0639646990356973,9.23776732904329,8.62056715054815,0.0134297407118153,0.0155674526758438
-0.210820526747704,0.186863806012772,6.15787742379094,8.61512504202698,0.0134663335279386,0.0156044081662221
-0.208486008447651,0.181573768445928,5.59512354678782,8.61506351836316,0.0134667477833987,0.0156044081662221
0.0955322177953111,-0.284682637967835,5.81947216807849,8.60112526034643,0.013560927078673,0.0157105469181658
0.0841231545651833,0.278626904241021,6.88851865121654,8.58321993348746,0.0136828785754175,0.0158488136923786
-0.113700866782698,-0.230436907464545,6.03331574289944,8.56807509020456,0.0137868843922208,0.0159637076346955
-0.251387069558775,-0.0393850901531331,6.97867868036756,8.56801260050633,0.0137873151680731,0.0159637076346955
0.0304224903956568,0.276502032943433,5.55881074109556,8.5490222456068,0.0139188516650814,0.0161129433232583
-0.253283373889854,0.0968046003114022,5.1878538917584,8.54786104044749,0.013926935332736,0.0161192361797903
0.254303355607617,0.0140567878669033,4.99383246277825,8.54144862363496,0.0139716596493003,0.0161679269996085
0.241457535879614,-0.130999948127783,5.47694893471369,8.53290819789825,0.014031449176277,0.0162340293776462
-0.192915617686262,-0.149726554555122,6.4184037140813,8.52969479118926,0.0140540116735032,0.0162570440942975
-0.347674440623865,0.196177184439841,2.04306733433643,8.51665904221498,0.0141459131333707,0.0163602430007524
-0.252889054988265,-0.0287442970681371,5.10573801586781,8.50301189514983,0.0142427688871915,0.0164691314311912
-0.22233136208472,0.1785006609675,4.67106411185001,8.4977214717315,0.0142804938995477,0.0165096177099215
-0.2175139650102,0.16240857898309,5.68837079714214,8.49726391628146,0.0142837613321978,0.0165102599184394
0.248647304836286,-0.162818421234397,7.87988560301665,8.49074717656034,0.0143303790172031,0.0165609998968741
0.144701554220335,0.258466734171793,7.62898947253582,8.47941912922817,0.014411776925328,0.0166519069883083
-0.168968442995887,-0.176517666390437,6.34034275670561,8.47233896064763,0.014462886242686,0.0167077896480972
0.227472840716543,0.0632535505597319,5.84147644160296,8.45210347788744,0.0146099607616223,0.0168744908208606
-0.461396369562449,-0.00929570794128245,0.845485449555741,8.43973583393896,0.0147005860746339,0.0169759423411174
-0.125065226254804,-0.233762732913127,6.46857831023837,8.42004067794466,0.0148460663812828,0.0171406888164706
-0.263963509965636,-0.10694640714399,8.20361010488918,8.39298833966268,0.0150482410280346,0.0173708174779436
0.148725248096719,0.216242422471123,6.86597375580371,8.37468137593133,0.0151866171750044,0.0175272275566685
-0.169348177367463,-0.229927576789752,7.38291190835383,8.37199276602927,0.0152070463481048,0.0175474788034993
0.24713757424945,-0.125834847801935,4.62108783806513,8.36873541675265,0.0152318338587313,0.0175727505271852
0.0636798825375756,0.257521949332345,6.40741415168009,8.36605230792235,0.0152522819057124,0.0175930072455432
0.189248535381629,-0.21123320975146,5.08681430102086,8.36397200580831,0.0152681548365503,0.0176079800426062
0.465251707870523,-0.0441435238455939,0.788641804135388,8.35161388206426,0.0153627897864594,0.0177137621628722
0.253530019466679,-0.0550468680761481,5.03412729320571,8.34414564969316,0.0154202634683765,0.0177766642672744
0.0935431925324335,-0.326079678627604,3.79564090658249,8.33319271328505,0.0155049437136527,0.0178709006680647
-0.116318409504291,-0.244740464280871,6.77358958835945,8.32169943812765,0.0155943015133868,0.0179704916928826
-0.107891788076144,-0.278063302331751,7.55229764453948,8.27227889595864,0.0159844413098924,0.0184165932427375
-0.247179038381241,-0.140808317111586,8.11385928293877,8.2557920655799,0.0161167522941155,0.018565522794054
-0.237780862958132,0.0280202264532635,6.30486502153859,8.24363904727617,0.0162149840377149,0.0186751462015907
-0.0301082497226161,-0.271785691620837,5.93926426093055,8.23701783586102,0.0162687544135643,0.0187335307111366
-0.354840407555104,0.310856980475677,1.52163069667749,8.17473245421934,0.0167833790071561,0.0193224681156518
0.265488193987449,-0.0330112385528072,4.56280217568724,8.17390009193903,0.0167903653866658,0.0193268565842355
-0.300715593809531,-0.00404049538611089,8.79345478049909,8.14083085359101,0.0170702955761004,0.0196453609579016
0.0745523560280297,-0.335042024760868,8.00383668492087,8.12777884016866,0.0171820607330125,0.0197671501893999
0.219058925475974,0.0600488838516362,5.88598129915039,8.1277143494627,0.0171826147835585,0.0197671501893999
-0.231037607609583,-0.0503469066193639,6.04717768465044,8.07325848455201,0.0176568893154201,0.0203067123830295
0.114327818126685,-0.260299597793141,5.93869902092343,8.07309861016412,0.0176583008140207,0.0203067123830295
0.106919252307375,0.281423301466081,8.17314565417671,8.0674031944831,0.0177086581631771,0.0203607763734508
-0.18606586703826,-0.171289028884389,4.93847619390372,8.05386870149449,0.017828903423818,0.0204951593739056
-0.134530109773563,0.236611449638191,6.44942962508861,8.04777439715411,0.0178833136616146,0.0205538254808212
-0.216885435450709,0.106981607105478,6.34681345020509,8.03156529043414,0.0180288388431852,0.0207171707960196
0.143936302242897,-0.521640528948407,0.972518323588398,8.02805902835595,0.0180604734818913,0.0207496060686458
0.147625170985691,0.186295201188876,6.26979580535577,8.01879976703984,0.0181442806520544,0.0208419586056051
-0.231679461797948,0.00591354429160868,6.0784984064829,8.01747504456329,0.0181563027012848,0.0208518337757823
-0.231677169540102,0.142585139997977,4.71843299075727,8.00838354679943,0.0182390245679598,0.0209428859995736
-0.234016801929609,0.0232663367461299,6.25042297434646,8.00707902377241,0.0182509250624248,0.0209525988648015
0.116859101093829,-0.25401452036055,6.16949694221426,7.99747367107847,0.0183387891710834,0.0210495000892828
0.211211194394762,-0.125736967605334,6.47512140445326,7.9934749263701,0.0183754919181636,0.0210876521767729
-0.18510966713734,0.197389705839564,5.68319479701729,7.9889718052936,0.0184169120631211,0.0211312025330345
-0.203715008025518,0.169752508581802,6.6104806573035,7.98345812919354,0.0184677545571209,0.0211855454576506
0.200618490298872,0.229377728532266,9.60322244713819,7.97924534893544,0.0185066958514065,0.021226217849164
-0.0403932877532308,-0.271633018076152,5.55808156620729,7.96940885466113,0.0185979405533653,0.0213268529080595
0.247663907459085,-0.0127416978580056,5.05582848923305,7.95769496401753,0.0187071872880623,0.0214480896816805
0.235941628794498,-0.0406302404008346,6.54817959340712,7.95472809145942,0.0187349588019072,0.0214758857439298
0.232497548249256,-0.00464170024105801,6.35682310293734,7.93359748877084,0.0189339486300452,0.0216999019690729
0.0513479688862057,-0.290197086367051,5.24645579001845,7.92431837265512,0.0190219978808425,0.0217967105399152
0.239519293324061,-0.00436396170713327,5.43538003840399,7.92392848191031,0.0190257064927799,0.0217968575702002
0.120139033672995,-0.248737732934473,5.9714965211254,7.89515800091582,0.0193013738733357,0.0221085163011981
-0.0421867424949183,-0.312714392615356,7.78420878558633,7.88450731066051,0.0194044345238552,0.0222223847594489
0.261404599141993,0.177848422592013,10.3411957468098,7.88282298085515,0.0194207831407169,0.0222369245365215
-0.39679118394679,0.129042847022076,1.34107046603174,7.86643525438801,0.0195805681157892,0.0224156635368417
-0.0394944043364843,0.272105988180546,6.53403294218385,7.86185805526922,0.0196254315129454,0.0224627988439202
0.194689364534034,0.120927463830145,5.81114042355561,7.85080038481321,0.0197342377989065,0.022583090172884
0.404569438411761,-0.0607594427745339,1.22744052868648,7.8314260222179,0.0199263358804787,0.0227986342492679
0.230835887831812,-0.00555923477802436,6.34176267515064,7.82692849828032,0.0199711958876186,0.022845667148407
-0.133893373024279,0.290035619539826,7.59567480460722,7.81054791657151,0.0201354374656746,0.0230292209827216
-0.304908658496228,-0.0773918956217125,2.56177971247237,7.80151183796357,0.0202266159825087,0.0231291581708327
-0.165869064934899,0.247973220868475,4.70478287084498,7.7982811011126,0.0202593158233559,0.0231621999497823
-0.150958372370954,-0.203564920992923,6.94585998836814,7.79715265655756,0.0202707498060213,0.0231709209198381
0.209411833069741,0.132214642647781,4.80884609183406,7.78083334230358,0.0204368288266167,0.0233563758018476
0.157371803764496,-0.215473834583343,6.7460489124939,7.77868302431419,0.0204588134833355,0.0233771127039314
-0.207549890778564,-0.155015428278171,7.33878238931553,7.76291703934691,0.0206207275012769,0.0235577010748309
-0.0906083332895015,-0.239716118061698,6.20362707577255,7.75912220290548,0.0206598907881798,0.0235980140935157
-0.223711249352556,0.161173207466095,6.73964441110975,7.75693218905408,0.0206825259022186,0.0236194368209918
-0.197747215378967,-0.164992787878322,7.4929247742663,7.75552193108358,0.0206971148936764,0.0236316645672735
0.242873402670104,-0.0238455946219005,5.15962399241733,7.73612242530382,0.02089884859553,0.0238575267672204
0.126194756239561,-0.222721622231447,5.93857286756326,7.73369304627796,0.0209242496318143,0.0238820456990036
0.207055943791134,0.0906318960918984,6.3813277643807,7.71159430930667,0.0211567313993645,0.0241428642472973
0.301951550841353,-0.0619696676987682,2.75678049741409,7.69382824293446,0.0213455045442379,0.024353716578958
-0.114462444497825,-0.219917778813501,5.54938834521179,7.69320295669442,0.0213521791127016,0.0243567671797128
0.0497563661030562,-0.2646120849072,6.07142485235824,7.67443007257228,0.0215535436747799,0.0245818609764069
0.219974427554229,-0.125089234037511,5.51694794988411,7.67335687728146,0.0215651123591528,0.024590448406541
-0.117737602382502,-0.284952884487124,8.30684410127473,7.65294461618855,0.0217863357080191,0.0248380546424009
0.0519359675620859,-0.269060491084249,6.02918386737435,7.62991765305725,0.0220386218415302,0.0251209754299262
-0.218023946470914,-0.0853308138329046,6.64566359304282,7.62186240787096,0.0221275640854433,0.0252176357454471
-0.234418447268002,0.0225343986614126,5.69525717906943,7.61468695822788,0.0222070942772666,0.0253035354594795
0.0125148160151025,-0.273168049749032,6.45533830453895,7.60578895830157,0.0223061137443614,0.0254116056279326
-0.174922270664251,-0.175698219598367,5.41903585774999,7.59603862865016,0.0224151252340678,0.0255310163564087
-0.0470895442518841,0.288388334185328,7.2713786567301,7.57236246443819,0.0226820541730708,0.0258302180706426
0.121683081268171,0.207214452541757,6.50466020040625,7.55992998174518,0.0228234904415912,0.0259864241272503
0.209361953610681,0.139435073773737,7.51536325028972,7.51533905026783,0.0233380658240888,0.0265673419478409
0.0176336053565874,-0.270786573406445,6.38512149921845,7.50721880881786,0.0234330138085305,0.0266704408424629
-0.177618521725382,-0.145952932102937,5.63132292377765,7.49605777250995,0.0235641477247749,0.0268146787567158
-0.00358807948243391,0.263216973189269,6.53239137493372,7.49558694825428,0.0235696956639318,0.0268159796677288
0.0986338579784124,-0.318301935728306,8.16543306630535,7.4761462601691,0.0237999183237799,0.027072851785346
0.141269132819649,-0.254897771398656,7.24946954776618,7.47378975240312,0.0238279771969517,0.0270997058051639
-0.0975610355799232,0.262269841953145,7.22867004625632,7.47209117495791,0.0238482226251577,0.027117665174068
0.110219666637118,0.208878551989524,5.76168550409338,7.46364592455923,0.0239491376441777,0.0272273295943518
0.208711691856887,-0.198657902748223,4.46564573206037,7.44558610437479,0.0241663755471405,0.0274691736988408
0.125863057882897,0.208884333530629,6.82217271841618,7.43264712979305,0.0243232264319392,0.0276423002646343
-0.263714962618988,0.0564032006349393,7.90554932742422,7.41668750596136,0.0245180976879645,0.0278585626585159
-0.225542774495139,0.0635336744354857,6.21627991216661,7.41612526721759,0.0245249911690865,0.0278611954165701
0.169933799977497,0.151307526248085,6.93006097289595,7.40121209168796,0.0247085474193278,0.0280644844568783
0.0295938352303725,-0.282961759957235,6.96442720828128,7.38413462662502,0.0249204304157364,0.0282998657659025
0.0924095504266993,-0.412841514727019,1.93145937058454,7.37845589639522,0.0249912891658334,0.0283750407388276
0.255144237256988,0.00392207159435509,4.16101721959145,7.36277196518839,0.0251880404459518,0.0285930990555575
-0.20588571536135,0.206006857014608,7.9061013775325,7.35691244330884,0.025261943589409,0.0286716466391354
0.220010449667879,0.0648064477416034,5.25449825160615,7.34661579637162,0.0253923356085935,0.0288142663905158
-0.246033014365725,0.164146683129439,8.13304960449533,7.34256781024571,0.0254437815652847,0.0288672646607256
0.182258045600104,0.256482467837954,2.69351460708204,7.3341983465235,0.0255504800652657,0.0289829183225894
0.151726597255921,0.208188124563671,4.06733977277467,7.33280306613302,0.0255683113263459,0.028997742055662
0.176796678348911,-0.186021980397055,5.87270760569791,7.32205731707674,0.0257060563670431,0.0291485325316741
-0.212004672946691,-0.0613656650068422,6.2159138455803,7.31785687912532,0.0257601014478022,0.029204375719594
0.196367573969377,0.105517326537291,5.77447835571924,7.31482148882465,0.0257992271117467,0.0292432870333856
0.0925498013124269,0.337558169009346,2.11131946306389,7.3076926681018,0.0258913502289418,0.0293422450100145
0.158906340343667,-0.230270425333721,5.56964567010413,7.30573159932347,0.0259167500388818,0.029365563788705
0.32582478131402,-0.258392237617619,1.30566445374539,7.29714723699508,0.0260282284969592,0.0294863891122976
0.167130752551435,-0.303436811564548,2.85495315871058,7.28423733888581,0.0261967828053729,0.029671816505881
0.177030468109398,-0.174867519596805,5.88687098534308,7.2592737519541,0.0265258148208611,0.0300389063670764
-0.221838736883104,0.0901305095250743,6.50844527120819,7.25585414301119,0.0265712075729576,0.0300847148417642
0.175467199392146,-0.194071226214361,5.23457880805363,7.25102951880651,0.0266353829930098,0.0301517686242922
-0.133105399151328,-0.198381681563335,6.56486581988673,7.2412489341706,0.0267659568137003,0.0302939477750153
-0.214103258839732,-0.0373556005949403,6.06429695391478,7.23559070166649,0.0268417880342141,0.0303741274260772
0.281243545582208,-0.294362998046887,1.70381185651916,7.22763687578071,0.0269487480327872,0.0304894960088476
0.0568197424805752,0.256681619621974,7.20045010503283,7.21391404813713,0.0271342903584297,0.0306937123192345
-0.274318707431624,-0.0217979665097418,8.50307155172187,7.21160128594368,0.0271656860880889,0.0307235179090257
-0.219213552051,0.0545846541670175,6.01868044238671,7.20856405432692,0.0272069716689612,0.0307644954533128
-0.22038557196424,-0.154694688894748,8.45523095200314,7.17369924890198,0.0276854126274083,0.031298842494206
-0.0613697760893125,0.271510196975261,7.04569792828135,7.17338157861121,0.0276898103931987,0.031298842494206
0.0593116571033123,-0.27646175274979,6.91422825900263,7.17232966444311,0.0277043778757304,0.0313094955462125
-0.0418558468898722,-0.387212599320108,2.03742812331197,7.16679111534246,0.027781205233239,0.0313904932182552
0.173764124797285,-0.199075112549226,6.43467479955165,7.13667457006424,0.0282027077813608,0.0318608433796483
-0.0434671879924756,-0.24572973916729,5.95717484732802,7.10173420389364,0.02869974325869,0.0324163333875519
0.0257445068621643,-0.263433574033106,5.80941784308695,7.07822909319363,0.0290390284083838,0.0327934715173884
-0.028443525672728,-0.335043387733065,9.23639285124844,7.06994777730443,0.0291595183737823,0.0329234324665405
-0.128510189530117,-0.198026696478314,5.20866618744699,7.04447730672261,0.0295332464073488,0.0333392182695976
-0.101272755668498,0.260542735060149,7.41017196278839,7.03421917929512,0.0296851134447672,0.0335044439473012
0.184913139143124,0.106879502407671,6.32178359009317,7.0279511014775,0.0297782936842941,0.033603383123259
0.173590858312378,-0.176366503146574,5.66401316564095,7.02514421053305,0.029820115236005,0.0336443405405483
-0.196788968582616,0.213152402587538,7.92787289303244,7.01963376953792,0.0299023895185909,0.0337309148395741
0.0926482065204913,-0.258657898434205,6.93758892571141,7.000610217989,0.0301881713344429,0.0340469779703758
-0.0139874542947222,0.289826745608286,7.79954852976676,6.9785697395575,0.0305226920677855,0.0344178828132391
-0.0251253984193372,0.270900601725117,7.08510785257546,6.97786638804181,0.0305334280463309,0.0344204739442178
0.176844711387667,0.111348005407271,6.1163963084949,6.97767843559894,0.0305362975973588,0.0344204739442178
-0.16588556386681,-0.152865493416721,6.37756429113798,6.94543424077611,0.0310325967031964,0.0349734262734283
0.199902656074706,-0.190381824085404,7.74766227032479,6.93919393615889,0.031129574345273,0.0350762259141259
0.385148493605346,0.00647499876015359,1.14434109243052,6.92690927337566,0.0313213709431015,0.0352858079758701
0.107061942745665,0.2465349050286,7.31469392098614,6.92460298047422,0.0313575099035886,0.0353199852531077
-0.197550102820847,0.145056989917371,5.95132131712148,6.92369625308482,0.0313717294832121,0.0353294652411755
0.220398477978188,0.0155798271378748,5.50118807032378,6.90913567971373,0.0316009580801478,0.0355810306624634
-0.170345643522572,0.180027582958658,5.78438620650945,6.90572308430113,0.0316549247509466,0.0356352037506958
-0.0584590767805376,-0.237329988698561,6.13969081470284,6.90534415803664,0.0316609227603239,0.03563536656773
0.233022707660969,0.0524010886571183,7.29311332195579,6.90490623557969,0.0316678560338974,0.0356365817993286
0.0165098539344876,-0.306766441939085,3.82498044094642,6.90344191159923,0.0316910505244235,0.0356560923290871
0.218216317539807,0.0644694242393236,5.43790942642018,6.89916420632769,0.0317589055514517,0.0357258346262451
0.0806680218962137,-0.258356639088575,5.5416876645735,6.88905955731539,0.0319197678703953,0.0359001564372744
-0.138354095235942,0.238228380646359,7.58973308320084,6.87267222495744,0.0321823822107132,0.0361888331915075
-0.114901965654025,0.298206757123408,9.21711825161224,6.87100618870091,0.0322092018875931,0.0362123030640197
-0.0267940094031621,0.247618531118586,6.21885318762226,6.85527879828563,0.0324634837211877,0.036491064288683
-0.19894511962907,-0.0711942339865059,5.8364709598562,6.85493065251568,0.0324691352253278,0.036491064288683
-0.160068060848402,0.198098991980293,5.68892048018126,6.79826563954366,0.0334022231521884,0.0375328044574608
-0.215958250918186,-0.0184863013073562,5.73605023569843,6.78434819131611,0.0336354706190498,0.0377832123339734
-0.0532750728860931,0.27418021469162,7.28869676309431,6.7842283965259,0.0336374853564612,0.0377832123339734
-0.180079406506458,-0.194859963254088,3.98184031470295,6.75091917065863,0.0342023957796924,0.0384106595659044
0.268200837855811,0.0300419592520319,3.12380094066606,6.74408779986752,0.0343194201488885,0.0385349741546354
0.191109184442086,-0.218377748400204,8.33639589125255,6.73994825162953,0.034390527158831,0.0386076948816086
-0.155458679557297,0.17848254406694,6.32977661735595,6.73063681655174,0.0345510130378703,0.0387807093242172
0.092851492843811,-0.234676301574087,6.09426593144133,6.72432636755577,0.0346602014069612,0.038896093302411
-0.179536635014431,0.231753147536293,8.96857027183091,6.7229733574582,0.0346836571412716,0.0389152422919391
0.0307306682274896,-0.254421271954078,6.42402930780396,6.72109548590977,0.0347162381610911,0.038944620955357
-0.100794637221401,0.224040766515944,6.49211772627545,6.70479233701314,0.0350003867166517,0.0392561448656919
-0.209012648442996,-0.0385824821226308,6.37554037888289,6.70238484827023,0.0350425436031276,0.0392961881480643
-0.0779832498840039,0.297151801730942,8.94881508634128,6.69058487995507,0.0352499051686855,0.039521440638482
0.132941001930959,0.23228894719862,8.03329869768394,6.68288695165495,0.0353858422305916,0.0396665452954965
-0.246680354979938,0.0674906989667793,7.75463869426733,6.67387579459582,0.0355456356321356,0.0398383338969885
-0.215572927534419,-0.111885406274139,7.59066067176607,6.66315700799417,0.0357366500771742,0.0400450442977796
0.109498967765007,-0.262547600651847,7.44454115604143,6.63083200131266,0.0363189367327713,0.0406900417425675
-0.213497986172999,0.0823763780143786,6.21643431233274,6.61697100523566,0.0365715193030632,0.040962921908837
0.11542676321355,0.199311026875116,6.79651100309669,6.61672817880135,0.0365759598384425,0.040962921908837
0.228334873784458,0.0360608180386279,7.33263786594599,6.60956124740673,0.0367072636567256,0.0411024133055261
0.101493916528795,-0.279325235838312,8.36953298228357,6.58022624520469,0.0372496353821793,0.0417020559409172
-0.0811282298255171,0.290408957497593,8.27633162256542,6.5744956777298,0.0373565192097871,0.0418140262822548
0.0392410923911669,-0.248407321107814,5.85164415903115,6.56926520053153,0.0374543432816428,0.0419158165254855
-0.181016712012884,-0.127994658914076,5.06730787517418,6.5675925052259,0.03748568123662,0.0419431772410481
-0.155953516960243,0.218465470986768,4.89141500044339,6.55731085669541,0.0376788847234075,0.042151607900791
-0.219000595116303,0.119228093836898,7.09700144988298,6.55043322692297,0.0378086784735248,0.0422890381309607
0.0287476302843573,0.29580946605713,8.43424200725334,6.54978249819419,0.0378209820716324,0.042295029179298
-0.0587204554678337,0.238400987371276,6.33789985283626,6.52993092331765,0.0381982543652384,0.0427090858724649
-0.0644362306712273,-0.228054726704905,5.82550772363571,6.52274871552721,0.0383356748632414,0.0428548638574025
0.154772420682321,0.164945701593707,6.96712351215168,6.52189992516858,0.0383519477916811,0.0428651841666522
0.200286232509427,0.0703035952976754,6.73279128839124,6.51157852118574,0.0385503823554424,0.0430790616336148
-0.126278976282146,-0.203668485403013,6.86877892849699,6.4986180285729,0.0388010095141115,0.0433511737790256
-0.0803496404384578,0.238342350075333,5.90959036708853,6.49237387753383,0.0389223384966185,0.0434787517004429
-0.107706296366583,0.237770504241524,7.12207457148229,6.48015257145549,0.0391609075667025,0.0437372234940534
-0.00454166175876629,0.422550909368015,1.07938908373182,6.45577553597189,0.0396411417092652,0.0442654568462962
-0.200621415390936,0.112449732185914,5.77749809092737,6.44707628896337,0.0398139412850918,0.0444502612403519
-0.221424799363847,0.052899307364519,5.18165418130133,6.43430179086737,0.040069056719242,0.0447268825278228
-0.183911905691195,-0.102296229665324,5.92907200489838,6.41382978559007,0.0404813100028921,0.0451787745733468
0.17652675800767,0.178126075385982,7.89549177380619,6.40945108729734,0.040570034813745,0.045269496324428
0.206850503332665,0.0900767367188286,7.4357036735693,6.40631060246592,0.040633789645387,0.0453323275354803
-0.219511563524641,-0.0222915322400771,5.07701939803963,6.39822725753888,0.0407983504404923,0.0455075774059577
-0.205716280097286,-0.0120764011919936,6.13362236999323,6.39409715333703,0.0408826882107575,0.0455932965427902
0.0691343223283811,-0.306333727784275,8.5632621518406,6.3763197373822,0.0412477023362951,0.0459919435573928
0.191930862568886,0.241396290166725,2.0145873994424,6.36980912656782,0.0413821949933133,0.046133455982291
-0.191804795695179,0.320707894596208,2.10108205795249,6.36117320379303,0.0415612680504616,0.0463246063513749
-0.0721823008921634,-0.230500066532558,6.7237058581048,6.36016213925417,0.0415822839242731,0.0463395468663691
-0.210964758440695,0.0277098436513731,6.42138334399869,6.34545036224613,0.0418892863219658,0.0466731286837716
0.0974911247645115,0.189023973829104,6.89318275485044,6.32879473819855,0.0422395890272795,0.0470548248852841
0.211684758271974,0.0109441471282319,5.46187956401415,6.32577433342799,0.0423034275477916,0.0471173192299589
-0.134716263315633,-0.156763505667293,5.81812382328137,6.30249162162147,0.0427987744645265,0.0476603144210787
0.162796614844332,-0.186457304344985,6.98083116083368,6.2795924772595,0.0432916181627583,0.0482003239529759
-0.240874345155366,0.101964625080603,7.86984548582093,6.27651613755593,0.0433582592641786,0.0482656943500309
-0.235699335758107,-0.0174487610746521,7.63305477063056,6.27076992035199,0.0434830113792078,0.0483957172352134
-0.0112331455704299,0.235047650048354,6.182167494099,6.27009018267572,0.0434977924114277,0.0484033193567487
0.136400361849731,0.150041563423894,6.05707916297595,6.26132716383494,0.0436887965362622,0.0486069797720695
-0.192536274862115,0.121913766255606,6.31850378173417,6.25851873107002,0.0437501881535578,0.0486663887226128
-0.244960665460543,0.0762911693063932,8.06366545941442,6.25568415392122,0.0438122387567744,0.0487265088694268
0.0552292227907171,-0.238576094006283,6.20775657167571,6.2474333260545,0.0439933557113276,0.048919004487774
-0.183039485582466,0.116381298665741,6.23094442862573,6.21187970722714,0.0447824098646264,0.0497873103096869
0.0118773325735661,-0.278635641112237,7.64925565324775,6.20469594513826,0.0449435521825126,0.0499573389971037
0.156520411284092,-0.241429875238084,8.12065062049464,6.19468480535396,0.0451690842615502,0.0501988654589846
0.143909263991128,0.151853171749384,6.35591548878986,6.18687585167283,0.0453457906534766,0.0503860510126603
0.196461070560302,-0.109848119941992,5.53006917632493,6.17281418514664,0.0456657327585782,0.050732295809165
-0.122635408243244,-0.187976057586926,6.6172003550757,6.13662301032538,0.0464996029487105,0.0516492579368272
0.054267979692369,0.382775273904603,1.22985469724182,6.10834184348388,0.0471618053934461,0.052375241013371
0.218365368362866,-0.0523389815861682,7.10432643134238,6.10464865314434,0.0472489746138439,0.0524624762810654
-0.0594820691100829,-0.216345683470749,6.10148075337311,6.10252691563793,0.0472991261720398,0.0525085849991572
0.09240754041167,0.205222129539653,6.70122722513051,6.09369078778434,0.0475085590383802,0.0527314689928275
0.0184306407422691,-0.275041559996923,7.61349508833302,6.09112165951001,0.0475696260433744,0.0527896251097454
-0.00607150122916888,0.28868820630538,8.53405883975012,6.08949852650833,0.0476082476282012,0.0528228561254763
0.178381869319677,0.204815898526158,9.08652181926378,6.07749270580063,0.0478948951697882,0.0531312175280012
-0.104704003676893,-0.200112443535345,5.62816969503124,6.06588609966851,0.0481736518341404,0.0534307145866727
0.188487849229699,0.0667020861641361,6.39043329934798,6.06336221926925,0.0482344824761965,0.0534884388552066
-0.186782059282049,-0.239326217559121,10.6349584075446,6.06224881913453,0.0482613420915213,0.0535084776276054
-0.0834046666781293,-0.209859761614685,6.37423254999011,6.05078762580579,0.0485387023383454,0.0538061944347864
-0.013340069673435,0.252500205796471,4.85084828526164,6.04646095231728,0.0486438215597729,0.053912904725268
0.200919849603386,-0.103016512737857,6.57883022127779,6.03419645138235,0.048943034142879,0.0542346545070709
-0.22731008945174,0.00259563200366979,7.40520198211277,6.03375985018087,0.0489537196029133,0.054236623283446
0.15895876186356,0.200856599217745,3.70645214532754,6.02341403403574,0.0492076088008189,0.0545079916993059
-0.168389919164506,0.146039723955969,6.02910799666576,5.9823745183306,0.0502277679316115,0.0556279154389032
0.15841406230312,0.115239635532331,6.49634117189314,5.94447884989078,0.0511885489666737,0.0566816817222826
-0.196423497613587,-0.0196964185970445,6.03743421365183,5.94304274553992,0.051225318215156,0.0567120817046499
-0.184946209820837,-0.0641223369944331,6.24008849108134,5.91041170175988,0.0520679412411902,0.0576344775047938
-0.20082022177006,-0.0173304418458015,6.47607488233938,5.89869177046355,0.0523739533226933,0.0579626663931207
-0.095875634570126,0.21971285606528,4.63712252393477,5.89786076490513,0.05239571936747,0.0579762158322714
-0.202346428032377,-0.150700250579351,8.72590918120209,5.88590170961724,0.0527099595875958,0.0583133261801351
-0.185762552849583,-0.11128222022776,7.16793688781549,5.88493606264059,0.0527354153389763,0.0583308881874433
0.140855968703664,0.198468397849721,7.85010741379124,5.87016047168455,0.0531264564894023,0.0587527460685706
-0.167188281405152,-0.160914190369164,7.46254933597197,5.86319432802647,0.0533118223873442,0.0589470349971215
-0.223132430085378,0.0337039676982213,7.36194302399701,5.86219616985359,0.0533384358435149,0.0589592810266463
-0.104884175331901,-0.192119822889495,5.32998134791582,5.86205253024944,0.0533422667369855,0.0589592810266463
-0.11385688750655,0.198748520246313,5.98127716685908,5.85865194994559,0.0534330412174083,0.0590488936161884
-0.196162958645212,0.0654814400364763,6.38100828670889,5.85454550970463,0.0535428637190377,0.0591595198405629
0.233036209235475,-0.0765103298793617,7.99435990525127,5.84800737552589,0.0537181853456364,0.0593424627806631
-0.265490244820248,-0.0185896125722846,2.80864042091218,5.84645011493483,0.0537600282401263,0.0593779121781366
-0.0875372612571791,-0.189189712229173,6.10957937732805,5.82341338059031,0.0543828359628134,0.060054907553348
0.159026918422334,-0.175507015771029,5.42837110976271,5.81154765359302,0.0547064409080236,0.0604013079884018
0.144206607166713,0.167801372524938,5.26009194032399,5.80340791212039,0.0549295427408213,0.0606366375713726
-0.194626402525594,-0.0813634044134853,7.00148290409635,5.76769383859141,0.0559192317629453,0.0617179628304588
-0.200637751722943,0.193239087534214,3.25149609804115,5.74792890066415,0.056474591478044,0.0623196144495798
0.00383643979321938,0.233151708523841,5.43084006406009,5.74241406538433,0.0566305304083658,0.0624803677285485
0.0327735413282481,0.2214780275739,5.57366155048405,5.73782497160306,0.0567606210082434,0.0626125495013926
0.207058475629774,-0.0263896692813227,6.80289216106927,5.73671133736239,0.0567922350945973,0.0626360737782443
-0.195619154328439,-0.110973916586631,7.59086931729848,5.72060748655456,0.0572513679060783,0.0631310139127341
0.0971335855767018,-0.272995822458413,8.34424092604469,5.71589152110882,0.0573865249288,0.0632685917722808
0.124453456575772,0.203695582333316,7.76399652686227,5.66222386358954,0.0589472718691542,0.0649775468295149
-0.191372530878834,0.110315036281992,6.57271749701174,5.64690549754346,0.0594004932502513,0.0654652793098353
-0.0406515083116597,-0.216068129578477,6.3447328635253,5.63687085113705,0.0596992736354178,0.0657826566321128
0.206477703811703,-0.109675788292728,4.76445259564831,5.6285981311259,0.0599467227397241,0.0660433673614623
-0.219942042736908,-0.126928651332252,9.45253957580256,5.62349823936324,0.0600997786977448,0.0662000095371576
-0.0126603402293754,-0.235034586329714,6.61657085943814,5.62301254407013,0.060114375559895,0.0662041096976557
0.0283143008708703,-0.257169977797721,7.36122628216747,5.6120758633021,0.0604440018604405,0.0665550883209191
-0.19330189644694,-0.0287694494148684,6.32176140765406,5.60811428954955,0.0605638472009294,0.0666749912765386
-0.191167540798231,0.0810120860697409,6.32776386940636,5.58275644433509,0.0613366201443204,0.0675135316287512
0.052257510793673,-0.227247558108833,6.36757856740924,5.54959923178846,0.0623619717856725,0.0686297332305087
-0.00866777910760866,0.224416837313231,6.37289404464334,5.54798884762419,0.0624122053727101,0.068672601899342
0.231515712844754,0.00811313826366477,8.11679611060606,5.53642213804041,0.0627742030713038,0.0690584293997285
-0.0923420292803473,0.207202580457387,6.57361510581203,5.53200205114315,0.0629130902043133,0.0691987160187641
-0.185766800816854,0.165639298697604,7.61622093546739,5.52176773108294,0.0632358516615904,0.0695411605700438
-0.205716519394546,-0.0593913224433679,7.32571257172324,5.50449436979057,0.0637843647745098,0.0701316981663745
0.109214336040157,0.173104622317105,6.32061032351231,5.4960514853383,0.0640541959229258,0.0704156635570192
-0.185186869832519,0.0931512427325211,5.94829820520536,5.47401459991909,0.0647638760157931,0.0711829711471653
-0.217428127510085,0.0640916241036377,7.4859745947737,5.47147042985794,0.0648463135956837,0.071260714290708
0.0440681344080443,-0.295428017788249,9.7498155713906,5.46418403706542,0.0650829923234465,0.07150789699786
0.150345965875288,0.133216322251403,7.10415314637896,5.45104851657559,0.0655118485840225,0.0719661014398284
0.0375501571672017,-0.264590142161923,4.24717248333646,5.45062957187479,0.0655255729423112,0.0719681919669476
0.151289824895076,-0.216230548341776,5.03592240930441,5.44602811711823,0.0656765029798145,0.0721209506026535
0.222697557639087,-0.0583485521150566,7.87053607352158,5.41059360764443,0.0668504794239792,0.0733968834505294
-0.149673935003775,-0.146506735010445,7.07643220277563,5.40395590241524,0.0670727148917947,0.0736276033648117
-0.166161943677964,-0.0760273396058688,5.85505142397056,5.3717396792891,0.0681618782984943,0.0748097196829337
0.123320323255154,0.146415205294814,6.1119715155767,5.36027777517504,0.0685536322444574,0.0752261198818055
-0.0413586973447668,-0.378474872408639,1.41761066828521,5.35894777334367,0.0685992356341409,0.0752625962408812
-0.263719232370182,0.296543493178117,1.09559953722981,5.3493545494899,0.0689290699571948,0.0756108428647571
0.191851623808987,-0.068372965945428,6.73906067356017,5.33913125486621,0.0692823131104015,0.0759846374015717
-0.00824679198677031,-0.239851233831307,4.95168808416135,5.33653457081983,0.0693723236685772,0.0760696517460912
-0.15168694981143,-0.131782295959718,7.03966160739571,5.32269175259893,0.0698541434139182,0.076584193247602
0.197046520298347,-0.16982915482167,8.38208092148252,5.31526595560983,0.0701139868454723,0.076855230809369
-0.217188014048302,-0.00650442260688451,4.20977211562972,5.31484153826933,0.0701288672202031,0.0768577036249499
0.189284665379861,0.0618802019945357,7.03259390049604,5.26681341408693,0.0718333298180242,0.0787115392246457
-0.130975216905733,-0.146508116318265,5.54278625499353,5.24633307903838,0.0725726942963815,0.0795073893965036
0.0482677176426994,-0.22293859374607,5.86107895471576,5.24327112632709,0.0726838864699907,0.0796148796022496
-0.205018108227537,0.0697368888402165,7.21694865064001,5.22770462341818,0.0732518107166624,0.0802225262894479
-0.168441229375442,-0.0845396180919833,6.32985938306536,5.22122833495282,0.0734893951037236,0.0804682441351563
-0.193652044407024,0.10235073669703,7.04615088076175,5.19153752910764,0.0745885130229861,0.0816570521999531
-0.189727802480432,0.0809467977471318,6.68440128494257,5.16518799474581,0.0755777011700916,0.0827251069261988
-0.188730234414896,0.0643847404782725,5.64754713574785,5.13343636335001,0.0767871337872401,0.0840338073875099
0.142248058871238,-0.228714479000161,8.22802908448704,5.13008190053868,0.0769160316451301,0.0841597413112063
0.0236107733585185,0.208815341558369,5.88243782543705,5.11746981781423,0.0774025998693648,0.0846731693515991
0.223316650977807,-0.177721455987889,11.5714738631119,5.11719891534256,0.0774130848572603,0.0846731693515991
0.054849582546107,0.205944318383825,5.33351186215195,5.10318687296048,0.0779573468997091,0.0852531575220817
-0.154753407091554,-0.093060824845676,6.43387806315736,5.08816048271184,0.0785452614511593,0.0858806666154199
-0.227640318175316,0.0749308208139922,3.52204134203884,5.08237843203294,0.0787726663505832,0.0861138431930958
0.152990580411248,-0.151641354978659,5.28496076823531,5.07160812278093,0.0791980135915971,0.0865632866688767
-0.169279275624692,0.147029377561092,7.14993298578519,5.07048806252547,0.0792423792871685,0.0865962313947733
-0.128552055346071,-0.150088207943606,6.84068918996837,5.0649736318109,0.0794611690789661,0.0868197410898682
-0.125018827171372,0.240661861150047,9.04883830464195,5.05708578719517,0.0797751765598403,0.0871471873131721
0.0387295625106631,-0.225598315067622,5.59741862526001,5.03799315513982,0.0805403822428545,0.0879673209713846
-0.0998001870939143,-0.19285359800662,7.13175443550491,5.03663959307491,0.0805949088951241,0.0880110861620656
0.0686976419098181,-0.211795863492921,5.80086703977943,5.02821896914505,0.0809349539499154,0.0883665709553595
-0.0163738108991029,0.2793149859505,2.94646610941155,5.02596539281475,0.0810262018970719,0.0884503347945802
0.0638209520204052,0.205276149196372,5.14845971157273,5.01918158582643,0.0813015015854491,0.0887349483062413
-0.210653638475884,-0.00331031092855625,7.59830237391168,5.01846101245159,0.081330798711503,0.0887510131843754
-0.181387796106641,0.0955768656356205,6.54847775055505,4.99953570513894,0.0821040566574655,0.0895787628907975
0.0274867383006795,0.251439680478797,8.16781048683665,4.99511040335177,0.0822859254036176,0.0897611026441899
0.152028823953085,-0.150816822310563,6.44694866321903,4.95064463050002,0.0841358676133196,0.0917626589089734
0.197980106128081,-0.0493940835458566,7.16967877989945,4.94094317433465,0.0845449792716329,0.0921923399257928
-0.0513872964869883,0.213706602912237,6.83538672396031,4.93796745385972,0.0846708640107946,0.092313076665064
-0.170329384747302,-0.0568246348421291,5.9176388848341,4.92352241083201,0.0852846148941746,0.0929655748389857
-0.109368783600697,-0.165753036570899,6.16136733995163,4.91646422013508,0.0855861241464138,0.0932656078065038
-0.147010568971604,-0.123149464568242,6.79255312647061,4.91636201721063,0.0855904978342538,0.0932656078065038
-0.135907700156665,-0.128595758061511,6.25266379013779,4.90473024398903,0.0860897328044106,0.0937928227117487
0.00154576365177951,0.207912264074313,5.95298798265003,4.90265728613232,0.0861790092569987,0.0938732883085718
-0.162121680991365,0.156825826916814,7.02279853957135,4.89393856235013,0.0865555148114887,0.0942665427857501
-0.185546826338028,0.0162241557269726,6.49763496234156,4.88310028687691,0.0870258443072595,0.0947618208089064
0.109388282386657,-0.201784480782662,5.01136618083791,4.85770170817845,0.0881380578987219,0.0959557397152037
-0.30497607004269,-0.0283483708859105,1.36908431864314,4.84999041610202,0.0884785430257362,0.0963092025640411
0.162153582912927,0.118313587476016,7.26467145937296,4.83019620459503,0.0893585722105065,0.0972497296420386
0.133292997764008,0.0996973354844712,5.99890279105491,4.82617754826188,0.0895383034155897,0.0974279162098499
0.0429929795250974,0.18886630148274,6.09743669586848,4.82362034569424,0.0896528604260518,0.0975351347880277
-0.217980953853976,0.0942811212146389,8.43454823749719,4.81638572092701,0.0899777500877321,0.0978710992556928
-0.210029397835323,-0.0553545635860936,8.43516866823269,4.80231849287783,0.090612849757334,0.0985443067743211
-0.121496009210479,0.174035888821732,6.72411713754309,4.79353727622269,0.0910115699616628,0.0989602496743353
0.0760870172462734,0.214840567732413,7.68002899004913,4.77845518472886,0.0917004866857715,0.0996915290969601
-0.196105641485952,0.0467356325961805,4.60058750274899,4.77432655881885,0.0918899807086078,0.0998797005095526
0.13750237831687,-0.166127161728451,5.45050416890617,4.74633365094547,0.0931851573874337,0.101269410598839
-0.189282845242726,-0.0645381056329923,7.38881308702626,4.74375641002785,0.09330531508991,0.101381895103939
0.0909828654949999,0.18238353894925,5.20300447426166,4.73730561228817,0.0936067478068014,0.101691270636654
0.0188138242995022,0.227699227871765,7.54677311496807,4.71431217270264,0.0946891283480389,0.10284878026456
-0.193499155773114,0.0766177681027374,7.51976465478817,4.71000620786198,0.0948932119921845,0.103052064682201
-0.146532991896013,-0.172756578127446,7.93671621582375,4.70411636243218,0.0951730770558991,0.103337558964921
0.177612925444972,-0.0466157136606333,6.31907627990686,4.68854781373507,0.0959168213977088,0.10412653506941
0.0202752731093576,0.202333462666408,6.52345466992239,4.67676598292235,0.0964835268466815,0.10471695405961
0.169154161917038,0.0434230454308367,6.50968191591376,4.67652629069689,0.0964950907152449,0.10471695405961
-0.252022250708908,-0.0152467645948308,2.36601897724341,4.67337463275449,0.096647270347818,0.104863407926843
-0.0123726407928553,-0.207723661544749,5.82869398408008,4.63376120096063,0.0985806188107424,0.106942054048432
-0.0488861405614282,-0.197610386893508,6.49951473137563,4.63029066747786,0.0987518309863445,0.107108702484387
-0.170835164553261,0.0952964082824167,6.2473858230652,4.6251679772086,0.0990050927150655,0.107358016103503
0.19346507669881,0.0338983416562282,7.4775533160891,4.62492823443036,0.099016961304397,0.107358016103503
0.143623352207793,0.10416874147008,6.57020921142692,4.60569125368255,0.0999739500088766,0.108376319026717
0.0149598543835266,-0.251979869687516,8.14225299458308,4.5735978308635,0.101591143752062,0.110109824312365
-0.0432953144820732,-0.187795201084589,5.88936540128734,4.57226679234567,0.101658777117922,0.11016351639265
0.304721827990051,-0.0670493463488029,1.27169376039033,4.56756774071333,0.101897907851111,0.110403001067372
-0.224460988090362,0.00734082766467317,8.80096658895312,4.53764778629644,0.103433757726103,0.112047102675537
0.154097995524245,-0.143976379380048,4.95703417322321,4.52544373812631,0.104066842592115,0.11271285139669
0.0947440117021557,0.155945702711518,6.53219668878811,4.52357840928595,0.104163947309539,0.112797956460419
0.0507459871744606,0.203432183724939,4.81170297362071,4.51036529395169,0.104854390649857,0.113525436648823
-0.0193874584297586,-0.202389656848274,5.89677288517318,4.48464242846937,0.106211677962806,0.114974519103407
-0.0282638540522446,0.206217056536261,6.56575317408155,4.48383371426231,0.106254634093491,0.115000571086431
-0.288944712246806,0.0770357601583572,1.55304881767484,4.47560535128611,0.106692685435575,0.115454153738319
0.152522109739938,0.0782792874681811,5.83702446595612,4.46674174798279,0.107166575573022,0.115946350113481
0.120078244334433,-0.185560112509543,7.16984867889044,4.45471852063794,0.107812759983418,0.11662474818391
-0.0354485387812807,0.200665036094708,5.94307229275397,4.45002376932223,0.108066134297813,0.11687806459497
-0.209852166538817,0.0233863756157636,8.07350101209171,4.44362872010013,0.10841223145406,0.117231556854763
-0.0764794653441334,0.287171004357992,2.15762045593682,4.43168464670559,0.109061610406183,0.117912819064614
-0.0865499392739569,0.192711437535667,7.02374668636503,4.42097794658588,0.109647020940464,0.118524691670018
-0.0741649946412936,-0.220381040605067,7.90527108880671,4.41055951959439,0.110219685953892,0.119122572002005
-0.176855376272981,0.0220988861180959,5.79041148509795,4.40544359702173,0.110501984544059,0.119406475311365
0.0571600043351864,-0.211194793344046,6.73657462674796,4.40366614592804,0.110600234132693,0.119491433078941
-0.135173233347025,-0.123949936949921,5.84252104110863,4.40213692937863,0.110684832325012,0.119561614477408
-0.142279925019234,-0.117467852440523,5.31512552485002,4.39391885064422,0.111140576352224,0.120032611110935
0.129565637129436,0.122451924575281,5.6704040113568,4.38397571347716,0.111694495131662,0.120609451287967
-0.114512927189433,-0.162621337919338,7.13761036291608,4.36909329326933,0.112528737373847,0.121488730826739
-0.177235548098979,0.00646061174612183,5.62449198943002,4.36594214757463,0.112706174342729,0.121658721524563
0.148392636128323,0.175766062326046,8.78183962320322,4.35654719361881,0.113236854454933,0.122209886531046
0.12505310549367,-0.16889281839043,6.98753181802041,4.33748707580373,0.11432116692263,0.123358253141611
-0.180466387192812,0.00659618725107963,6.79974829705532,4.32710837354922,0.114915961563402,0.12397809214921
0.0375086098399097,0.202492936892121,4.9139808783041,4.3209118175708,0.115272555285709,0.124340771895711
0.185080043969332,-0.0253779514101051,7.06736583250883,4.30253033092561,0.116336879225629,0.125466593574071
-0.0496624242667107,0.185791845931993,6.1046307471652,4.28339489911112,0.117455299266425,0.126650347490966
0.18677799768563,0.0745007961305895,7.90854037284984,4.26308712836574,0.118654002359514,0.127920234879533
0.149047441778978,0.076767253422765,5.7186245467838,4.26008842480288,0.118832039886414,0.128089493418642
0.255566825285152,0.0591916831855257,1.72375928158068,4.25360313299862,0.119217995534157,0.12848276806726
-0.117850693168884,-0.141730426282303,5.1779002476834,4.24906060710226,0.119489078684193,0.128752125845906
0.109231412902288,0.148987880172155,6.67594661520801,4.22498923101742,0.12093590124697,0.130288049334906
-0.181347005417992,-0.0277307316552177,7.14229703910649,4.21238397666633,0.121700522173893,0.131088602086812
0.185108936275164,0.07266532639475,7.9917899033278,4.21019762344968,0.121833635082658,0.13120876886312
-0.105386442358457,-0.171992163392406,7.7274770846602,4.20535892759033,0.122128749884204,0.131503330260883
0.152270096467083,-0.168940772989281,8.06638749167233,4.19545175665891,0.12273522595997,0.132113164794646
-0.0201475094634163,-0.20290546798478,5.48774804064926,4.19539821318006,0.122738511839442,0.132113164794646
0.18049838955978,-0.0761098856747033,5.02467587794475,4.18904790800287,0.123128844698292,0.132509882715786
-0.045743132223311,-0.200206170471655,7.16712649597605,4.16419659988882,0.124668345974293,0.134142963996376
-0.123211783157675,-0.135041714865207,6.81153982892187,4.15846799202043,0.125025945901089,0.134503968659804
-0.1066192148286,-0.172387971766014,7.69031902470906,4.15497840229035,0.12524428094904,0.13471504989713
-0.156942039647444,0.0858807828107229,5.87131523099674,4.13006700843478,0.126814041691597,0.136379418091935
-0.00229630520855028,0.194458916309171,6.45489892503175,4.11935201330217,0.127495270823612,0.13708781504312
0.16861119621718,-0.061707170360632,6.72405231832855,4.11527463519532,0.12775545916805,0.137326845120354
0.0418267795931859,-0.197259166980391,6.48357360750325,4.115161455708,0.127762689021302,0.137326845120354
-0.103257833265127,0.181081061288648,6.67976605787561,4.1094437928279,0.128128463608365,0.137695690458557
0.170381324470967,-0.0232955983464762,6.39117773932567,4.10388339689382,0.128485181746159,0.138054674633007
0.0621542443819958,0.195234444481314,7.5634258141059,4.09605291847392,0.128989218035082,0.138571794494014
-0.162316802286682,-0.0374878898653278,6.44642702894478,4.09383242294814,0.129132507554557,0.138701253703625
-0.169238136485453,-0.00968465174622906,6.56632214894939,4.09137162521297,0.129291489831371,0.138847519861243
-0.165840081760233,-0.0392966289700065,6.79851728164614,4.07958363612502,0.130055783325286,0.139643669997238
0.188794166136787,0.088765772454616,8.70794996518058,4.06438123717972,0.131048130011468,0.140684361754508
-0.00154365243447308,-0.208370157912802,6.99907073909895,4.05434436635242,0.131707439555483,0.141367223556732
-0.186909944535475,0.0674284905802792,7.72728342384387,4.04687901110377,0.132199979642876,0.141870875386185
-0.0761975312410604,-0.17602320278378,6.79731660180762,4.04374313222598,0.132407423792212,0.142068451894076
-0.128296313457104,0.192564101309633,8.50640449010626,4.02483872046956,0.13366489961957,0.143392406851796
-0.162224202180556,-0.0257708696216226,6.45802488269704,4.01820863057763,0.134108740038509,0.143843201084292
-0.0702466882951823,0.176581298936896,6.38619916715528,4.01769983426912,0.134142861394465,0.143854454847544
0.132313267138323,-0.188912075405828,3.7053754850754,4.01364958619793,0.134414792581535,0.144120686374847
-0.119704705297074,0.161994140397284,4.70622616704891,4.00734967524207,0.134838860741011,0.144549917976981
0.159632367886854,-0.0788857744429218,5.68557167144387,3.99080041439191,0.135959231414618,0.145725317051443
0.0129320912725902,0.188810183204283,6.47039524113769,3.94625238162938,0.139021568223275,0.14898139541336
0.0749340340919766,0.159625797140253,6.45051189184099,3.92626370242028,0.140417963388771,0.150451348312362
0.156538492889256,-0.100678084758632,5.27642458968399,3.91692855365128,0.141074906650886,0.151128634821502
0.00103636950332605,-0.225317204021844,3.96154493079863,3.9164675367574,0.141107429356755,0.15113688070442
0.156361419868474,-0.0992802391991211,5.8263268032559,3.91219785055518,0.141408993360216,0.151433236864907
-0.0798326243162699,0.204340136542739,4.10454712267882,3.90891968058286,0.141640964776639,0.151654976004253
-0.137354299513905,-0.0789012798062408,6.28695084798696,3.90762195123918,0.141732900418438,0.151726727228319
0.194491282971648,0.175122484213835,1.59389025656245,3.89334387590361,0.142748357313,0.152786919711946
-0.175471402926186,-0.0782263698779263,8.06537225244043,3.88925594086831,0.143040428709084,0.153072619086115
-0.0988188390569203,-0.183603549489329,3.65383039308973,3.88832670822998,0.143106903067903,0.153116841103233
-0.14467271091887,0.0996914751555258,6.08020952076261,3.88528634740111,0.143324616819281,0.153322837321347
0.167355346588451,0.0987836070901737,3.95262043026587,3.87641804421175,0.143961550985231,0.153977147294112
0.161923039996396,0.0479583478060971,6.94639888188547,3.8274058310112,0.147533071392219,0.157769425370776
0.00728580837562662,-0.189445484171984,6.2816064768084,3.81141684727014,0.148717250480223,0.159007836481138
0.0508081640204676,0.166020359480274,6.18287098753225,3.79110844441777,0.15023504836851,0.160602453813431
0.0911506917555315,0.280356948590857,1.3499744327469,3.78279090245438,0.150861142516809,0.161243440246196
-0.157602320823597,0.0711291796403858,5.67205907019363,3.7702701948162,0.151808549102505,0.162227566602782
-0.142193945826298,0.139602842756641,6.61708195678225,3.76970009258185,0.151851828467145,0.162245337260088
0.00559036294212104,0.180953121843418,6.22818207395481,3.76319868256112,0.152346257152289,0.162745045366404
0.18856456991743,-0.0600391484286714,7.99032885930932,3.75712939623716,0.152809275872777,0.163211030090081
-0.0498512492647403,0.18981658846695,5.59961789231212,3.75087315052833,0.153288030472213,0.163693655413933
0.057485705528812,0.184027799167791,7.27937684320817,3.75047308887889,0.153318695870278,0.163697688610707
-0.0317594755172479,-0.193184564003771,7.19344018464131,3.74808909359917,0.15350156035927,0.163864194190292
-0.071250756369129,-0.161069755749862,5.34495881572368,3.74424226290776,0.153797091739739,0.164150893147183
0.149005353212138,0.0989847970504155,7.35238287146723,3.73550526655163,0.154470423708726,0.164840655484439
-0.133414021738631,0.127410063280253,5.14457544633304,3.71562048149849,0.15601388945169,0.166458562737801
-0.166076216414279,0.067285258377756,5.33845186215792,3.70992725110039,0.156458633668168,0.166903830694201
-0.149763491507411,-0.0671418564882137,5.19496453742077,3.70875040644457,0.15655072451311,0.166972811989456
-0.166287713623311,-0.0448715543456953,7.17466647022873,3.70761040726487,0.156639983798335,0.167038749582109
0.000707228613389258,0.214201975974845,7.93045631913825,3.70284574710859,0.15701359680122,0.167407841913455
-0.050116166371346,-0.211836387077711,8.10189196951975,3.7022721442823,0.157058634980864,0.167426539969095
-0.154584721483273,0.157168415061546,8.90812214040537,3.69257154285928,0.157822267015298,0.16821112772919
0.0227065467294389,0.180105044368562,6.45441671654593,3.68852188429318,0.158142153911952,0.168522568355674
0.140499255440268,0.102628842409532,4.49382466605809,3.68029148619728,0.158794281249765,0.169176474232611
0.161148636150468,-0.160515135845394,9.79089900494599,3.68007641193634,0.158811358449305,0.169176474232611
-0.0210185291229082,-0.19906822377645,7.25580484692494,3.66889128338531,0.159702009368983,0.170095492134074
0.155254563833427,0.0236196454342336,5.8146309917907,3.66490866685427,0.160020342144412,0.170404730273777
-0.160136502231223,0.0504656018336229,6.26012061688574,3.64268013113332,0.161808771220134,0.172279083453686
0.0258363814129705,-0.185044383263182,5.91054343523481,3.636149845893,0.162337963409196,0.172812296071898
0.13271693114949,0.143781055980703,7.9500468967697,3.63124018929862,0.162736964775032,0.173206755515803
0.0744123025736041,0.153657592744242,5.64311368144564,3.6120844834722,0.164303123734617,0.174843107375694
0.0652997077496521,0.18050105466325,7.19407953316475,3.60463434641941,0.164916305492613,0.175464954183682
0.106463036388695,0.142503820792611,7.11603421598706,3.60334984543518,0.165022257091065,0.175547003524446
-0.150222761546967,-0.0292136335829485,5.9773078567891,3.60217955383768,0.165118847428461,0.175619067635302
0.135193657487395,-0.135127324811386,5.61322991834063,3.54403999543902,0.16998926385513,0.18076762241922
-0.0397495257752987,0.197590031858299,7.56923608044492,3.53977755156475,0.170351935032446,0.181121652196565
0.183749894637048,-0.0143876678747801,7.990033971235,3.53559130038431,0.170708876458304,0.181469467413681
-0.0884584342642374,-0.159608642802684,7.12661987703633,3.52729257658469,0.171418680965726,0.182192201417482
0.0537345229826179,0.166970409540963,5.79831104720289,3.5267447309372,0.171465642886536,0.182210304397492
-0.142422343475136,-0.0493820968968442,6.29062268933177,3.5036632410735,0.173455946840332,0.184293159574859
0.130812231677532,0.0781821253720657,6.41396439016364,3.49286240383802,0.174395215504221,0.185258780664752
0.00892639694853835,0.222863196602352,8.79008912905628,3.47187683208595,0.176234741155301,0.187180234499908
0.111022484233261,0.121998490424549,5.05307179907654,3.46971831636118,0.176425046561149,0.187349674422514
0.144712495822711,0.0696831666984686,5.28235013575745,3.46560598904719,0.176788178531514,0.18770255160444
0.0116712550783346,-0.184642646100898,5.68717745772772,3.46218592184188,0.177090750888071,0.187991018553893
0.182402816214015,-0.0712282621600668,8.40020045642929,3.46038918052566,0.177249915506199,0.188127176708811
-0.072770030184369,0.170562811590918,6.06169263397742,3.45860922753577,0.177407733981679,0.188261858894974
0.148348999451455,-0.0550783538310742,6.3116396060243,3.43376446283072,0.179625305931738,0.190581886112308
-0.128650810856281,-0.075585619502088,5.72679649255427,3.43197979461313,0.179785663254538,0.190718786878137
0.0417891972350215,-0.196131037209296,7.15058659950423,3.42904341755787,0.180049816368596,0.19096572858049
0.0956521813357298,0.1175430067441,6.13418525439179,3.40811913354416,0.18194341137353,0.192940513576389
-0.134333206091011,0.115020317608127,5.47260449953737,3.40204037840646,0.182497247328795,0.19349412081813
-0.101821162762989,-0.231227163840156,1.81236139015661,3.40034683164133,0.182651846586255,0.193624315169271
-0.0566111308482344,-0.160904758657063,6.46653890610597,3.37857032849954,0.18465147230042,0.195709986658245
0.0115562153881648,-0.1872164460562,6.80808857819894,3.37353906447152,0.185116572220419,0.196168788803813
-0.158606442156124,-0.0395136945327961,7.04158453015706,3.36620173265717,0.185796950354702,0.196855522756601
-0.0850324724202702,-0.142802142730358,6.49617852645536,3.36510020340075,0.185899308928141,0.196929701192713
-0.0442772004755982,0.177246302133482,5.5370348388864,3.35143815908786,0.187173538416301,0.198245042080452
0.148982347545298,0.00313414411146115,6.23494732796163,3.33644420285836,0.188582047521374,0.199702123031854
0.0449926443789052,0.161110227415034,6.08120020564788,3.33515704685664,0.188703453841544,0.19979593512823
-0.0547071875043739,-0.161708582341975,5.63326814324673,3.32730518432875,0.189445746772698,0.200546984237904
0.109434641242159,-0.188772299111239,8.66253862552916,3.31871229908042,0.190261440590173,0.20137546076373
0.143753469694392,-0.0595137311419238,5.93973630609081,3.30309866375162,0.191752589957697,0.202918436930725
-0.00747962369075577,-0.209536639667642,8.12062682440568,3.29820109617438,0.192222725987223,0.203380597116825
0.177718146669478,0.00498698148316577,8.06435396587123,3.29041195204676,0.192972810927721,0.204138744209899
-0.153445013892924,0.135548905718757,7.39589231944961,3.28803661186913,0.193202135116998,0.204345830193239
-0.00357538846617685,0.179934436916458,5.23989037978322,3.27126715560961,0.194828892924442,0.206030623610215
0.0999355326302836,0.123635343590328,5.00007054380931,3.25870605946808,0.196056375749608,0.207292673769298
-0.145031740660346,-0.0156224157207512,6.120905173756,3.24891114166959,0.197018908851058,0.208274199875889
-0.0542484569324927,-0.162322900818313,6.77466140221787,3.24633043082348,0.197273297359038,0.208475233393107
0.115671506027229,0.141990388514098,4.03809652898137,3.24628715858644,0.197277565633654,0.208475233393107
0.108743625696976,-0.200344729282074,10.2589535778236,3.23091739851404,0.198799460358658,0.210047052180408
-0.163294169122234,0.0100476894853253,7.24616328135351,3.21243262674316,0.200645358797988,0.21196060113867
0.0432305796034565,-0.17276633578771,5.76039598816788,3.18400858089133,0.203517294908435,0.214957198369631
-0.113208831033706,0.166314059168278,7.61506254083035,3.1699573305339,0.204952165669896,0.216435175125469
-0.132828138558933,-0.083340705038864,7.1721941446271,3.13237390917675,0.208839982426409,0.220502569027398
-0.0118616810082608,0.17127136836233,5.67761919738076,3.12142052239243,0.209986872694692,0.221675061724516
-0.0695938113075613,-0.165274716681672,7.83335841874745,3.11441445648294,0.210723753535204,0.222414391734105
0.158705413689354,0.0386156466441392,4.27571236803578,3.10970833748908,0.211220182899548,0.222899718060746
0.168656205277524,-0.052863547745465,8.07809886650928,3.0891153130262,0.213406249212035,0.225167633484033
-0.0713334667120773,0.310392420566325,0.859590785521455,3.08822578995387,0.213501185213638,0.22522876721203
-0.153423030494279,-0.110799111708594,9.25536850633347,3.08396004021058,0.213957042497104,0.225661754205085
0.10866429672557,0.0987179597783137,6.69498589103697,3.08369161623669,0.213985760023974,0.225661754205085
0.0420837282656775,-0.198925543273057,4.07653634253154,3.0817198185094,0.214196832372516,0.225845222633162
0.0726355682057855,-0.172014094566052,6.84331638680504,3.0768838907299,0.214715379239649,0.226335123259787
-0.159344997408993,-0.014479961228057,7.35557941281367,3.07669350145476,0.214735819965265,0.226335123259787
-0.182340919767952,0.022161158700701,8.7370991440289,3.07226367569256,0.215211968217729,0.226797725897444
0.294599478350498,-0.121840189162161,0.6222549823623,3.05886778733043,0.216658284232814,0.228282387402106
-0.0978747870264328,0.159985751646667,7.55950402627999,3.02886394439289,0.219933077476088,0.231692780009418
-0.14694109808664,-0.0705341514231262,7.50402578085136,3.02074821686022,0.220827349131362,0.232594619638708
0.0404310738443189,0.253028827197702,1.65399591242774,3.01613495550161,0.221337304182578,0.233091421529759
0.146413081452574,-0.0421374415380439,5.49211583895102,3.01159387393207,0.221840430527209,0.233580861475207
-0.00906080903357409,0.164726036019889,5.79041706870986,2.96429011102513,0.22714991624167,0.239129982721647
-0.121107426166477,-0.128499885632746,8.19022593172442,2.96383654348107,0.227201435998192,0.239142866935857
0.111924598170581,0.0899074522082217,6.38052246920557,2.96158297228584,0.227457587590893,0.239371096500148
-0.119590001133985,0.129609804623132,5.09923985061873,2.95460506161674,0.228252562964865,0.240166194837556
0.107564232272373,0.0978586404376345,5.0594936084072,2.94940418563077,0.228846892024611,0.240749935829589
0.107926782775265,-0.123167912318395,6.00006747787813,2.94070617643764,0.229844315537565,0.241757462507376
0.12718440595405,-0.0876847077098639,5.39349011997319,2.9283515347534,0.231268532010507,0.243213477781995
-0.0385282338408125,0.169135723348343,5.35246760581627,2.91914390121968,0.232335704604461,0.244293569884621
-0.155505599474102,0.0431915596787041,7.50939740730623,2.91022107277727,0.233374566093644,0.245343525881213
-0.0422687317053663,-0.173110964324016,7.28214824907552,2.90744520209408,0.233698699788026,0.245641865384928
-0.0692047705785958,-0.142992616789348,5.1807773998446,2.90360727067301,0.234147590144367,0.246071211600018
-0.139421155760494,0.111962474563264,7.55867126494994,2.89981964016225,0.234591442577189,0.2464951160528
0.130732152610193,-0.0719446934572232,6.36875938861248,2.88024408870712,0.236898844751399,0.248876646565405
0.0691619296462595,0.136877847764158,6.80279911968116,2.87333211414254,0.237718980519143,0.249695161042192
0.142215296488136,-0.242020770562689,1.43977765610025,2.86484179235082,0.238730280887083,0.250714153879689
0.123697427390303,0.0898681849788537,4.25973946404963,2.86385745368117,0.238847805529269,0.250794315291858
-0.0754383251621102,-0.157133047652432,7.63439103292696,2.83466957667073,0.242359095167591,0.254437346332177
-0.122504850199966,0.107062167870951,6.31539922086471,2.82163326859239,0.243943988761621,0.256057069582888
0.112813513513503,0.13187755580841,3.65884245069749,2.816103131273,0.244619444049435,0.256721802339763
0.0490026114445393,-0.162486797180683,5.72578076129506,2.80051151490747,0.246533902994507,0.258686384252078
0.122114932402357,-0.113890755698395,5.6149976550324,2.78330635208683,0.248663879477851,0.260876391221981
0.161684780613095,0.0562459310520661,8.83237168939342,2.75561705271824,0.252130485379072,0.264467676600239
-0.144030527972506,0.0302187535225389,6.8440003079515,2.74778780083603,0.253119416302113,0.265459260369899
0.0168864012855333,-0.201799293754213,8.67375909907278,2.73657388526838,0.254542632411323,0.266905881178114
-0.0129952586419719,0.166761547775673,6.89652844570346,2.73472762758629,0.254777716546356,0.267106378221839
0.148432248717423,-0.0160189852118184,7.13297859747133,2.73306048924734,0.254990179935101,0.267283094945746
0.0944936842075169,0.119222050328727,7.31053901032357,2.73096566477343,0.255257399690059,0.267517137082644
-0.0248300193034938,0.179981217159149,7.5013865162649,2.72290318643176,0.25628848018805,0.268551509016325
-0.00543815223915594,-0.17396415039271,7.24401320746295,2.72186410099091,0.256421667597539,0.268644830895512
0.02518362049925,0.144703879637784,6.1995537582361,2.71303844746431,0.257555712326194,0.269786506648635
-0.126311001808349,-0.0470999416401311,5.83167054251681,2.70070065533265,0.259149457516715,0.271409237461166
-0.044992542603628,-0.14466646087494,5.78201285934047,2.69799459075322,0.259500332419605,0.271729966248806
-0.128899119112892,-0.0610451335089913,4.97107504917164,2.67714932575965,0.262219153038911,0.274529699690609
-0.165565960452514,0.0299897055268507,8.32089883902301,2.67636390854194,0.262322148980089,0.274590310005293
-0.100498898004003,0.114929051225696,6.59299946723572,2.66838929652666,0.263370195713633,0.275639977910366
0.140485703958985,-0.0206274353427577,5.34022887107316,2.63416409936346,0.267915927865156,0.280349289935214
-0.168617098409281,0.0669103576088051,10.5783176346073,2.63355195837306,0.267997941576218,0.280386916706653
-0.0671467053972777,0.134306259927873,6.05939623392496,2.60762883007273,0.271494223782685,0.283996019654465
-0.125872813900181,-0.256595020102993,0.626750914618214,2.59692726811814,0.272950823408225,0.285470643001077
0.0530419872131467,0.135819027193422,5.65405386078664,2.59071829308843,0.273799512522417,0.286309074585447
0.134357877398487,-0.0526049674905905,5.57380269099728,2.59015653332073,0.273876428099206,0.286340321873255
0.157652011939427,-0.0855926731270561,10.2402070434755,2.56783128554288,0.276950734398036,0.289504819885859
-0.101427531754302,0.170145624314956,8.76465480173523,2.56604057120395,0.277198815267588,0.289714401261643
-0.0828181149332342,-0.129907660554981,7.2588829213206,2.56543780347705,0.277282371108035,0.289751986835859
0.0406097999334471,0.150431415980355,4.87135303557548,2.54955412614861,0.279493270646904,0.292012190097538
-0.13294302416945,0.0673951418899562,7.27129674856849,2.51299481784469,0.284649292549617,0.297341629803211
-0.117817555346616,0.0824671701186454,6.50217953962062,2.51269538805978,0.28469191197814,0.297341629803211
-0.0725803410482923,-0.118276513747908,6.26930549127537,2.50332065042244,0.286029500405357,0.298687409685732
0.140437679669941,0.197907038477621,0.949772142863461,2.49848501111628,0.286721904870052,0.299328669217108
0.0932862448155403,0.110192028166574,7.23095362014831,2.49834541400502,0.286741918343327,0.299328669217108
-0.124235589203243,0.120176881844606,8.16644810475622,2.48709610477525,0.288359286903365,0.300965427510318
-0.14113238242251,0.0549960562880847,7.30803781419677,2.47623382420912,0.289929667260308,0.302552590723476
-0.00872697677001032,0.166588390365052,4.47946789772833,2.45961674029641,0.292348595031328,0.305024549537399
0.0242219993049425,-0.149678197066636,6.062296284542,2.45673340801855,0.292770368056441,0.305412268801853
0.111988450345545,0.0845153207848018,6.67129417061544,2.45369219058936,0.293215895880382,0.305824631509297
-0.070550872443451,-0.108081584835777,6.05444852359088,2.44671256237194,0.294240952438813,0.306841198774836
0.124100567020216,-0.0296696070865036,6.20700948173427,2.43301039254013,0.296263743434113,0.308897699953225
-0.132318419116853,-0.0588125363054386,7.79339704563191,2.40056715801843,0.301108811665438,0.313895624215614
-0.110584175243704,0.104204570994657,6.46748406724227,2.3876011688542,0.303067239840453,0.315883128941736
0.0918180629134243,0.091308652181803,5.94645265863068,2.38627644876438,0.303268045966681,0.316038319727004
0.128663014105465,0.00463670312621483,6.48876159283707,2.38449289702516,0.303538613717062,0.316266144157021
0.128984093233667,-0.0391757927686022,5.56809726652455,2.36798788093904,0.306053933139788,0.3188323656665
-0.017092109442404,-0.173088235170287,7.98768852389725,2.36204332274912,0.306964964095619,0.319726723937404
-0.0905021532905978,-0.0957125006882749,6.64341914927492,2.35527878412816,0.308004960054838,0.32075507985184
0.132116041114967,-0.0461316521434736,6.74848097364423,2.35247590063648,0.308436913672004,0.321149979551079
-0.136388481792458,-0.070262166754912,8.12240825839002,2.33103609283948,0.311761113462787,0.32455568720271
0.149515179182456,0.0432286749063379,8.66792952054224,2.32335522608551,0.312960713265736,0.325748815585878
0.0611111349121436,0.126068175173171,5.59630822086719,2.32242542573313,0.313106242582155,0.325844582023959
-0.03891724602869,-0.136683858392268,6.5291996668836,2.30114207643953,0.316456009297325,0.329274343633928
-0.0630085142172014,-0.137945758279518,7.11584341183126,2.29481548310378,0.317458638507821,0.330261139992416
-0.117121196503996,-0.0376741527676382,6.1458372570401,2.29440659626849,0.317523547471718,0.330272229114611
-0.0607733253176132,-0.118250767304116,6.00299084157083,2.28973474722205,0.318266125478385,0.330988071730853
-0.0654490509793169,0.128132186848118,5.60268376010503,2.27304447037388,0.320933213482212,0.333704765786457
-0.0104859399426199,-0.149526780351223,6.69549891467638,2.27170242468576,0.321148639269604,0.333871741098591
-0.0879264802762696,-0.181822887713671,1.95325460149651,2.26828140993086,0.321698436468363,0.334386218408639
-0.114023050088939,0.0646981763108803,5.83749685474851,2.25697468186836,0.323522265364804,0.336224573496232
-0.207691355287343,0.0458354805528774,1.4665160521068,2.24389978891196,0.325644203329756,0.338372061763365
0.0557591616180869,-0.152111049238347,5.23792079602214,2.23942805490447,0.326373115030094,0.339071591178023
0.0330226237725876,0.133081358621228,5.53742175837155,2.23453363171309,0.327172797198356,0.339844393336221
0.108668957371625,-0.0933793014450766,5.4907736116508,2.20102490506918,0.332700546767321,0.345527282278992
0.0518411027227016,-0.142208033570553,5.21694965253786,2.18079901624317,0.336082199314524,0.348979776467136
-0.050470257142713,-0.166654204652919,9.0069428560218,2.16390276983898,0.338933490210531,0.351880472101247
-0.0991974073822523,0.0988036019894705,5.72661674780033,2.15517523905818,0.340415748205678,0.353359092084598
-0.00961891315223994,-0.154507287571382,7.29835702461067,2.15308061798263,0.34077245596529,0.35366906101546
-0.144530480599259,0.0932873106858525,9.55148902266679,2.15161998453535,0.341021418688593,0.353867120670897
-0.119866227517535,-0.123710925350108,10.5533029935247,2.12581319598858,0.345450264633124,0.358401706047454
0.00747890829087994,0.138969426587425,6.43844072283888,2.12269101095941,0.345989965607376,0.358900478892095
-0.0406762953745375,-0.128460838243811,6.16044186323025,2.10539963050588,0.348994256040111,0.361955201153696
0.0109086009255119,0.140665886357943,6.65273780954312,2.10400233260899,0.349238165703801,0.362146474672924
-0.118633746448009,0.0452674716922442,6.58052161391104,2.07788967141414,0.353827831550794,0.36684329674408
-0.14201440671701,-0.0443980617873566,8.82331811656673,2.06931268685893,0.355348477783277,0.368357148432588
-0.104155960608594,-0.0551903475198989,6.85802741317378,2.06019796417988,0.356971625022888,0.369976719976054
-0.0700546310547047,-0.12982456273456,4.20806984935231,2.04482911197717,0.359725313804109,0.372767269862028
-0.0436731765380796,-0.154937634313969,3.47145798313101,2.0385117777021,0.360863362744045,0.373882939480215
-0.120399929928299,0.0350783547242243,5.9775090918419,2.03576824815014,0.361358722074561,0.37433246554193
-0.0113069791045979,0.148108114708525,7.18756175188882,2.02682239180218,0.36297867394675,0.375946608878498
0.0795161472980567,-0.115239634724486,5.47021622291807,2.02130258747349,0.363981843262404,0.376921493754298
0.00542134112843781,0.148653025996305,7.38541475388111,2.02038187747922,0.364149442697474,0.37698407361273
0.131501217319199,0.116114806753109,1.90368866340088,2.02029028513422,0.364166119730037,0.37698407361273
-0.119732367302375,0.0858132797070263,7.81007676434129,2.01698623777727,0.364768227994347,0.377543177835699
0.0491275085202093,0.123463146589124,5.3011330619815,2.0117986173648,0.365715595661846,0.378459382354125
-0.113992630398145,-0.0462678980509926,6.97460336926105,1.99976787357589,0.367922140918921,0.3806781090949
-0.0592328643296102,-0.134016706215427,7.57081091343878,1.99912389020912,0.368040627863312,0.380735997014756
0.101135496994216,-0.0773669655435683,6.16636558366674,1.99632399525689,0.368556226232506,0.381204605046465
-0.113797593007042,0.0414348725870545,5.84829955964647,1.99109186153653,0.369521656226171,0.382138244114987
-0.100026289855457,-0.0522355702701138,6.31213007119582,1.98518683158827,0.370614286659567,0.383203087157514
0.130359076303207,-0.00932633299029771,7.44892468885057,1.98316179195425,0.370989731009623,0.383526147459091
-0.103933012903252,-0.0524339764099895,5.86108950431411,1.97832221015489,0.371888535605614,0.384390051743121
-0.14820580457181,-0.0521584892074546,2.53552198296086,1.97280688841621,0.372915493417889,0.385372655834365
-0.114851963691161,0.0239229385612569,6.19503590360159,1.97253719514082,0.372965783208948,0.385372655834365
-0.1160823539297,-0.0162621626644409,6.58629617779385,1.96800157502986,0.37381255856238,0.386182056088201
-0.0325349458338802,0.144237530685986,7.25401667983477,1.96669439071552,0.374056959379437,0.386368980098746
-0.0155056400320039,-0.157290778357105,3.96149455201338,1.96086626249046,0.375148575087407,0.387387521997954
0.0633382360392419,-0.144125149109907,7.38407764366384,1.96075040761618,0.375170307112342,0.387387521997954
-0.116176997657341,0.0292255932267725,5.81582913513423,1.94946082024153,0.37729405451236,0.389514363892021
-0.0742589858062781,0.120187284866227,6.93578222645327,1.94461905546541,0.378208545535026,0.390392272841173
0.14222943326461,-0.0118083120681336,8.48153717187409,1.92709059041504,0.381537821133246,0.393762036795932
-0.107543620071611,0.115346459193425,7.98324252156169,1.91086400145691,0.384645941328755,0.3969024560694
0.0130061738842369,0.136385647820568,7.02275070305997,1.87355307765424,0.391889040649923,0.404307825703564
-0.0978348502983545,-0.0857538760227992,7.35026590743626,1.86538866808242,0.393492081712015,0.40589288266058
-0.0883251737639664,-0.0932582078846197,7.43374748177989,1.81657854165529,0.403213423314844,0.4158501306354
0.014495623624178,0.150714094472058,8.08746426205158,1.81257070137067,0.404022240947783,0.416613720001711
0.123379418342144,0.02809920421166,4.04295002499278,1.80760109225407,0.405027405555366,0.417579482645397
0.106775997832004,0.0689580403081393,8.00863883808458,1.80442627742821,0.405670859638157,0.418172061205062
0.109617674147672,0.00847031899106924,6.37784302167589,1.80045138592262,0.406477910184118,0.418933048451144
0.0330483566191711,0.118376728587909,5.84515459636184,1.79296908975551,0.408001452360276,0.420432099182356
0.0862337516049777,0.0654493808649888,5.7270570758811,1.76455721178592,0.413838860863066,0.426375187837933
-0.0836184253787629,0.118902769124669,7.64112698022396,1.75353222174117,0.416126444878542,0.428659525621077
0.117631175077247,0.0339105890255338,4.21318473516264,1.73804824266814,0.419360594683502,0.431918000411632
0.0778789922896219,0.0826411611721237,6.8490972253058,1.73693897794474,0.419593250153699,0.432084524177219
-0.0786318003507334,-0.0841110692910403,5.83885709578682,1.73539097428449,0.419918141814376,0.432345957613043
-0.0895521425022902,0.0868515716368464,5.70647353798216,1.71677102252362,0.423845824532615,0.436316093972702
-0.107087872019975,0.0703315636485042,7.08437453603854,1.66878022223969,0.434139177363947,0.446836739102571
-0.0761645037835454,-0.0918067976258485,7.32212579446908,1.6643930311271,0.435092548407177,0.447742297955188
0.0542004537377771,0.0976748608448064,5.68279260784819,1.66076557419024,0.435882404224089,0.448479309940215
0.00776598466650561,0.121336345438873,6.49663500825754,1.61331608270195,0.446347250495054,0.45916898631529
-0.112615131584046,0.0701727297389155,7.93154437590542,1.60876442062836,0.447364218205315,0.460137415177219
0.00185193577371995,-0.123257499439688,6.42130439647744,1.59777056098951,0.449830119149545,0.462595568476762
-0.0331740256338476,0.111707683616835,6.1011201761445,1.58390251835783,0.452960089885225,0.465735691136843
-0.023492670585987,-0.114332800602089,6.07784717257216,1.58265600257125,0.453242488831135,0.465947361027348
0.0905108253037441,-0.10149852793315,5.00076544631871,1.57258216295796,0.455531194073917,0.468221156427824
-0.0773918153014022,-0.0758084318125597,5.10067521508283,1.564110533739,0.457464832135895,0.470129287313189
0.0239329904655253,-0.144041344271469,8.31644973372462,1.50487424295274,0.471216739756686,0.48418017074071
-0.0296764365563837,0.124290064584117,7.01902246409081,1.50415113220192,0.471387141504904,0.484273526405983
-0.0931018032543331,-0.0499427204821501,6.74786707155576,1.50229562940857,0.471824674513357,0.484641238136885
-0.10281447950131,0.0189389280415534,6.48269499004223,1.49524397967748,0.473491181863037,0.486270970847195
0.0466473465582845,-0.137857317666818,8.18016947578242,1.49324506802754,0.473964651949628,0.486621867260453
0.158356846005105,-0.0722169984502579,1.62587064028226,1.49312663661843,0.47399271893142,0.486621867260453
-0.00140604184367745,-0.219611473747717,0.984467595475449,1.47524616807068,0.478249324054571,0.490909102148749
0.0124429602586838,0.120247087886111,4.89922339243157,1.46674578068576,0.480286302024194,0.492916892569672
0.0116034796436854,-0.121985692352197,5.35492431935711,1.46025262415442,0.481848123008843,0.494436435678044
0.0732873974988559,-0.0930964766855256,5.59278166820149,1.45736519063301,0.482544277624271,0.49506733437421
-0.105854061913966,-0.0497607455700956,8.01852840173604,1.45493069029515,0.483132012365261,0.495586805607365
0.115948564848105,-0.0933786032043964,8.63285431093323,1.45410920332127,0.483330496452906,0.495706883828384
0.0455170830113001,0.0973556399277406,6.54078980663839,1.43980152036201,0.486800563562727,0.499181713149719
-0.0869912548807167,-0.0396615160704167,6.15505235638831,1.43731576729704,0.487405972705655,0.49971834992119
-0.0140721870311463,0.15098352424904,10.2402583458485,1.43043176856922,0.48908651430607,0.501356911785713
0.0953901881704792,-0.0333928472404042,6.276886274207,1.40714448974681,0.494814544162282,0.507135531068781
0.0711303082995084,-0.0951301053295804,6.67770770014417,1.40683828527596,0.494890307174709,0.507135531068781
-0.0928803252834428,-0.0399730478395486,6.82550819373353,1.40080421966954,0.496385662098587,0.50858228052107
-0.0846810906135824,-0.0568309109388399,5.62707317802552,1.37720583079815,0.502277302995845,0.514532091643733
0.152629513971957,0.00428657038392923,1.69892323594187,1.37415719094889,0.503043518126623,0.515230305914348
0.0948863856815997,-0.0147662192395991,6.02073879185892,1.35536251892977,0.507793068702566,0.520007435199533
-0.0627094611656564,-0.0800283722300419,5.0684745206627,1.33512494324983,0.512957403370241,0.525207647446691
-0.089740817704475,-0.0462582125284762,7.0075960221658,1.32842071644592,0.514679779944696,0.526882545872424
0.0646467798968417,-0.093008046692621,5.90433855806591,1.3270667849322,0.515028318492485,0.527150706621091
-0.0507201834599355,-0.0843352255433272,6.20097323460628,1.32658118333709,0.515153382961241,0.527190081604982
-0.0753299702301518,0.0866155183358907,7.10236810591947,1.32007769627488,0.516831256170025,0.52881826681733
-0.0899204785404375,0.0706745097807802,7.31516182851152,1.31342104986608,0.518554303471231,0.530492118893102
-0.0224399434128025,0.109123837214246,6.61821530571613,1.29378331101199,0.52367099944427,0.535636600238024
-0.0966730199848328,0.0186485784706266,6.53596974228362,1.28966500936377,0.524750427986018,0.536650530082123
-0.0532194347100882,0.117993489297076,7.9663106390051,1.28194493991719,0.526779897250118,0.53863554156176
0.117554785435712,0.159445119216521,0.581266249502665,1.26393110992042,0.531545990686192,0.543417630780442
-0.117277381838484,0.00214681869783356,8.71355223510159,1.26308373421497,0.531771247981629,0.543556641657515
-0.0935592858287345,0.0465359520440385,5.26135871318779,1.24702345319654,0.536058636950931,0.547847067610755
-0.0675151456358368,-0.061855323277239,6.36921911924694,1.23906563958466,0.538195813303051,0.549938924368743
-0.0812791452653968,-0.0522746597073553,6.8302055738235,1.23673620704527,0.538823023913382,0.550487425672877
0.102922817732677,0.0109178605615074,7.51029360290338,1.23422185749651,0.539500844607166,0.551087439927588
-0.0866062294678255,0.0682336609715552,6.90341333529586,1.22872217192447,0.540986428738045,0.552512225827415
0.00967083109339756,0.106448651309521,6.71286661402088,1.20996773856141,0.546083235284043,0.557624075211214
0.0916615726670537,0.0193035595886331,6.68853217033562,1.19450452427299,0.550321700286643,0.561857875456161
-0.06051064189839,-0.0712009975584222,5.89396382153209,1.17705643352899,0.555143735010697,0.566685958877452
-0.089269588120146,-0.0230750278067164,6.87405728806112,1.16928703381065,0.557304496036621,0.568796273574342
0.0400272148566002,-0.11713564313988,7.91022340329827,1.15945818941996,0.560050066542014,0.571502649196745
-0.0656087536197675,-0.0625999989062179,5.16219058490184,1.1523412086344,0.562046549449138,0.573443839960844
0.0592168798211884,-0.0858742002169129,6.50620491086886,1.15141443339517,0.562307055214713,0.573613497343695
0.0863768669431657,0.0102823510375506,6.30031705065878,1.13469925021872,0.567026281141291,0.578330708592424
-0.0650051254531617,0.111712245666752,8.83746219734323,1.12162534579492,0.570745046296623,0.582026104163123
0.0132161005064783,0.105516087392129,7.08948573487699,1.11776106971165,0.571848870539659,0.583054082037422
0.0192815587418189,0.0954738615864853,5.88830557969461,1.10819050864812,0.57459188562096,0.58575274609183
-0.0123118849210596,-0.107122874104984,7.11253600269452,1.10540378055396,0.575393059329829,0.586471278285619
-0.021100149014746,0.099229250408936,6.45525476373144,1.10284470368791,0.576129768086408,0.587123874809182
-0.0921976292477948,0.00140509757000848,6.94097231077793,1.10240038960089,0.576257773590501,0.587156037760497
0.0906350527461688,-0.00873405460177518,5.34613114657709,1.09753572729102,0.577661129347561,0.588487442347381
0.0268761753937397,0.0919936610623637,6.26585776037084,1.09560775048979,0.578218256464634,0.58895645731248
0.0951857542033691,-0.0167009740823367,4.64629658613603,1.09081246046481,0.579606281914581,0.59027150289327
-0.0385858369662466,0.122628869558981,3.22400070886514,1.07041416934142,0.585548019569773,0.59622283712005
-0.0209038681108284,0.0984141293486379,6.01551108945373,1.06098818870276,0.588314215123649,0.598939287905147
0.095198729695407,0.00169532250641744,7.5294075191916,1.05265667232796,0.590770101645232,0.601338969873963
-0.0392639885385128,0.176207427143375,1.01200137776728,1.03604961610465,0.595696000659459,0.606251630226477
0.0157590192154414,0.112090906540406,3.77787485507081,1.02775194931157,0.598172578022209,0.60867034180164
0.0534861850378529,-0.0854690272288768,7.60236364131957,1.02398467921769,0.599300378703275,0.609716026996246
0.100562237690127,-0.000787505136232479,8.2424136157245,1.01092983898212,0.60322505913586,0.613606375943043
-0.000281214147510377,-0.110266487113759,7.61055869504606,1.00995590253457,0.603518882106863,0.613802698674671
-0.0407712796580915,0.0865256370439601,6.14540544630638,0.996994436219211,0.607442828227515,0.617690318732104
0.0509429236592908,0.0685660471841447,5.75859337800518,0.980742519313015,0.61239899293481,0.622626097025238
-0.0590911724858971,0.106362755203247,9.04018254530207,0.974097177081715,0.614437177613414,0.624594011906907
-0.0799485680226517,0.0522526801842393,6.7779908079251,0.963966599457915,0.61755737505411,0.627660984863009
0.0861596686180601,0.0173402174324232,7.22942216968166,0.963171285584119,0.617802999862201,0.62780581925573
0.0830768898667403,0.012481607224129,5.13577023647389,0.958003737825969,0.619401327084535,0.629324979854915
-0.0196056216152186,-0.0945304980174489,5.33773939901775,0.950615871139075,0.621693585417857,0.631548564662759
0.0777986138427139,-0.0583275011401231,7.42888649438611,0.923312222199405,0.630239034888916,0.64012266339735
-0.0708657974685098,0.0558574226146814,5.63950892457456,0.922768623542296,0.630410356716951,0.640189866837832
-0.0814252076930765,-0.0248900933648819,7.17705267742772,0.90089231839032,0.637343731411898,0.647122854709079
0.0145448547647285,-0.0931470374952083,6.5524887229437,0.872647126673591,0.646408537991005,0.656217305200806
-0.0629508197975811,0.0659001608589923,6.32189518296601,0.869662757731298,0.647373818782806,0.657087664012958
-0.0444968834070706,-0.0669573633801374,6.34590082506649,0.866708443554728,0.648330798238474,0.657949308163999
0.0474814197839161,-0.0784613038357941,5.73442455717477,0.841495686433614,0.656555635495056,0.666185118148984
-0.0267911622045367,-0.0799205327004689,5.72025708036536,0.836743390044397,0.658117563934821,0.667658678426128
0.066789382953089,0.038902944325551,5.21012054142209,0.818589853266504,0.664118337251014,0.673634194799095
0.0330834756650794,-0.0890510132457093,5.10909917238338,0.813851551433981,0.665693599097929,0.67511954544531
0.0515083580229067,0.116634496556065,1.68029837366809,0.810036225266241,0.666964730261605,0.676296015628357
-0.040822627006212,-0.0674450989823184,6.45417484497816,0.809120522711186,0.667270170833264,0.676493055792325
-0.0353981244276896,0.0902066841327325,7.45751933577063,0.802788224272616,0.669386195821458,0.678525334692147
-0.081707057944229,-0.0151054306181675,7.69917659927113,0.798506212084723,0.670820891043479,0.679866419955502
-0.0652568118326892,-0.0360510889303373,6.94910019293657,0.794479475931006,0.672172860960631,0.68112323194546
-0.0599397464877468,-0.0611892240301135,4.14880986655246,0.792203210379292,0.672938318438226,0.681785402338479
-0.0958182422140821,-0.00107184249184971,9.4806798504982,0.79137295502232,0.673217731752211,0.681955000150992
-0.0457369661740321,0.0725385579163248,5.98420738453848,0.77714293549516,0.678024763245656,0.686710157817261
-0.0280132777206527,0.0815714601465919,5.72105405341354,0.770456726663314,0.680295263971612,0.688895137568059
0.0699831534809276,0.0355325331154564,4.56608057698022,0.767361745616398,0.68134882942679,0.689847276492648
0.0765182834842219,-0.00585299439386006,6.87619286333231,0.766155372056161,0.681759934007309,0.690148732663202
0.0632480090954016,0.0340284027551301,5.78945821172921,0.76185971411833,0.683225811406859,0.691517662484615
0.067186372114048,-0.0471244014662731,5.32566936790273,0.752852728940169,0.686309652601119,0.694523464932781
-0.0656775049304545,0.0522726802034801,6.83436512786175,0.75203610112444,0.686589939596023,0.694691632418246
-0.053103601085498,-0.0611956279644452,7.34747853775027,0.740770083458372,0.690468420292853,0.698499791083896
-0.0624795051848589,0.0830291176729912,8.98108691778623,0.729276621244249,0.69444777984536,0.702235968251651
-0.0803360582899174,0.0397193876857249,8.01024780573584,0.729145818505897,0.69449319916621,0.702235968251651
-0.0582457319297917,0.0703960069918302,6.86980556695986,0.729104112808415,0.694507681478842,0.702235968251651
0.0529442013342792,-0.0979268838133373,3.13490668020242,0.719125268859457,0.697981532413756,0.705631280195109
0.051477830965595,0.050848237060814,6.47371886269529,0.714883054404139,0.699463597340582,0.70701218339855
-0.0634411182631261,-0.0606546590557055,8.18491940040829,0.696108547396452,0.706060554656995,0.713561862010588
-0.0534984850284209,-0.0523077132854936,5.26585756873175,0.655496467910933,0.720544405485833,0.728078728729917
0.0650029517321513,0.00421083117773572,6.13240841337755,0.645173130144771,0.724273232328379,0.731725097646062
-0.0765351914709233,0.0354633755143516,8.16343209602442,0.634620436740264,0.72810484858792,0.735474086312139
0.0286955829367608,0.0640561336449041,5.73672064467016,0.61154452828916,0.736554340190089,0.743885670716202
0.0128253028023746,-0.0864909926352629,7.6135174239807,0.609752595589586,0.7372145638186,0.744428970729414
-0.0489441213945635,-0.0470345904805158,5.57268983233185,0.601661436380844,0.740203065055862,0.747322762862369
-0.0614913646591578,-0.0246082541806489,6.88754031541607,0.598649544204648,0.741318610731078,0.748324938174565
-0.028169895515225,-0.0817622771539759,8.45745530668505,0.594919009274019,0.742702658625576,0.749368861039068
-0.0364202242892167,-0.0517812560096439,6.22245673056551,0.594898400094159,0.742710311911345,0.749368861039068
0.0954931298910833,0.0751677431998478,0.806122417136988,0.594866850328856,0.742722028171771,0.749368861039068
-0.0638669246635462,0.00379178233777417,5.85552929324718,0.593824740075373,0.743109128133745,0.749635190070959
-0.0122666810292243,-0.085158265713145,8.09977530115105,0.592744063287872,0.743510767027107,0.749916095039932
-0.0676560766733841,-0.00533260618212312,7.14210724650062,0.583707037499931,0.746877931574,0.753187485079097
0.0740164984410357,0.00402311703036484,3.69666372052201,0.567822116538515,0.75283360005194,0.75906773055916
0.0546858419917034,0.0304681965263224,6.47527493958227,0.565133335066976,0.753846383205029,0.759963037084321
0.00521016726925686,0.0855835757254834,3.45492705019538,0.535861347856635,0.764960810992683,0.771039969755539
-0.0566864124404432,-0.0176257779417526,6.40115966093885,0.529912355642075,0.767239571348972,0.773208824759567
0.0205961277386196,0.0615135351707051,6.35841069860423,0.524413928898648,0.769351778761895,0.775209140864352
-0.06686725659094,0.0177958075772194,7.18371542116153,0.519709577550628,0.771163559278343,0.776906130876477
-0.00713611128318194,0.0798988376370227,7.79076374378202,0.513866230930752,0.773419941868406,0.779050398096435
0.0693595493290693,0.00494117260698099,8.15235586807672,0.497882810745224,0.779625653921064,0.785171378175589
-0.0592714550582019,-0.000842759175122977,5.48935447489302,0.487935897042849,0.783512746602428,0.788955607230496
0.0334146440217644,-0.060437352007642,6.10387218853994,0.48097288561992,0.786245304652875,0.791576222048405
-0.0128117971043495,-0.0676231339889208,6.9010327551391,0.474258010722602,0.788889510476501,0.794107033693938
-0.00141122239710892,0.0659574791426875,5.50981767221093,0.448304834664015,0.799193314173142,0.80434599052506
-0.0268083057069892,0.0631068931838739,5.10427477485445,0.44722868474329,0.799623455797828,0.804645884115236
-0.0312947933281632,-0.0564776046445914,7.33342879223892,0.437252966259729,0.803621828412136,0.808498513540288
0.0578484655616952,-0.0318963787728126,7.60098037705607,0.437014526280183,0.803717641909629,0.808498513540288
-0.0240663216771819,0.0743934258583865,8.72243185675201,0.410835049754524,0.814307251888258,0.819015785477567
0.0540404277150115,-0.0511278569803121,10.6031849840607,0.409119190824825,0.815006169841376,0.819583343573555
0.0231076326385545,-0.060226289216526,6.57405458358781,0.39207601962552,0.821980990740852,0.826460821078498
-0.0358967941789957,-0.04888169807994,7.38398289229533,0.38341294781603,0.825549153148174,0.829911367960053
-0.0463093949767867,-0.0237439274732501,5.23958283575791,0.373621723584929,0.829600630723845,0.833846564280463
0.0259420985489848,-0.048124124998155,6.40068157332794,0.309204317868767,0.856755962395055,0.860998728798464
-0.036960150216918,0.0441895953198705,4.74563941955259,0.287731994444826,0.866003787197133,0.870148713724401
0.00039242583274515,0.051082397065816,5.83371804726659,0.284836716586904,0.867258355854225,0.871265490171704
-0.0187170390496442,-0.0418473066158301,6.35007397088998,0.276052231811484,0.871075942511533,0.87495633361
0.041226080148227,0.00267682222842867,6.66695598405237,0.239261842810137,0.887247840480901,0.891053258470426
-0.0367586376496299,0.0226024417697531,5.91130152793615,0.23054323313729,0.891124066970959,0.894798502345241
0.0132584663629391,0.0409168266583735,5.53739465267362,0.225910401572573,0.893190673459593,0.896725728895449
0.031862101919045,0.0208715732587481,5.22065581646767,0.199757793318867,0.904947003505403,0.908378789338976
-0.0258250114331745,0.0344861575882883,6.49969265474582,0.192435268679009,0.90826632461561,0.911560399647187
-0.0366272277945021,-0.000316714998232168,6.65493329832494,0.18547090521842,0.911434586047046,0.914589378581575
-0.0292384113198456,-0.0167762422771801,5.78126515050938,0.179701860236595,0.914067435040017,0.917080182024328
0.0296626921437258,-0.0296095140368141,7.52055654295266,0.168796486401272,0.919065171749072,0.921942456023785
-0.0392150928152759,0.0147698420853822,8.43728041844418,0.155297301774171,0.925289469072641,0.928033325817832
0.0119980876858019,0.0336774998423851,6.93342511076291,0.143920651342828,0.930567814732087,0.933173588550313
-0.00708506270598123,0.044842858166821,8.67179209304388,0.137744222690428,0.933446049604635,0.935905722989627
-0.0218428018690501,0.032273046198212,7.32569191104631,0.128882411729361,0.937591237507664,0.93990704000439
0.00973268103269865,0.0327605154702714,5.18661376519951,0.125502898348518,0.939176877870042,0.941341592438725
-0.0195930599421032,-0.0223396952162537,6.29702705928964,0.114527344175013,0.944345039109014,0.946365859768836
0.0278815281721864,0.0184806403707343,7.54545078876538,0.113837043809298,0.944671036227689,0.946536745976658
-0.00539420830891545,0.0341681931198006,5.44043748966239,0.113098797850604,0.945019800379556,0.946730384188043
-0.0291231965867591,-0.0200845283868727,8.97223469757044,0.109437515968407,0.946751376780027,0.948309046040935
-0.0233300853351892,-0.0126999918545432,5.86386208992242,0.105161683867872,0.94877761693796,0.950182288520859
0.0266005238512082,-0.00976517735708067,6.35809737556534,0.0997600396364859,0.951343560026822,0.952595327868963
0.0285855767447918,-0.018310767501838,9.4799534162682,0.0861858660499433,0.957822372600292,0.958924947276859
0.0254115469168399,-0.00664798520729186,5.2539446631523,0.0820475436592965,0.959806313324428,0.960753179138296
-0.00237380009698636,0.0222884583697842,6.54598650701119,0.051572492872241,0.974543379467123,0.975344417918107
-0.00765660741253948,-0.017636741845451,7.84928143223888,0.029708939788776,0.985255313480027,0.985903081601973
0.00196659217882164,0.0154362537815837,5.99550209270724,0.0279137276276824,0.986140081667546,0.986626264123586
0.00649911224734546,0.0132748902015258,5.40996347378385,0.0257457484273242,0.987209626843588,0.987534046701243
-0.00142729969789154,0.0171032887683192,7.69549898443161,0.0240329337654082,0.988055442534893,0.988217764769579
0.00187126129900359,0.00867925640802688,6.55066856834379,0.00909510799729674,0.99546277046875,0.99546277046875
