uniprot	Xexp_1	Xexp_2	XNlim_1	XNlim_2	Aexp_1	Aexp_2	ANlim_1	ANlim_2	GexpUrea_1	GexpUrea_2	GNlimUrea_1	GNlimUrea_2
M7WWE2	0.000101012	8.81E-05	3.43E-05	3.19E-05	8.79E-05	9.13E-05	5.17E-05	4.39E-05	0.000145065	0.000146131	4.01E-05	3.10E-05
M7WXM9	2.34E-05	2.46E-05	7.27E-06	6.45E-06	3.25E-05	3.58E-05	1.38E-05	1.14E-05	7.14E-05	7.41E-05	1.22E-05	8.95E-06
M7X3L7	5.83E-05	4.77E-05	2.33E-05	2.65E-05	0.000117007	0.000128573	9.66E-05	8.65E-05	9.20E-05	9.99E-05	2.42E-05	1.85E-05
M7WQZ1	3.43E-05	3.68E-05	2.28E-05	2.01E-05	2.88E-05	3.35E-05	2.71E-05	2.39E-05	5.59E-05	5.34E-05	2.77E-05	2.18E-05
M7X4F3	1.07E-05	1.12E-05	3.54E-06	3.44E-06	2.86E-05	2.92E-05	2.05E-05	1.58E-05	3.66E-05	3.42E-05	6.72E-06	6.33E-06
M7XE29	1.20E-05	1.28E-05	5.27E-06	5.09E-06	7.55E-05	9.33E-05	6.71E-05	5.04E-05	2.91E-05	2.75E-05	7.06E-06	5.69E-06
M7WI96	3.67E-05	3.90E-05	2.53E-05	2.42E-05	2.92E-05	3.48E-05	2.64E-05	2.44E-05	5.62E-05	5.41E-05	3.34E-05	2.72E-05
M7WXB6	2.15E-05	1.96E-05	8.30E-06	7.72E-06	2.45E-05	2.57E-05	1.58E-05	1.32E-05	4.24E-05	4.47E-05	1.12E-05	9.16E-06
M7WWX9	5.42E-05	5.92E-05	1.50E-05	1.36E-05	3.91E-05	4.00E-05	1.88E-05	1.64E-05	7.21E-05	7.59E-05	1.80E-05	1.42E-05
M7X749	1.99E-05	2.26E-05	1.52E-05	1.43E-05	2.83E-05	3.29E-05	2.20E-05	1.77E-05	5.34E-05	5.07E-05	2.22E-05	1.83E-05
M7X3Z4	4.38E-05	5.10E-05	2.62E-05	2.25E-05	2.00E-05	2.29E-05	1.78E-05	1.65E-05	3.91E-05	3.83E-05	2.03E-05	1.53E-05
M7X6X3	7.02E-06	8.18E-06	3.98E-06	3.91E-06	2.95E-05	3.59E-05	2.69E-05	2.32E-05	1.20E-05	1.27E-05	5.59E-06	4.44E-06
M7WZ10	2.79E-05	3.17E-05	1.21E-05	1.04E-05	3.17E-05	3.53E-05	2.95E-05	2.68E-05	2.52E-05	2.44E-05	1.26E-05	1.05E-05
M7WKZ9	6.95E-05	7.14E-05	1.95E-05	1.87E-05	5.41E-05	5.35E-05	2.68E-05	2.25E-05	0.000110606	9.88E-05	2.68E-05	2.17E-05
M7XNL9	2.28E-05	2.66E-05	1.81E-05	1.62E-05	1.29E-05	1.60E-05	1.43E-05	1.32E-05	3.04E-05	2.76E-05	1.60E-05	1.27E-05
M7XF42	4.11E-05	4.01E-05	1.73E-05	1.61E-05	3.47E-05	4.16E-05	3.52E-05	3.08E-05	3.72E-05	3.60E-05	1.48E-05	1.14E-05
M7WHC9	5.47E-06	5.41E-06	1.24E-05	1.30E-05	9.97E-07	9.68E-07	1.41E-06	1.47E-06	1.07E-05	1.13E-05	1.16E-05	8.57E-06
M7XHF8	2.40E-05	2.52E-05	1.12E-05	9.94E-06	6.64E-05	7.80E-05	5.35E-05	4.47E-05	4.74E-05	4.49E-05	1.36E-05	1.13E-05
M7XQS8	4.65E-05	4.35E-05	4.96E-05	4.93E-05	1.83E-05	2.19E-05	2.24E-05	2.21E-05	5.30E-05	5.17E-05	5.07E-05	4.61E-05
M7WQK0	5.80E-05	6.03E-05	1.68E-05	1.65E-05	5.11E-05	4.99E-05	2.51E-05	2.12E-05	0.000110954	9.42E-05	3.04E-05	2.46E-05
M7WIJ4	1.76E-05	1.72E-05	6.63E-06	5.31E-06	1.62E-05	1.78E-05	9.66E-06	8.41E-06	2.92E-05	2.86E-05	9.00E-06	7.28E-06
M7WXX4	3.27E-05	3.38E-05	1.42E-05	1.51E-05	3.55E-05	4.36E-05	3.28E-05	2.85E-05	3.86E-05	3.68E-05	1.43E-05	1.11E-05
M7WKL7	1.39E-05	1.34E-05	5.18E-06	4.93E-06	6.22E-05	7.61E-05	2.23E-05	2.07E-05	4.17E-06	3.89E-06	3.21E-06	2.92E-06
M7XJ40	3.83E-06	4.45E-06	1.20E-06	1.15E-06	1.98E-05	2.10E-05	1.71E-05	1.23E-05	1.54E-05	1.45E-05	3.43E-06	3.21E-06
M7X8C7	0.000115934	0.000137994	5.35E-05	4.90E-05	1.88E-05	2.08E-05	1.50E-05	1.26E-05	2.23E-05	2.30E-05	1.39E-05	1.18E-05
M7XN51	1.96E-05	1.90E-05	1.19E-05	1.22E-05	4.52E-05	6.29E-05	2.41E-05	2.14E-05	5.59E-06	7.01E-06	1.11E-05	8.20E-06
M7XAS2	5.23E-05	5.38E-05	2.64E-05	2.43E-05	4.34E-05	4.30E-05	2.09E-05	1.83E-05	7.73E-05	7.63E-05	3.24E-05	2.59E-05
M7X113	5.26E-05	5.43E-05	2.61E-05	2.40E-05	5.19E-05	5.08E-05	2.44E-05	2.21E-05	9.75E-05	9.41E-05	3.76E-05	2.85E-05
M7WYP6	2.47E-05	3.04E-05	2.76E-05	2.65E-05	2.83E-05	3.37E-05	2.24E-05	2.15E-05	4.93E-05	4.54E-05	3.76E-05	3.05E-05
M7WVL3	3.66E-05	3.39E-05	1.11E-05	9.75E-06	3.20E-05	2.96E-05	1.37E-05	1.13E-05	5.92E-05	5.56E-05	2.05E-05	1.66E-05
M7X0F2	3.17E-05	3.10E-05	9.47E-06	8.66E-06	2.73E-05	2.66E-05	1.23E-05	1.03E-05	5.36E-05	5.56E-05	1.28E-05	1.05E-05
M7X2B5	1.36E-05	1.62E-05	7.21E-06	7.31E-06	1.37E-05	1.77E-05	1.03E-05	8.89E-06	5.00E-05	4.46E-05	1.23E-05	1.08E-05
M7X6Q6	2.84E-05	2.85E-05	1.04E-05	9.68E-06	3.35E-05	4.03E-05	3.77E-05	2.95E-05	3.16E-05	3.25E-05	1.18E-05	9.34E-06
M7WT03	4.75E-05	4.59E-05	1.40E-05	1.33E-05	4.17E-05	3.91E-05	1.96E-05	1.63E-05	7.59E-05	7.77E-05	1.75E-05	1.42E-05
M7X8D2	3.80E-05	3.95E-05	1.03E-05	1.02E-05	3.03E-05	2.86E-05	1.39E-05	1.12E-05	5.47E-05	5.51E-05	1.41E-05	1.13E-05
M7WJP1	3.67E-05	3.58E-05	1.03E-05	9.58E-06	3.12E-05	3.06E-05	1.51E-05	1.19E-05	6.12E-05	5.78E-05	1.37E-05	1.03E-05
M7WPZ9	5.05E-05	5.22E-05	1.63E-05	1.49E-05	4.05E-05	4.15E-05	1.98E-05	1.78E-05	8.05E-05	7.83E-05	2.85E-05	2.43E-05
M7WLM0	3.36E-05	3.62E-05	9.74E-06	8.87E-06	2.64E-05	2.66E-05	1.24E-05	1.00E-05	5.44E-05	4.89E-05	1.22E-05	9.42E-06
M7WRD8	3.07E-05	2.22E-05	1.65E-05	1.44E-05	2.75E-05	2.79E-05	1.33E-05	1.12E-05	4.44E-05	4.75E-05	1.19E-05	9.29E-06
M7X0R7	2.83E-05	3.26E-05	2.13E-05	1.99E-05	1.62E-05	1.86E-05	1.50E-05	1.41E-05	3.03E-05	2.74E-05	2.12E-05	1.70E-05
M7X3Q5	1.09E-05	9.19E-06	4.35E-06	4.16E-06	9.15E-06	8.40E-06	4.43E-06	3.55E-06	1.96E-05	1.90E-05	2.84E-06	2.28E-06
M7XLZ6	2.77E-05	2.84E-05	7.11E-06	6.66E-06	2.10E-05	2.04E-05	9.42E-06	8.10E-06	4.15E-05	3.92E-05	1.37E-05	1.10E-05
M7XKK7	3.44E-05	3.83E-05	2.02E-05	1.90E-05	2.85E-05	3.24E-05	1.51E-05	1.33E-05	5.52E-05	5.19E-05	2.29E-05	1.80E-05
M7XJG9	3.31E-05	3.50E-05	1.46E-05	1.41E-05	3.26E-05	3.64E-05	2.89E-05	2.79E-05	3.33E-05	3.18E-05	1.32E-05	1.12E-05
M7X5L6	3.15E-05	3.41E-05	8.49E-06	7.82E-06	2.65E-05	2.49E-05	1.17E-05	9.36E-06	4.92E-05	4.66E-05	1.52E-05	1.11E-05
M7WMJ7	4.84E-06	6.37E-06	9.44E-06	8.61E-06	2.59E-05	2.80E-05	2.53E-05	2.67E-05	1.90E-05	1.56E-05	1.32E-05	1.40E-05
M7WLD5	5.49E-07	5.22E-07	1.75E-07	1.36E-07	1.07E-05	1.28E-05	5.93E-06	5.57E-06	3.37E-07	3.67E-07	2.13E-07	2.09E-07
M7WYV8	3.24E-05	3.41E-05	1.55E-05	1.50E-05	3.05E-05	2.98E-05	1.46E-05	1.24E-05	5.40E-05	5.98E-05	2.29E-05	1.88E-05
M7X5F4	1.27E-05	1.64E-05	8.98E-06	8.83E-06	2.30E-05	2.85E-05	1.59E-05	1.33E-05	2.37E-05	2.22E-05	1.20E-05	9.27E-06
M7WXT3	4.06E-05	4.57E-05	1.20E-05	1.18E-05	3.52E-05	3.61E-05	1.64E-05	1.57E-05	6.72E-05	6.21E-05	2.51E-05	1.94E-05
M7XE86	4.13E-05	4.41E-05	1.15E-05	1.02E-05	3.36E-05	3.37E-05	1.64E-05	1.54E-05	5.45E-05	5.31E-05	1.84E-05	1.39E-05
M7XZ23	5.95E-05	6.90E-05	3.26E-05	2.80E-05	4.74E-05	4.92E-05	3.18E-05	2.63E-05	6.70E-05	5.83E-05	3.39E-05	2.91E-05
M7WW95	4.86E-06	5.36E-06	2.44E-06	2.10E-06	3.32E-05	4.07E-05	2.70E-05	2.48E-05	5.74E-06	5.56E-06	2.29E-06	1.92E-06
M7WMR9	1.69E-06	1.68E-06	1.10E-06	9.67E-07	2.21E-05	2.63E-05	1.42E-05	1.23E-05	1.61E-06	1.55E-06	1.42E-06	1.13E-06
M7X9F4	2.28E-05	1.90E-05	1.28E-05	1.39E-05	1.52E-05	1.77E-05	1.57E-05	1.40E-05	2.82E-05	2.48E-05	1.62E-05	1.29E-05
M7X689	8.08E-06	9.66E-06	6.68E-06	5.79E-06	1.36E-05	1.49E-05	8.77E-06	7.66E-06	1.91E-05	1.85E-05	8.84E-06	7.48E-06
M7X2U9	2.80E-05	3.55E-05	4.57E-05	4.28E-05	1.01E-05	1.30E-05	1.37E-05	1.51E-05	3.57E-05	3.81E-05	3.30E-05	2.94E-05
M7XDT3	3.47E-05	3.75E-05	1.61E-05	1.43E-05	3.73E-05	3.43E-05	1.57E-05	1.46E-05	7.04E-05	7.46E-05	2.65E-05	2.13E-05
M7X5D5	3.86E-05	4.10E-05	1.38E-05	1.29E-05	3.89E-05	3.78E-05	1.86E-05	1.64E-05	7.88E-05	7.65E-05	2.65E-05	2.12E-05
M7WTR2	3.59E-05	3.91E-05	1.90E-05	1.72E-05	3.07E-05	3.04E-05	1.49E-05	1.39E-05	5.72E-05	5.72E-05	2.08E-05	1.87E-05
M7XKU4	4.70E-05	4.92E-05	1.93E-05	1.94E-05	3.93E-05	4.02E-05	1.96E-05	1.71E-05	7.76E-05	7.77E-05	2.90E-05	2.40E-05
M7WPY7	2.64E-05	2.47E-05	6.82E-05	6.86E-05	7.64E-05	8.90E-05	6.92E-05	7.23E-05	5.47E-05	5.50E-05	7.56E-05	6.06E-05
M7XU45	4.02E-05	3.86E-05	1.77E-05	1.66E-05	3.23E-05	3.18E-05	1.46E-05	1.37E-05	6.08E-05	5.55E-05	2.36E-05	1.84E-05
M7XMR9	1.11E-05	1.12E-05	4.35E-06	3.92E-06	8.11E-06	8.96E-06	5.38E-06	4.93E-06	1.65E-05	1.69E-05	4.67E-06	3.95E-06
M7X3D9	3.23E-05	3.60E-05	9.40E-06	1.03E-05	3.26E-05	3.22E-05	1.78E-05	1.39E-05	5.56E-05	5.49E-05	1.34E-05	9.78E-06
M7WYS8	3.04E-05	3.09E-05	1.11E-05	1.00E-05	2.65E-05	2.61E-05	1.21E-05	1.04E-05	5.01E-05	4.75E-05	1.85E-05	1.50E-05
M7X6H4	1.36E-05	1.50E-05	4.45E-06	4.27E-06	1.02E-05	1.12E-05	8.12E-06	7.01E-06	1.81E-05	1.70E-05	5.71E-06	4.94E-06
M7XAY4	3.33E-05	3.61E-05	8.51E-06	8.34E-06	2.66E-05	2.51E-05	1.20E-05	1.08E-05	5.27E-05	5.70E-05	1.47E-05	1.08E-05
M7WQ86	7.14E-06	6.99E-06	4.02E-06	3.98E-06	1.96E-05	2.42E-05	1.43E-05	1.23E-05	1.00E-05	9.76E-06	6.35E-06	5.21E-06
M7XQ75	2.83E-05	2.63E-05	1.01E-05	1.02E-05	2.26E-05	2.21E-05	1.00E-05	8.82E-06	4.19E-05	4.05E-05	1.73E-05	1.39E-05
M7WZP5	1.56E-05	1.69E-05	6.74E-06	6.42E-06	1.41E-05	1.64E-05	1.30E-05	1.15E-05	1.58E-05	1.49E-05	6.43E-06	5.36E-06
M7X2E5	3.14E-05	3.17E-05	1.15E-05	1.10E-05	2.92E-05	2.74E-05	1.34E-05	1.19E-05	5.43E-05	5.32E-05	2.12E-05	1.66E-05
M7WM05	2.57E-05	2.60E-05	7.40E-06	6.81E-06	2.03E-05	1.98E-05	1.04E-05	8.73E-06	3.97E-05	4.43E-05	1.39E-05	1.11E-05
M7WNZ9	1.28E-05	1.55E-05	8.17E-06	7.89E-06	9.15E-06	1.08E-05	8.70E-06	6.99E-06	1.29E-05	1.16E-05	7.43E-06	6.17E-06
M7X1K0	3.02E-05	3.05E-05	1.21E-05	1.13E-05	2.84E-05	2.63E-05	1.33E-05	1.11E-05	5.14E-05	4.85E-05	1.89E-05	1.49E-05
M7WNW6	2.34E-05	2.47E-05	5.85E-06	5.48E-06	2.01E-05	1.87E-05	8.61E-06	7.07E-06	3.81E-05	3.81E-05	9.78E-06	7.66E-06
M7XFU8	3.41E-05	2.68E-05	1.40E-05	1.39E-05	2.77E-05	3.18E-05	2.73E-05	2.67E-05	3.19E-05	3.17E-05	1.06E-05	9.23E-06
M7XGB9	3.55E-05	3.68E-05	1.48E-05	1.40E-05	3.51E-05	3.45E-05	1.81E-05	1.61E-05	5.66E-05	5.17E-05	2.60E-05	1.89E-05
M7X5J4	2.22E-05	2.37E-05	7.26E-06	6.54E-06	2.04E-05	1.95E-05	8.65E-06	7.54E-06	4.04E-05	4.04E-05	1.15E-05	9.47E-06
M7WUU3	2.00E-05	1.99E-05	4.34E-06	4.09E-06	1.96E-05	2.25E-05	1.02E-05	8.30E-06	3.92E-05	3.88E-05	6.35E-06	4.95E-06
M7X0J3	2.25E-05	2.35E-05	1.21E-05	1.16E-05	1.47E-05	1.58E-05	1.18E-05	1.04E-05	2.85E-05	2.75E-05	1.37E-05	1.25E-05
M7X2T0	2.39E-05	2.50E-05	1.15E-05	1.12E-05	1.91E-05	1.82E-05	8.92E-06	8.13E-06	4.23E-05	4.04E-05	1.49E-05	1.15E-05
M7XBX1	2.29E-05	2.20E-05	1.28E-05	1.57E-05	1.87E-05	1.79E-05	1.06E-05	9.64E-06	3.75E-05	3.92E-05	1.82E-05	1.58E-05
M7X6Q2	3.73E-05	3.80E-05	1.89E-05	1.91E-05	3.18E-05	3.16E-05	1.46E-05	1.29E-05	6.37E-05	6.27E-05	2.52E-05	2.02E-05
M7XZM3	1.93E-05	2.19E-05	1.16E-05	1.08E-05	3.11E-05	3.68E-05	2.71E-05	2.49E-05	2.89E-05	2.81E-05	1.80E-05	1.46E-05
M7XRQ3	4.81E-06	3.75E-06	5.47E-06	4.82E-06	1.03E-05	1.12E-05	8.00E-06	7.59E-06	1.81E-05	1.63E-05	1.00E-05	8.71E-06
M7X2K5	1.95E-05	2.03E-05	6.13E-06	6.02E-06	1.89E-05	1.89E-05	9.01E-06	7.95E-06	3.48E-05	3.73E-05	1.31E-05	1.12E-05
M7XFR0	1.98E-06	2.16E-06	1.32E-06	1.20E-06	1.97E-05	2.15E-05	1.08E-05	8.89E-06	1.55E-06	1.52E-06	1.51E-06	1.13E-06
M7XJ98	1.56E-05	1.13E-05	1.06E-05	8.34E-06	1.58E-05	2.00E-05	1.66E-05	1.64E-05	1.66E-05	1.54E-05	9.44E-06	8.53E-06
M7XVW7	1.12E-05	1.15E-05	3.71E-06	3.47E-06	1.53E-05	1.70E-05	1.01E-05	8.82E-06	2.40E-05	2.31E-05	3.98E-06	3.43E-06
M7XJ56	2.86E-05	3.33E-05	9.69E-06	8.21E-06	2.62E-05	2.49E-05	1.19E-05	1.09E-05	4.16E-05	3.93E-05	1.57E-05	1.33E-05
M7WNA8	1.94E-05	1.91E-05	6.57E-06	6.76E-06	1.78E-05	1.84E-05	8.13E-06	7.69E-06	3.64E-05	3.60E-05	1.26E-05	1.05E-05
M7WPC7	2.24E-05	2.19E-05	5.25E-06	5.09E-06	1.66E-05	1.51E-05	7.15E-06	5.69E-06	3.16E-05	3.27E-05	7.36E-06	6.07E-06
M7WIG9	8.36E-06	8.83E-06	5.65E-06	5.72E-06	5.49E-06	5.89E-06	5.00E-06	4.57E-06	1.41E-05	1.35E-05	7.02E-06	6.12E-06
M7WR40	5.92E-06	6.57E-06	3.44E-06	3.55E-06	7.50E-06	9.28E-06	6.62E-06	5.75E-06	8.76E-06	8.62E-06	4.65E-06	4.06E-06
M7WR16	3.42E-05	3.31E-05	8.84E-06	8.57E-06	2.37E-05	2.24E-05	1.11E-05	8.73E-06	4.79E-05	4.96E-05	1.13E-05	8.83E-06
M7X2P0	4.43E-06	4.64E-06	3.13E-06	3.08E-06	8.51E-06	1.09E-05	9.20E-06	8.59E-06	3.27E-06	3.25E-06	5.67E-06	3.98E-06
M7WXT8	2.16E-05	2.19E-05	9.76E-06	9.73E-06	1.76E-05	1.70E-05	8.35E-06	7.21E-06	3.38E-05	3.33E-05	1.26E-05	1.07E-05
M7WR01	9.77E-06	1.01E-05	5.57E-06	5.10E-06	3.88E-06	4.63E-06	3.73E-06	3.42E-06	8.24E-06	7.94E-06	4.74E-06	3.90E-06
M7XFJ5	4.64E-06	8.00E-06	5.06E-05	8.03E-05	2.18E-05	2.21E-05	1.60E-05	1.81E-05	1.19E-05	4.23E-05	6.59E-05	4.63E-05
M7XXD2	2.04E-05	1.91E-05	9.37E-06	8.43E-06	1.50E-05	1.46E-05	6.67E-06	6.82E-06	3.23E-05	3.29E-05	1.11E-05	9.28E-06
M7XSC4	1.39E-07	1.80E-07	6.31E-08	5.26E-08	3.74E-06	4.58E-06	2.00E-06	1.73E-06	5.32E-07	5.13E-07	2.44E-07	1.92E-07
M7XM89	7.04E-07	8.96E-07	1.05E-06	1.03E-06	3.66E-07	4.16E-07	5.24E-07	5.52E-07	7.18E-07	7.06E-07	9.48E-07	7.47E-07
M7WMX7	1.11E-05	8.70E-06	6.29E-06	5.72E-06	1.36E-05	1.57E-05	1.27E-05	1.24E-05	1.27E-05	1.38E-05	8.59E-06	7.23E-06
M7XA66	2.44E-05	2.95E-05	9.83E-06	1.07E-05	2.47E-05	2.30E-05	1.16E-05	9.90E-06	4.65E-05	3.84E-05	1.73E-05	1.50E-05
M7WP66	2.80E-05	2.09E-05	2.94E-05	2.78E-05	8.43E-06	9.37E-06	1.07E-05	9.98E-06	2.91E-05	2.63E-05	3.02E-05	2.22E-05
M7WTN9	3.45E-05	4.15E-05	1.86E-05	1.71E-05	2.75E-06	3.76E-06	3.55E-06	3.35E-06	1.22E-06	1.10E-06	2.56E-06	1.97E-06
M7WZ44	1.03E-05	8.74E-06	3.52E-06	3.18E-06	1.46E-05	1.47E-05	6.55E-06	5.71E-06	3.13E-05	3.17E-05	5.85E-06	4.67E-06
M7XI84	9.60E-06	1.18E-05	3.96E-06	4.13E-06	1.01E-05	1.24E-05	1.05E-05	9.37E-06	1.13E-05	1.04E-05	4.38E-06	3.58E-06
M7X852	9.25E-06	8.31E-06	3.92E-06	3.71E-06	1.12E-05	1.24E-05	6.57E-06	5.80E-06	1.64E-05	1.67E-05	4.35E-06	3.93E-06
M7XE28	6.50E-06	5.37E-06	2.76E-06	2.60E-06	1.41E-05	1.55E-05	1.26E-05	1.17E-05	1.04E-05	1.01E-05	3.09E-06	2.49E-06
M7X3J1	6.84E-06	6.13E-06	2.24E-06	2.00E-06	6.61E-06	7.34E-06	3.75E-06	3.25E-06	3.76E-06	3.66E-06	2.93E-06	2.44E-06
M7XRX0	1.68E-05	1.38E-05	1.21E-05	1.09E-05	1.95E-05	1.84E-05	1.02E-05	9.15E-06	3.85E-05	3.35E-05	1.33E-05	1.14E-05
M7WME7	6.85E-06	5.39E-06	6.52E-06	6.93E-06	9.97E-06	1.13E-05	7.91E-06	7.60E-06	1.82E-05	1.76E-05	1.04E-05	9.11E-06
M7WH92	1.48E-05	1.50E-05	3.90E-06	3.66E-06	1.14E-05	1.13E-05	5.28E-06	4.72E-06	2.28E-05	2.17E-05	6.98E-06	5.69E-06
M7X560	3.33E-06	4.02E-06	1.66E-06	1.69E-06	8.77E-06	1.17E-05	9.97E-06	8.02E-06	5.22E-06	4.98E-06	2.69E-06	2.20E-06
M7WHD4	7.26E-06	1.22E-05	3.44E-06	3.36E-06	8.12E-06	8.21E-06	4.60E-06	4.03E-06	1.14E-05	1.02E-05	3.49E-06	2.74E-06
M7XMJ4	1.19E-05	1.34E-05	8.37E-06	7.95E-06	1.40E-05	1.66E-05	1.65E-05	1.67E-05	1.44E-05	1.35E-05	1.11E-05	9.26E-06
M7WU42	9.88E-06	9.54E-06	3.35E-06	3.13E-06	4.33E-06	5.87E-06	5.73E-06	4.76E-06	6.20E-06	6.61E-06	3.34E-06	2.32E-06
M7XEU6	5.41E-06	6.05E-06	2.64E-06	2.31E-06	2.46E-05	2.81E-05	1.89E-05	1.42E-05	1.20E-05	1.09E-05	3.79E-06	3.44E-06
M7WN97	2.17E-06	1.91E-06	1.13E-06	1.11E-06	9.31E-06	1.04E-05	6.93E-06	6.05E-06	7.05E-06	6.18E-06	1.49E-06	1.32E-06
M7XRJ6	8.78E-06	8.63E-06	6.06E-06	5.80E-06	5.94E-06	6.92E-06	5.33E-06	5.38E-06	1.27E-05	1.12E-05	6.75E-06	6.05E-06
M7XIE1	2.83E-05	3.00E-05	1.41E-05	1.34E-05	2.34E-05	2.26E-05	1.07E-05	9.32E-06	4.43E-05	4.22E-05	1.82E-05	1.44E-05
M7WN01	4.19E-06	3.84E-06	1.48E-06	1.43E-06	1.10E-05	1.14E-05	8.83E-06	6.68E-06	1.03E-05	9.92E-06	3.03E-06	2.81E-06
M7WGA7	4.44E-06	5.17E-06	3.68E-06	3.77E-06	3.44E-06	4.63E-06	4.23E-06	4.09E-06	5.17E-06	5.58E-06	6.10E-06	4.43E-06
M7XQ01	3.12E-06	3.60E-06	1.56E-06	1.57E-06	1.08E-05	1.15E-05	6.94E-06	6.44E-06	1.05E-05	1.02E-05	2.78E-06	2.45E-06
M7WRF4	3.42E-05	3.68E-05	1.93E-05	1.78E-05	2.98E-05	2.57E-05	1.45E-05	1.22E-05	4.81E-05	4.97E-05	2.10E-05	1.87E-05
M7X3I2	1.69E-05	1.80E-05	4.11E-06	4.09E-06	1.31E-05	1.29E-05	6.70E-06	5.71E-06	2.43E-05	2.54E-05	7.28E-06	6.26E-06
M7X6E8	2.78E-05	2.82E-05	9.60E-06	8.81E-06	2.66E-05	2.71E-05	1.35E-05	1.10E-05	5.03E-05	5.12E-05	1.67E-05	1.43E-05
M7X3N3	1.49E-05	1.38E-05	3.74E-06	3.30E-06	1.17E-05	1.19E-05	4.92E-06	4.17E-06	2.52E-05	2.42E-05	6.77E-06	5.47E-06
M7XJM1	4.78E-07	3.52E-07	1.79E-07	1.58E-07	3.56E-06	4.45E-06	2.91E-06	2.64E-06	3.98E-07	4.08E-07	2.00E-07	1.89E-07
M7XQH9	1.69E-06	1.63E-06	1.94E-06	2.00E-06	6.95E-06	7.81E-06	4.93E-06	5.60E-06	1.28E-06	1.40E-06	2.34E-06	1.86E-06
M7WK47	4.05E-05	3.77E-05	2.26E-05	2.19E-05	3.77E-05	3.72E-05	1.90E-05	1.45E-05	7.33E-05	7.37E-05	2.84E-05	1.96E-05
M7WUD3	1.33E-05	1.29E-05	3.09E-06	2.87E-06	4.75E-06	5.50E-06	2.92E-06	2.78E-06	4.08E-06	3.97E-06	4.54E-06	3.59E-06
M7XN95	5.22E-06	5.42E-06	4.58E-06	4.23E-06	1.08E-05	1.31E-05	1.03E-05	8.98E-06	9.74E-06	9.42E-06	4.45E-06	4.02E-06
M7WS17	1.79E-06	1.96E-06	2.01E-06	2.08E-06	1.71E-06	2.14E-06	2.09E-06	2.02E-06	6.18E-06	6.22E-06	3.06E-06	2.49E-06
M7XK72	2.25E-05	2.15E-05	8.91E-06	7.81E-06	2.18E-05	2.04E-05	1.06E-05	9.12E-06	4.03E-05	3.96E-05	1.43E-05	1.23E-05
M7XB33	1.70E-05	1.71E-05	3.66E-06	3.69E-06	1.28E-05	1.23E-05	6.00E-06	5.31E-06	2.04E-05	2.78E-05	5.37E-06	4.57E-06
M7WV44	1.71E-05	1.76E-05	8.04E-06	7.11E-06	1.59E-05	1.59E-05	7.48E-06	6.85E-06	2.77E-05	3.33E-05	1.10E-05	8.69E-06
M7X0X5	1.60E-05	1.82E-05	1.13E-05	1.17E-05	5.92E-06	7.19E-06	7.02E-06	6.17E-06	1.33E-05	1.19E-05	1.17E-05	8.98E-06
M7XGI7	1.75E-06	1.90E-06	6.54E-07	6.84E-07	5.79E-06	7.00E-06	4.00E-06	3.52E-06	3.45E-06	3.64E-06	1.09E-06	8.89E-07
M7WU96	4.40E-05	4.70E-05	1.49E-05	1.23E-05	4.22E-05	4.03E-05	2.15E-05	2.35E-05	7.75E-05	7.14E-05	1.53E-05	1.23E-05
M7XRG0	3.87E-05	4.01E-05	1.80E-05	2.05E-05	3.26E-05	3.15E-05	1.51E-05	1.53E-05	6.34E-05	6.04E-05	2.78E-05	2.28E-05
M7XLR4	4.09E-07	4.38E-07	8.20E-07	8.48E-07	3.89E-07	4.46E-07	5.57E-07	5.63E-07	8.47E-07	8.17E-07	8.85E-07	7.45E-07
M7WMY0	6.31E-06	7.34E-06	3.82E-06	3.69E-06	4.61E-06	5.36E-06	4.57E-06	4.64E-06	1.08E-05	1.05E-05	4.79E-06	3.66E-06
M7WY54	1.47E-06	2.59E-06	3.01E-06	3.04E-06	4.79E-06	5.41E-06	3.79E-06	3.65E-06	2.34E-06	2.27E-06	4.09E-06	3.23E-06
M7XGU7	8.06E-06	8.56E-06	2.79E-06	2.50E-06	5.51E-06	5.61E-06	2.93E-06	2.58E-06	9.06E-06	9.20E-06	2.49E-06	2.17E-06
M7WQF1	7.25E-07	8.17E-07	2.92E-07	2.67E-07	3.76E-06	4.76E-06	3.10E-06	2.90E-06	7.27E-07	6.73E-07	3.01E-07	2.72E-07
M7X2W2	4.59E-06	4.31E-06	2.21E-06	2.08E-06	2.43E-06	2.69E-06	2.06E-06	2.00E-06	5.19E-06	5.42E-06	2.47E-06	2.11E-06
M7XB76	1.74E-05	1.78E-05	6.08E-06	5.85E-06	1.74E-05	1.56E-05	7.70E-06	6.61E-06	3.60E-05	3.20E-05	1.27E-05	9.50E-06
M7WNY9	1.30E-05	1.19E-05	4.74E-06	4.43E-06	1.07E-05	1.05E-05	4.70E-06	4.43E-06	2.14E-05	2.20E-05	7.89E-06	5.67E-06
M7WZN9	4.87E-06	4.61E-06	3.44E-06	3.54E-06	4.54E-06	4.70E-06	3.80E-06	3.46E-06	1.01E-05	8.83E-06	5.07E-06	3.71E-06
M7X428	2.61E-05	2.79E-05	1.35E-05	1.35E-05	2.13E-05	2.11E-05	9.64E-06	9.18E-06	3.95E-05	4.21E-05	1.75E-05	1.37E-05
M7X347	2.38E-06	2.30E-06	7.37E-07	7.23E-07	5.08E-06	4.90E-06	4.81E-06	3.50E-06	6.43E-06	6.03E-06	2.03E-06	1.68E-06
M7XCH4	4.28E-06	4.83E-06	3.16E-06	3.43E-06	2.52E-06	2.83E-06	3.09E-06	2.95E-06	4.23E-06	4.35E-06	3.90E-06	3.39E-06
M7WUR7	4.03E-06	3.92E-06	4.19E-06	3.99E-06	3.81E-06	4.17E-06	3.86E-06	4.05E-06	4.65E-06	4.11E-06	5.70E-06	4.86E-06
M7WD54	3.51E-06	4.34E-06	2.63E-06	2.47E-06	5.34E-06	6.58E-06	5.71E-06	5.22E-06	6.38E-06	5.96E-06	3.41E-06	2.95E-06
M7WUI5	7.29E-06	8.74E-06	5.35E-06	5.03E-06	1.77E-06	1.99E-06	2.55E-06	2.62E-06	1.13E-05	1.11E-05	5.95E-06	5.19E-06
M7WT79	1.56E-05	1.68E-05	5.11E-06	4.47E-06	3.06E-06	4.83E-07	5.89E-07	3.39E-07	8.04E-07	1.01E-07	3.94E-07	3.69E-07
M7WRL6	5.52E-06	7.09E-06	5.70E-06	5.59E-06	7.28E-06	7.93E-06	5.54E-06	5.15E-06	3.06E-06	2.58E-06	4.82E-06	3.61E-06
M7WRH8	6.07E-06	5.41E-06	2.17E-06	2.22E-06	4.67E-06	5.02E-06	3.73E-06	3.28E-06	8.52E-06	9.55E-06	2.67E-06	2.45E-06
M7X4X3	5.01E-06	5.33E-06	1.64E-06	1.48E-06	7.08E-06	7.88E-06	4.43E-06	3.67E-06	8.41E-06	8.47E-06	1.96E-06	1.61E-06
M7WW42	7.92E-06	4.95E-06	2.89E-06	3.14E-06	1.20E-05	1.49E-05	1.32E-05	1.14E-05	1.04E-05	8.94E-06	3.59E-06	2.98E-06
M7XAZ8	1.91E-05	2.09E-05	9.80E-06	1.00E-05	1.89E-05	1.82E-05	8.09E-06	7.70E-06	4.33E-05	3.79E-05	1.33E-05	1.11E-05
M7WYL9	5.39E-06	5.84E-06	3.41E-06	2.93E-06	2.89E-06	3.24E-06	2.42E-06	2.27E-06	4.80E-06	4.76E-06	3.12E-06	2.56E-06
M7WXC3	2.32E-06	2.21E-06	1.64E-06	1.56E-06	3.32E-06	3.47E-06	1.97E-06	1.66E-06	5.93E-06	5.70E-06	1.95E-06	1.56E-06
M7X9Q1	3.52E-05	3.42E-05	1.83E-05	1.57E-05	2.03E-05	2.31E-05	1.21E-05	1.03E-05	3.96E-05	3.59E-05	1.94E-05	1.54E-05
M7X791	2.98E-05	3.21E-05	1.04E-05	9.24E-06	2.61E-06	3.10E-06	2.12E-06	2.05E-06	2.20E-06	2.60E-06	1.81E-06	1.87E-06
M7X710	8.24E-06	8.96E-06	3.06E-06	2.89E-06	5.52E-06	5.57E-06	3.05E-06	2.65E-06	8.73E-06	7.87E-06	2.97E-06	2.60E-06
M7WKI7	2.61E-05	1.75E-05	1.52E-05	1.25E-05	3.22E-06	3.09E-06	1.05E-06	9.06E-07	9.80E-06	1.05E-05	6.96E-07	5.14E-07
M7WKC4	8.91E-06	8.46E-06	4.10E-06	4.13E-06	4.45E-06	5.36E-06	3.00E-06	2.95E-06	7.69E-06	7.37E-06	3.93E-06	3.03E-06
M7WS38	6.62E-08	8.67E-08	8.07E-08	9.32E-08	1.77E-06	2.21E-06	1.20E-06	1.15E-06	6.22E-08	5.90E-08	1.25E-07	9.45E-08
M7X9L2	1.02E-05	1.17E-05	1.64E-05	1.71E-05	4.07E-06	4.64E-06	5.17E-06	4.96E-06	9.56E-06	8.89E-06	1.34E-05	1.34E-05
M7WG58	4.42E-06	4.49E-06	1.48E-06	1.37E-06	4.47E-06	4.62E-06	1.94E-06	1.74E-06	1.07E-05	1.04E-05	1.73E-06	1.39E-06
M7WEI6	2.34E-05	2.18E-05	4.21E-05	4.85E-05	3.66E-05	4.23E-05	2.84E-05	3.04E-05	2.35E-05	2.34E-05	6.28E-05	5.51E-05
M7WQF0	5.56E-06	4.12E-06	9.81E-06	9.77E-06	1.05E-05	1.20E-05	1.01E-05	1.01E-05	1.08E-05	1.09E-05	6.82E-06	6.05E-06
M7WJY9		1.42E-05		7.09E-06	1.14E-05	1.04E-05	6.06E-06	5.84E-06	1.13E-05		8.38E-06	6.77E-06
M7WT18	1.54E-05	1.54E-05	7.56E-06	7.45E-06	1.19E-05	1.11E-05	5.28E-06	4.68E-06	2.40E-05	2.43E-05	9.86E-06	8.11E-06
M7XKL5	1.01E-05	9.77E-06	5.14E-06	6.14E-06	6.81E-06	6.90E-06	7.14E-06	5.92E-06	1.12E-05	1.05E-05	6.68E-06	6.95E-06
M7WQS8		1.42E-05		3.37E-06	1.18E-05	1.28E-05	6.05E-06	5.12E-06			4.70E-06	3.78E-06
M7XLS1	1.96E-05	2.05E-05	1.23E-05	1.10E-05	1.78E-05	1.74E-05	7.86E-06	7.98E-06	3.54E-05	3.48E-05	1.43E-05	1.07E-05
M7X1F6	1.53E-05	1.86E-05	9.62E-06	1.00E-05	1.73E-05	1.65E-05	8.03E-06	7.39E-06	2.60E-05	2.74E-05	1.23E-05	1.14E-05
M7X1E3	8.27E-06	7.20E-06	2.41E-06	2.31E-06	5.76E-06	6.91E-06	4.26E-06	3.89E-06	1.15E-05	1.03E-05	2.55E-06	2.29E-06
M7WUE8	3.23E-06	3.21E-06	6.13E-06	5.82E-06	5.44E-06	5.26E-06	4.86E-06	5.03E-06	8.47E-06	5.08E-06	7.09E-06	6.57E-06
M7WXP8	3.63E-06	2.91E-06	1.93E-06	1.79E-06	3.81E-06	3.95E-06	2.04E-06	1.68E-06	8.05E-06	8.06E-06	1.99E-06	1.66E-06
M7X4L7	2.15E-06	2.06E-06	8.23E-07	7.92E-07	2.60E-06	2.95E-06	1.43E-06	1.20E-06	5.38E-06	5.32E-06	1.15E-06	8.57E-07
M7WJJ9	1.89E-06	1.89E-06	9.35E-07	8.50E-07	8.51E-07	1.05E-06	9.15E-07	7.77E-07	1.89E-06	1.85E-06	9.31E-07	7.73E-07
M7XGE1	1.83E-05	2.10E-05	1.25E-05	1.23E-05	1.46E-05	1.74E-05	1.43E-05	1.51E-05	1.44E-05	1.59E-05	8.76E-06	7.18E-06
M7WYS7	3.08E-07	2.55E-07	1.26E-07	1.30E-07	4.18E-06	4.30E-06	4.57E-06	3.29E-06	5.19E-07	5.83E-07	9.23E-07	7.65E-07
M7WFC5	5.35E-06	3.89E-06	3.38E-06	3.53E-06	1.60E-05	1.93E-05	1.57E-05	1.24E-05	1.06E-05	9.63E-06	6.57E-06	5.05E-06
M7WWV0	1.34E-06	1.51E-06	4.03E-07	4.53E-07	4.27E-06	4.70E-06	2.26E-06	1.90E-06	1.42E-06	1.34E-06	3.90E-07	3.12E-07
M7WL18	5.11E-06	5.29E-06	2.11E-06	1.94E-06	9.04E-06	9.72E-06	4.82E-06	4.29E-06	6.52E-06	7.60E-06	2.46E-06	2.09E-06
M7XG68	1.17E-05	1.24E-05	2.92E-06	2.98E-06	8.88E-06	9.16E-06	4.33E-06	3.65E-06	2.03E-05	1.94E-05	3.76E-06	3.05E-06
M7XHB6	1.36E-05	1.19E-05	1.81E-05	1.73E-05	9.83E-06	1.12E-05	9.97E-06	9.09E-06	1.92E-05	1.67E-05	2.31E-05	1.83E-05
M7WV85	1.61E-06	9.39E-07	1.15E-06	1.13E-06	2.40E-06	3.06E-06	2.79E-06	2.53E-06	4.17E-06	4.69E-06	1.72E-06	1.41E-06
M7XSU0	2.18E-06	2.90E-06	2.88E-06	2.93E-06	1.46E-06	2.04E-06	2.24E-06	2.01E-06	6.50E-06	7.66E-06	3.72E-06	2.90E-06
M7XLD8	7.05E-06	7.96E-06	4.32E-06	4.18E-06	4.29E-06	4.31E-06	2.96E-06	2.88E-06	8.17E-06	7.66E-06	5.49E-06	4.67E-06
M7WLT0	2.51E-05	3.03E-05	1.22E-05	1.24E-05	1.89E-05	1.67E-05	8.14E-06	7.93E-06	4.31E-05	4.18E-05	1.57E-05	1.29E-05
M7X7E9	3.12E-06	3.53E-06	5.98E-06	6.55E-06	4.89E-06	5.19E-06	3.91E-06	3.81E-06	8.33E-06	9.56E-06	6.33E-06	5.42E-06
M7WW62	1.08E-07	1.07E-07	4.05E-08	3.18E-08	2.17E-06	2.51E-06	1.63E-06	1.57E-06	1.95E-07	1.57E-07	6.00E-08	4.63E-08
M7WM30	2.57E-06	2.64E-06	1.61E-06	1.45E-06	4.30E-06	4.63E-06	3.13E-06	2.73E-06	4.91E-06	4.32E-06	1.76E-06	1.64E-06
M7WJX3	5.07E-06	5.77E-06	2.70E-06	2.68E-06	3.08E-06	2.99E-06	2.32E-06	2.16E-06	5.89E-06	5.05E-06	3.01E-06	2.46E-06
M7XJJ4	1.94E-06	2.17E-06	9.62E-07	8.64E-07	4.90E-06	5.38E-06	4.90E-06	4.13E-06	2.93E-06	2.54E-06	1.52E-06	1.30E-06
M7WYE0	1.62E-05	1.44E-05	1.90E-05	2.09E-05	2.63E-05	2.48E-05	1.87E-05	2.19E-05	3.22E-05	2.91E-05	1.76E-05	1.82E-05
M7X0P7	7.19E-06	7.76E-06	5.46E-06	4.78E-06	8.75E-06	9.02E-06	4.27E-06	4.30E-06	2.52E-05	2.39E-05	4.56E-06	3.48E-06
M7WQ96	4.69E-06	2.67E-06	7.02E-06	6.11E-06	3.55E-06	3.77E-06	2.73E-06	2.89E-06	5.45E-06	6.96E-06	6.53E-06	5.73E-06
M7Y042	5.69E-06	6.46E-06	2.80E-06	2.78E-06	5.32E-06	5.86E-06	3.65E-06	3.25E-06	7.99E-06	7.41E-06	4.11E-06	3.15E-06
M7WKF8	2.89E-06	3.17E-06	1.42E-06	1.24E-06	7.46E-06	8.61E-06	6.54E-06	5.43E-06	4.82E-06	5.26E-06	1.74E-06	1.45E-06
M7WNN8	3.60E-06	3.56E-06	1.58E-06	1.45E-06	3.13E-06	3.41E-06	3.03E-06	2.79E-06	3.70E-06	2.83E-06	1.41E-06	1.36E-06
M7WNR0	1.10E-05	1.10E-05	4.18E-06	4.21E-06	1.07E-05	1.04E-05	4.83E-06	4.08E-06	1.95E-05	2.08E-05	7.44E-06	6.36E-06
M7WXS9	1.51E-06	1.24E-06	1.35E-06	1.31E-06	3.66E-06	3.82E-06	2.31E-06	1.92E-06	3.29E-06	3.23E-06	1.66E-06	1.37E-06
M7WTI0	3.70E-06	4.00E-06	2.33E-06	2.08E-06	2.20E-06	2.52E-06	2.01E-06	1.71E-06	5.56E-06	5.71E-06	2.62E-06	2.18E-06
M7WTW2	1.10E-05	8.51E-06	4.63E-06	4.57E-06	4.63E-06	4.69E-06	3.67E-06	3.23E-06	7.85E-06	7.16E-06	4.01E-06	3.32E-06
M7WMH0	3.25E-06	2.71E-06	1.19E-06	1.20E-06	2.49E-05	2.77E-05	1.86E-05	1.59E-05	3.39E-06	3.30E-06	1.22E-06	1.01E-06
M7WV92	5.45E-06	2.80E-06	4.57E-06	4.21E-06	9.59E-06	1.00E-05	5.13E-06	4.76E-06	1.57E-05	1.55E-05	8.44E-06	6.84E-06
M7XPZ4	1.12E-05	1.14E-05	3.05E-06	2.79E-06	9.25E-06	9.34E-06	4.71E-06	3.33E-06	2.48E-05	1.92E-05	4.84E-06	4.19E-06
M7X4D0	9.40E-06	9.47E-06	4.46E-06	4.23E-06	2.80E-06	2.96E-06	2.01E-06	1.79E-06	3.56E-06	3.13E-06	2.37E-06	1.89E-06
M7WVH9	2.25E-06	2.81E-06	3.87E-06	3.93E-06	4.65E-06	5.45E-06	3.85E-06	3.84E-06	2.83E-06	2.74E-06	6.52E-06	6.45E-06
M7XIK9	6.69E-06	5.45E-06	3.58E-06	3.23E-06	3.57E-06	3.94E-06	2.60E-06	2.45E-06	8.03E-06	7.85E-06	3.46E-06	2.83E-06
M7X6H1	6.16E-06	6.76E-06	3.28E-06	3.15E-06	3.41E-06	3.99E-06	2.16E-06	2.04E-06	5.50E-06	4.91E-06	2.87E-06	2.51E-06
M7XDN2	5.65E-06	5.83E-06	2.53E-06	2.86E-06	3.18E-06	3.54E-06	2.75E-06	2.41E-06	6.42E-06	5.74E-06	3.56E-06	3.24E-06
M7XLU8	7.53E-06	7.67E-06	6.71E-06	6.08E-06	8.63E-06	1.01E-05	7.82E-06	6.80E-06	1.32E-05	1.20E-05	8.98E-06	6.87E-06
M7WTM4	3.19E-06	3.27E-06		1.64E-06	3.88E-06	3.51E-06	1.94E-06	1.54E-06	5.31E-06	6.12E-06	1.95E-06	1.49E-06
M7WQ15	2.80E-06	3.09E-06	7.38E-06	7.58E-06	4.45E-06	5.60E-06	3.45E-06	3.36E-06	4.05E-06	4.22E-06	1.40E-05	1.02E-05
M7WEG7	1.43E-06	1.41E-06	4.74E-07	4.60E-07	1.14E-06	1.05E-06	5.25E-07	4.32E-07	2.97E-06	2.87E-06	5.08E-07	4.31E-07
M7X3F9	2.85E-06	3.08E-06	1.56E-06	1.61E-06	2.53E-06	2.77E-06	1.64E-06	1.33E-06	4.61E-06	4.96E-06	1.98E-06	1.66E-06
M7XYI4	2.48E-05	2.36E-05	1.34E-05	1.30E-05	2.30E-05	2.10E-05	9.79E-06	9.16E-06	4.59E-05	4.33E-05	1.89E-05	1.49E-05
M7XG88	4.05E-06	4.42E-06	5.80E-06	5.80E-06	2.52E-06	2.68E-06	2.91E-06	3.24E-06	4.92E-06	5.92E-06	7.06E-06	6.89E-06
M7XXN8	3.00E-06	1.22E-06	1.61E-06	1.54E-06	2.87E-06	2.84E-06	1.73E-06	1.63E-06	5.52E-06	5.45E-06	1.79E-06	1.51E-06
M7XK01	3.62E-06	2.90E-06	1.67E-06	1.92E-06	4.12E-06	4.87E-06	3.79E-06	3.36E-06	3.99E-06	4.20E-06	2.61E-06	2.17E-06
M7WUM6	8.46E-06	7.26E-06	5.30E-06	5.69E-06	8.14E-06	1.00E-05	5.87E-06	6.20E-06	1.11E-05	9.61E-06	1.06E-05	9.00E-06
M7XHY3	2.77E-06	3.27E-06	1.36E-06	1.44E-06	2.57E-06	2.65E-06	1.97E-06	1.70E-06	4.10E-06	4.56E-06	2.22E-06	2.12E-06
M7X3L3	2.36E-06	2.81E-06	3.40E-06	3.71E-06	6.20E-06	6.39E-06	3.46E-06	3.08E-06	1.17E-05	1.24E-05	3.77E-06	3.60E-06
M7WSH7	5.43E-06	4.85E-06	2.22E-06	2.39E-06	2.93E-06	3.06E-06	2.21E-06	2.01E-06	5.68E-06	5.15E-06	2.17E-06	1.89E-06
M7XKW6	1.44E-06	1.42E-06	8.11E-07	8.26E-07	1.39E-06	1.59E-06	1.11E-06	1.02E-06	3.59E-06	3.72E-06	1.10E-06	9.19E-07
M7XJI6	3.05E-06	3.52E-06	2.28E-06	2.08E-06	1.89E-06	1.94E-06	1.44E-06	1.28E-06	2.56E-06	2.51E-06	1.84E-06	1.40E-06
M7WK27	8.66E-07	8.46E-07	2.39E-06	2.37E-06	1.26E-06	1.44E-06	1.11E-06	1.10E-06	3.87E-06	4.14E-06	2.49E-06	2.23E-06
M7X1R6	2.11E-06	2.21E-06	8.88E-07	8.30E-07	1.22E-06	1.32E-06	7.63E-07	6.96E-07	2.06E-06	2.09E-06	8.60E-07	6.74E-07
M7X5A4	2.94E-06	2.23E-06	3.52E-06	3.80E-06	4.03E-06	4.76E-06	3.31E-06	3.14E-06	9.63E-06	9.47E-06	4.99E-06	4.87E-06
M7XRN2	2.41E-06	2.76E-06	1.26E-06	1.23E-06	5.35E-06	6.82E-06	4.24E-06	3.62E-06	4.52E-06	4.72E-06	1.65E-06	1.68E-06
M7WY92	7.51E-07	7.72E-07	3.22E-07	3.16E-07	3.69E-07	4.76E-07	3.79E-07	3.53E-07	1.18E-06	1.17E-06	3.66E-07	2.94E-07
M7X6R9	3.28E-06	3.05E-06	1.55E-06	1.57E-06	4.02E-06	3.86E-06	2.12E-06	1.89E-06	6.78E-06	6.64E-06	1.87E-06	1.47E-06
M7X0G6	1.15E-05	1.47E-05	6.60E-06	5.38E-06	8.25E-06	7.95E-06	4.25E-06	4.51E-06	1.36E-05	1.23E-05	7.96E-06	6.87E-06
M7WR65	2.68E-06	2.76E-06	1.19E-06	1.20E-06	5.28E-06	5.93E-06	4.10E-06	3.58E-06	4.05E-06	3.73E-06	1.75E-06	1.57E-06
M7WQW2	1.52E-05	1.54E-05		5.67E-06	9.01E-06	8.78E-06	2.13E-05	5.42E-06			1.18E-05	1.08E-05
M7XQ32	2.29E-06	3.69E-06	7.90E-07	8.15E-07	1.88E-06	2.18E-06	1.52E-06	1.28E-06	3.86E-06	3.99E-06	1.14E-06	8.63E-07
M7WLQ0	1.22E-07	1.33E-07	8.48E-08	7.49E-08	2.21E-06	2.39E-06	9.18E-07	8.54E-07	7.08E-08	4.95E-08	8.07E-08	6.28E-08
M7X369	1.86E-06	1.86E-06	7.33E-07	6.97E-07	2.47E-06	2.96E-06	1.81E-06	1.62E-06	3.47E-06	3.71E-06	8.59E-07	7.04E-07
M7X639	1.96E-06	2.42E-06	1.15E-06	1.55E-06	1.14E-06	1.73E-06	1.47E-06	1.37E-06	1.63E-06	1.41E-06	1.44E-06	1.45E-06
M7XPE3	3.09E-06	3.77E-06	1.47E-06	1.45E-06	3.82E-06	4.41E-06	2.98E-06	2.76E-06	5.89E-06	5.14E-06	2.12E-06	1.95E-06
M7X3V9	1.77E-06	1.74E-06	7.46E-07	6.87E-07	1.30E-06	1.34E-06	7.19E-07	6.37E-07	2.42E-06	2.27E-06	6.16E-07	5.00E-07
M7X4Y4	6.46E-06	5.39E-06	6.08E-06	7.06E-06	1.31E-05	1.54E-05	1.30E-05	9.80E-06	5.46E-06	5.08E-06	7.33E-06	6.17E-06
M7XCQ6	1.55E-05	1.66E-05	4.34E-06	4.15E-06	1.48E-06	1.24E-06	9.01E-07	8.15E-07	3.03E-06	2.19E-06	4.76E-07	6.63E-07
M7X5S9	2.80E-06	3.17E-06	4.95E-06	4.65E-06	1.22E-05	1.39E-05	7.48E-06	7.72E-06	7.35E-06	7.15E-06	5.36E-06	4.58E-06
M7WL95	8.40E-07	9.11E-07	2.40E-07	2.31E-07	1.05E-06	1.18E-06	5.66E-07	4.75E-07	2.15E-06	1.99E-06	2.78E-07	2.18E-07
M7X137	3.82E-06	3.76E-06	1.32E-06	1.21E-06	2.20E-06	2.26E-06	1.19E-06	1.05E-06	3.69E-06	3.87E-06	1.14E-06	9.88E-07
M7XIF3	1.04E-06	1.02E-06	1.78E-06	1.86E-06	1.44E-06	1.49E-06	8.44E-07	9.12E-07	6.68E-07	1.15E-06	1.90E-06	1.20E-06
M7WP44	2.00E-06	2.53E-06	1.24E-06	1.35E-06	1.89E-06	2.04E-06	1.38E-06	1.13E-06	4.22E-06	3.64E-06	1.41E-06	1.22E-06
M7WVW2	3.33E-06	3.75E-06	1.78E-06	1.73E-06	4.54E-06	4.97E-06	3.67E-06	3.19E-06	5.11E-06	4.71E-06	2.04E-06	1.90E-06
M7X3R8	8.34E-06	6.99E-06	3.06E-06	4.01E-06	3.81E-06	4.50E-06	2.78E-06	2.69E-06	8.17E-06	7.64E-06	4.13E-06	3.61E-06
M7X3S2	6.96E-06	8.15E-06	1.69E-05	1.52E-05	2.10E-05	2.43E-05	1.91E-05	1.98E-05	1.45E-05	1.66E-05	2.23E-05	1.82E-05
M7X8U4	6.77E-06	8.09E-06	1.73E-06	1.53E-06	4.91E-06	5.53E-06	2.51E-06	2.16E-06	1.16E-05	1.02E-05	3.15E-06	2.17E-06
M7XMK6	3.86E-06	4.18E-06	2.63E-06	2.60E-06	3.98E-06	4.51E-06	4.18E-06	3.87E-06	4.31E-06	3.95E-06	3.25E-06	3.28E-06
M7X4K6	1.57E-06	1.77E-06	1.49E-06	1.59E-06	1.08E-06	1.25E-06	1.30E-06	1.14E-06	1.91E-06	1.79E-06	1.79E-06	1.44E-06
M7WWW0	5.78E-06	6.59E-06	5.31E-06	4.96E-06	3.78E-06	4.69E-06	3.84E-06	3.61E-06	1.02E-05	8.96E-06	5.75E-06	4.95E-06
M7WSW5	5.21E-07	6.69E-07	7.39E-07	7.65E-07	2.78E-07	3.35E-07	4.13E-07	3.61E-07	5.10E-07	5.37E-07	6.74E-07	5.48E-07
M7XZV4	1.72E-06	2.07E-06	1.02E-06	8.25E-07	1.06E-06	1.26E-06	9.51E-07	8.12E-07	1.61E-06	1.42E-06	8.71E-07	7.79E-07
M7WXU4	8.21E-06	8.12E-06	3.68E-06	2.08E-06	6.65E-06	6.03E-06	2.90E-06	2.40E-06	1.46E-05	1.38E-05	4.18E-06	3.85E-06
M7XQA8	2.07E-06	2.15E-06	8.76E-07	8.32E-07	1.03E-06	1.18E-06	9.52E-07	9.00E-07	2.21E-06	2.20E-06	9.40E-07	7.94E-07
M7WI20	6.74E-06	7.26E-06	6.53E-06	6.94E-06	7.91E-06	7.93E-06	9.27E-06	8.82E-06	6.60E-06	7.18E-06	7.17E-06	5.78E-06
M7X207	1.46E-06	7.99E-07	7.02E-07	9.06E-07	3.51E-06	4.20E-06	2.07E-06	2.10E-06	1.60E-06	1.46E-06	2.49E-06	2.04E-06
M7WYA2	1.65E-06	9.67E-07	6.44E-07	6.22E-07	1.40E-06	1.40E-06	6.70E-07	6.20E-07	3.49E-06	3.66E-06	8.67E-07	6.81E-07
M7WLQ9	1.39E-05	1.64E-05	4.96E-06	4.38E-06	1.41E-05	1.19E-05	5.66E-06	6.13E-06	2.66E-05	2.72E-05	7.93E-06	6.55E-06
M7WWD3	1.39E-06	1.41E-06	6.71E-07	6.88E-07	7.89E-07	8.19E-07	6.52E-07	5.71E-07	1.56E-06	1.46E-06	8.69E-07	6.88E-07
M7XEQ5	3.29E-06	3.61E-06	1.68E-06	1.84E-06	1.04E-06	1.24E-06	1.07E-06	1.09E-06	2.15E-06	2.05E-06	1.80E-06	1.40E-06
M7X0Z1	1.26E-06	9.78E-07	7.25E-07	6.97E-07	2.72E-06	2.86E-06	1.32E-06	1.18E-06	5.19E-06	4.86E-06	1.10E-06	8.54E-07
M7WQ42	6.36E-06	6.98E-06	3.32E-06	3.57E-06	6.05E-06	5.11E-06	2.29E-06	1.99E-06	1.04E-05	1.01E-05	4.75E-06	4.20E-06
M7X9Y7	2.06E-06	2.25E-06	2.85E-06	2.46E-06	2.08E-06	2.34E-06	2.19E-06	1.76E-06	6.37E-06	6.12E-06	3.84E-06	3.77E-06
M7WUJ6	8.38E-07	8.35E-07	3.71E-07	2.37E-07	2.87E-06	3.56E-06	1.78E-06	1.47E-06	8.76E-07	9.72E-07	2.66E-07	2.37E-07
M7XYF6	9.61E-07	5.96E-07	1.01E-06	1.10E-06	5.17E-06	5.22E-06	2.67E-06	2.62E-06	2.82E-06	2.65E-06	1.76E-06	1.41E-06
M7XIR7	1.95E-06	1.47E-06	1.37E-06	1.39E-06	1.46E-06	1.57E-06	1.12E-06	1.09E-06	2.58E-06	2.40E-06	1.21E-06	1.08E-06
M7XP32	1.44E-06	1.78E-06	1.63E-06	1.55E-06	5.30E-06	5.33E-06	3.68E-06	3.36E-06	6.86E-06	6.07E-06	3.66E-06	2.78E-06
M7WP10	2.65E-06	3.33E-06	2.23E-06	2.30E-06	1.36E-06	1.51E-06	1.52E-06	1.37E-06	3.82E-06	3.28E-06	2.68E-06	2.19E-06
M7XDY4	6.24E-06	7.12E-06	2.91E-06	2.95E-06	3.14E-06	3.24E-06	2.67E-06	2.35E-06	5.16E-06	5.19E-06	2.74E-06	2.13E-06
M7XJK1	2.69E-06	2.24E-06	2.70E-06	2.76E-06	2.79E-06	2.80E-06	1.83E-06	1.65E-06	5.36E-06	5.33E-06	3.43E-06	3.21E-06
M7XLP5	2.71E-06	3.05E-06	2.35E-06	2.18E-06	1.21E-06	1.45E-06	1.16E-06	1.00E-06	2.04E-06	2.21E-06	2.52E-06	1.95E-06
M7XGH5	1.27E-05	1.62E-05	4.87E-06	4.09E-06	2.38E-06	2.99E-06	3.06E-06	3.20E-06	1.84E-06	1.90E-06	2.03E-06	1.90E-06
M7X688	3.28E-06	3.84E-06	1.48E-06	1.47E-06	2.97E-06	3.10E-06	1.59E-06	1.44E-06	7.09E-06	6.42E-06	1.68E-06	1.30E-06
M7WWH0	5.75E-06	7.10E-06	6.10E-06	2.74E-06	4.13E-07	4.72E-07	2.85E-07	2.53E-07	3.38E-07	3.27E-07	1.72E-07	1.62E-07
M7X2K8				2.45E-06	2.73E-06	2.82E-06					2.70E-06	2.82E-06
M7XZD3	2.92E-06	3.19E-06	1.44E-06	1.22E-06	1.45E-06	1.47E-06	9.74E-07	8.62E-07	3.41E-06	2.95E-06	1.46E-06	1.10E-06
M7WMF3	5.63E-06	6.53E-06	2.70E-06	2.39E-06	8.60E-06	9.88E-06	6.54E-06	6.36E-06	6.54E-06	6.26E-06	3.43E-06	3.14E-06
M7WRA8	1.42E-06	1.36E-06	2.02E-06	2.18E-06	1.13E-06	1.24E-06	7.36E-07	7.59E-07	5.20E-07	1.28E-06	1.63E-06	1.00E-06
M7XM07	1.72E-06	1.44E-06	7.75E-07	8.62E-07	3.31E-06	3.26E-06	1.26E-06	1.30E-06	8.18E-06	7.24E-06	1.81E-06	1.46E-06
M7WX81	1.91E-06	2.18E-06	1.39E-06	1.22E-06	1.43E-06	1.55E-06	1.11E-06	1.11E-06	2.94E-06	3.29E-06	1.77E-06	1.48E-06
M7WM06	2.46E-06	2.98E-06	1.51E-06	1.86E-06	2.19E-06	2.52E-06	2.36E-06	2.45E-06	3.05E-06	2.72E-06	2.72E-06	2.28E-06
M7WSE0	3.49E-06	3.94E-06	1.68E-06	1.50E-06	2.86E-06	3.28E-06	2.09E-06	1.80E-06	1.09E-05	4.51E-06	2.18E-06	1.79E-06
M7WF78	2.71E-06	2.62E-06	1.44E-06	1.10E-06	1.57E-06	1.61E-06	9.82E-07	8.87E-07	3.41E-06	3.12E-06	1.29E-06	1.24E-06
M7WZ88	1.56E-07	1.76E-07	1.10E-07	9.49E-08	8.06E-07	1.05E-06	1.50E-06	1.36E-06	1.39E-07	1.32E-07	3.76E-07	4.31E-07
M7WDP6	2.95E-06	2.87E-06	1.51E-06	1.59E-06	4.41E-06	5.62E-06	3.14E-06	2.73E-06	4.98E-06	4.67E-06	2.39E-06	2.01E-06
M7WTD9	2.26E-06	2.42E-06	8.01E-07	8.38E-07	1.50E-06	1.45E-06	8.86E-07	7.56E-07	2.71E-06	2.52E-06	8.79E-07	7.52E-07
M7XKV3	1.29E-06	1.37E-06	4.35E-06	4.13E-06	2.82E-06	3.25E-06	2.38E-06	2.31E-06	3.54E-06	4.40E-06	4.30E-06	3.45E-06
M7WVT6	4.83E-06	4.95E-06	1.42E-06	1.35E-06	7.65E-07	7.56E-07	4.31E-07	4.11E-07	8.79E-07	8.96E-07	4.99E-07	4.39E-07
M7WTL0	3.15E-06	4.10E-06	1.44E-06	1.36E-06	2.18E-06	2.35E-06	1.19E-06	1.04E-06	3.76E-06	3.59E-06	1.27E-06	1.05E-06
M7X9N1	2.90E-06	2.50E-06	1.06E-06	1.02E-06	3.32E-06	3.40E-06	1.85E-06	1.59E-06	2.54E-06	2.51E-06	1.52E-06	1.29E-06
M7WD74	1.10E-06	1.13E-06	1.02E-06	9.41E-07	9.78E-07	1.08E-06	8.15E-07	7.79E-07	1.49E-06	1.51E-06	1.25E-06	1.02E-06
M7WE51	3.81E-08	2.10E-07	1.86E-07	1.59E-07		1.46E-07	2.41E-07	4.37E-07	9.10E-07	5.85E-07	3.50E-07	2.53E-07
M7XEG0	3.69E-06	4.49E-06	2.08E-06	1.60E-06	5.36E-06	5.65E-06	2.41E-06	2.02E-06	1.08E-05	1.13E-05	2.43E-06	1.97E-06
M7WTH2	2.33E-06	2.96E-06	2.22E-06	2.17E-06	1.47E-06	1.61E-06	1.18E-06	1.04E-06	1.17E-06	1.10E-06	1.94E-06	1.62E-06
M7XPV9	7.99E-07	7.17E-07	5.35E-07	5.09E-07	9.79E-07	1.14E-06	8.56E-07	8.00E-07	1.35E-06	1.40E-06	6.80E-07	5.33E-07
M7XTU8		1.59E-06	1.50E-06	8.64E-07	5.33E-06	5.39E-06	3.98E-06	3.31E-06	3.13E-06		1.20E-06	1.02E-06
M7Y0T1	2.52E-07	2.91E-07	3.40E-07	4.95E-08							4.68E-08	
M7XSX2	1.49E-06	1.59E-06	5.72E-07	5.51E-07	1.32E-06	1.48E-06	1.13E-06	1.01E-06	7.77E-07	7.33E-07	4.37E-07	3.42E-07
M7X4A9	1.88E-06	1.45E-06	9.29E-07	9.25E-07	1.80E-06	1.64E-06	9.10E-07	7.57E-07	3.91E-06	3.49E-06	1.03E-06	8.15E-07
M7XIT2	1.68E-06	1.30E-06	6.25E-07	5.56E-07	1.19E-06	1.28E-06	6.21E-07	5.58E-07	2.12E-06	2.07E-06	6.39E-07	4.87E-07
M7WYK3	5.07E-06	6.46E-06		3.95E-06	5.05E-06	5.44E-06	3.59E-06	4.02E-06	5.98E-06	6.46E-06	7.90E-06	6.52E-06
M7WT46	3.15E-06	3.75E-06	2.10E-06	2.40E-06	2.20E-06	2.25E-06	1.79E-06	1.87E-06	5.38E-06	4.41E-06	4.36E-06	3.83E-06
M7WX06	9.77E-07	7.76E-07	7.12E-07	6.23E-07	9.39E-07	1.04E-06	6.53E-07	5.42E-07	1.70E-06	1.73E-06	7.16E-07	5.98E-07
M7WQR0	3.57E-07	5.76E-07	2.24E-07	2.87E-07	1.92E-06	1.81E-06	1.82E-06	1.12E-06	2.08E-06	1.95E-06	1.02E-06	8.98E-07
M7XJK5	1.91E-06	2.29E-06	1.03E-06	9.35E-07	1.84E-06	2.06E-06	1.06E-06	1.08E-06	3.36E-06	3.16E-06	1.12E-06	8.91E-07
M7XPA1	2.65E-06	2.90E-06	8.06E-07	8.05E-07	1.45E-06	1.51E-06	8.98E-07	7.13E-07	3.10E-06	2.97E-06	8.35E-07	6.12E-07
M7X0J8	2.47E-06	3.17E-06	1.51E-06	1.47E-06	1.80E-06	1.86E-06	1.25E-06	1.17E-06	3.08E-06	3.13E-06	1.62E-06	1.20E-06
M7WMN7	4.04E-06	4.06E-06	5.63E-06	6.08E-06	4.59E-06	4.83E-06	4.41E-06	4.45E-06	9.65E-06	8.21E-06	6.03E-06	4.96E-06
M7WW40	1.45E-06	1.25E-06	6.54E-07	6.06E-07	7.50E-07	7.36E-07	4.78E-07	4.47E-07	1.76E-06	1.86E-06	7.57E-07	5.48E-07
M7WS73	3.68E-06	3.61E-06	5.70E-06	5.19E-06	6.95E-06	7.31E-06	3.67E-06	3.42E-06	1.30E-05	1.27E-05	6.03E-06	5.11E-06
M7XM95	1.07E-06	1.53E-06	7.23E-07	7.22E-07	1.81E-06	1.79E-06	1.00E-06	8.66E-07	2.87E-06	3.11E-06	1.05E-06	8.65E-07
M7XID0	2.71E-06	2.72E-06	9.51E-07	8.75E-07	1.11E-06	1.22E-06	7.34E-07	6.98E-07	2.34E-06	2.31E-06	8.73E-07	6.72E-07
M7WZJ7	3.77E-06	3.91E-06	1.99E-06	1.97E-06	2.41E-06	2.54E-06	1.85E-06	1.76E-06	5.01E-06	4.70E-06	2.38E-06	2.01E-06
M7X568	1.53E-06	1.93E-06	1.53E-06	1.11E-06	6.28E-07	7.98E-07	1.25E-06	1.35E-06	9.09E-07	8.02E-07	1.27E-06	1.38E-06
M7XIZ1	7.91E-07	7.36E-07	3.65E-07	3.20E-07	1.29E-06	1.37E-06	1.19E-06	1.03E-06	7.05E-07	7.19E-07	4.18E-07	3.46E-07
M7XNS3	1.92E-06	2.10E-06	4.73E-07	4.48E-07	2.96E-06	3.36E-06	1.41E-06	1.31E-06	4.11E-06	3.79E-06	8.58E-07	6.84E-07
M7WXK0	2.16E-06	1.98E-06	1.13E-06	1.00E-06	1.54E-06	1.68E-06	9.77E-07	9.25E-07	3.20E-06	3.01E-06	1.08E-06	8.62E-07
M7XNP4	4.91E-06	3.85E-06	2.18E-06	2.35E-06	4.15E-06	4.46E-06	2.71E-06	1.93E-06	3.68E-06	3.50E-06	2.54E-06	2.35E-06
M7XLK7	8.07E-07	8.10E-07	4.92E-07	4.75E-07	8.06E-07	9.96E-07	7.11E-07	7.11E-07	1.64E-06	1.59E-06	8.00E-07	6.51E-07
M7WKH8		1.59E-06	2.43E-06	2.51E-06	3.90E-06	4.38E-06	3.15E-06	3.07E-06	3.55E-06	3.48E-06	3.70E-06	3.33E-06
M7XIR2	3.79E-06	4.30E-06	1.96E-06	1.89E-06	5.05E-06	5.86E-06	4.64E-06	4.84E-06	4.87E-06	4.53E-06	4.38E-06	4.12E-06
M7XZ45	2.55E-06	3.57E-06	2.28E-06	2.64E-06	2.53E-06	3.07E-06	2.09E-06	1.94E-06	5.73E-06	6.87E-06	3.41E-06	2.58E-06
M7WZU3	3.38E-06	1.97E-06	2.18E-06	2.32E-06	2.51E-06	2.49E-06	1.78E-06	1.62E-06	5.33E-06	5.01E-06	2.73E-06	2.81E-06
M7XMM8		6.64E-06		4.72E-06	3.74E-06	4.30E-06	3.45E-06	3.59E-06			6.03E-06	4.89E-06
M7XW60	3.49E-06	1.77E-06	2.52E-06	2.29E-06	2.26E-06	2.55E-06	2.13E-06	2.09E-06	4.50E-06	3.83E-06	2.71E-06	2.22E-06
M7XW21	1.79E-06	2.26E-06	1.05E-06	1.14E-06	1.25E-06	1.34E-06	8.95E-07	7.97E-07	3.52E-06	3.23E-06	1.40E-06	1.09E-06
M7XEY4	1.16E-06	1.50E-06	1.24E-06	1.23E-06	6.17E-07	8.71E-07	1.17E-06	1.12E-06	1.92E-06	1.81E-06	1.71E-06	1.40E-06
M7XHA1	1.04E-06	8.86E-07	1.22E-06	1.33E-06	2.57E-06	2.76E-06	2.06E-06	2.17E-06	2.24E-06	2.29E-06	1.84E-06	1.49E-06
M7WLP6	2.26E-06	2.07E-06	6.81E-07	6.75E-07	1.94E-06	2.11E-06	1.43E-06	1.21E-06	1.22E-06	1.31E-06	7.82E-07	6.47E-07
M7WGQ1	4.51E-06	5.24E-06	1.39E-06	1.65E-06	4.27E-06	4.91E-06	4.15E-06	3.45E-06	5.07E-06	4.41E-06	1.61E-06	1.66E-06
M7X825	2.30E-06	2.16E-06	2.08E-06	1.99E-06	1.61E-06	1.79E-06	1.72E-06	1.55E-06	3.18E-06	2.86E-06	3.18E-06	2.69E-06
M7WPK3	1.79E-06	1.44E-06	5.87E-07	5.51E-07	1.04E-06	1.01E-06	5.93E-07	5.21E-07	2.21E-06	2.24E-06	5.59E-07	4.27E-07
M7X4W9	2.12E-06	2.28E-06	1.03E-06	9.57E-07	1.24E-06	1.22E-06	9.84E-07	8.54E-07	2.13E-06	1.82E-06	1.03E-06	7.69E-07
M7XCF7	4.83E-07	2.57E-07		2.40E-07	8.31E-07	8.74E-07	6.56E-07	5.13E-07	2.00E-06	1.83E-06	3.41E-07	3.05E-07
M7X3T8		1.97E-07	5.82E-08	5.28E-08	6.00E-08	1.38E-07	6.47E-07	6.23E-07	3.01E-08	3.58E-08	2.00E-07	5.27E-07
M7X4M7	4.65E-07	4.88E-07	1.94E-07	2.30E-07	2.68E-07	2.94E-07	2.28E-07	1.86E-07	5.46E-07	5.16E-07	2.00E-07	1.72E-07
M7XY51	1.77E-06	2.02E-06	1.07E-06	8.84E-07	1.19E-06	1.29E-06	1.37E-06	1.06E-06	2.55E-06	2.62E-06	1.27E-06	1.12E-06
M7WPT6	2.58E-06	2.20E-06	1.52E-06	1.35E-06	1.72E-06	2.07E-06	1.56E-06	1.53E-06	2.60E-06	2.48E-06	1.69E-06	1.39E-06
M7XM82	6.59E-06	8.03E-06	4.93E-06	4.53E-06	8.56E-06	8.36E-06	3.55E-06	3.41E-06	1.71E-05	1.70E-05	6.12E-06	5.03E-06
M7X473	2.17E-07	1.90E-07	5.41E-08	5.63E-08	9.51E-07	9.18E-07	4.35E-07	2.88E-07	6.00E-07	5.72E-07	1.30E-07	1.11E-07
M7XS31	1.04E-06	7.74E-07	6.15E-07	5.91E-07	1.39E-06	1.38E-06	7.18E-07	6.92E-07	2.78E-06	2.55E-06	7.33E-07	6.63E-07
M7XHN3	3.31E-06	3.61E-06	1.58E-06	1.30E-06	2.13E-06	2.30E-06	1.46E-06	1.43E-06	5.72E-06	5.26E-06	2.31E-06	1.95E-06
M7XHQ6	1.89E-06	1.76E-06	6.77E-07	6.29E-07	1.52E-06	1.54E-06	7.68E-07	6.52E-07	3.99E-06	3.32E-06	8.49E-07	6.28E-07
M7X0P4	4.91E-07	5.26E-07	2.91E-07	2.31E-07	9.85E-07	1.23E-06	8.25E-07	6.48E-07	1.42E-06	1.29E-06	3.29E-07	2.92E-07
M7XHL4	1.59E-06	1.40E-06	9.23E-07	9.44E-07	1.04E-06	1.12E-06	7.45E-07	6.57E-07	1.87E-06	1.77E-06	8.23E-07	7.46E-07
M7WUZ9	2.77E-06	2.99E-06	1.75E-06	1.66E-06	3.75E-06	4.22E-06	2.90E-06	2.97E-06	5.14E-06	4.90E-06	2.83E-06	2.39E-06
M7WRC4	2.08E-07	1.67E-07	6.48E-08	6.49E-08	4.29E-08	2.14E-07	3.46E-07	3.35E-07	4.22E-08	4.82E-08	3.03E-07	3.03E-07
M7WSY9	4.40E-07	4.02E-07	5.13E-07	5.15E-07	5.87E-07	5.79E-07	4.84E-07	4.61E-07	8.36E-07	7.78E-07	6.66E-07	5.63E-07
M7XUJ6		5.23E-07		7.53E-07	6.02E-06	6.49E-06	3.99E-06	3.80E-06			1.96E-06	1.87E-06
M7XDC5	4.03E-07	2.22E-06	1.36E-06	1.14E-06	1.32E-06	1.32E-06	1.02E-06	8.39E-07	3.49E-06	3.31E-06	1.17E-06	1.04E-06
M7WU19	2.12E-06	2.27E-06	1.62E-06	1.69E-06	1.32E-06	1.68E-06	1.15E-06	1.03E-06	2.56E-06	2.66E-06	2.35E-06	2.03E-06
M7XU58	2.72E-06	2.33E-06	7.99E-07	7.71E-07	1.20E-06	1.20E-06	6.80E-07	5.35E-07	2.36E-06	2.34E-06	6.02E-07	5.50E-07
M7WM03	1.17E-06	1.19E-06	5.05E-07	4.94E-07	9.93E-07	1.32E-06	9.66E-07	9.42E-07	1.19E-06	1.19E-06	5.60E-07	4.51E-07
M7XW70	6.75E-08	7.48E-08	2.40E-08	1.50E-08	9.35E-07	1.16E-06	4.09E-07	3.50E-07	2.68E-08	3.02E-08	2.19E-08	2.10E-08
M7XUW4	8.28E-06	8.87E-06	2.77E-06	2.87E-06	2.26E-06	2.21E-06	8.95E-07	8.89E-07	5.77E-07	8.73E-07	7.10E-07	6.14E-07
M7XI20	1.87E-06	1.64E-06	1.52E-06	1.65E-06	1.34E-06	1.40E-06	1.20E-06	1.07E-06	1.79E-06	1.75E-06	1.52E-06	1.25E-06
M7WRJ3	3.71E-06	8.26E-07		2.61E-06	5.44E-06	5.17E-06	2.48E-06	2.00E-06		1.46E-05	3.04E-06	2.54E-06
M7WYS3		7.63E-07		1.08E-06	5.84E-07	1.02E-06	1.20E-06	1.41E-06	1.76E-06	1.62E-06	1.61E-06	1.33E-06
M7XBA0	9.19E-07	7.51E-07	5.14E-07	4.48E-07	1.83E-06	1.88E-06	7.61E-07	6.76E-07	1.59E-06	1.47E-06	5.61E-07	4.31E-07
M7X643	3.38E-07	2.87E-07	2.11E-07	2.25E-07	7.89E-07	8.89E-07	5.75E-07	5.07E-07	1.10E-06	1.05E-06	3.61E-07	2.86E-07
M7WZX2	1.12E-06	6.64E-07	5.50E-07	5.30E-07	1.31E-06	1.29E-06	7.10E-07	5.28E-07	2.44E-06	2.32E-06	7.24E-07	5.48E-07
M7X2H6	6.58E-06	7.72E-06	6.10E-06	5.65E-06	1.96E-06	2.21E-06	1.86E-06	1.81E-06	2.12E-06	2.01E-06	3.69E-06	2.88E-06
M7WZL1	1.73E-06	1.28E-06	9.65E-07	6.04E-07	1.27E-06	1.52E-06	8.45E-07	7.89E-07	3.26E-06	3.15E-06	8.25E-07	6.56E-07
M7XZU4	3.09E-06	1.44E-06	2.16E-06	1.86E-06	2.82E-06	3.20E-06	2.24E-06	2.46E-06	3.82E-06	3.28E-06	1.88E-06	1.85E-06
M7WXH3	2.92E-06	2.81E-06	1.56E-06	1.56E-06	2.04E-06	2.38E-06	1.80E-06	1.50E-06	3.10E-06	3.06E-06	1.83E-06	1.56E-06
M7WZ16	1.06E-06	1.42E-06	7.80E-07	7.80E-07	3.47E-06	3.63E-06	2.05E-06	1.78E-06	9.66E-07	1.04E-06	1.23E-06	1.03E-06
M7X159	1.61E-06	1.49E-06	3.74E-07	3.86E-07	1.74E-06	1.98E-06	1.40E-06	8.84E-07	6.17E-07	2.92E-06	4.32E-07	3.33E-07
M7WKD3	1.88E-06	1.88E-06	7.65E-07	7.84E-07	1.14E-06	1.28E-06	8.55E-07	7.80E-07	1.94E-06	2.12E-06	9.29E-07	7.85E-07
M7WIR6	4.37E-07	6.00E-07	4.33E-07	3.96E-07	1.05E-07	3.05E-07	5.34E-07	5.49E-07	6.37E-07	5.98E-07	5.99E-07	4.74E-07
M7WSZ7	4.17E-07	4.93E-07	3.04E-07	2.77E-07	1.13E-06	1.17E-06	6.82E-07	7.06E-07	2.95E-07	3.01E-07	4.74E-07	4.05E-07
M7XRK5	8.27E-07	8.95E-07	6.42E-07	4.92E-07	8.61E-07	8.62E-07	6.88E-07	6.02E-07	1.18E-06	1.26E-06	9.00E-07	6.76E-07
M7WVI3	1.43E-06	1.08E-06	6.73E-07	6.69E-07	1.69E-06	1.76E-06	8.55E-07	6.86E-07	3.63E-06	3.32E-06	8.31E-07	6.37E-07
M7WU74	1.34E-06	1.84E-06	4.85E-07	6.18E-07	1.53E-06	1.57E-06	8.27E-07	6.98E-07	1.53E-06	1.65E-06	5.44E-07	5.19E-07
M7WGQ5	2.11E-06	2.35E-06	1.15E-06	9.60E-07	1.49E-06	1.48E-06	1.11E-06	9.34E-07	3.67E-06	3.61E-06	1.34E-06	1.16E-06
M7WPZ7	1.13E-06	1.19E-06	4.62E-07	4.30E-07	2.36E-06	2.73E-06	2.03E-06	1.67E-06	2.75E-06		7.89E-07	6.66E-07
M7WMK4	4.29E-07	3.96E-07	3.30E-07	3.97E-07	7.25E-07	8.63E-07	7.07E-07	4.31E-07	1.37E-06	1.07E-06	2.62E-07	4.37E-07
M7X7Q5	1.35E-06	1.94E-06	9.49E-07	1.03E-06	1.28E-06	1.48E-06	1.23E-06	1.03E-06	2.94E-06	2.99E-06	1.09E-06	9.35E-07
M7X7L3	1.99E-06	1.99E-06	8.87E-07	8.35E-07	1.57E-06	1.68E-06	9.26E-07	7.72E-07	2.76E-06	2.68E-06	9.86E-07	8.16E-07
M7XK83	1.21E-06	1.46E-06	4.03E-07	3.86E-07	6.32E-07	6.72E-07	3.87E-07	3.30E-07	1.23E-06	1.22E-06	2.70E-07	2.02E-07
M7WGU8	1.80E-06	2.09E-06	1.39E-06	1.37E-06	4.17E-07	4.19E-07	4.02E-07	3.43E-07	6.22E-07	5.58E-07	1.25E-06	1.14E-06
M7WZ54	2.00E-06	2.39E-06	5.50E-07	5.87E-07	1.45E-06	1.36E-06	7.52E-07	6.95E-07	3.35E-06	3.00E-06	6.05E-07	5.14E-07
M7X0K2	1.77E-06	1.54E-06	1.26E-06	1.08E-06	1.20E-06	1.45E-06	9.78E-07	8.16E-07	2.41E-06	2.11E-06	1.25E-06	9.41E-07
M7X659	2.41E-06	2.55E-06	9.65E-07	8.74E-07	4.15E-06	4.34E-06	2.75E-06	2.29E-06	1.25E-06	1.23E-06	1.09E-06	8.22E-07
M7WX98	6.26E-07	8.73E-07	9.61E-07	1.05E-06	1.91E-06	2.20E-06	1.17E-06	1.09E-06	2.38E-06	1.99E-06	1.60E-06	1.18E-06
M7WIH3	8.79E-07	1.20E-06	4.44E-07	4.73E-07	5.89E-07	6.45E-07	5.35E-07	4.24E-07	1.29E-06	1.19E-06	4.90E-07	4.12E-07
M7X390	4.36E-07	3.35E-07	2.11E-07	2.00E-07	5.64E-07	5.74E-07	2.60E-07	2.22E-07	9.75E-07	9.43E-07	2.39E-07	2.04E-07
M7XNZ4	1.39E-06	1.07E-06	6.00E-07	5.68E-07	1.19E-06	1.13E-06	6.68E-07	5.46E-07	2.56E-06	2.08E-06	6.85E-07	5.26E-07
M7WII9	5.99E-07	5.49E-07	3.54E-07	3.15E-07	3.18E-07	3.92E-07	3.26E-07	2.88E-07	6.32E-07	5.49E-07	3.35E-07	2.94E-07
M7XMJ5	1.55E-05	1.80E-05	1.23E-05	1.27E-05	1.44E-05	1.69E-05	1.25E-05	1.39E-05	1.63E-05	1.59E-05	1.11E-05	9.45E-06
M7WEL7	1.32E-06	1.58E-06	1.75E-06	1.66E-06	1.10E-06	1.48E-06	1.23E-06	1.20E-06	2.11E-06	2.05E-06	1.66E-06	1.39E-06
M7X2I6	1.68E-06	1.48E-06	8.22E-07	8.55E-07	1.13E-06	1.31E-06	8.33E-07	7.54E-07	2.18E-06	2.07E-06	9.76E-07	8.06E-07
M7XPG3	1.13E-06	1.20E-06	6.14E-07	5.07E-07	1.26E-06	1.49E-06	1.09E-06	1.10E-06	1.18E-06	1.39E-06	6.60E-07	5.60E-07
M7XEA2	2.85E-06	3.15E-06	2.05E-06	1.63E-06	2.27E-06	2.65E-06	1.76E-06	1.64E-06	5.26E-06	4.64E-06	2.61E-06	2.33E-06
M7XHC3	3.22E-06	2.50E-06	2.27E-06	2.77E-06	2.31E-06	2.55E-06	1.89E-06	2.14E-06	3.37E-06	3.02E-06	2.92E-06	2.65E-06
M7WLV3	8.34E-07	4.14E-07	6.78E-07	6.81E-07	6.40E-07	7.34E-07	6.65E-07	5.33E-07	1.06E-06	1.07E-06	8.39E-07	6.61E-07
M7XJZ1	3.13E-07	3.03E-07	5.04E-07	5.22E-07	3.57E-07	4.10E-07	3.23E-07	3.21E-07	2.63E-07	2.49E-07	7.78E-07	5.04E-07
M7XHM1	2.79E-06	2.26E-06	2.20E-06	2.64E-06	5.94E-06	5.01E-06	4.95E-06	4.20E-06	2.72E-06	2.73E-06	5.19E-06	2.78E-06
M7X0V7	1.84E-06	3.94E-06	1.14E-06	1.00E-06	2.05E-06	2.15E-06	1.29E-06	1.19E-06	5.21E-06	4.80E-06	1.12E-06	1.11E-06
M7XM76	8.05E-07	9.03E-07	3.77E-07	3.58E-07	4.63E-07	5.18E-07	3.49E-07	3.62E-07	7.70E-07	7.67E-07	3.78E-07	3.04E-07
M7X0D3	1.80E-06	2.01E-06	8.15E-07	8.93E-07	9.35E-07	1.06E-06	7.47E-07	6.54E-07	2.10E-06	1.99E-06	9.73E-07	9.46E-07
M7XV41	1.20E-06	1.03E-06	7.35E-07	7.51E-07	6.18E-07	6.93E-07	4.96E-07	4.72E-07	1.35E-06	1.40E-06	8.26E-07	6.04E-07
M7WLH0	5.15E-06	5.10E-06	1.50E-06	2.09E-06	9.41E-06	9.51E-06	8.64E-06	6.58E-06		4.86E-06	4.03E-06	4.26E-06
M7XUA4	4.24E-06	2.42E-06	1.67E-06	1.60E-06	2.05E-06	2.12E-06	1.27E-06	1.14E-06	3.91E-06	3.44E-06	1.63E-06	1.32E-06
M7WUP8	3.08E-06	3.10E-06	1.41E-06	1.29E-06	2.14E-06	2.11E-06	1.39E-06	1.18E-06	2.93E-06	3.13E-06	1.49E-06	1.19E-06
M7X6B7	2.06E-06	1.69E-06		1.74E-06	1.70E-06	1.73E-06	1.61E-06	1.44E-06	3.41E-06	3.36E-06	3.14E-06	2.83E-06
M7WML5	1.34E-06	8.17E-07	9.95E-07	1.03E-06	2.91E-06	3.37E-06	1.55E-06	1.80E-06	2.79E-06	1.99E-06	1.75E-06	1.35E-06
M7XJR6	1.99E-06	2.17E-06	7.48E-07	7.27E-07	1.53E-06	1.54E-06	8.62E-07	7.32E-07	2.36E-06	2.16E-06	9.37E-07	7.84E-07
M7WDV4	1.97E-06	2.32E-06	6.85E-07	6.39E-07	1.06E-06	1.20E-06	6.07E-07	5.11E-07	2.13E-06	1.87E-06	5.38E-07	4.52E-07
M7XRT0	9.38E-08	1.17E-07	9.08E-08	9.74E-08	6.39E-07	7.56E-07	5.81E-07	3.78E-07	5.43E-07	4.67E-07	3.25E-07	2.97E-07
M7WUX5	4.44E-06	5.08E-06	3.56E-06	3.15E-06	4.49E-07	5.31E-07	3.76E-07	2.97E-07	2.82E-07	2.15E-07	6.29E-07	4.98E-07
M7WMP3	4.61E-07	5.20E-07	1.30E-07	1.39E-07	7.62E-07	7.90E-07	5.36E-07	4.49E-07	7.47E-07	7.24E-07	1.58E-07	1.30E-07
M7WLN2	2.10E-06	1.62E-06	9.49E-07	9.40E-07	1.28E-06	1.15E-06	8.13E-07	7.19E-07	2.52E-06	2.21E-06	8.95E-07	8.04E-07
M7WWW6	1.21E-06	1.18E-06	4.70E-07	4.71E-07	1.43E-06	1.65E-06	9.32E-07	8.15E-07	1.68E-06	1.66E-06	5.62E-07	4.84E-07
M7XTY9	1.53E-06	1.34E-06	4.74E-07	4.47E-07	1.22E-06	1.27E-06	6.54E-07	5.60E-07	2.23E-06	2.39E-06	6.19E-07	4.84E-07
M7X7K9	2.61E-06	2.73E-06	1.06E-06	1.09E-06	1.09E-06	1.31E-06	8.94E-07	8.45E-07	2.03E-06	2.04E-06	9.79E-07	9.26E-07
M7WMJ0	2.08E-06	2.37E-06	1.15E-06	9.03E-07	1.63E-06	1.64E-06	1.15E-06	1.18E-06	3.44E-06	3.28E-06	1.80E-06	1.71E-06
M7XQ37	5.44E-07	5.85E-07	2.59E-07	2.71E-07	7.03E-07	1.07E-06	3.31E-06	1.72E-06	3.57E-07	3.33E-07	1.20E-06	2.52E-06
M7XNS9	1.22E-07	2.32E-07	4.40E-07	5.03E-07	2.98E-08	1.27E-07	3.20E-07	4.22E-07	6.05E-07	5.38E-07	7.90E-07	5.73E-07
M7WXL1	6.57E-06	5.40E-06	1.94E-06	1.80E-06	1.02E-06	1.15E-06	7.40E-07	6.20E-07	9.83E-07	7.87E-07	5.22E-07	4.16E-07
M7WP41	1.70E-06	2.21E-06	7.56E-07	7.45E-07	1.12E-06	1.18E-06	7.31E-07	6.65E-07	1.87E-06	1.92E-06	9.82E-07	8.58E-07
M7WXM4	4.26E-07	3.78E-07	2.18E-07	1.94E-07	1.64E-07	2.00E-07	1.83E-07	1.75E-07	3.73E-07	3.81E-07	2.41E-07	2.07E-07
M7XII7	2.09E-07	2.14E-07		3.74E-08	1.26E-06	1.28E-06	3.77E-07	3.43E-07	1.20E-07	1.18E-07	5.16E-08	4.94E-08
M7WKK5	3.01E-06	2.84E-06	1.68E-06	1.58E-06	1.92E-06	2.10E-06	1.78E-06	1.41E-06	2.48E-06	2.20E-06	1.82E-06	1.59E-06
M7XXZ4	1.25E-06	1.14E-06	6.96E-07	6.54E-07	1.58E-06	1.67E-06	7.49E-07	7.40E-07	3.07E-06	3.00E-06	7.69E-07	6.52E-07
M7WSC8	1.50E-06	1.08E-06	1.30E-06	1.13E-06	1.19E-06	1.22E-06	9.01E-07	7.90E-07	1.63E-06	1.37E-06	1.42E-06	1.08E-06
M7WNK5	8.36E-07	7.48E-07	5.80E-07	4.16E-07	9.27E-07	8.94E-07	4.52E-07	3.72E-07	1.72E-06	1.84E-06	4.13E-07	3.08E-07
M7XNS5	7.79E-07	5.52E-07	2.83E-07	2.58E-07	1.57E-06	1.58E-06	8.33E-07	7.30E-07	2.03E-06	1.90E-06	3.61E-07	2.86E-07
M7X2P9	2.26E-06	1.61E-06	3.55E-06	5.54E-06	4.90E-06	4.90E-06	3.62E-06	3.28E-06	7.65E-06	7.13E-06	6.49E-06	5.35E-06
M7XEQ0	6.76E-06	6.25E-06	1.06E-05	9.90E-06	1.04E-05	9.40E-06	1.01E-05	9.85E-06	1.19E-05	1.16E-05	1.04E-05	9.06E-06
M7XFE4	1.61E-06	1.80E-06	9.94E-07	9.42E-07	7.33E-07	7.49E-07	5.53E-07	4.83E-07	7.39E-07	6.50E-07	9.43E-07	7.70E-07
M7WSH8	1.54E-06	1.63E-06	8.96E-07	9.26E-07	8.95E-07	1.21E-06	8.14E-07	6.87E-07	9.44E-07	1.17E-06	1.02E-06	7.16E-07
M7XHL1	1.12E-06	8.57E-07		1.73E-07	2.18E-06	2.26E-06	7.49E-07	6.87E-07	7.33E-07	7.27E-07	2.65E-07	2.57E-07
M7XJ78	1.08E-06	8.20E-07	7.61E-07	7.20E-07	1.35E-06	1.49E-06	6.49E-07	6.44E-07	2.19E-06	2.29E-06	7.60E-07	5.95E-07
M7WI80	1.16E-06	1.04E-06	5.21E-07	5.75E-07	1.73E-06	1.96E-06	1.70E-06	1.45E-06	2.39E-06	2.00E-06	6.94E-07	5.97E-07
M7XSK8	3.80E-06	3.60E-06	7.26E-07	6.81E-07	5.01E-06	5.34E-06	1.89E-06	1.59E-06	1.96E-06	1.88E-06	8.01E-07	7.04E-07
M7WL24	7.48E-07	7.78E-07	3.28E-07	3.16E-07	9.81E-07	1.04E-06	5.88E-07	4.88E-07	1.30E-06	1.11E-06	4.37E-07	3.60E-07
M7XJI1	8.50E-07	8.51E-07	6.01E-07	6.68E-07	6.58E-07	7.15E-07	5.69E-07	5.21E-07	1.57E-06	1.32E-06	7.09E-07	6.70E-07
M7WSB2	1.59E-06	1.85E-06	7.19E-07	8.37E-07	1.56E-06	1.73E-06	1.01E-06	8.95E-07	2.76E-06	3.35E-06	1.08E-06	9.05E-07
M7XY86	1.32E-06	1.39E-06	7.62E-07	7.71E-07	9.19E-07	9.97E-07	6.95E-07	6.23E-07	1.69E-06	1.61E-06	1.03E-06	8.09E-07
M7X3R5	6.30E-07	8.23E-07	5.82E-07	6.39E-07	1.83E-07	2.53E-07	3.83E-07	4.15E-07	3.92E-07	6.57E-07	6.66E-07	6.63E-07
M7X2J1	4.19E-07	4.80E-07	7.35E-08	7.91E-08	8.65E-07	9.92E-07	4.78E-07	3.92E-07	1.64E-06	1.62E-06	1.48E-07	1.35E-07
M7XPE6	2.91E-06	2.33E-06	1.10E-06	1.07E-06	2.80E-06	2.70E-06	1.18E-06	9.79E-07	4.54E-06	4.43E-06	1.12E-06	9.45E-07
M7XIA4	2.10E-06	2.74E-06	5.41E-07	5.71E-07	1.75E-06	1.61E-06	7.07E-07	5.66E-07	2.35E-06	2.91E-06	5.25E-07	3.84E-07
M7WP94	6.00E-07	6.87E-07	2.78E-07	2.45E-07	5.58E-07	5.76E-07	3.71E-07	3.29E-07	6.82E-07	6.87E-07	2.78E-07	2.36E-07
M7WEJ0	1.06E-06	1.27E-06	3.62E-07	3.24E-07	7.07E-07	6.52E-07	3.13E-07	2.38E-07	1.34E-06	1.23E-06	3.38E-07	2.45E-07
M7WKA2	1.29E-06	1.34E-06	5.62E-07	5.03E-07	6.70E-07	7.57E-07	5.84E-07	5.81E-07	1.28E-06	1.20E-06	6.12E-07	5.22E-07
M7XD32	8.23E-08	8.18E-08		1.97E-08	5.89E-07	8.77E-07	4.52E-07	3.90E-07	1.28E-07	1.37E-07	3.61E-08	2.92E-08
M7WWF5	1.61E-06	1.81E-06	1.16E-06	1.05E-06	6.48E-07	7.48E-07	5.95E-07	6.54E-07	1.12E-06	1.16E-06	1.04E-06	8.77E-07
M7WYA7	9.18E-07	1.56E-06	9.82E-07	1.09E-06	1.40E-06	1.42E-06	1.15E-06	1.19E-06	1.38E-06	1.02E-06	1.75E-06	1.38E-06
M7WIH9	1.62E-07	1.40E-07	1.29E-06	1.28E-06	1.01E-06	1.03E-06	9.37E-07	1.04E-06	7.39E-07	7.83E-07	3.51E-06	2.78E-06
M7XYM0	8.20E-07	5.79E-07	5.10E-07	4.50E-07	1.07E-06	1.07E-06	5.36E-07	4.78E-07	2.04E-06	1.95E-06	5.34E-07	3.84E-07
M7WKX0	2.28E-06	2.12E-06	7.59E-07	6.80E-07	1.39E-06	1.51E-06	7.58E-07	6.52E-07	2.46E-06	2.12E-06	9.52E-07	6.73E-07
M7XAJ6	3.28E-07	8.88E-07		3.86E-07	6.95E-07	7.62E-07	4.48E-07	4.35E-07		1.46E-06	6.17E-07	4.29E-07
M7WFJ0	6.07E-07	5.64E-07	3.51E-07	3.39E-07	1.35E-06	1.47E-06	1.15E-06	9.58E-07	2.08E-06	1.81E-06	6.79E-07	6.21E-07
M7WP17	1.25E-05	1.02E-05	7.33E-06	8.29E-06	1.74E-05	1.09E-05	7.95E-06	6.30E-06	1.90E-05	2.11E-05	8.83E-06	8.26E-06
M7WNG0	7.96E-07	7.15E-07	3.51E-07	3.41E-07	1.16E-06	1.35E-06	8.39E-07	7.10E-07	1.56E-06	1.50E-06	5.07E-07	4.85E-07
M7X4N6	8.11E-07	1.85E-06	7.51E-07	8.30E-07	1.08E-06	1.20E-06	7.36E-07	6.65E-07	1.80E-06	1.72E-06	8.38E-07	7.40E-07
M7X6J7	1.46E-06	1.78E-06	9.07E-07	9.56E-07	1.83E-06	1.68E-06	1.39E-06	1.30E-06	2.51E-06	2.26E-06	1.83E-06	1.48E-06
M7XWZ6	2.67E-06	2.93E-06	2.35E-06	2.24E-06	1.74E-06	2.24E-06	1.40E-06	1.42E-06	3.36E-06	2.68E-06	3.14E-06	3.05E-06
M7WW72	3.97E-07	3.16E-07	1.57E-07	1.73E-07	8.44E-07	9.74E-07	5.32E-07	4.63E-07	8.44E-07	8.20E-07	2.74E-07	2.19E-07
M7X6S8	2.16E-06	2.49E-06	2.54E-06	2.41E-06	8.19E-07	8.21E-07	8.89E-07	7.96E-07	1.06E-06	9.40E-07	4.16E-06	3.52E-06
M7X1F1	1.20E-06	1.41E-06	1.04E-06	7.91E-07	2.59E-07	5.19E-07	7.93E-07	8.15E-07	5.20E-07	5.59E-07	1.27E-06	1.38E-06
M7XD58	1.01E-06	6.70E-07	5.09E-07	5.87E-07	7.04E-07	8.08E-07	5.24E-07	5.10E-07	1.34E-06	1.31E-06	5.93E-07	5.11E-07
M7X896	8.02E-07	8.38E-07	4.97E-07	4.68E-07	8.59E-07	1.10E-06	6.73E-07	5.73E-07	2.02E-06	1.82E-06	7.04E-07	5.08E-07
M7WK31	2.40E-06	2.11E-06		8.27E-07	1.73E-06	2.22E-06	1.15E-06	1.10E-06	3.42E-06	3.39E-06	1.05E-06	9.47E-07
M7WKW0	9.27E-07	1.05E-06	7.09E-07	6.90E-07	1.60E-06	1.79E-06	1.08E-06	8.18E-07	2.74E-06	2.76E-06	1.02E-06	9.06E-07
M7WXL9	1.47E-06	1.58E-06	7.25E-07	7.30E-07	8.74E-07	9.61E-07	6.80E-07	5.94E-07	1.68E-06	1.56E-06	7.01E-07	5.66E-07
M7X9C2	2.63E-06	2.45E-06	1.03E-06	9.43E-07	1.92E-06	2.00E-06	1.43E-06	1.22E-06	2.89E-06	2.65E-06	1.15E-06	9.76E-07
M7WTP4	9.39E-07	1.01E-06	4.97E-07	4.75E-07	5.54E-07	6.04E-07	4.99E-07	4.01E-07	8.27E-07	8.25E-07	4.04E-07	2.98E-07
M7WWF7	9.62E-07	1.18E-06	6.15E-07	6.16E-07	1.40E-06	1.44E-06	1.67E-06	1.56E-06	4.34E-06	4.19E-06	1.50E-06	1.28E-06
M7WVH5	1.08E-07	9.74E-08	7.12E-08	6.96E-08	6.78E-07	8.16E-07	7.42E-07	9.02E-07			3.17E-07	3.51E-07
M7XQK1	9.41E-07	8.28E-07	5.08E-07	5.07E-07	5.84E-07	7.61E-07	5.54E-07	4.93E-07	1.34E-06	1.29E-06	5.55E-07	4.30E-07
M7XPF9		6.27E-08	3.52E-08	2.99E-08	1.41E-06	1.34E-06	3.83E-07	3.46E-07	8.28E-08	1.07E-07	4.29E-08	3.23E-08
M7Y0M8	1.75E-06	1.67E-06	1.07E-06	1.50E-06	3.21E-07	3.43E-07	3.31E-07	2.77E-07	5.45E-07	4.95E-07	6.16E-07	4.86E-07
M7XPQ5	6.26E-07	3.41E-07	8.53E-08	2.10E-07	2.93E-07	2.76E-07	1.81E-07	1.44E-07	5.67E-07	4.81E-07	1.80E-07	1.47E-07
M7X7R8	3.83E-07	2.80E-07	1.62E-07	1.57E-07	1.96E-07	2.12E-07	1.72E-07	1.33E-07	3.28E-07	3.26E-07	1.45E-07	1.14E-07
M7X0A1	1.97E-06	2.83E-06	1.83E-06	1.60E-06	1.46E-06	1.77E-06	1.43E-06	1.40E-06	3.45E-06	3.19E-06	2.18E-06	1.89E-06
M7XKF0	8.51E-07	9.08E-07	3.88E-07	3.40E-07	1.06E-06	1.18E-06	1.03E-06	9.55E-07	1.40E-06	1.29E-06	6.80E-07	7.23E-07
M7WKL1	1.21E-06	1.03E-06	3.76E-07	3.05E-07	7.99E-07	8.63E-07	5.38E-07	4.05E-07	1.44E-06	1.44E-06	4.02E-07	3.34E-07
M7X7A4	2.31E-06	2.10E-06	8.29E-07	8.02E-07	1.60E-06	1.53E-06	1.10E-06	1.21E-06	3.43E-06	3.47E-06	8.31E-07	7.76E-07
M7XK91	1.19E-06	1.20E-06	3.40E-07	3.84E-07	5.94E-07	6.75E-07	3.49E-07	3.17E-07	1.19E-06	1.18E-06	3.63E-07	2.93E-07
M7WEV1	2.08E-06	2.80E-06	8.74E-07	8.77E-07	3.14E-06	3.84E-06	2.25E-06	2.63E-06	2.43E-06	2.37E-06	1.10E-06	9.02E-07
M7WWS9	3.38E-06	3.97E-06	1.61E-06	1.24E-06	1.98E-06	2.83E-06	3.10E-06	2.59E-06	2.56E-06	2.95E-06	1.60E-06	1.37E-06
M7XRU1	1.62E-06	5.16E-07	4.39E-07	4.41E-07	3.09E-07	4.68E-07	5.18E-07	4.61E-07	3.92E-07	3.31E-07	5.40E-07	5.12E-07
M7WYJ5	1.50E-06	1.52E-06	5.94E-07	5.66E-07	3.29E-06	3.43E-06	2.26E-06	1.79E-06	3.81E-06	3.46E-06	1.19E-06	1.12E-06
M7WQJ3	1.28E-06	1.28E-06	8.94E-07	8.02E-07	2.76E-06	3.07E-06	2.41E-06	2.19E-06	4.73E-07	4.29E-07	1.24E-06	1.14E-06
M7X6S3	1.06E-06	1.18E-06	6.42E-07	7.78E-07	5.30E-07	6.04E-07	4.77E-07	4.96E-07	2.13E-06	1.97E-06	1.11E-06	7.12E-07
M7WNL4	9.95E-07	1.18E-06	6.59E-07	7.93E-07	1.28E-06	1.21E-06	1.08E-06	1.14E-06	1.56E-06	1.73E-06	1.49E-06	1.11E-06
M7WHN9	1.04E-06	1.11E-06	3.48E-07	3.33E-07	1.19E-06	1.30E-06	6.77E-07	6.09E-07	1.56E-06	1.57E-06	4.71E-07	3.65E-07
M7WQ73	3.42E-07	4.28E-07	1.59E-07	1.65E-07	8.32E-07	8.28E-07	5.53E-07	5.01E-07	1.04E-06	1.12E-06	2.45E-07	2.02E-07
M7WXF0	1.43E-06	1.76E-06	1.19E-06	1.14E-06	1.29E-06	1.56E-06	1.02E-06	1.09E-06	2.81E-06	2.90E-06	1.35E-06	9.67E-07
M7X651	8.78E-07	1.00E-06	3.12E-07	2.64E-07	4.08E-07	4.21E-07	2.79E-07	2.79E-07	8.61E-07	9.09E-07	2.77E-07	2.17E-07
M7XPW9	4.13E-07	3.45E-07	2.25E-07	2.20E-07	2.50E-07	2.93E-07	2.12E-07	1.93E-07	4.97E-07	4.77E-07	2.45E-07	1.89E-07
M7WLW8	1.45E-06	1.72E-06	1.05E-06	8.48E-07	1.27E-06	1.38E-06	9.41E-07	8.97E-07	2.08E-06	2.00E-06	8.74E-07	8.76E-07
M7WLJ5	1.55E-06	1.73E-06	6.96E-07	7.93E-07	9.07E-07	1.15E-06	7.58E-07	6.39E-07	1.78E-06	1.58E-06	8.90E-07	7.37E-07
M7WXQ3	2.87E-06	3.30E-06	8.94E-07	1.40E-06	1.69E-06	1.62E-06	1.16E-06	1.04E-06	2.38E-06	2.90E-06	1.52E-06	1.05E-06
M7WUH8	5.25E-07	5.96E-07	1.86E-07	1.78E-07	9.75E-07	1.10E-06	7.54E-07	5.65E-07	9.49E-07	9.30E-07	3.70E-07	3.03E-07
M7XJX2	8.67E-07	1.05E-06	4.23E-07	3.76E-07	5.59E-07	5.80E-07	3.87E-07	3.24E-07	8.95E-07	1.00E-06	4.26E-07	3.41E-07
M7XQ28	6.81E-07	6.87E-07	2.07E-07	1.90E-07	4.77E-07	5.43E-07	2.68E-07	2.51E-07	1.20E-06	1.20E-06	2.49E-07	1.99E-07
M7XN38	6.80E-07	6.04E-07	2.79E-07	2.90E-07	1.01E-06	1.15E-06	8.15E-07	6.09E-07	1.27E-06	1.09E-06	4.66E-07	4.02E-07
M7X6C3	1.13E-06	8.92E-07	7.94E-07	7.77E-07	8.52E-07	8.21E-07	7.82E-07	6.96E-07	1.39E-06	1.35E-06	1.21E-06	1.09E-06
M7WHY4	3.01E-06	3.19E-06	2.07E-06	2.42E-06	2.22E-06	2.55E-06	1.74E-06	1.84E-06	4.84E-06	4.30E-06	3.47E-06	2.75E-06
M7X2S6	2.69E-07	2.31E-07	1.60E-07	1.84E-07	1.32E-06	1.01E-06	6.46E-07	5.18E-07	1.26E-06	1.08E-06	2.77E-07	2.76E-07
M7XZK8	1.94E-06	1.85E-06	1.09E-06	1.01E-06	8.93E-07	9.12E-07	7.73E-07	7.56E-07	2.05E-06	1.78E-06	1.39E-06	1.29E-06
M7XYI9	2.82E-07	2.49E-07	2.90E-07	2.05E-07	3.15E-07	3.17E-07	2.49E-07	2.10E-07	2.76E-07	4.17E-07	3.06E-07	2.56E-07
M7WKG7	3.55E-07	3.84E-07	1.43E-07	1.43E-07	2.06E-07	2.42E-07	1.93E-07	1.51E-07	4.73E-07	4.35E-07	1.74E-07	1.44E-07
M7WRU4	1.82E-06	1.99E-06	5.54E-07	5.92E-07	1.16E-06	1.11E-06	5.69E-07	4.83E-07	2.18E-06	2.23E-06	6.19E-07	4.63E-07
M7WR11	2.16E-06	2.35E-06	1.49E-06	1.44E-06	1.95E-06	2.22E-06	1.70E-06	1.73E-06	2.08E-06	1.85E-06	1.77E-06	1.70E-06
M7WM21	2.69E-06	2.39E-06	1.44E-06	1.26E-06	1.15E-06	1.19E-06	7.87E-07	5.83E-07	1.03E-06	1.33E-06	6.28E-07	5.68E-07
M7XHB5	1.32E-06	1.35E-06	4.67E-07	4.75E-07	1.32E-06	1.50E-06	1.37E-06	1.24E-06	1.52E-06	1.47E-06	9.54E-07	9.72E-07
M7WRR0	1.82E-06	1.82E-06	9.10E-07	9.69E-07	1.31E-06	1.35E-06	9.81E-07	9.49E-07	2.69E-06	2.58E-06	1.23E-06	1.00E-06
M7X730	1.26E-06	1.36E-06	9.92E-07	1.00E-06	8.69E-07	9.66E-07	8.54E-07	8.01E-07	1.35E-06	1.40E-06	1.21E-06	1.01E-06
M7WMT2	2.88E-07	3.16E-07	1.87E-07	2.13E-07	7.49E-07	8.74E-07	6.11E-07	6.14E-07	7.48E-07	7.81E-07	2.76E-07	2.11E-07
M7XZN0	1.76E-06	2.14E-06	2.28E-06	2.57E-06	1.16E-06	1.16E-06	1.18E-06	1.09E-06	1.75E-06	1.77E-06	1.79E-06	1.69E-06
M7XG73	9.33E-07	1.15E-06		1.03E-06	1.05E-06	1.10E-06	9.37E-07	9.30E-07			1.86E-06	1.61E-06
M7XMM3	1.13E-06	9.15E-07	3.42E-07	3.39E-07	7.31E-07	7.79E-07	4.47E-07	3.57E-07	1.52E-06	1.40E-06	3.89E-07	3.05E-07
M7X4A4	5.27E-07	6.83E-07	2.37E-07	2.41E-07	4.27E-07	4.27E-07	2.66E-07	2.11E-07	9.25E-07	8.60E-07	2.51E-07	2.07E-07
M7WYU2	2.21E-07	2.29E-07	1.18E-07	1.17E-07	6.54E-07	7.15E-07	6.08E-07	4.60E-07	1.69E-07	1.75E-07	2.83E-07	2.79E-07
M7WPW0	1.75E-06	1.94E-06	8.56E-07	8.59E-07	9.93E-07	1.09E-06	1.03E-06	7.78E-07	1.42E-06	1.54E-06	1.17E-06	9.21E-07
M7X6G2	3.82E-07	3.20E-07	5.46E-07	5.04E-07	5.13E-07	7.22E-07	7.18E-07	6.62E-07	5.82E-07	6.97E-07	7.40E-07	5.57E-07
M7WFS5	5.70E-07	6.86E-07	3.43E-07	4.37E-07	9.76E-07	8.78E-07	4.71E-07	3.58E-07	1.78E-06	1.73E-06	3.84E-07	2.99E-07
M7WU76	2.35E-06	1.21E-06	6.79E-07	6.50E-07	1.71E-06	1.65E-06	8.28E-07	7.25E-07	4.46E-06	2.74E-06	1.13E-06	9.47E-07
M7WZ76	1.97E-06	2.47E-06	1.26E-06	1.30E-06	2.57E-06	2.49E-06	1.36E-06	1.18E-06	4.27E-06	4.42E-06	2.10E-06	1.81E-06
M7XBP3	6.77E-07	4.19E-07	2.26E-07	1.98E-07	3.65E-07	4.13E-07	2.12E-07	1.83E-07	6.12E-07	5.66E-07	1.81E-07	1.45E-07
M7WD50	1.34E-06	1.79E-06	9.41E-07	1.02E-06	1.47E-06	1.32E-06	7.98E-07	7.10E-07	2.40E-06	2.05E-06	1.11E-06	9.89E-07
M7XKI7	1.97E-06	2.30E-06	1.18E-06	1.15E-06	1.38E-06	1.58E-06	9.83E-07	8.87E-07	1.30E-06	1.75E-06	1.17E-06	8.45E-07
M7WE73				1.26E-06		3.26E-06		2.14E-06	3.68E-06			
M7WUH0	1.08E-06	8.78E-07	1.08E-06	1.05E-06	1.36E-06	1.19E-06	7.62E-07	6.51E-07	2.24E-06	1.86E-06	1.65E-06	1.59E-06
M7WNS4	2.04E-06	2.09E-06	1.16E-06	1.04E-06	1.10E-06	1.30E-06	8.84E-07	8.31E-07	2.03E-06	2.20E-06	1.19E-06	1.04E-06
M7XNV8	7.20E-07	3.48E-07	2.87E-07	3.32E-07	7.24E-07	8.12E-07	4.45E-07	3.16E-07	1.56E-06	1.48E-06	3.71E-07	2.88E-07
M7XPW4	6.17E-07	4.90E-07	2.13E-07	2.28E-07	8.34E-07	9.15E-07	4.33E-07	4.00E-07	3.57E-07	3.29E-07	5.64E-07	5.62E-07
M7XX52	2.11E-06	2.34E-06	1.87E-06	1.63E-06	1.20E-06	1.01E-06	9.49E-07	1.22E-06	2.12E-06	2.11E-06	1.73E-06	1.72E-06
M7X2C9	1.40E-06	1.46E-06	5.97E-07	4.87E-07	1.93E-06	2.11E-06	7.58E-07	7.06E-07	1.21E-06	1.10E-06	6.72E-07	5.69E-07
M7WK24	6.58E-07	5.99E-07	1.57E-07	1.90E-07	1.05E-06	1.11E-06	6.36E-07	4.97E-07	1.26E-06	1.28E-06	2.44E-07	2.50E-07
M7XV63	4.98E-07	5.25E-07	2.33E-07	2.27E-07	3.73E-07	4.46E-07	2.60E-07	2.12E-07	7.90E-07	8.03E-07	2.38E-07	2.00E-07
M7XUZ4	1.40E-06	9.80E-07		6.04E-07	6.00E-07	7.34E-07	4.58E-07	4.17E-07	1.64E-06	1.95E-06	7.17E-07	5.73E-07
M7XJ27	2.80E-07	2.98E-07	3.62E-07	3.47E-07	6.36E-07	7.09E-07	4.50E-07	4.01E-07	4.36E-07	4.14E-07	4.39E-07	3.25E-07
M7XE10	1.38E-06	1.31E-06	6.83E-07	7.27E-07	8.70E-07	8.38E-07	6.32E-07	5.56E-07	1.81E-06	1.64E-06	7.71E-07	5.94E-07
M7WX26	2.76E-07	1.98E-07	3.89E-08	5.55E-08	7.28E-07	7.54E-07	2.68E-07	2.59E-07	8.26E-07		5.49E-08	5.49E-08
M7XHC0	1.85E-06	2.05E-06	8.29E-07	8.64E-07	1.10E-06	1.23E-06	7.72E-07	8.24E-07	2.03E-06	1.74E-06	1.03E-06	8.36E-07
M7WUY9	4.23E-07	8.70E-07	4.25E-06	3.83E-06	2.92E-06	3.09E-06	2.49E-06	1.87E-06	6.18E-07	5.11E-07	2.62E-06	1.74E-06
M7XTZ4	6.26E-07	6.48E-07	5.76E-07	4.66E-07	7.47E-07	7.51E-07	4.77E-07	4.36E-07	1.82E-06	1.71E-06	6.30E-07	5.25E-07
M7XKD8	8.40E-07	8.37E-07	1.02E-06	1.10E-06	2.37E-07	3.90E-07	5.57E-07	6.24E-07	1.34E-06	1.25E-06	3.71E-06	3.39E-06
M7WDZ0	2.82E-07	2.69E-07	5.93E-07	4.85E-08	8.31E-07	1.69E-07	5.68E-07	8.74E-08	3.85E-07	1.03E-06	1.88E-07	1.10E-07
M7WGP2	1.45E-06	1.32E-06		6.92E-07	1.70E-06	1.24E-06	5.96E-07	5.44E-07		1.26E-06	4.99E-07	4.90E-07
M7XLJ5	7.79E-07	1.10E-06	3.34E-07	3.29E-07	7.13E-07	7.48E-07	3.93E-07	3.03E-07	1.25E-06	1.20E-06	3.93E-07	2.89E-07
M7WKR4	8.75E-07	7.37E-07	3.70E-07	4.09E-07	5.82E-07	5.69E-07	2.97E-07	2.63E-07	1.07E-06	1.07E-06	3.72E-07	3.10E-07
M7XKF7	3.74E-07	2.28E-07	2.24E-07	2.70E-07	5.89E-07	6.51E-07	4.43E-07		9.24E-07	8.84E-07	4.98E-07	3.86E-07
M7XYP9	3.83E-07	5.76E-07	4.38E-07	3.83E-07	3.89E-07	4.65E-07	3.55E-07	3.24E-07	6.31E-07	6.75E-07	3.65E-07	3.16E-07
M7XID1	2.22E-07	3.52E-07	2.01E-07	1.46E-07	9.79E-08	1.58E-07	2.00E-07	2.85E-07	5.57E-07	5.34E-07	4.43E-07	3.70E-07
M7X0E8	2.01E-06	1.69E-06	1.08E-06	1.05E-06	1.37E-06	1.39E-06	1.02E-06	7.72E-07	2.32E-06	2.23E-06	1.56E-06	1.40E-06
M7X0I8	1.34E-06	1.30E-06	5.55E-07	4.62E-07	7.21E-07	7.21E-07	3.95E-07	3.66E-07	1.64E-06	1.45E-06	5.39E-07	3.98E-07
M7XQ05	1.58E-06	1.71E-06	7.42E-07	7.87E-07	9.72E-07	9.72E-07	7.31E-07	6.32E-07	1.70E-06	1.67E-06	8.69E-07	7.11E-07
M7X2E8	7.02E-07	6.26E-07	1.55E-06	1.41E-06	9.09E-07	8.36E-07	6.40E-07	6.83E-07			6.22E-07	3.23E-07
M7WF31	3.00E-07	1.89E-07	1.08E-07	9.20E-08	1.14E-06	1.23E-06	4.88E-07	4.22E-07	4.39E-07	3.52E-07	1.05E-07	9.23E-08
M7WT77	1.84E-06	1.72E-06	5.90E-07	5.91E-07	1.30E-06	1.37E-06	6.24E-07	6.03E-07	2.74E-06	2.51E-06	6.12E-07	5.20E-07
M7WPB5	3.63E-07	3.89E-07	4.48E-07	4.01E-07	1.86E-07	2.00E-07	2.71E-07	2.61E-07	3.00E-07	2.61E-07	5.81E-07	4.54E-07
M7WUF2	1.08E-06	9.17E-07	6.84E-07	7.53E-07	1.12E-06	1.10E-06	7.00E-07	5.64E-07	2.71E-06	1.87E-06	1.00E-06	8.77E-07
M7WWD6	1.65E-07	1.68E-07	9.13E-08	6.86E-08	6.52E-07	7.98E-07	5.78E-07	5.39E-07		7.78E-07	9.84E-08	8.20E-08
M7XGU2	2.29E-06	2.41E-06	1.41E-06	1.09E-06	1.58E-06	1.50E-06	1.09E-06	9.54E-07	2.47E-06	3.07E-06	1.25E-06	1.10E-06
M7WS36	1.52E-06	5.59E-07	6.57E-07	6.37E-07	9.56E-07	9.53E-07	6.34E-07	5.35E-07	1.69E-06	1.47E-06	6.94E-07	6.13E-07
M7X709	5.99E-07	8.63E-07	2.97E-07	2.85E-07	2.87E-07	3.45E-07	1.91E-07	2.13E-07	5.69E-07	4.78E-07	2.92E-07	1.81E-07
M7WVZ3	1.42E-06	1.32E-06	3.66E-07	3.83E-07	1.85E-06	1.95E-06	9.40E-07	8.19E-07	2.58E-06	2.36E-06	5.58E-07	4.91E-07
M7X4M5	9.09E-07	1.01E-06	4.79E-07	4.94E-07	6.55E-07	8.36E-07	4.77E-07	4.54E-07	9.73E-07	1.08E-06	5.94E-07	5.35E-07
M7WNU6	1.35E-06	1.32E-06	9.26E-07	8.18E-07	9.49E-07	9.98E-07	6.84E-07	6.25E-07	1.31E-06	1.24E-06	6.83E-07	6.40E-07
M7X7A8	9.02E-07	9.33E-07	1.14E-06	1.10E-06	9.75E-07	1.10E-06	6.90E-07	9.58E-07	9.29E-07	9.23E-07	8.66E-07	5.31E-07
M7WI54	1.89E-06	2.03E-06	9.75E-07	1.07E-06	1.43E-06	1.47E-06	9.38E-07	8.88E-07	9.46E-07	9.73E-07	6.47E-07	6.13E-07
M7WJ97	1.28E-06	1.30E-06	4.98E-07	3.79E-07	1.02E-06	1.14E-06	6.43E-07	7.60E-07	2.66E-06	2.15E-06	6.97E-07	4.86E-07
M7X2J2	5.64E-07	5.55E-07	1.68E-07	1.40E-07	4.96E-07	5.43E-07	2.99E-07	2.66E-07	6.59E-07	5.95E-07	1.82E-07	1.61E-07
M7WPL3	8.72E-07	1.02E-06	4.91E-07	4.61E-07	8.00E-07	9.28E-07	5.28E-07	4.98E-07	9.71E-07	8.27E-07	5.72E-07	4.39E-07
M7WKA4	6.40E-07	3.86E-07	4.42E-07	3.82E-07	8.73E-07	9.17E-07	4.90E-07	4.18E-07	1.79E-06	1.84E-06	4.73E-07	3.69E-07
M7WS43	1.29E-06	9.40E-07	6.12E-07	6.61E-07	1.03E-06	1.03E-06	5.76E-07	4.35E-07	1.98E-06	2.08E-06	5.32E-07	4.24E-07
M7XW07	2.37E-07	1.99E-07	3.48E-07	3.37E-07	1.25E-06	1.42E-06	7.03E-07	6.42E-07	2.17E-06	1.87E-06	1.02E-06	1.07E-06
M7XN52	1.22E-07	9.44E-08	2.75E-08	3.02E-08	3.59E-07	4.20E-07	1.63E-07	1.46E-07		4.70E-08	2.39E-08	2.66E-08
M7XML8	4.78E-07	3.99E-07	2.78E-07	5.06E-07	5.07E-07	5.34E-07	2.37E-07	2.18E-07	4.82E-07	4.66E-07	3.59E-07	3.02E-07
M7WFY9	1.43E-06	1.54E-06	8.07E-07	6.05E-07	7.73E-07	1.00E-06	6.62E-07	5.75E-07	1.69E-06	1.59E-06	7.72E-07	5.82E-07
M7WW26	8.08E-07	7.58E-07	2.09E-07	1.64E-07	1.01E-06	1.17E-06	5.14E-07	4.14E-07	4.18E-07	3.88E-07	2.28E-07	2.30E-07
M7XIH3	1.55E-06	1.38E-06	2.79E-07	2.55E-07	1.79E-06	1.85E-06	6.32E-07	5.53E-07	5.61E-07	5.97E-07	3.40E-07	2.93E-07
M7X7T4		1.27E-06		1.80E-06	1.74E-06	1.95E-06	1.41E-06	1.38E-06			2.82E-06	2.36E-06
M7X7H5	1.72E-06	2.69E-06	1.40E-06	1.64E-06	9.57E-07	1.58E-06	1.59E-06	2.22E-06	4.34E-07	3.53E-07	2.24E-06	7.58E-07
M7XFZ0	5.58E-07	1.04E-06	3.26E-07	2.96E-07	9.35E-07	1.05E-06	4.33E-07	3.91E-07	2.26E-06	2.09E-06	3.76E-07	2.98E-07
M7WUS2		5.50E-07		1.28E-06	7.55E-07	8.58E-07	7.81E-07	7.34E-07	1.35E-06	1.46E-06	1.46E-06	1.20E-06
M7XF80	6.37E-07	6.06E-07	3.14E-07	3.85E-07	7.48E-07	7.18E-07	4.40E-07	4.59E-07	1.46E-06	1.30E-06	7.85E-07	6.39E-07
M7WKS2	3.62E-07	8.81E-08	1.05E-07		2.25E-07	9.28E-07	6.58E-08	3.13E-07	1.18E-06	1.61E-06	4.28E-08	5.34E-08
M7X6B9	4.28E-07	4.93E-07	3.43E-07	3.54E-07	5.21E-07	3.29E-07	2.36E-07	2.18E-07	5.98E-07	6.30E-07	3.48E-07	3.07E-07
M7X413		7.51E-07		6.97E-07	8.76E-07	1.13E-06	7.11E-07	6.63E-07			8.69E-07	7.36E-07
M7X2S0	6.54E-07	7.76E-07	3.02E-07	3.03E-07	6.11E-07	6.11E-07	3.38E-07	2.91E-07	7.84E-07	7.86E-07	2.54E-07	2.20E-07
M7XYK4	2.46E-06	2.70E-06	1.10E-06	1.07E-06	1.81E-06	1.79E-06	1.24E-06	1.27E-06	3.39E-06	3.03E-06	1.33E-06	1.08E-06
M7X982	1.24E-06	2.83E-06	1.21E-06	1.33E-06	1.58E-06	1.74E-06	6.13E-07	8.91E-07	2.21E-06		1.02E-06	8.62E-07
M7WS69	2.64E-06	2.23E-06	1.50E-06	1.32E-06	1.76E-06	2.02E-06	1.51E-06	1.53E-06	2.46E-06	2.14E-06	1.31E-06	1.28E-06
M7WG12	5.41E-07	7.61E-07	7.58E-07	7.23E-07	8.13E-07	9.26E-07	7.72E-07	6.87E-07	1.54E-06	1.42E-06	1.19E-06	1.13E-06
M7WS33	4.49E-07	5.27E-07	2.61E-07	2.98E-07	6.15E-07	6.36E-07	3.62E-07	3.22E-07	1.16E-06	1.15E-06	3.91E-07	2.78E-07
M7WXT6	8.94E-07	7.76E-07	3.46E-07	4.73E-07	8.09E-07	8.70E-07	5.01E-07	4.19E-07	1.69E-06	1.31E-06	6.56E-07	5.61E-07
M7X4M9				1.69E-07	4.22E-07	4.14E-07	1.30E-07	2.26E-07	8.34E-07	1.14E-06		1.93E-07
M7XPM3	6.87E-07	8.82E-07		3.40E-07	6.04E-07	6.32E-07	3.91E-07	3.25E-07	1.36E-06		4.71E-07	4.38E-07
M7WR46	6.72E-07	1.20E-06	2.73E-07	2.80E-07	5.85E-07	5.81E-07	3.02E-07	2.74E-07	1.10E-06	1.13E-06	2.94E-07	2.18E-07
M7WLQ1	1.23E-06	1.18E-06	5.03E-07	4.97E-07	6.34E-07	6.82E-07	3.95E-07	3.56E-07	1.58E-06	1.66E-06	4.32E-07	4.13E-07
M7XJ70	6.24E-07	1.37E-07	3.68E-07	3.55E-07	4.03E-07	5.36E-07	3.91E-07	3.71E-07	5.76E-07	5.48E-07	3.84E-07	3.26E-07
M7XLB3	5.13E-07	6.27E-07	3.04E-07	2.83E-07	4.10E-07	4.67E-07	2.94E-07	2.84E-07	6.22E-07	4.90E-07	4.39E-07	3.74E-07
M7X8P7	2.89E-07	2.23E-07		1.04E-07	7.92E-07	7.99E-07	4.35E-07	3.41E-07		1.32E-07	8.95E-08	6.63E-08
M7WUQ8	6.77E-07	6.67E-07		4.37E-07	7.98E-07	9.40E-07	5.39E-07	5.70E-07	1.99E-06	3.39E-06	6.64E-07	5.13E-07
M7WEP1		2.75E-07	1.42E-06	1.37E-06	3.43E-06	2.57E-06	9.52E-07	9.79E-07	4.42E-07		1.56E-06	7.27E-07
M7X5S2	3.53E-07	1.46E-07	4.00E-06	4.49E-06	5.34E-07	7.17E-07	1.06E-06	1.82E-06	3.37E-07	2.93E-07	6.36E-06	4.87E-06
M7XPD6	7.09E-07	1.27E-06		3.84E-07	6.45E-07	8.42E-07	7.85E-07	6.17E-07	6.77E-07		3.97E-07	3.08E-07
M7XCN1	6.59E-07	5.89E-07	2.80E-07	2.99E-07	3.89E-07	3.81E-07	2.59E-07	2.41E-07	6.46E-07	6.91E-07	2.84E-07	2.16E-07
M7XKJ8		5.03E-07		1.83E-06	2.36E-06	2.70E-06	2.42E-06	2.56E-06			2.03E-06	1.76E-06
M7XJQ5	1.13E-06	1.08E-06	4.16E-07	4.28E-07	1.72E-06	1.85E-06	1.02E-06	1.06E-06	3.15E-06	2.90E-06	5.50E-07	4.84E-07
M7WV38	1.19E-06	1.15E-06	2.91E-07	2.77E-07	2.48E-06	2.78E-06	1.38E-06	1.15E-06	8.61E-07	8.07E-07	3.08E-07	2.82E-07
M7WFT8	2.07E-06	1.44E-06		6.77E-07	1.41E-06	1.20E-06	6.72E-07	5.65E-07	2.20E-06	3.30E-06	7.34E-07	5.39E-07
M7XAV4	1.11E-06	1.11E-06	6.16E-07	5.18E-07	6.81E-07	7.43E-07	5.94E-07	4.74E-07	1.35E-06	1.20E-06	4.57E-07	3.80E-07
M7WRB3	4.66E-07	4.20E-07	1.55E-07	1.55E-07	3.11E-07	3.43E-07	2.09E-07	1.81E-07	4.75E-07	4.61E-07	2.02E-07	1.57E-07
M7WIL9	1.00E-06	9.30E-07	2.15E-07	2.46E-07	9.66E-07	1.05E-06	6.10E-07	5.12E-07	5.40E-07	5.37E-07	3.93E-07	3.49E-07
M7WCM1		1.63E-07	1.83E-07	2.34E-07	2.97E-07	3.13E-07	2.16E-07	1.85E-07	5.96E-07	5.62E-07	2.97E-07	2.21E-07
M7XMD3	1.00E-06	9.11E-07	4.30E-07	3.83E-07	1.78E-06	1.99E-06	1.30E-06	1.33E-06	1.31E-06	1.23E-06	5.00E-07	3.65E-07
M7XYH2	9.49E-07	9.01E-07	6.78E-07	5.93E-07	4.94E-07	5.77E-07	3.71E-07	3.97E-07	1.00E-06	1.08E-06	6.21E-07	4.82E-07
M7WSH3	2.61E-07	2.79E-07	2.73E-07	2.40E-07	5.08E-07	5.70E-07	3.04E-07	2.84E-07	8.95E-07	9.75E-07	2.66E-07	2.25E-07
M7WYH6	6.34E-07	5.41E-07	2.22E-07	1.90E-07	6.31E-07	7.93E-07	4.44E-07	3.93E-07	6.20E-07	5.54E-07	2.90E-07	2.28E-07
M7WTG7	5.44E-07	6.68E-07		2.99E-07	3.60E-07	4.38E-07	3.55E-07	3.15E-07	5.21E-07	4.57E-07	3.64E-07	3.03E-07
M7XTB2	2.76E-06	3.45E-06	1.02E-06	1.15E-06	7.06E-07	7.14E-07	5.58E-07	5.30E-07	1.47E-06	1.19E-06	8.62E-07	8.56E-07
M7WYF4	1.28E-06	1.34E-06	6.07E-07	6.91E-07	1.22E-06	1.30E-06	1.10E-06	1.02E-06	1.77E-06	1.95E-06	1.02E-06	9.28E-07
M7WF27	1.22E-06	2.46E-07	5.13E-06	4.43E-06	1.75E-06	2.36E-06	1.85E-06	1.90E-06	7.09E-07	5.23E-07	1.84E-06	1.76E-06
M7XUU6	1.06E-06	6.98E-07	2.49E-07	3.23E-07	4.68E-07	4.45E-07	2.69E-07	2.38E-07	7.84E-07	7.13E-07	2.26E-07	1.72E-07
M7WXU2	1.55E-06	1.87E-06	1.77E-06	1.60E-06	2.81E-06	2.91E-06	1.65E-06	1.93E-06	4.10E-06	4.17E-06	3.85E-06	3.37E-06
M7XYL6	1.80E-06	2.47E-06	8.02E-07	8.85E-07	1.04E-06	1.21E-06	7.73E-07	7.92E-07	2.39E-06	2.32E-06	9.57E-07	8.40E-07
M7XSU5	1.78E-07	8.75E-08	1.21E-06	1.22E-06	5.93E-07	6.64E-07	5.99E-07	6.75E-07	7.45E-07	9.55E-07	1.95E-06	1.66E-06
M7X0T7	1.09E-07	1.10E-07		1.72E-08	2.40E-07	2.36E-07	1.27E-07	1.13E-07	5.01E-07	3.18E-07	2.71E-08	3.75E-08
M7WIQ2	9.64E-07	7.93E-07	5.01E-07	5.55E-07	7.21E-07	9.66E-07	5.51E-07	2.75E-07			6.67E-07	5.69E-07
M7XVT2	1.83E-07	1.38E-07		3.43E-08	7.43E-07	9.78E-07	5.08E-07	4.45E-07	1.79E-07	1.13E-07	2.75E-08	2.57E-08
M7XDG9	6.75E-07	6.10E-07	3.05E-07	2.88E-07	4.03E-07	4.65E-07	3.17E-07	2.79E-07	6.81E-07	6.18E-07	3.31E-07	2.43E-07
M7WI10	7.46E-07	3.48E-07		4.25E-07	7.88E-07	9.84E-07	7.17E-07	6.82E-07	8.36E-07	1.00E-06	8.12E-07	5.86E-07
M7WYB0	5.46E-07	5.02E-07	3.03E-07	3.13E-07	1.67E-07	2.04E-07	1.90E-07	1.58E-07	4.14E-07	4.27E-07	2.58E-07	1.66E-07
M7XMJ0	3.94E-07	3.03E-07	3.17E-07	2.42E-07	5.68E-07	5.97E-07	3.37E-07	2.94E-07	7.84E-07	7.44E-07	2.42E-07	2.05E-07
M7WK23	1.13E-06	1.16E-06	3.83E-07	4.77E-07	1.51E-06	1.67E-06	8.76E-07	7.71E-07	1.34E-06	1.38E-06	4.99E-07	4.03E-07
M7WRH5	1.10E-06	8.64E-07	2.14E-06	1.93E-06	1.20E-06	1.47E-06	1.29E-06	1.39E-06	2.46E-06	2.73E-06	3.52E-06	2.63E-06
M7X6U6	6.88E-07	5.02E-07	2.23E-07	2.40E-07	3.34E-07	3.01E-07	2.10E-07	1.57E-07	6.73E-07	6.84E-07	1.62E-07	1.34E-07
M7X9H8	5.53E-07	5.21E-07		1.25E-07	1.21E-06	1.18E-06	9.31E-07	7.38E-07	1.20E-06	1.12E-06	3.37E-07	3.04E-07
M7XK44	6.74E-07	4.00E-07		1.76E-06	1.99E-06	2.52E-06	1.70E-06	1.44E-06	2.77E-06	2.40E-06	2.04E-06	1.52E-06
M7WXY7	1.40E-06	1.38E-06	7.62E-07	7.68E-07	7.00E-07	7.82E-07	8.44E-07	7.26E-07	1.14E-06	1.24E-06	9.09E-07	7.53E-07
M7X3E8	1.08E-06	1.00E-06		2.74E-07	2.21E-06	2.33E-06	1.40E-06	1.15E-06	2.56E-06	2.04E-06	6.19E-07	5.76E-07
M7X1C7	2.19E-07	2.57E-07	1.01E-07	1.03E-07	6.61E-07	7.74E-07	3.80E-07	3.49E-07	3.67E-07	3.36E-07	1.37E-07	1.24E-07
M7XLS6	2.75E-07	3.63E-07	2.04E-07	1.92E-07	1.61E-07	2.09E-07	1.55E-07	1.28E-07	2.59E-07	2.44E-07	1.86E-07	1.57E-07
M7WYK1	9.54E-07	1.08E-06	2.83E-07	2.45E-07	1.44E-06	1.47E-06	6.39E-07	6.72E-07	1.63E-06	1.77E-06	4.35E-07	3.47E-07
M7WKZ4	2.32E-06	2.27E-06	8.27E-07	7.46E-07	1.17E-06	1.31E-06	7.35E-07	5.69E-07	2.40E-06	2.99E-06	6.80E-07	5.14E-07
M7X7J6	1.11E-06	1.18E-06	5.13E-07	5.04E-07	7.58E-07	7.34E-07	4.80E-07	4.47E-07	1.20E-06	1.21E-06	5.41E-07	4.69E-07
M7XII4	1.10E-06	1.06E-06		7.61E-07	1.26E-06	1.41E-06	7.54E-07	7.36E-07	1.05E-06		8.42E-07	9.13E-07
M7X6S6	1.71E-06	1.84E-06	1.43E-06	1.49E-06	1.88E-06	1.75E-06	1.35E-06	1.36E-06	1.98E-06	1.92E-06	1.30E-06	9.90E-07
M7XN47	4.36E-08	3.57E-08	2.26E-07	2.76E-07	9.37E-07	7.11E-07	5.78E-07	4.14E-07	3.69E-08	6.21E-08	3.65E-07	2.61E-07
M7XBR4	1.53E-06	2.69E-06	1.35E-06	1.26E-06	2.11E-06	2.49E-06	2.03E-06	1.96E-06	2.15E-06	1.87E-06	1.71E-06	1.38E-06
M7XKT4	2.64E-06	2.44E-06	1.03E-06	1.03E-06	1.09E-06	1.11E-06	7.27E-07	7.08E-07	2.26E-06	2.45E-06	1.01E-06	7.31E-07
M7WCJ7	2.33E-07	1.79E-07		7.00E-08	9.56E-07	8.94E-07	4.84E-07	3.52E-07	1.34E-06	1.06E-06	2.13E-07	1.79E-07
M7WVK0		3.00E-07	4.12E-08	1.01E-07	4.88E-07	4.27E-07	4.55E-07		3.85E-07			
M7XXS3	7.35E-07	7.16E-07		2.00E-07	7.85E-07	9.91E-07	6.94E-07	6.08E-07	1.98E-07	2.15E-07	1.60E-07	1.35E-07
M7X4F7	1.58E-06	1.41E-06	5.58E-07	5.33E-07	6.73E-07	7.37E-07	6.30E-07	5.72E-07	1.22E-06	1.40E-06	6.55E-07	4.80E-07
M7X6G0	5.44E-07	7.23E-07		2.91E-07	4.01E-07	4.16E-07	3.62E-07	3.12E-07	6.48E-07	7.79E-07	3.84E-07	3.05E-07
M7XP66	5.82E-07	7.79E-07	5.95E-07	6.08E-07	7.68E-07	8.20E-07	5.67E-07	5.58E-07	1.17E-06	1.07E-06	7.74E-07	6.54E-07
M7WX90	1.42E-06	7.93E-07		5.93E-07	1.19E-06	1.03E-06	7.37E-07	7.03E-07	2.80E-06	2.77E-06	1.06E-06	9.28E-07
M7XNG2	2.25E-07	2.11E-07	4.80E-07	3.88E-07	4.75E-07	5.19E-07	2.07E-07	2.13E-07	1.25E-07		2.33E-07	1.34E-07
M7X3A8	1.09E-06	1.19E-06	3.61E-07	3.04E-07	1.09E-06	1.09E-06	6.90E-07	6.50E-07	8.45E-07	7.26E-07	4.13E-07	4.77E-07
M7XLT9	1.02E-06	1.40E-06	3.63E-06	3.53E-06	2.14E-06	1.93E-06	2.45E-06	2.22E-06	1.57E-06	1.47E-06	1.08E-05	8.58E-06
M7WJU4	1.14E-06	1.55E-06	1.28E-06	1.22E-06	1.07E-06	8.40E-07	5.38E-07	5.91E-07	2.04E-06	2.06E-06	1.06E-06	9.95E-07
M7WQL8	5.79E-06	1.23E-06	8.38E-07	7.18E-07	3.91E-07	3.62E-07	1.77E-07	1.47E-07			2.94E-07	2.08E-07
M7WW82	9.98E-07	1.15E-06	1.19E-07	4.61E-07	5.25E-07	5.85E-07	5.52E-07	3.69E-07	5.80E-07	8.40E-07	5.81E-07	3.88E-07
M7WFA3	1.53E-06	1.70E-06	8.58E-07	8.78E-07	1.15E-06	1.24E-06	1.05E-06	1.34E-06	1.67E-06	2.55E-06	2.35E-06	9.41E-07
M7WZC3	9.40E-07	7.62E-07	2.93E-07	6.01E-07	7.59E-07	8.66E-07	5.79E-07	5.86E-07	1.16E-06	4.42E-07	1.13E-06	8.94E-07
M7XI91	6.54E-07	5.60E-07	2.50E-07	2.56E-07	2.97E-07	3.27E-07	2.57E-07	2.19E-07	4.86E-07	5.31E-07	2.45E-07	1.94E-07
M7X456	3.70E-07	2.83E-07	1.06E-07	1.04E-07	9.54E-07	9.34E-07	5.13E-07	4.15E-07	4.82E-07	3.75E-07	1.31E-07	1.17E-07
M7WUN0	8.81E-07	9.09E-07	2.49E-07	2.90E-07	3.14E-07	3.19E-07	1.91E-07	1.80E-07	5.32E-07	5.66E-07	2.37E-07	1.75E-07
M7XN72	7.43E-07	7.99E-07	6.83E-07	7.96E-07	4.39E-07	4.66E-07	4.64E-07	3.24E-07	7.05E-07	8.28E-07	8.58E-07	9.41E-07
M7WEK6	2.67E-06	2.77E-06	1.23E-06	1.19E-06	1.96E-06	1.74E-06	1.23E-06	1.19E-06	2.56E-06	2.61E-06	1.41E-06	1.23E-06
M7XJT3	4.31E-07	3.60E-07	1.10E-07	8.63E-08	1.19E-06	1.36E-06	4.87E-07	3.69E-07	3.17E-07		1.54E-07	1.43E-07
M7WPA0	2.15E-06	2.56E-06	1.23E-06	1.12E-06	5.33E-07	4.36E-07	3.24E-07	2.23E-07	3.73E-07	6.20E-07	3.54E-07	3.49E-07
M7WJN6	3.29E-07	2.98E-07	1.45E-07	1.57E-07	4.83E-07	4.95E-07	4.19E-07	3.20E-07	7.05E-07	7.17E-07	2.65E-07	2.04E-07
M7X2D0	5.60E-07	6.13E-07	3.13E-07	2.76E-07	6.13E-07	6.62E-07	5.39E-07	5.18E-07	7.49E-07	6.86E-07	4.19E-07	3.52E-07
M7WVZ0	6.75E-07	9.04E-07	3.94E-07	2.91E-07	1.04E-06	1.10E-06	7.76E-07	6.36E-07	1.38E-06	1.12E-06	4.99E-07	4.05E-07
M7WFU6	2.64E-07	1.63E-07	3.77E-07	4.63E-07	6.69E-07	6.65E-07	4.78E-07	3.95E-07	1.29E-06	1.17E-06	5.91E-07	4.94E-07
M7WLM7	6.64E-07	8.12E-07	2.80E-07	3.70E-07	9.54E-07	8.24E-07	4.18E-07	4.15E-07	1.85E-06	1.49E-06	3.65E-07	3.17E-07
M7XPI5	9.91E-07	1.49E-06	6.69E-07	4.73E-07	6.03E-07	5.77E-07	4.57E-07	3.84E-07	1.21E-06	1.11E-06	7.55E-07	6.12E-07
M7XPD8		2.11E-07	2.76E-07	2.94E-07	1.25E-06	1.46E-06	1.67E-06	1.62E-06	2.21E-07	2.21E-07	2.58E-07	2.07E-07
M7XP52	1.42E-07	1.84E-07	5.32E-08	1.86E-08	3.25E-08	1.13E-07	4.13E-07	6.09E-08	2.18E-07	5.52E-07	4.24E-08	2.85E-08
M7X6U4	3.15E-07	3.72E-07	1.48E-06	1.41E-06	1.49E-06	1.94E-06	4.11E-07	6.13E-07	4.91E-07	3.40E-07	1.48E-07	1.42E-07
M7XNM9		1.34E-06		9.40E-08	3.19E-06	3.70E-06	2.26E-06	1.80E-06			1.01E-06	9.14E-07
M7WW73		3.11E-08	2.11E-08	1.72E-08	1.43E-08	4.04E-08	2.45E-08	2.91E-08			5.67E-08	7.50E-08
M7XZN3	3.96E-07	2.89E-07	2.25E-07	2.83E-07	4.34E-07	4.21E-07	2.68E-07	2.36E-07	8.50E-07	7.13E-07	2.85E-07	2.30E-07
M7WH48	1.10E-06	1.09E-06	1.14E-06	1.12E-06	1.67E-06	1.74E-06	1.04E-06	9.83E-07	3.09E-06	2.87E-06	2.17E-06	1.88E-06
M7XD79		9.29E-07	4.64E-07	3.66E-07	1.08E-06	1.14E-06	7.05E-07	4.88E-07	1.33E-06	1.29E-06	4.11E-07	3.19E-07
M7X6U8	1.46E-07	1.73E-07	7.55E-08	7.96E-08	2.84E-07	1.56E-07	1.28E-07	1.20E-07	8.87E-07	8.31E-07	2.11E-07	1.74E-07
M7X332	4.02E-07	6.10E-07	3.18E-07	2.94E-07	1.40E-06	1.65E-06	9.00E-07	9.22E-07	9.22E-07	8.67E-07	6.23E-07	4.99E-07
M7XIX9	1.87E-06	2.04E-06	8.51E-07	8.47E-07	1.22E-06	1.23E-06	8.20E-07	7.24E-07	1.82E-06	1.92E-06	9.28E-07	9.08E-07
M7WYG4	4.16E-07	5.16E-07	2.90E-07	3.25E-07	3.84E-07	4.32E-07	3.76E-07	2.91E-07	8.04E-07	7.37E-07	3.68E-07	3.15E-07
M7XXT6	5.36E-07	4.72E-07	2.80E-07	2.96E-07	3.63E-07	4.11E-07	2.90E-07	2.54E-07	8.52E-07	7.37E-07	2.83E-07	2.34E-07
M7WM80	3.34E-06	3.25E-06	1.94E-06	1.89E-06	5.97E-07	6.41E-07	3.80E-07	3.63E-07	3.18E-07	3.35E-07	4.71E-07	2.86E-07
M7WJ06	2.07E-06	2.32E-06	8.07E-07	7.47E-07	6.30E-07	6.91E-07	3.68E-07	3.17E-07	4.32E-07	3.93E-07	2.52E-07	2.18E-07
M7WWU9	2.20E-07	5.30E-07	2.91E-07	2.33E-07	3.08E-07	3.39E-07	2.40E-07	2.46E-07	3.68E-07	4.28E-07	3.16E-07	2.37E-07
M7XMW0	2.62E-07	2.63E-07	4.26E-07	4.55E-07	6.26E-07	7.13E-07	4.97E-07	4.58E-07	6.96E-07	6.65E-07	5.14E-07	3.45E-07
M7WYD3	2.56E-06	2.34E-06	1.41E-06	1.62E-06	1.47E-06	2.66E-06	2.76E-06	2.57E-06	1.31E-06	1.18E-06	1.04E-06	1.14E-06
M7WT26	4.47E-07	5.55E-07	3.60E-07	2.20E-07	4.59E-07	4.56E-07	1.89E-07	2.56E-07	7.52E-07	7.86E-07	3.39E-07	2.97E-07
M7WYS5	1.75E-06	2.00E-06	1.03E-05	1.09E-05	4.84E-07	1.08E-06	6.61E-07	7.97E-07	8.90E-07	1.12E-06	1.23E-05	1.03E-05
M7WNN9	1.61E-07	1.25E-07	3.54E-08	3.99E-08	5.13E-07	5.01E-07	1.57E-07	1.35E-07	1.46E-06	1.33E-06	9.41E-08	7.66E-08
M7WUV0	2.35E-07	3.02E-07	1.36E-07	1.25E-07	1.68E-07	1.89E-07	1.17E-07	1.21E-07	3.32E-07	2.84E-07	1.24E-07	1.15E-07
M7X6W7	5.94E-07	5.36E-07	2.24E-07	2.78E-07	2.80E-07	2.77E-07	2.41E-07	1.87E-07	5.45E-07	5.84E-07	3.97E-07	2.83E-07
M7WQD3	8.28E-07	3.27E-07		2.20E-07	1.16E-06	1.27E-06	9.61E-07	8.46E-07	1.44E-06	1.35E-06	4.34E-07	3.52E-07
M7XKU3	1.11E-06	1.19E-06	6.09E-07	4.82E-07	6.73E-07	6.34E-07	5.36E-07	4.75E-07	1.28E-06	1.24E-06	6.09E-07	5.41E-07
M7X3Q0		1.00E-06		4.75E-07	1.05E-06	1.01E-06	9.08E-07	9.23E-07			8.97E-07	7.74E-07
M7WS84	5.62E-07	6.58E-07	4.47E-07	3.61E-07	3.84E-07	4.19E-07	2.68E-07	2.61E-07	7.78E-07	7.42E-07	4.73E-07	3.73E-07
M7WUR2	4.23E-07	4.38E-07	1.51E-07	1.22E-07	2.78E-07	2.53E-07	1.58E-07	1.27E-07	4.39E-07	4.06E-07	1.32E-07	1.01E-07
M7WZ66	1.36E-07	1.47E-07	9.42E-08	1.04E-07	7.46E-08	9.32E-08	6.99E-08	5.83E-08	1.58E-07	1.49E-07	9.31E-08	8.13E-08
M7WTT0	3.68E-07	3.59E-07	1.46E-07	1.61E-07	5.34E-07	5.87E-07	2.90E-07	2.78E-07	6.86E-07	6.76E-07	1.71E-07	1.53E-07
M7XCY6	6.98E-07	7.55E-07	3.52E-07	2.71E-07	8.94E-07	1.09E-06	6.07E-07	5.56E-07	9.13E-07	8.68E-07	3.15E-07	2.46E-07
M7X5E3	7.43E-07	6.42E-07	3.25E-07	3.65E-07	4.17E-07	4.94E-07	3.34E-07	3.23E-07	1.28E-06	1.07E-06	4.02E-07	3.36E-07
M7XGU4	1.24E-06	1.39E-06	6.33E-07	6.52E-07	9.17E-07	1.07E-06	6.93E-07	5.88E-07	1.53E-06	1.52E-06	7.32E-07	7.06E-07
M7WLX6	3.97E-07	4.50E-07	2.19E-07	1.60E-07	2.41E-08	2.71E-08	3.45E-08	1.06E-08	3.75E-08	1.15E-08	1.14E-08	1.00E-08
M7X0E7	1.17E-06	1.22E-06	5.33E-07	5.49E-07	1.48E-06	1.29E-06	8.04E-07	6.46E-07	1.25E-06	1.25E-06	7.64E-07	5.53E-07
M7WXF3	3.86E-07	4.08E-07	3.49E-07	3.36E-07	4.38E-07	4.66E-07	3.25E-07	3.25E-07	7.40E-07	7.32E-07	4.04E-07	3.25E-07
M7XN46	1.09E-06	1.25E-06	7.28E-07	6.93E-07	4.97E-07	5.43E-07	5.01E-07	4.32E-07	6.17E-07	4.75E-07	6.93E-07	5.17E-07
M7WZD3	3.37E-07	6.51E-07	1.45E-07	1.38E-07	4.05E-07	4.99E-07	3.18E-07	2.69E-07	8.10E-07	7.78E-07	1.73E-07	1.19E-07
M7XAL7	7.44E-07	5.30E-07	3.74E-07	5.30E-07	1.30E-07	1.48E-07	1.29E-07	1.66E-07	6.29E-07	5.65E-07	3.79E-07	3.70E-07
M7XAQ2	1.05E-06	1.22E-06	5.30E-07	3.83E-07	2.11E-06	2.41E-06	1.20E-06	9.42E-07	3.29E-06	2.16E-06	7.08E-07	6.28E-07
M7WQ90	6.32E-07	3.76E-07		2.45E-07	1.17E-06	1.18E-06	6.79E-07	6.69E-07	1.73E-06	1.51E-06	3.35E-07	2.61E-07
M7XJC1	1.62E-07	3.69E-07	3.90E-07	3.83E-07	4.08E-07	4.67E-07	2.87E-07	2.67E-07	6.01E-07	7.18E-07	5.23E-07	4.07E-07
M7WJX8		2.18E-07	2.55E-07	2.08E-07	3.84E-07	3.87E-07	2.71E-07	2.15E-07	6.40E-07	5.85E-07	2.21E-07	1.81E-07
M7XUQ1	1.56E-06	2.06E-06	1.27E-06	1.16E-06	1.24E-06	1.59E-06	1.35E-06	1.51E-06	1.70E-06	1.47E-06	1.46E-06	1.28E-06
M7WMQ2	1.18E-07	1.16E-07	1.92E-06	2.25E-06	1.13E-06	1.37E-06	1.24E-06	1.46E-06	9.76E-07	9.42E-07	2.38E-06	2.67E-06
M7XCG8	1.95E-06	2.12E-06	1.07E-06	1.10E-06	1.09E-06	1.16E-06	8.35E-07	8.21E-07	2.29E-06	2.23E-06	1.24E-06	1.01E-06
M7XB86	6.30E-07	6.99E-07	4.37E-07	4.28E-07	3.44E-07	3.46E-07	3.94E-07	3.01E-07	9.67E-07	9.44E-07	6.36E-07	4.20E-07
M7X2F3	7.05E-07	7.19E-07	3.87E-07	3.74E-07	1.26E-06	1.47E-06	8.23E-07	7.77E-07	8.43E-07	8.29E-07	4.51E-07	3.48E-07
M7X5A2	2.68E-07	3.11E-07	1.94E-07	1.80E-07	1.17E-07	1.11E-07	1.44E-07	1.35E-07	3.30E-07	2.31E-07	1.80E-07	1.40E-07
M7WHP5	7.22E-07	8.49E-07	2.23E-07	3.07E-07	1.40E-07	1.38E-07	1.40E-07	1.22E-07	3.83E-07	3.46E-07	1.93E-07	1.71E-07
M7WQH5	1.10E-07	1.12E-07	7.54E-08	6.25E-08	1.18E-07	1.38E-07	1.05E-07	8.35E-08	2.14E-07	2.03E-07	7.54E-08	5.72E-08
M7WQC9	7.74E-07	1.01E-06	3.60E-07	3.97E-07	7.83E-07	9.62E-07	5.55E-07	6.49E-07	1.52E-06	1.23E-06	4.86E-07	3.45E-07
M7WN48	6.27E-07	6.23E-07	3.44E-07	3.39E-07	4.56E-07	4.60E-07	3.17E-07	2.59E-07	8.89E-07	7.83E-07	3.72E-07	3.36E-07
M7WSC3	4.69E-07	4.21E-07	3.50E-07	3.63E-07	4.91E-07	4.42E-07	3.34E-07	2.92E-07	8.39E-07	7.95E-07	3.37E-07	3.20E-07
M7WX53	2.82E-07	3.08E-07	1.12E-07	1.16E-07	1.68E-07	1.78E-07	1.43E-07	1.08E-07	3.24E-07	3.22E-07	1.30E-07	1.06E-07
M7WVJ4	3.95E-07	3.91E-07	1.64E-07	1.75E-07	2.50E-07	3.01E-07	1.82E-07	1.61E-07	4.27E-07	3.95E-07	1.69E-07	1.13E-07
M7X786	4.78E-07	3.11E-07	4.17E-07	4.91E-07	6.31E-07	6.38E-07	4.32E-07	4.07E-07	9.62E-07	9.32E-07	4.95E-07	4.97E-07
M7WQK2	2.29E-06	2.51E-06		1.85E-06	6.93E-07	1.02E-06	3.09E-07	3.32E-07	1.63E-07	1.40E-07	8.83E-07	9.98E-07
M7X192	2.32E-06	2.39E-06	6.34E-07	6.50E-07	1.46E-06	1.79E-06	1.66E-06	1.36E-06	2.29E-06	2.12E-06	1.17E-06	1.07E-06
M7WIC5	4.03E-07	5.17E-07	2.82E-07	2.91E-07	3.41E-07	4.45E-07	3.11E-07	3.02E-07	1.15E-06	9.68E-07	4.96E-07	3.99E-07
M7WV51	7.11E-07	7.30E-07	8.79E-07	8.09E-07	9.20E-07	9.91E-07	9.09E-07	7.14E-07	1.69E-06	1.61E-06	1.07E-06	1.04E-06
M7XJR2	5.62E-07	4.35E-07	1.58E-07	1.60E-07	3.91E-07	4.65E-07	3.01E-07	2.54E-07	6.24E-07	6.18E-07	2.00E-07	1.89E-07
M7WYY1	6.76E-07	4.25E-07	4.71E-07	4.84E-07	5.19E-07	5.76E-07	3.84E-07	3.67E-07	6.69E-07	6.25E-07	5.48E-07	4.53E-07
M7XKV7	3.85E-07	4.04E-07	1.90E-07	1.64E-07	1.66E-07	1.91E-07	1.42E-07	1.22E-07	5.08E-07	4.92E-07	1.93E-07	1.42E-07
M7XQJ1	4.06E-07	5.41E-07	2.41E-07	2.05E-07	5.20E-07	5.36E-07	2.55E-07	2.33E-07	9.54E-07	7.86E-07	2.81E-07	2.24E-07
M7XCW8	2.68E-06	2.88E-06		1.77E-06	1.59E-06	1.87E-06	1.43E-06	1.39E-06	3.01E-06	2.74E-06	2.36E-06	2.18E-06
M7WS41		1.28E-08		8.52E-09	1.41E-08	2.28E-08	4.15E-08	1.19E-07	1.52E-08	1.51E-08	3.09E-08	4.61E-08
M7WHV7	7.03E-07	6.08E-07	1.88E-07	1.41E-07	4.73E-07	4.64E-07	2.42E-07	1.98E-07	8.69E-07	8.59E-07	2.92E-07	4.83E-07
M7WPS9		3.03E-08		1.98E-08	4.22E-08	3.59E-08	4.48E-08	2.20E-08		1.37E-07	2.32E-08	4.52E-08
M7WPP3		3.34E-08	1.96E-07	2.29E-07	9.25E-07	8.91E-07	6.27E-07	5.49E-07	1.67E-07	1.14E-07	3.75E-07	2.83E-07
M7WPD1	8.89E-07	1.02E-06		1.64E-07	1.02E-06	9.23E-07	5.17E-07	4.41E-07	1.32E-06	1.12E-06	2.58E-07	2.34E-07
M7XQ67	6.64E-07	4.94E-07	2.53E-07	2.33E-07	3.59E-07	3.98E-07	2.39E-07	1.92E-07	5.88E-07	5.15E-07	3.00E-07	2.34E-07
M7XQC4	5.69E-07	4.41E-07	2.39E-07	1.81E-07	7.25E-07	7.37E-07	3.38E-07	3.37E-07	5.19E-07	5.49E-07	2.75E-07	2.51E-07
M7WMR7	3.88E-07	5.57E-07	2.45E-07	2.99E-07	2.84E-07	3.27E-07	3.67E-07	2.72E-07	6.41E-07	6.71E-07	3.95E-07	3.45E-07
M7XZA1	1.00E-06	1.17E-06	6.02E-07	5.94E-07	7.22E-07	8.79E-07	6.39E-07	5.25E-07	1.05E-06	1.13E-06	7.18E-07	5.99E-07
M7WZM7	1.22E-06	1.14E-06	6.18E-07	6.04E-07	7.71E-07	7.38E-07	4.84E-07	4.86E-07	1.52E-06	1.63E-06	5.66E-07	4.82E-07
M7X251	6.02E-07	7.63E-07	3.38E-07	3.47E-07	2.65E-07	2.61E-07	1.71E-07	1.53E-07	6.86E-07	6.00E-07	3.03E-07	2.64E-07
M7WQW0	1.02E-06	1.14E-06	4.71E-07	4.79E-07	7.05E-07	7.29E-07	4.64E-07	3.92E-07	1.26E-06	1.09E-06	5.40E-07	4.81E-07
M7WJW0	8.23E-07	1.14E-06	3.04E-07	2.47E-07	7.30E-07	8.17E-07	5.85E-07	5.06E-07	6.29E-07	5.24E-07	4.00E-07	3.64E-07
M7XLR2	5.28E-07	5.15E-07	3.86E-07	3.69E-07	1.17E-06	1.43E-06	8.62E-07	6.28E-07	5.96E-07	5.59E-07	4.02E-07	3.56E-07
M7X296	6.95E-07	7.27E-07		3.08E-07	3.63E-07	4.19E-07	3.11E-07	2.79E-07	8.59E-07	7.13E-07	3.31E-07	2.46E-07
M7WR81	5.62E-07	5.91E-07	4.64E-07	4.70E-07	1.09E-06	1.12E-06	5.93E-07	5.48E-07	1.79E-06	1.56E-06	3.64E-07	2.88E-07
M7WMW2	4.76E-07	5.67E-07	2.89E-07	2.85E-07	3.36E-07	3.33E-07	2.82E-07	2.32E-07	5.77E-07	5.27E-07	2.90E-07	2.58E-07
M7X504	7.17E-07	5.89E-07	5.01E-07	4.81E-07	1.19E-06	1.31E-06	8.60E-07	6.72E-07	2.14E-06	2.27E-06	7.91E-07	6.33E-07
M7WTL5	1.02E-06	1.07E-06	2.46E-07	2.56E-07	1.06E-06	1.15E-06	6.20E-07	4.65E-07	1.78E-06	1.66E-06	2.76E-07	2.23E-07
M7WY75	3.36E-07	5.93E-07		1.52E-07	3.53E-07	3.96E-07	1.37E-07	1.64E-07	7.51E-07	8.51E-07	1.44E-07	1.42E-07
M7WS60	3.24E-07	3.43E-07	1.14E-06	3.80E-07	3.50E-07	1.06E-06	2.41E-07			2.74E-06	5.45E-07	4.11E-07
M7XP46	2.20E-07	2.43E-07	9.56E-08	9.09E-08	1.16E-07	1.42E-07	9.86E-08	9.15E-08	2.39E-07	2.15E-07	9.81E-08	7.92E-08
M7XFQ9	2.56E-07	3.70E-07	1.69E-07	1.89E-07	3.52E-07	3.53E-07	1.99E-07	1.71E-07	8.02E-07	8.60E-07	2.04E-07	1.63E-07
M7WJI2	4.59E-07	2.21E-07	4.57E-07	4.04E-07	5.04E-07	5.29E-07	3.08E-07	2.47E-07	9.42E-07	9.34E-07	3.04E-07	2.78E-07
M7X266	6.51E-07	5.96E-07	2.38E-07	2.19E-07	9.84E-07	9.72E-07	4.76E-07	4.37E-07	1.31E-06	1.09E-06	3.36E-07	3.17E-07
M7X7B6	4.21E-07	2.50E-07	2.54E-07	2.31E-07	4.69E-07	4.85E-07	2.22E-07	2.15E-07	8.47E-07	9.83E-07	2.58E-07	2.36E-07
M7X097	3.33E-07	2.62E-07	9.77E-08	1.29E-07	1.68E-07	1.76E-07	1.14E-07	1.10E-07	3.70E-07	3.75E-07	1.01E-07	7.68E-08
M7WWY2	4.29E-07	4.51E-07	3.39E-07	2.62E-07	2.46E-07	2.63E-07	2.37E-07	1.93E-07	4.20E-07	4.54E-07	3.17E-07	2.43E-07
M7X860	1.15E-06	1.14E-06	3.45E-07	3.55E-07	9.74E-07	9.72E-07	5.25E-07	4.51E-07	1.27E-06	1.22E-06	4.19E-07	3.20E-07
M7XKT9	2.93E-07	2.80E-07	1.93E-07	2.55E-07	4.23E-07	4.10E-07	2.65E-07	2.24E-07	7.60E-07	5.70E-07	2.67E-07	2.07E-07
M7XKA4	1.28E-07	1.57E-07	9.53E-08	8.17E-08	1.15E-07	1.04E-07	8.72E-08	7.32E-08	1.86E-07	2.05E-07	9.12E-08	7.25E-08
M7WYE8	1.16E-06	9.97E-07	4.24E-07	3.38E-07	6.31E-07	6.62E-07	4.28E-07	3.40E-07	1.66E-06	1.49E-06	3.88E-07	3.15E-07
M7XUJ0	1.34E-06	1.40E-06	2.73E-07	4.66E-07	1.90E-06	1.92E-06	1.09E-06	1.03E-06	2.85E-06	2.58E-06	8.93E-07	7.77E-07
M7XVL0	1.97E-07	1.77E-07	1.54E-07	1.44E-07	1.42E-07	1.79E-07	1.36E-07	1.24E-07	3.33E-07	3.72E-07	1.56E-07	1.15E-07
M7X928	1.09E-06	1.15E-06	5.07E-07	4.77E-07	9.08E-07	9.13E-07	4.98E-07	4.41E-07	1.47E-06	1.56E-06	4.95E-07	3.66E-07
M7WMU5	2.51E-07	3.37E-07	1.16E-07	1.13E-07	2.38E-07	2.16E-07	1.20E-07	1.07E-07	4.19E-07	3.35E-07	9.44E-08	7.80E-08
M7X0K6	3.77E-07	2.94E-07	2.24E-07	1.84E-07	2.38E-07	1.67E-07	1.37E-07	1.50E-07	4.15E-07	4.41E-07	1.92E-07	1.62E-07
M7XZ93	2.04E-07	3.46E-07	2.94E-07	2.36E-07	3.90E-07	3.92E-07	2.52E-07	1.69E-07	8.09E-07	8.18E-07	2.53E-07	2.11E-07
M7XVM0	6.29E-07	5.64E-07		1.71E-07	1.61E-06	1.81E-06	1.09E-06	6.98E-07	1.98E-06	2.06E-06	5.21E-07	5.35E-07
M7WLR9	4.31E-07	4.57E-07	1.77E-07	1.78E-07	3.46E-07	3.97E-07	2.41E-07	2.09E-07	5.21E-07	5.20E-07	2.09E-07	1.59E-07
M7WH68				1.58E-06		1.29E-06	1.04E-06	1.15E-06	2.83E-06		1.52E-06	1.50E-06
M7X3A0	3.42E-07	2.45E-07	3.25E-07	3.45E-07	5.25E-07	4.82E-07	3.52E-07	3.10E-07	1.02E-06	1.04E-06	4.32E-07	3.23E-07
M7WP05	1.44E-06	1.23E-06		5.60E-07	5.43E-07	6.52E-07	6.12E-07	7.26E-07			8.96E-07	8.04E-07
M7WZV2	5.59E-07	6.63E-07	3.17E-07	2.99E-07	8.81E-07	1.01E-06	4.74E-07	4.90E-07	7.24E-07	6.80E-07	3.77E-07	3.15E-07
M7XFY4	3.36E-07	4.45E-07	1.89E-07	2.21E-07	8.86E-07	9.55E-07	7.07E-07	5.45E-07	1.20E-06	1.25E-06	4.77E-07	4.27E-07
M7WMS6	9.58E-08	1.19E-07	3.34E-08	4.35E-08	1.27E-07	1.71E-07	9.04E-08	7.11E-08	1.97E-07	1.70E-07	7.02E-08	5.91E-08
M7XPF5	4.10E-07	4.14E-07	2.99E-07	1.94E-07	1.86E-07	2.12E-07	2.40E-07	2.03E-07	1.78E-07	2.49E-07	2.95E-07	2.72E-07
M7X8E9				2.39E-07	1.20E-06	1.40E-06	8.52E-07	9.98E-07			3.19E-07	3.07E-07
M7WRV6	4.24E-07	3.82E-07	6.19E-07	5.45E-07	7.58E-07	7.64E-07	5.16E-07	5.69E-07	9.68E-07	9.46E-07	7.58E-07	1.13E-06
M7WYZ8	6.89E-07	1.00E-06	2.64E-07	2.68E-07	2.47E-07	2.65E-07	1.91E-07	1.57E-07	5.26E-07	4.82E-07	1.55E-07	1.49E-07
M7WNW9	7.46E-07	7.14E-07	3.34E-07	2.59E-07	2.21E-06	2.33E-06	4.04E-07	3.71E-07	1.84E-06	1.89E-06	2.55E-07	1.97E-07
M7WQ95	9.70E-07	8.33E-07	4.20E-07	3.55E-07	6.38E-07	7.05E-07	4.59E-07	3.72E-07	1.17E-06	8.94E-07	3.63E-07	3.59E-07
M7WL19	2.20E-07	2.36E-07	7.87E-08	7.24E-08	3.44E-07	3.60E-07	2.61E-07	2.19E-07	4.59E-07	4.02E-07	1.15E-07	1.01E-07
M7WXL7	2.36E-07	2.97E-07	8.82E-08	1.73E-07	1.05E-07	1.63E-07	1.75E-07	1.80E-07	6.31E-07	2.61E-07	2.47E-07	1.80E-07
M7XNX9	3.12E-06	3.86E-06		8.06E-07	8.96E-07	1.03E-06	7.67E-07	6.43E-07	2.10E-06		8.61E-07	7.03E-07
M7WXZ3	7.17E-07	7.70E-07	2.17E-07	2.28E-07	4.41E-07	4.66E-07	3.14E-07	2.40E-07	8.20E-07	7.30E-07	2.70E-07	2.14E-07
M7XF40	4.55E-07	4.81E-07	3.01E-07	2.58E-07	5.32E-07	4.80E-07	2.95E-07	3.20E-07	8.39E-07	9.60E-07	4.00E-07	3.83E-07
M7XLR5	4.93E-07	3.23E-07	1.89E-07	2.75E-07	4.52E-07	4.42E-07	2.69E-07	2.60E-07	8.28E-07	8.66E-07	3.24E-07	2.82E-07
M7XGX3	5.20E-07	4.91E-07	2.62E-07	2.57E-07	3.37E-07	3.54E-07	2.59E-07	1.59E-07	7.07E-07	6.24E-07	3.16E-07	2.68E-07
M7XJ04	1.18E-06	1.15E-06	2.07E-07	1.95E-07	5.56E-07	6.21E-07	4.05E-07	3.73E-07	1.24E-06	1.33E-06	3.03E-07	2.46E-07
M7X318	7.05E-07	7.03E-07	6.66E-07	8.01E-07	4.47E-07	4.50E-07	3.35E-07	3.70E-07		8.37E-07	7.19E-07	6.45E-07
M7X766	7.03E-07	6.78E-07	3.86E-07	3.58E-07	6.04E-07	6.56E-07	4.23E-07	4.22E-07	9.47E-07	8.49E-07	5.25E-07	4.57E-07
M7X4R0	2.52E-07	2.14E-07	8.86E-08	6.02E-08	2.45E-07	3.37E-07	2.34E-07	1.89E-07	4.20E-07	4.48E-07	1.23E-07	9.83E-08
M7WYW5	5.12E-08	4.86E-08	8.42E-08	7.00E-08	3.10E-08	3.22E-08	4.86E-08	9.94E-08	5.13E-07	5.46E-07	5.54E-07	5.11E-07
M7WRR3	5.71E-07	4.89E-07		2.12E-07	8.54E-07	7.02E-07	4.80E-07	3.43E-07			2.07E-07	1.68E-07
M7WVR9	5.47E-07	3.17E-07	1.35E-06	1.77E-06	6.47E-07	7.31E-07	6.89E-07	6.55E-07	6.31E-07	6.99E-07	1.23E-06	9.84E-07
M7X5F0	6.05E-07	5.87E-07	1.69E-07	1.72E-07	2.90E-07	3.70E-07	2.17E-07	2.01E-07	6.16E-07	5.85E-07	1.53E-07	1.31E-07
M7Y0E0		6.53E-07	2.29E-07	1.98E-07	1.78E-06	1.86E-06	1.30E-06	1.13E-06	6.70E-07	4.73E-07	3.05E-07	2.43E-07
M7X458	2.79E-07	2.45E-07	1.50E-07	1.99E-07	2.26E-07	2.55E-07	2.04E-07	1.74E-07	4.27E-07	4.60E-07	2.26E-07	1.86E-07
M7WJV1	2.58E-07	2.66E-07	1.54E-07	1.57E-07	2.75E-07	3.30E-07	2.32E-07	1.99E-07	4.28E-07	4.26E-07	2.23E-07	1.38E-07
M7Y0E4	4.40E-07	3.06E-07	1.84E-07	1.89E-07	2.62E-07	4.28E-07	4.76E-07	6.70E-07	4.79E-07	4.38E-07	3.37E-07	4.01E-07
M7XVS5		5.80E-07	2.77E-07	1.03E-07	4.97E-07	4.96E-07	3.00E-07	2.62E-07	7.59E-07	6.44E-07	1.86E-07	1.45E-07
M7WX33	6.05E-08	8.99E-08	1.21E-07	1.45E-07	1.31E-07	1.44E-07	1.75E-07	1.81E-07			1.74E-07	1.86E-07
M7X0I3	1.38E-07	1.13E-07	1.12E-07	1.69E-07	3.76E-07	3.96E-07	2.74E-07	2.49E-07	4.46E-07	3.28E-07	2.66E-07	1.93E-07
M7XL68		4.68E-07	9.68E-08	4.20E-08	1.18E-06	4.78E-08	4.80E-07	8.65E-08		2.48E-07	8.86E-08	1.79E-07
M7WIA6	4.66E-07	3.84E-07	2.08E-07	2.06E-07	3.21E-07	3.07E-07	1.99E-07	1.82E-07	5.83E-07	5.88E-07	2.33E-07	1.97E-07
M7WSK1	5.86E-07	5.79E-07	3.22E-07	3.39E-07	4.97E-07	4.25E-07	1.76E-07	1.96E-07	1.27E-06	8.00E-07	3.97E-07	3.58E-07
M7WKV3	1.03E-07	3.71E-08	1.02E-07	1.00E-07		1.80E-08	7.10E-08	7.22E-08	9.43E-08	1.35E-07	1.01E-07	4.87E-08
M7XE45	4.63E-07	6.43E-07	2.37E-07	2.20E-07	8.65E-07	9.28E-07	5.89E-07	5.45E-07	5.48E-07	5.51E-07	3.06E-07	2.34E-07
M7XFZ3	3.62E-07	4.12E-07	2.72E-07	2.56E-07	2.80E-07	2.82E-07	2.41E-07	1.96E-07	6.13E-07	5.26E-07	3.66E-07	2.84E-07
M7X6B3	4.44E-07	4.97E-07	5.21E-07	5.00E-07	7.29E-07	6.40E-07	5.39E-07	5.63E-07	1.53E-06	1.36E-06	1.70E-07	5.48E-07
M7WP58	1.06E-06	1.27E-06	5.34E-07	6.93E-07	7.62E-07	7.91E-07	5.51E-07	4.68E-07	1.33E-06	1.46E-06	8.34E-07	6.46E-07
M7WGU3		1.59E-07	4.03E-07	3.65E-07	8.91E-07	9.08E-07	5.85E-07	5.55E-07	8.90E-07	9.71E-07	4.45E-07	4.38E-07
M7XWU8		6.63E-07		4.01E-07	4.41E-07	5.61E-07	3.62E-07	3.58E-07			5.06E-07	4.56E-07
M7WVM1	1.05E-06	1.22E-06	4.60E-07	3.56E-07	1.02E-06	9.57E-07	5.78E-07	4.16E-07	1.21E-06	1.14E-06	3.36E-07	4.03E-07
M7WDG6	7.38E-07	6.84E-07		9.05E-07	9.92E-07	1.03E-06	6.03E-07	5.69E-07	2.00E-06	1.82E-06	1.31E-06	1.25E-06
M7WS52	4.77E-07	5.82E-07	2.48E-07	2.16E-07	3.49E-07	4.23E-07	2.74E-07	2.66E-07	6.28E-07	6.36E-07	2.97E-07	2.23E-07
M7WFP5	1.03E-07	1.23E-07	7.86E-08	7.64E-08	4.87E-08	5.42E-08	6.92E-08	5.53E-08	5.89E-08	5.56E-08	9.36E-08	6.41E-08
M7XG51	3.05E-07	3.64E-07	9.10E-08	9.00E-08	6.89E-07	6.19E-07	3.08E-07	2.31E-07	6.94E-07	6.76E-07	1.54E-07	1.30E-07
M7X1I2		5.89E-07		7.23E-07	1.28E-06	1.36E-06	6.82E-07	5.93E-07	3.10E-06	2.84E-06	1.25E-06	1.07E-06
M7WSR6	1.10E-06	1.10E-06	4.31E-07	4.45E-07	1.23E-06	1.48E-06	7.20E-07	6.74E-07	1.97E-06	1.69E-06	4.45E-07	3.56E-07
M7WS48		6.77E-07		5.95E-07	1.48E-06	1.34E-06	7.79E-07	7.93E-07	2.50E-06	2.30E-06	1.02E-06	8.17E-07
M7XC49	1.17E-07	4.31E-07	1.46E-07	1.57E-07	1.01E-06	1.02E-06	2.87E-07	4.69E-07	1.21E-06	1.17E-06	2.61E-07	1.73E-07
M7WVZ8	1.00E-06	9.72E-07	5.52E-07	5.37E-07	1.47E-06	1.70E-06	1.34E-06	1.15E-06	2.05E-06	2.06E-06	7.93E-07	5.92E-07
M7X520	1.22E-06	1.05E-06	6.32E-07	4.59E-07	1.55E-06	1.71E-06	8.28E-07	7.71E-07	2.25E-06	2.12E-06	4.68E-07	4.54E-07
M7X6Z4	8.09E-07	9.83E-07	3.91E-07	3.92E-07	8.73E-07	1.13E-06	5.94E-07	4.88E-07		1.07E-06	6.27E-07	5.36E-07
M7X7Y2	1.08E-06	9.37E-07	4.47E-07	3.74E-07	9.13E-07	8.86E-07	4.45E-07	3.40E-07	1.76E-06	2.14E-06	4.87E-07	3.83E-07
M7WSD8		6.66E-07		4.35E-07	7.20E-07	8.80E-07	4.42E-07	4.10E-07			7.27E-07	6.38E-07
M7XJD3	4.35E-07	3.32E-07	1.14E-07	1.52E-07	2.93E-07	3.28E-07	2.30E-07	1.71E-07	2.57E-07	2.61E-07	1.30E-07	9.49E-08
M7X2C5	2.50E-07	8.68E-07	5.13E-07	3.78E-07	5.67E-07	6.01E-07	3.96E-07	3.82E-07	9.57E-07	1.01E-06	4.95E-07	4.19E-07
M7WLE9	1.28E-07	9.09E-08		3.67E-08	4.72E-07	5.59E-07	1.91E-07	1.84E-07	5.83E-08	4.26E-08	9.97E-08	1.09E-07
M7WP35	3.98E-07	4.72E-07	1.15E-07	1.43E-07	3.59E-07	4.38E-07	2.70E-07	2.30E-07	6.25E-07	5.86E-07	1.47E-07	1.24E-07
M7X304	2.04E-06	2.24E-06	9.95E-07	7.36E-07	2.35E-06	2.34E-06	1.30E-06	1.35E-06	2.95E-06	2.93E-06	2.26E-06	1.76E-06
M7XL44	3.52E-07	3.73E-07	1.04E-07	1.28E-07	1.57E-07	1.51E-07	1.19E-07	1.03E-07	2.92E-07	3.06E-07	1.25E-07	1.05E-07
M7XQ16	2.49E-07	2.01E-07	1.36E-07	1.30E-07	1.49E-07	1.89E-07	1.27E-07	9.89E-08	3.40E-07	2.87E-07	1.06E-07	8.50E-08
M7XIA0	7.89E-07	6.27E-07	2.50E-07	2.26E-07	1.26E-06	1.44E-06	6.55E-07	5.31E-07			2.54E-07	2.63E-07
M7XGM1	7.38E-07	8.26E-07	3.07E-07	2.74E-07	3.59E-07	3.67E-07	1.99E-07	2.00E-07	9.65E-07	6.99E-07	3.86E-07	2.40E-07
M7XXQ1	9.62E-07	9.77E-07	4.62E-07	5.78E-07	1.30E-06	1.09E-06	7.45E-07	7.46E-07	1.78E-06	2.12E-06	4.36E-07	3.98E-07
M7WVB6	7.90E-07	9.27E-07	2.03E-07	2.46E-07	1.16E-06	9.99E-07	6.02E-07	4.73E-07	1.77E-06	1.49E-06	2.80E-07	2.10E-07
M7WZW7	3.14E-07	3.49E-07	4.82E-07	5.21E-07	5.18E-07	8.07E-07	4.73E-07	5.92E-07	4.74E-07	4.34E-07	4.69E-07	4.43E-07
M7WVW4	1.92E-07	2.23E-07	8.20E-08	8.76E-08	1.47E-07	1.58E-07	9.20E-08	5.63E-08	2.44E-07	2.40E-07	9.30E-08	7.42E-08
M7WU06	4.37E-07	5.17E-07	2.69E-07	2.65E-07	3.20E-07	4.28E-07	2.45E-07	2.16E-07	3.86E-07	3.13E-07	3.02E-07	2.30E-07
M7WCH0	4.85E-07	7.18E-07	4.01E-07	3.61E-07	3.81E-07	3.90E-07	2.85E-07	3.08E-07	7.28E-07	8.28E-07	3.55E-07	3.07E-07
M7XAK9	1.26E-06	1.53E-06		5.75E-07	1.21E-06	1.22E-06	7.06E-07	4.97E-07	1.61E-06	1.66E-06	7.72E-07	6.22E-07
M7X6K7	8.15E-07	8.43E-07	1.69E-07	1.83E-07	9.41E-07	9.25E-07	4.57E-07	3.58E-07	1.37E-06	1.19E-06	1.76E-07	1.61E-07
M7XNR2	5.94E-07	5.27E-07	1.59E-07	2.03E-07	2.81E-07	3.53E-07	2.25E-07	1.84E-07	6.16E-07	5.92E-07	2.31E-07	1.75E-07
M7WYL5		4.80E-07		3.54E-07	5.65E-07	5.67E-07	4.06E-07	3.62E-07	1.00E-06	6.01E-07	7.21E-07	6.76E-07
M7X414	7.28E-07	8.18E-07	4.58E-07	5.04E-07	6.66E-07	6.18E-07	4.48E-07	3.45E-07	1.11E-06	1.01E-06	4.31E-07	3.50E-07
M7WVJ2	8.77E-07	7.78E-07	3.84E-07	3.55E-07	4.55E-07	5.78E-07	3.59E-07	3.13E-07		6.09E-07	3.64E-07	3.06E-07
M7WY79	5.28E-07	5.64E-07	1.53E-07	1.30E-07	3.31E-07	3.29E-07	1.58E-07	1.56E-07	2.89E-07	2.23E-07	1.22E-07	1.45E-07
M7WCI4	3.45E-07	2.69E-07	1.72E-07	2.62E-07	2.49E-07	2.78E-07	2.11E-07	1.78E-07	4.44E-07	4.19E-07	2.28E-07	1.94E-07
M7WZL2	5.87E-07	2.44E-07	4.38E-07	4.49E-07	3.93E-07	3.66E-07	2.45E-07	1.96E-07	8.85E-07	8.60E-07	4.56E-07	3.72E-07
M7X5V2	6.13E-07	7.92E-07		3.61E-07	5.36E-07	4.96E-07	3.51E-07	2.99E-07	1.84E-06		4.90E-07	4.04E-07
M7WDC1	5.28E-07	4.96E-07	9.52E-08	8.92E-08	3.80E-07	3.89E-07	1.56E-07	1.41E-07	9.18E-07	1.07E-06	7.61E-08	7.21E-08
M7WDS9	1.42E-06	1.51E-06	8.72E-07	9.24E-07	1.09E-06	1.21E-06	8.41E-07	7.61E-07	2.20E-06	2.43E-06	1.10E-06	9.36E-07
M7XTV9	1.29E-06	1.31E-06	6.79E-07	6.00E-07	8.40E-07	8.71E-07	6.11E-07	5.64E-07	1.45E-06	1.34E-06	7.22E-07	5.58E-07
M7WMI5	1.83E-06	1.87E-06	1.47E-06	1.68E-06	1.68E-06	1.52E-06	1.29E-06	1.27E-06	2.04E-06	2.35E-06	1.47E-06	1.36E-06
M7X3B8	3.45E-07	3.42E-07	1.31E-06	1.16E-06	1.84E-06	1.64E-06	1.24E-06	1.09E-06	2.14E-06	1.61E-06	1.67E-06	1.69E-06
M7XF55	1.93E-07	1.69E-07	5.12E-08	4.37E-08		8.20E-08	5.94E-08	1.07E-07	1.65E-07	1.77E-07	8.46E-08	6.55E-08
M7XMA7	3.88E-07	2.92E-07	2.53E-07	2.45E-07	2.71E-07	3.88E-07	2.31E-07	2.20E-07	9.10E-07	8.47E-07	3.45E-07	3.18E-07
M7XV13	5.54E-07	5.68E-07	2.84E-07	2.53E-07	3.63E-07	3.41E-07	1.69E-07	1.58E-07	5.50E-07	7.94E-07	2.19E-07	2.06E-07
M7WRB9	5.04E-06	4.17E-06	4.16E-07	5.15E-07	2.30E-06	1.36E-06	1.23E-06	6.74E-07	2.72E-06	1.37E-06	5.51E-07	7.04E-07
M7WMI1	6.65E-07	8.64E-07		9.64E-07	1.04E-06	1.16E-06	6.53E-07	8.89E-07	1.32E-06		7.65E-07	7.46E-07
M7WRV8	5.36E-07	4.77E-07	7.54E-07	3.06E-07	2.17E-07	2.71E-07	2.15E-07	2.13E-07	4.02E-07	4.25E-07	3.76E-07	3.36E-07
M7WLS9	7.41E-07	6.54E-07	2.61E-07	2.06E-07	4.73E-07	4.81E-07	2.28E-07	1.82E-07	9.71E-07	9.51E-07	1.50E-07	1.22E-07
M7X1S1	5.97E-07	6.41E-07		3.99E-07	4.85E-07	7.16E-07	4.39E-07	4.70E-07	1.20E-06	1.10E-06	1.10E-06	9.28E-07
M7X586	4.36E-07	7.26E-07	3.86E-07	3.22E-07	3.60E-07	3.70E-07	3.52E-07	3.18E-07		5.37E-07	3.90E-07	4.28E-07
M7X3R7		1.80E-06	1.90E-06	1.46E-06	1.69E-06	2.29E-06	1.69E-06	2.33E-06	5.64E-06	1.27E-06	1.53E-06	6.39E-07
M7X8V9	5.68E-07	5.03E-07	3.07E-07	3.06E-07	4.79E-07	5.16E-07	3.07E-07	2.78E-07	7.52E-07	7.47E-07	3.26E-07	2.99E-07
M7WVN0	4.58E-07	4.46E-07		2.24E-07	2.36E-07	2.28E-07	1.51E-07	1.45E-07	1.63E-07		1.22E-07	1.26E-07
M7X6W8	6.48E-07	5.94E-07		2.32E-07	1.26E-06	1.52E-06	1.22E-06	1.31E-06	6.66E-07	7.27E-07	4.90E-07	4.62E-07
M7XG83	5.79E-07	6.05E-07	3.62E-07	4.48E-07	4.14E-07	3.36E-07	3.08E-07	3.54E-07	5.74E-07	5.69E-07	6.34E-07	4.99E-07
M7WXH9	9.77E-07	6.82E-07	4.39E-07	3.68E-07	3.99E-07	4.66E-07	3.29E-07	2.67E-07	8.43E-07	7.92E-07	3.73E-07	3.05E-07
M7WUR1	2.91E-07	2.65E-07	1.35E-07	1.08E-07	3.24E-07	3.67E-07	3.12E-07	2.54E-07	5.03E-07	6.05E-07	1.28E-07	1.17E-07
M7X0R3	7.47E-07	7.84E-07	4.67E-07	4.77E-07	7.76E-07	8.00E-07	5.82E-07	5.42E-07	1.47E-06	1.55E-06	6.97E-07	6.14E-07
M7X939	1.76E-06	2.78E-06			1.09E-06	1.51E-06	1.00E-06	8.22E-07	3.21E-06			
M7X2V7	5.21E-07	4.00E-07	1.82E-07	1.29E-07	6.36E-07	6.98E-07	3.45E-07	2.92E-07	8.54E-07	8.50E-07	1.97E-07	2.07E-07
M7WL93	4.62E-07	5.14E-07	1.71E-07	1.78E-07	2.62E-07	2.76E-07	1.97E-07	1.62E-07	4.89E-07	5.32E-07	1.87E-07	1.61E-07
M7XMK1	3.81E-07	3.89E-07	1.38E-07	1.27E-07	1.49E-07	2.13E-07	1.70E-07	1.23E-07	3.30E-07	2.06E-07	1.47E-07	1.14E-07
M7WFF1	8.80E-07	6.74E-07	2.32E-07	2.11E-07	9.17E-07	8.77E-07	4.70E-07	4.21E-07	1.22E-06	1.21E-06	4.66E-07	4.43E-07
M7X7R6	9.96E-07	1.10E-06	4.51E-07	4.51E-07	7.78E-07	9.43E-07	4.87E-07	4.10E-07	1.22E-06	1.12E-06	5.71E-07	5.00E-07
M7WM43	2.80E-07	2.01E-07	1.29E-07	1.16E-07	1.36E-07	1.52E-07	1.12E-07	9.53E-08	3.83E-07	2.92E-07	1.14E-07	9.67E-08
M7XPI9	7.04E-07	4.74E-07		2.23E-07	1.02E-06	9.35E-07	4.65E-07	3.86E-07	1.26E-06	1.34E-06	2.27E-07	3.13E-07
M7WCV9	3.75E-07	1.81E-07	3.43E-07	3.19E-07	6.65E-07	7.11E-07	3.50E-07	2.92E-07	1.28E-06	1.18E-06	3.63E-07	3.09E-07
M7WYU1	2.82E-07	2.29E-07	1.15E-07	1.00E-07	6.02E-07	7.27E-07	3.83E-07	3.45E-07	1.31E-06	1.05E-06	1.43E-07	1.54E-07
M7WYT7	5.73E-07	4.82E-07	6.41E-07	6.69E-07	2.18E-06	2.29E-06	1.58E-06	1.29E-06	2.38E-06	2.08E-06	1.14E-06	1.17E-06
M7X8Y2	5.27E-08	5.39E-08	2.63E-08	1.86E-08	1.36E-07	1.16E-07	8.39E-08	7.85E-08	1.80E-07	2.17E-07	3.24E-08	3.04E-08
M7XZN8	2.27E-07	3.41E-07	2.41E-07	1.91E-07	2.69E-07	3.56E-07	2.51E-07	2.34E-07	4.81E-07	3.56E-07	2.52E-07	1.82E-07
M7WD04	2.47E-07	1.95E-07	3.47E-07	8.55E-08	1.73E-07	1.89E-07	1.13E-07	1.04E-07	2.18E-07	2.61E-07	1.22E-07	9.28E-08
M7WRY8	5.38E-07	3.51E-07	1.74E-07	1.94E-07	5.90E-07	5.81E-07	2.32E-07	2.77E-07	2.68E-07	2.56E-07	1.56E-07	1.26E-07
M7WJ39		1.39E-06		7.03E-07	9.62E-07	1.07E-06	6.87E-07	7.76E-07	9.92E-07		1.54E-06	1.39E-06
M7Y0N8	3.11E-07	4.02E-07	1.38E-07	1.55E-07	9.71E-08	1.35E-07	1.46E-07	1.39E-07	3.90E-07	2.86E-07	1.31E-07	1.07E-07
M7XE78	2.08E-07	2.21E-07	8.94E-08	7.44E-08	1.30E-07	1.21E-07	8.82E-08	8.78E-08	2.34E-07	2.28E-07	9.11E-08	7.21E-08
M7WUW8	1.24E-06	1.41E-06	9.10E-07	9.05E-07	9.48E-07	1.01E-06	7.08E-07	9.53E-07	8.31E-07	8.63E-07	1.00E-06	9.71E-07
M7X7C0	5.66E-07	6.21E-07	2.33E-07	2.68E-07	2.15E-07	2.42E-07	1.44E-07	1.57E-07	3.11E-07	2.85E-07	4.14E-07	1.69E-07
M7XJX0	7.05E-07	8.36E-07	1.95E-07	1.82E-07	2.37E-07	2.92E-07	1.97E-07	1.89E-07	5.13E-07	5.30E-07	2.33E-07	1.51E-07
M7XDY6	2.31E-07	3.09E-07	1.80E-07	1.24E-07	1.96E-07	2.34E-07	1.35E-07	1.23E-07	3.59E-07	3.35E-07	1.26E-07	1.08E-07
M7X226	6.05E-06	8.31E-06	1.18E-05	1.22E-05	5.98E-06	6.24E-06	6.51E-06	7.47E-06	3.05E-06	2.27E-06	2.05E-05	1.26E-05
M7WQD1	9.09E-07	1.24E-06	5.05E-07	4.30E-07	5.34E-07	6.20E-07	4.59E-07	4.78E-07	1.19E-06	9.98E-07	5.45E-07	4.19E-07
M7XB28	3.92E-07	4.27E-07	1.90E-07	1.83E-07	2.15E-07	2.43E-07	1.80E-07	1.64E-07	4.50E-07	4.66E-07	2.03E-07	1.88E-07
M7XGP2	4.22E-07	2.93E-07	2.06E-07	2.17E-07	2.69E-07	2.69E-07	1.97E-07	1.99E-07	5.44E-07	4.77E-07	1.95E-07	2.02E-07
M7XI48	2.67E-07	4.36E-07	2.81E-07	2.16E-07	3.19E-07	3.30E-07	2.71E-07	2.26E-07	6.79E-07	6.76E-07	2.44E-07	2.35E-07
M7XFS8	1.18E-06	1.54E-06		4.73E-07	7.48E-07	8.04E-07	6.98E-07	4.86E-07	1.38E-06	7.95E-07	5.42E-07	3.56E-07
M7WVP5	7.16E-07	7.22E-07	4.31E-07	3.19E-07	7.07E-07	7.42E-07	4.21E-07	4.40E-07	1.40E-06	1.29E-06	4.43E-07	4.03E-07
M7XEW0	3.85E-07	3.71E-07	1.10E-07	1.09E-07	5.04E-07	4.48E-07	2.79E-07	2.19E-07	7.99E-07	7.29E-07	7.97E-08	9.24E-08
M7WJJ1	4.12E-07	3.62E-07	1.81E-07	2.26E-07	1.68E-07	1.79E-07	1.46E-07	1.36E-07	3.45E-07	3.54E-07	2.08E-07	1.42E-07
M7XDI7		2.24E-08	4.60E-09	2.03E-08			1.43E-08	2.92E-08		2.09E-08	3.70E-08	4.16E-08
M7XH21	2.44E-07	2.69E-07	1.07E-07	1.07E-07	2.18E-07	1.91E-07	1.41E-07	1.29E-07	3.91E-07	3.50E-07	1.52E-07	1.16E-07
M7XLA9	1.92E-07	2.38E-07	6.75E-08	7.27E-08	1.19E-07	1.37E-07	8.36E-08	6.36E-08	1.74E-07	1.64E-07	6.19E-08	5.21E-08
M7XHZ2	7.60E-07	6.88E-07		6.34E-07	4.90E-07	6.82E-07	4.22E-07	3.99E-07	9.42E-07	7.12E-07	9.80E-07	9.31E-07
M7X683	8.14E-07	1.23E-06		5.37E-07	5.46E-07	5.52E-07	4.44E-07	3.24E-07	6.58E-07	6.72E-07	6.63E-07	5.72E-07
M7XMS6	2.77E-07	2.49E-07	9.58E-08	9.13E-08	1.05E-07	1.22E-07	9.47E-08	7.85E-08	2.16E-07	2.27E-07	9.51E-08	6.91E-08
M7WLK5	5.56E-07	6.71E-07	1.26E-07	1.14E-07	4.21E-07	4.65E-07	2.40E-07	2.15E-07	4.64E-07	5.05E-07	1.14E-07	8.53E-08
M7XUB5		4.44E-07	8.68E-08	9.01E-08	6.58E-07	5.83E-07	2.61E-07	2.45E-07		6.39E-07	1.19E-07	9.29E-08
M7WWQ5	2.21E-07	1.34E-07	1.74E-07	1.15E-07	1.84E-07	2.10E-07	1.45E-07	1.27E-07	3.34E-07	1.90E-07	1.37E-07	1.10E-07
M7WP96		7.95E-07	3.37E-07	3.33E-07	4.13E-07	4.29E-07	2.94E-07	2.97E-07	7.20E-07	8.93E-07	3.20E-07	2.68E-07
M7WMD7	5.29E-07	5.60E-07	1.49E-07	1.36E-07	1.60E-07	2.18E-07	1.51E-07	1.57E-07	1.90E-07	1.80E-07	2.29E-07	1.28E-07
M7WT61	1.74E-07	1.72E-07	1.00E-07	1.17E-07	1.81E-07	1.58E-07	1.10E-07	1.06E-07	4.27E-07	4.47E-07	1.81E-07	1.15E-07
M7XQN3	2.53E-07	1.86E-07	1.15E-07	1.01E-07	1.92E-07	2.23E-07	1.53E-07	1.35E-07	2.96E-07	3.34E-07	1.25E-07	1.07E-07
M7XH83	5.66E-07	8.84E-07	3.19E-07	2.45E-07	2.84E-07	2.97E-07	2.43E-07	2.06E-07	5.87E-07	5.34E-07	2.73E-07	2.55E-07
M7XNF6	7.39E-07	5.74E-07	4.22E-07	5.40E-07	4.78E-07	5.40E-07	2.70E-07	3.49E-07		6.34E-07	6.47E-07	5.53E-07
M7WLI2	1.73E-06	1.82E-06	6.55E-07	8.79E-07	1.28E-06	1.36E-06	9.39E-07	8.20E-07	2.12E-06	2.40E-06	1.07E-06	8.01E-07
M7XQG8	8.76E-08	7.65E-08	4.97E-07	5.17E-07	4.58E-07	4.94E-07	3.78E-07	3.26E-07	7.24E-07	6.81E-07	7.89E-07	6.56E-07
M7XQA4	1.86E-07	1.48E-07	5.37E-07	5.55E-07	9.36E-07	9.37E-07	5.23E-07	3.93E-07	1.38E-06	1.37E-06	9.67E-07	9.38E-07
M7XSM0	2.98E-07	2.59E-07	1.38E-07	9.87E-08	1.12E-07	1.74E-07	1.01E-07	1.06E-07	2.36E-07	2.34E-07	9.99E-08	8.62E-08
M7WVV7		8.15E-07		1.48E-07	6.66E-07	8.31E-07	5.78E-07	5.39E-07			8.99E-07	7.91E-07
M7XR65	1.01E-07	7.87E-08	1.40E-07	1.32E-07	1.54E-07	1.81E-07	1.45E-07	1.35E-07	2.37E-07	2.68E-07	1.78E-07	1.42E-07
M7XJY8	3.35E-07	2.30E-07	2.92E-07	4.07E-07	8.39E-07	8.46E-07	5.65E-07	4.30E-07	3.09E-07	2.86E-07	2.27E-07	4.36E-07
M7X4N1		1.51E-07		8.42E-07	1.48E-06	1.67E-06	1.10E-06	1.09E-06			2.49E-06	2.46E-06
M7XUV1	8.20E-08		2.53E-07	2.00E-07	3.32E-07	3.00E-07	1.89E-07	1.97E-07	5.94E-07	5.33E-07	3.23E-07	3.28E-07
M7WUT5				1.91E-08		3.21E-08	3.86E-08	1.26E-07			6.02E-08	1.13E-07
M7XG92	7.95E-08	5.40E-08		2.70E-07	4.59E-07	5.56E-07	3.95E-07	2.91E-07			3.39E-07	3.28E-07
M7WY18	2.21E-07	2.43E-07	2.38E-07	2.29E-07	3.20E-07	2.99E-07	1.83E-07	1.67E-07	5.19E-07	6.33E-07	2.19E-07	1.65E-07
M7XN01	2.28E-07	2.57E-07	1.07E-07	7.25E-08	2.03E-07	2.72E-07	1.68E-07	1.68E-07	5.23E-07	5.70E-07	1.02E-07	9.02E-08
M7XIT0	1.38E-07	1.28E-07	3.28E-08	2.36E-08	2.04E-07	2.06E-07	1.01E-07	9.59E-08	7.83E-08	9.12E-08	4.55E-08	4.01E-08
M7WHX0	4.62E-07	5.91E-07	1.60E-07	1.66E-07	5.24E-07	5.67E-07	2.71E-07	2.35E-07	4.91E-07	4.79E-07	2.17E-07	1.61E-07
M7XQI3	1.02E-07	1.43E-07	1.83E-06	3.44E-07	4.01E-07	4.26E-07	1.23E-07	8.76E-07	1.92E-07	1.87E-07		1.20E-07
M7WKH4	3.09E-07	2.40E-07	1.46E-07	1.46E-07	2.27E-07	2.78E-07	1.91E-07	1.73E-07	5.29E-07	5.72E-07	1.10E-07	1.13E-07
M7WMM4	3.48E-07	3.49E-07	3.59E-07	2.23E-07	3.52E-07	3.49E-07	1.94E-07	1.76E-07	3.39E-07		3.57E-07	2.91E-07
M7XI13	1.56E-07	1.20E-07	4.16E-08	4.10E-08	2.49E-07	2.26E-07	1.53E-07	1.51E-07	3.00E-07	2.45E-07	9.71E-08	8.76E-08
M7WII3	1.90E-07	1.29E-07	8.94E-08	8.98E-08	1.01E-07	1.11E-07	8.38E-08	7.51E-08	1.69E-07	1.47E-07	7.96E-08	6.43E-08
M7XKC4		2.57E-07	1.54E-07	1.59E-07	2.23E-07	2.57E-07	1.67E-07	2.01E-07	2.95E-07	4.04E-07	1.78E-07	1.44E-07
M7XIU1	6.23E-07	6.94E-07		3.05E-07	4.37E-07	5.64E-07	3.69E-07	3.34E-07	8.24E-07	7.57E-07	3.19E-07	2.59E-07
M7WVF0	8.12E-07	8.54E-07	3.03E-07	2.33E-07	5.83E-07	6.93E-07	4.05E-07	3.31E-07	5.72E-07	5.28E-07	2.20E-07	1.85E-07
M7X7I7		9.26E-09			2.08E-07	1.25E-07	8.42E-08	6.89E-08	3.48E-07	1.54E-07	7.64E-08	4.67E-08
M7WQN9	2.63E-07	2.35E-07	1.75E-07	1.65E-07	1.88E-07	1.78E-07	1.51E-07	1.28E-07	3.47E-07	3.57E-07	1.53E-07	1.33E-07
M7WXQ2	1.33E-07	1.24E-07		8.34E-08	1.74E-07	2.02E-07	1.41E-07	1.34E-07	3.47E-07	2.62E-07	1.19E-07	8.85E-08
M7XMY5	3.02E-07	2.20E-07	1.32E-07	1.22E-07	1.56E-07	1.90E-07	1.18E-07	9.32E-08	3.84E-07	3.91E-07	1.31E-07	1.21E-07
M7WX28					1.77E-07	3.12E-07	6.55E-08	8.08E-08				
M7WV57	7.80E-08	6.09E-08	1.25E-07	1.15E-07	1.15E-07	1.48E-07	8.44E-08	8.31E-08	1.43E-07	2.55E-07	1.36E-07	9.75E-08
M7WIJ7	1.45E-06	1.61E-06	7.22E-07	6.48E-07	7.86E-07	8.39E-07	4.14E-07	6.05E-07	1.58E-06	1.44E-06	8.59E-07	6.76E-07
M7XGP9	4.46E-07	6.53E-07	1.78E-07	2.15E-07	2.37E-07	2.41E-07	1.91E-07	1.80E-07	4.43E-07	3.88E-07	2.65E-07	2.44E-07
M7WGE7	1.65E-07	1.09E-07	3.09E-07	3.84E-07	4.37E-07	3.95E-07	2.63E-07	2.34E-07	7.11E-07	4.87E-07	3.42E-07	2.70E-07
M7X6U2	5.02E-07	4.61E-07	2.03E-07	2.05E-07	3.27E-07	3.32E-07	2.03E-07	1.70E-07	4.28E-07	4.41E-07	2.01E-07	1.75E-07
M7XFQ7		7.52E-08		4.48E-08	5.99E-07	6.58E-07	3.77E-07	3.01E-07	5.26E-07	5.33E-07	1.75E-07	1.43E-07
M7WL38	8.80E-08	9.44E-08	1.48E-07	1.55E-07	1.69E-08			2.00E-08	3.26E-07	3.88E-07	1.97E-07	1.92E-07
M7WKS6	5.24E-07	6.58E-07	1.91E-07	1.90E-07	3.38E-07	3.66E-07	3.00E-07	2.09E-07	4.72E-07	3.94E-07	2.08E-07	1.73E-07
M7WD80	2.78E-07	3.64E-07		2.26E-07	2.46E-07	3.01E-07	2.10E-07	1.32E-07			2.16E-07	2.12E-07
M7XNT9	9.80E-07	1.08E-06	3.67E-07	3.50E-07	1.98E-07	2.59E-07	1.97E-07	1.22E-07	2.29E-07	1.87E-07	1.18E-07	1.13E-07
M7WL33	4.25E-07	3.20E-07	2.21E-07	2.10E-07	3.39E-07	3.05E-07	2.81E-07	2.44E-07	4.91E-07	4.87E-07	3.40E-07	3.19E-07
M7WP76	3.58E-07	4.36E-07	2.77E-07	2.70E-07	3.61E-07	3.15E-07	2.55E-07	2.10E-07	6.65E-07	6.03E-07	3.85E-07	3.00E-07
M7WJE2	3.05E-07	3.78E-07	2.06E-07	1.63E-07	1.59E-07	2.02E-07	1.70E-07	1.66E-07	3.79E-07	3.86E-07	1.66E-07	1.35E-07
M7XDH7	1.39E-07	1.32E-07		5.56E-08	1.04E-07	1.10E-07	5.73E-08	6.53E-08	1.83E-07	2.20E-07	5.72E-08	4.13E-08
M7WSF3	4.42E-06	5.37E-06		1.79E-06	7.07E-07	6.55E-07	4.67E-07	3.58E-07			3.35E-07	2.90E-07
M7WQ31		4.22E-07	1.11E-07	2.73E-07	4.50E-07	4.08E-07	3.10E-07	2.65E-07	6.50E-07	6.22E-07	3.88E-07	3.13E-07
M7X2V8	3.01E-07	3.54E-07	1.46E-07	1.26E-07	1.94E-07	2.33E-07	1.58E-07	1.28E-07	1.42E-06	4.59E-07	1.39E-07	1.16E-07
M7WQV4	2.81E-07	2.51E-07		1.23E-07	1.84E-07	1.96E-07	1.30E-07	1.31E-07		4.47E-07	1.49E-07	1.22E-07
M7WYF0	1.11E-06	1.23E-06		7.67E-07	7.24E-07	7.86E-07	5.56E-07	4.27E-07	1.07E-06	1.01E-06	7.70E-07	6.61E-07
M7X1U6	2.53E-07	6.21E-07	1.78E-07	2.63E-07	2.95E-07	3.02E-07	1.95E-07	2.06E-07	6.23E-07	6.25E-07	2.21E-07	1.36E-07
M7X6E4		6.81E-07		2.32E-07	9.66E-07	9.86E-07	7.44E-07	5.14E-07			2.44E-07	1.85E-07
M7X2Z7	8.12E-07	7.53E-07	4.03E-07	2.94E-07	5.25E-07	5.50E-07	2.69E-07	2.54E-07	1.01E-06	1.17E-06	2.68E-07	2.46E-07
M7WZU9	1.86E-07	1.75E-07	1.16E-07	8.97E-08	1.28E-07	1.17E-07	9.17E-08	7.13E-08	2.37E-07	2.40E-07	8.41E-08	7.36E-08
M7XHI7	1.08E-06	1.02E-06		3.80E-07	6.22E-07	6.06E-07	4.02E-07	2.71E-07			3.02E-07	2.55E-07
M7XHJ9	2.07E-07	2.20E-07	1.49E-07	1.63E-07	1.38E-07	1.57E-07	1.42E-07	1.38E-07	2.50E-07	2.45E-07	1.92E-07	1.51E-07
M7WK35	5.51E-07	5.28E-07	3.63E-07	3.36E-07	3.71E-07	4.92E-07	3.09E-07	2.24E-07	6.84E-07	6.63E-07	3.53E-07	3.21E-07
M7X0Y9	1.38E-07	1.33E-07	7.92E-08	7.67E-08	8.68E-08	8.34E-08	6.55E-08	5.64E-08	1.66E-07	1.82E-07	9.53E-08	6.45E-08
M7WN84	5.65E-07	8.59E-07		3.91E-07	4.14E-07	3.47E-07	5.03E-07	3.13E-07	5.20E-07		5.68E-07	4.44E-07
M7WK50	4.20E-07	4.75E-07	1.70E-07	1.64E-07	1.82E-08	4.89E-08		3.54E-08	3.96E-08	2.63E-07	2.64E-08	2.78E-08
M7XGG1	4.60E-07	4.36E-07	1.56E-07	1.41E-07	1.61E-07	1.76E-07	1.32E-07	1.41E-07	3.45E-07	2.98E-07	1.57E-07	1.25E-07
M7XIH0	1.14E-07	8.59E-08	1.03E-07	1.06E-07	9.32E-08	1.17E-07	8.89E-08	7.87E-08	1.77E-07	1.76E-07	1.09E-07	9.01E-08
M7WYQ4	1.58E-07	1.27E-07	1.02E-07	8.07E-08	1.13E-07	1.08E-07	7.87E-08	5.98E-08	1.88E-07	2.04E-07	9.35E-08	6.02E-08
M7WKE8	3.69E-07	3.99E-07	2.34E-07	2.14E-07	2.91E-07	2.82E-07	2.56E-07	1.81E-07	3.67E-07	3.42E-07	2.75E-07	2.15E-07
M7X1T3	9.12E-08	6.93E-08	3.93E-08	2.95E-08	4.69E-07	4.11E-07	2.38E-07	2.11E-07			4.55E-08	3.97E-08
M7WN54	2.19E-07	2.24E-07		9.94E-08	1.95E-07	2.33E-07	1.61E-07	1.26E-07	2.22E-07	1.99E-07	1.08E-07	8.73E-08
M7WK21	3.22E-07	2.89E-07	2.61E-07	2.58E-07	3.26E-07	4.03E-07	2.74E-07	2.58E-07	8.10E-07	1.03E-06	2.25E-07	1.98E-07
M7WS89	3.43E-08	3.19E-08	1.36E-08	9.82E-09	1.19E-07	7.31E-08	4.85E-08	3.68E-08	1.20E-07	2.36E-07	4.43E-08	2.89E-08
M7WL88	3.79E-07	3.71E-07		8.35E-08	4.39E-07	4.32E-07	2.09E-07	2.21E-07	5.19E-07	5.62E-07	9.61E-08	8.77E-08
M7X698	2.88E-07	3.35E-07	4.38E-07	1.23E-07	2.18E-07		1.28E-07	9.36E-08	5.09E-07	4.87E-07	1.23E-07	1.03E-07
M7WPM4	2.03E-07	2.53E-07	4.12E-07	4.08E-07	3.09E-07	3.41E-07	2.26E-07	2.22E-07	4.71E-07	4.67E-07	5.01E-07	4.80E-07
M7X9A6	7.20E-08	4.82E-08			1.56E-07	1.50E-07	9.01E-08	8.37E-08	2.76E-07	2.33E-07	3.31E-08	3.19E-08
M7X2L5	5.80E-08	4.28E-08	2.80E-08	2.68E-08	2.81E-08	2.99E-08	2.89E-08	2.37E-08	4.85E-08	4.26E-08	3.28E-08	2.63E-08
M7X6J9	8.42E-08	6.75E-08	1.87E-07	2.29E-07	2.34E-07	2.10E-07	1.31E-07	1.18E-07	6.17E-07	6.02E-07	2.90E-07	1.78E-07
M7XXA4			3.97E-07	1.96E-07	1.55E-08	2.33E-08					3.23E-07	2.83E-07
M7WNK2	2.25E-07	1.49E-07	1.80E-07	1.23E-06	9.82E-07	1.02E-06	4.75E-07	4.96E-07	2.41E-06	2.09E-06	1.56E-06	1.46E-06
M7XI95	5.91E-08	7.65E-08	5.01E-08	1.19E-07	2.49E-08	2.54E-08	6.46E-08	7.12E-08		8.63E-08	9.40E-08	6.66E-08
M7XEL7	4.04E-07	4.87E-07	2.98E-07	1.69E-07	2.98E-07	3.48E-07	1.57E-07	1.79E-07	6.63E-07		2.05E-07	1.68E-07
M7WK05	2.32E-07	2.12E-07	1.93E-07	1.38E-07	2.29E-07	2.03E-07	1.60E-07	1.26E-07	3.22E-07	3.26E-07	1.65E-07	1.38E-07
M7WIW7	4.10E-07	2.82E-07	9.76E-08	1.69E-07	2.88E-07	2.97E-07	1.91E-07	1.49E-07	5.22E-07	4.24E-07	1.79E-07	1.82E-07
M7X7F7	4.37E-07	4.73E-07	1.98E-07	2.20E-07	2.02E-07	1.96E-07	1.28E-07	1.03E-07	3.85E-07	3.85E-07	1.49E-07	1.37E-07
M7XGQ3	6.08E-07	6.27E-07	2.80E-07	2.78E-07	9.53E-07	1.01E-06	8.12E-07	5.03E-07	8.19E-07	9.08E-07	7.01E-07	5.37E-07
M7XXM3	4.11E-07	4.40E-07	9.28E-08	8.43E-08	4.76E-07	4.89E-07	2.51E-07	2.14E-07	6.74E-07	6.18E-07	8.93E-08	7.70E-08
M7X211		2.75E-07	2.16E-07	3.03E-07	1.07E-07	8.84E-08	9.57E-08	8.90E-08	9.96E-08	6.59E-08	2.90E-07	2.68E-07
M7WQ25	2.27E-07	2.10E-07	1.64E-07	1.45E-07	1.87E-07	2.24E-07	3.29E-07	3.50E-07	2.89E-07	2.66E-07	2.57E-07	2.77E-07
M7WUE0		2.56E-07		3.44E-07	5.10E-07	5.68E-07	3.81E-07	3.39E-07			4.30E-07	3.96E-07
M7XMP2	5.73E-07	6.78E-07	1.91E-07	1.79E-07	6.40E-07	7.82E-07	3.88E-07	3.05E-07	1.12E-06	1.10E-06	2.26E-07	1.78E-07
M7WMC4	3.86E-07	4.20E-07	1.84E-07	1.70E-07	2.83E-07	3.08E-07	1.85E-07	9.67E-07	5.69E-07	4.89E-07	2.33E-07	1.65E-07
M7XGE2	4.09E-07	5.52E-07	3.38E-07	2.72E-07	5.11E-07	5.96E-07	6.49E-07	4.35E-07	8.70E-07	7.58E-07	2.89E-07	2.70E-07
M7X0M2	7.79E-07	8.26E-07	1.45E-07	3.78E-07	3.26E-07	5.23E-07	2.91E-07	2.42E-07			5.62E-07	4.41E-07
M7XN14	1.51E-07	7.91E-08	1.83E-07	2.95E-07	2.59E-07	2.94E-07	2.41E-07	1.92E-07	3.28E-07	3.32E-07	2.44E-07	2.41E-07
M7XU92		2.32E-07		1.72E-07	2.76E-07	2.86E-07	1.02E-07	2.02E-07	7.60E-07		2.06E-07	1.65E-07
M7WIK5	4.80E-07	5.08E-07		4.93E-07	3.88E-07	4.30E-07	5.23E-07	5.25E-07			3.83E-07	4.03E-07
M7X268	1.50E-07	1.28E-07	9.90E-08	8.47E-08	8.88E-08	1.13E-07	8.05E-08	1.09E-07	1.59E-07	1.50E-07	8.58E-08	6.88E-08
M7WG40	1.07E-07	6.38E-08	5.72E-08	5.09E-08	7.86E-08	8.01E-08	6.01E-08	5.37E-08	1.46E-07	1.20E-07	5.44E-08	5.21E-08
M7WXC1	1.68E-07	2.08E-07	5.90E-08	1.10E-07	1.03E-07	1.17E-07	8.33E-08	8.46E-08	2.07E-07	1.61E-07	9.18E-08	9.29E-08
M7X3E3	2.99E-07	3.25E-07	3.54E-07	3.96E-07	4.87E-07	5.22E-07	3.68E-07	2.93E-07	9.92E-07	8.59E-07	4.49E-07	3.76E-07
M7WEY0		5.56E-07		3.20E-07	4.10E-07	6.19E-07	4.56E-07	4.12E-07			3.26E-07	3.12E-07
M7XUE2	4.21E-07	4.42E-07	1.06E-07	1.39E-07	1.92E-07	2.06E-07	1.68E-07	1.41E-07	3.85E-07	3.83E-07	1.81E-07	1.37E-07
M7WKZ8		1.86E-08		2.26E-08	2.75E-07	1.90E-07	1.89E-07	1.35E-07			1.13E-07	8.60E-08
M7WKI1	2.96E-07	2.21E-07	7.33E-08	7.01E-08	3.68E-07	3.92E-07	2.15E-07	1.99E-07	5.57E-07	5.49E-07	7.64E-08	6.06E-08
M7WNX4	2.88E-07	4.90E-07	2.04E-07	1.46E-07	1.46E-07	1.58E-07	1.46E-07	1.09E-07	4.18E-07	3.70E-07	1.67E-07	1.37E-07
M7WDH6	4.48E-07	4.17E-07	1.49E-07	1.85E-07	3.18E-07	2.72E-07	9.98E-08	1.38E-07	4.58E-07	4.20E-07	1.34E-07	1.49E-07
M7X368	3.46E-07	3.05E-07	1.25E-07	1.32E-07	5.56E-07	5.07E-07	2.33E-07	2.34E-07	7.42E-07	7.92E-07	1.11E-07	8.58E-08
M7WUY3	6.47E-07	5.87E-07	2.05E-07	2.19E-07	3.53E-07	2.79E-07	2.42E-07	1.45E-07	6.07E-07	5.82E-07	2.16E-07	1.45E-07
M7XI04	3.10E-07	3.03E-07	4.98E-08	6.36E-08	1.09E-07	1.12E-07	9.94E-08	7.96E-08			6.64E-08	5.13E-08
M7XN33	2.05E-07	1.43E-07	1.36E-07	1.74E-07	4.80E-07	3.05E-07	2.03E-07	1.65E-07	6.43E-07	6.18E-07	3.04E-07	2.34E-07
M7WN91	7.22E-07	7.31E-07	2.69E-07	2.18E-07	9.17E-08	1.05E-07	5.41E-08	5.12E-08		1.13E-07	1.67E-07	1.47E-07
M7XMV4	1.57E-07	1.86E-07	1.26E-07	1.20E-07	1.63E-07	1.81E-07	1.15E-07	1.09E-07	2.12E-07	2.06E-07	1.02E-07	8.09E-08
M7X0F7		1.18E-06		8.61E-07	8.07E-07	1.04E-06	6.56E-07	7.54E-07			9.40E-07	5.49E-07
M7WVB0			4.05E-08		2.68E-07	2.78E-07	3.09E-07	1.55E-07	1.60E-07	1.55E-07	1.28E-07	1.07E-07
M7XIW2	4.89E-07	4.53E-07	1.22E-07	1.22E-07	3.77E-07	3.30E-07	1.84E-07	1.37E-07	2.28E-07	2.16E-07	1.40E-07	1.44E-07
M7XRD3	5.06E-08	7.57E-08	2.48E-08	2.08E-08	1.45E-07	1.48E-07	7.22E-08	5.28E-08	3.04E-07	3.08E-07	2.50E-08	3.24E-08
M7X123	7.05E-07	9.37E-07	2.56E-07	2.24E-07	9.18E-07	8.70E-07	3.94E-07	3.31E-07	3.37E-07	4.16E-07	1.91E-07	1.64E-07
M7WH87	3.48E-07	3.86E-07		1.90E-07	4.16E-07	4.08E-07	2.48E-07	2.07E-07			2.93E-07	2.30E-07
M7WUL9	5.77E-08	6.67E-08		1.24E-07	5.16E-07	6.17E-07	2.47E-07	3.36E-07	5.14E-07	5.65E-07	1.82E-07	1.71E-07
M7XQG0	3.48E-07	3.37E-07	1.42E-07	1.82E-07	2.24E-07	2.61E-07	1.64E-07	1.16E-07	3.39E-07	3.54E-07	1.59E-07	1.40E-07
M7WQD9	9.72E-08	9.16E-08	5.06E-08	4.89E-08	5.54E-08	5.31E-08	3.86E-08	3.56E-08	1.14E-07	1.26E-07	5.59E-08	4.20E-08
M7WNZ1	2.24E-07	2.67E-07	6.08E-08	1.72E-07	7.90E-08	1.28E-07	1.28E-07	1.13E-07	1.35E-07	1.53E-07	1.52E-07	1.12E-07
M7XNJ1	6.15E-07	5.28E-07	3.53E-07	3.39E-07	8.55E-07	9.50E-07	4.74E-07	4.44E-07	1.39E-06	1.28E-06	3.44E-07	3.47E-07
M7XMX5	1.85E-07	2.10E-07	9.54E-08	1.14E-07	6.10E-08	7.34E-08	7.52E-08	5.72E-08	1.52E-07	1.43E-07	1.14E-07	9.24E-08
M7WUZ4	3.00E-07	2.99E-07	9.54E-08	9.25E-08	9.95E-08	1.54E-07	1.53E-07	1.27E-07	3.45E-07	2.97E-07	2.80E-07	2.04E-07
M7WUI0	8.81E-07	7.21E-07	3.05E-07	2.90E-07	3.19E-07	3.56E-07	2.03E-07	1.96E-07	2.92E-07		2.08E-07	2.04E-07
M7XJN0	6.01E-07	4.60E-07	5.43E-07	6.16E-07	8.08E-07	5.88E-07	5.73E-07	4.21E-07	1.41E-06	1.42E-06	9.36E-07	5.98E-07
M7X3Z9	1.39E-07	1.83E-07	2.03E-07	1.77E-07	9.76E-08	1.01E-07	1.20E-07	1.06E-07	1.94E-07	2.26E-07	3.35E-07	2.93E-07
M7WZP3	1.87E-07	1.21E-07	6.29E-08	6.08E-08	9.52E-08	9.93E-08	7.56E-08	6.23E-08	1.50E-07	1.46E-07	7.39E-08	6.16E-08
M7XW26				1.47E-07	5.00E-07			3.27E-07	4.51E-07		2.79E-07	2.07E-07
M7XGX8		2.06E-07		1.12E-07	2.06E-07	1.80E-07	9.02E-08	8.61E-08	3.58E-07	3.14E-07	1.17E-07	9.73E-08
M7WNJ4	5.84E-07	7.24E-07	3.10E-07	2.78E-07	3.02E-07	3.41E-07	3.21E-07	1.42E-07	5.44E-07	5.54E-07	2.64E-07	1.69E-07
M7X263	2.85E-07	2.24E-07	3.32E-07	2.88E-07	3.52E-07	4.51E-07	3.42E-07	3.26E-07	4.97E-07	5.33E-07	4.69E-07	4.28E-07
M7WX55	2.67E-07	3.30E-07	1.54E-07	1.37E-07	2.19E-07	2.01E-07	1.53E-07	1.17E-07	3.79E-07	3.44E-07	1.51E-07	1.34E-07
M7XJW0	6.25E-07	4.90E-07	2.87E-07	2.87E-07	3.95E-07	4.12E-07	2.81E-07	2.31E-07	7.26E-07	6.21E-07	4.07E-07	3.69E-07
M7WYV4		1.22E-07	1.69E-07	1.59E-07	1.28E-07	1.40E-07	1.50E-07	1.37E-07	1.92E-07	2.09E-07	3.42E-07	2.98E-07
M7WW22	8.55E-07	6.86E-07		2.24E-07	4.74E-07	3.45E-07	3.81E-07	3.86E-07	7.89E-07	5.34E-07	2.49E-07	2.24E-07
M7XB90	2.51E-07	1.70E-07	3.82E-07	4.54E-07	4.84E-07	5.58E-07	3.91E-07	4.83E-07	4.49E-07	4.55E-07	7.54E-07	6.91E-07
M7WLL9	6.03E-07	5.31E-07		4.05E-07	4.30E-07	5.05E-07	2.96E-07	2.44E-07			3.74E-07	2.59E-07
M7WQT1	3.21E-07	2.80E-07				2.75E-07	5.02E-07	2.00E-07			2.85E-07	2.86E-07
M7X5H6	2.76E-07	2.65E-07		9.41E-08	4.32E-07	4.04E-07	2.09E-07	1.73E-07	6.98E-07	5.64E-07	9.68E-08	7.48E-08
M7X3E9	2.72E-07	3.19E-07	1.47E-07	1.54E-07	2.80E-07	3.11E-07	1.88E-07	1.67E-07	4.38E-07	3.97E-07	1.76E-07	1.68E-07
M7WJI1	5.76E-07	5.59E-07	4.04E-08	9.80E-08	1.79E-07	2.02E-07	1.56E-07	1.33E-07	3.89E-07	4.27E-07	8.73E-08	8.08E-08
M7WX08	2.91E-07	1.53E-07	1.38E-07	1.18E-07	3.21E-07	2.98E-07	1.42E-07	1.21E-07	5.13E-07	4.18E-07	1.48E-07	1.21E-07
M7X569	3.24E-07	2.87E-07	1.23E-07	1.40E-07	2.42E-07	2.37E-07	1.57E-07	1.45E-07	3.63E-07	3.49E-07	1.24E-07	9.07E-08
M7WRD1	9.84E-08	8.22E-08	5.62E-08	5.30E-08	2.01E-07	1.81E-07	1.09E-07	7.30E-08	2.68E-07	2.03E-07	6.89E-08	4.91E-08
M7WZ22	6.27E-07	6.26E-07		2.96E-07	4.52E-07	4.69E-07	3.03E-07	2.38E-07			4.07E-07	3.17E-07
M7WUP1	3.38E-07	3.80E-07	1.04E-07	1.09E-07	3.96E-07	3.95E-07	2.58E-07	1.64E-07	7.39E-07	7.37E-07	1.23E-07	1.15E-07
M7XIT7	6.66E-08	1.28E-07	9.92E-08	1.00E-07	1.10E-07	1.26E-07	8.70E-08	8.14E-08	2.53E-07	2.00E-07	1.21E-07	1.00E-07
M7XBT1	6.48E-07	8.78E-07	3.09E-07	2.63E-07	3.45E-07	3.97E-07	2.72E-07	2.07E-07	7.32E-07	5.45E-07	2.75E-07	2.28E-07
M7XWZ2	5.05E-08	4.12E-08	4.67E-08	3.59E-08	8.35E-08	8.57E-08	4.45E-08	3.66E-08	1.29E-07	1.37E-07	3.16E-08	3.18E-08
M7WKY0	4.13E-07	3.38E-07	2.82E-07	2.63E-07	2.16E-07	1.94E-07	1.84E-07	2.22E-07	4.07E-07	3.87E-07	3.12E-07	2.97E-07
M7XUQ9	1.01E-07	1.05E-07	7.42E-08	6.11E-08	4.08E-08	4.61E-08	3.06E-08	2.90E-08	1.61E-07	2.17E-07	8.88E-08	6.39E-08
M7WVD8		6.48E-07	8.78E-08	1.75E-07	4.04E-07	5.65E-07	2.23E-07	2.07E-07	5.27E-07	6.34E-07	1.93E-07	1.35E-07
M7XEK4	4.82E-07	4.32E-07	3.88E-07	3.63E-07		2.42E-07	1.27E-07	1.61E-07	1.33E-07	1.51E-07	1.76E-07	1.02E-07
M7X536	1.38E-07	1.43E-07	5.85E-08	6.52E-08	1.50E-07	1.43E-07	6.21E-08	5.66E-08	2.47E-07	2.93E-07	6.14E-08	5.73E-08
M7WJJ6	3.72E-07	1.43E-07	8.83E-08	1.99E-08	2.71E-07	2.76E-07	1.16E-07	6.77E-08		1.15E-07	1.86E-08	2.84E-08
M7XGV7	2.34E-07	2.35E-07		5.63E-08	4.82E-07	5.21E-07	2.17E-07	2.11E-07	3.55E-07	3.02E-07	1.17E-07	1.15E-07
M7X1W7	1.47E-07	1.30E-07	5.50E-08	4.82E-08	5.92E-08	7.12E-08	3.51E-08	4.45E-08		2.57E-08	2.93E-08	2.08E-08
M7WR12	1.37E-07	1.12E-07	3.66E-08	2.62E-08	2.72E-07	3.28E-07	1.82E-07	1.29E-07	5.86E-07	4.41E-07	5.47E-08	5.26E-08
M7WJ92	2.96E-07	1.24E-07	1.67E-07	1.45E-07	5.75E-07	5.23E-07	5.82E-07	4.33E-07	3.72E-07	4.52E-07	3.65E-07	4.09E-07
M7X4C4	4.16E-07	3.87E-07	4.23E-07	2.55E-07	2.83E-07	2.63E-07	2.39E-07	2.06E-07	4.91E-07	4.76E-07	2.56E-07	3.42E-07
M7XYR3	2.42E-07	2.62E-07	1.13E-07	1.37E-07	1.88E-07	1.57E-07	1.16E-07	9.89E-08	4.98E-07	5.00E-07	1.47E-07	1.23E-07
M7X319	1.37E-07	6.80E-08		1.07E-07	5.66E-07	7.16E-07	1.63E-07	6.34E-07	1.03E-06	8.25E-07		1.10E-07
M7X7N8	6.84E-07	1.58E-07	5.48E-07	3.46E-07	4.18E-07	4.10E-07	3.59E-07	2.88E-07		7.16E-07	4.87E-07	5.83E-07
M7X074	7.35E-07	2.07E-07		5.36E-08	3.52E-07	2.93E-07	1.85E-07	1.39E-07	4.17E-07	4.69E-07	2.92E-07	7.29E-08
M7X7W6	1.30E-07	1.50E-07	1.19E-07	1.00E-07	4.19E-08	5.24E-08	5.43E-08	4.29E-08	6.38E-08	6.71E-08	9.60E-08	9.03E-08
M7XLG8	4.46E-07	4.23E-07		9.35E-08	5.23E-07	5.52E-07	2.77E-07	2.66E-07	2.00E-07	7.45E-07	1.17E-07	9.05E-08
M7WT15	7.48E-07	7.18E-07	3.21E-07	3.15E-07	6.80E-07	7.68E-07	3.19E-07	3.15E-07	9.87E-07	9.93E-07	4.03E-07	4.22E-07
M7X416	4.25E-07	3.85E-07	1.64E-07	1.95E-07	5.55E-07	5.53E-07	3.63E-07	5.34E-08	3.10E-07	3.14E-07	2.99E-07	2.34E-07
M7XB39		3.82E-07		2.73E-07	6.67E-07	4.31E-07	4.09E-07	3.58E-07			4.92E-07	4.13E-07
M7WPB7	2.04E-07	2.68E-07	1.36E-07	1.46E-07	1.79E-07	1.97E-07	1.12E-07	1.25E-07	1.71E-07	1.72E-07	9.65E-08	8.16E-08
M7WR78		7.85E-08		1.19E-07	2.38E-07	2.82E-07	1.69E-07	2.05E-07	2.65E-07	3.42E-07	1.23E-07	8.25E-08
M7X4F4	6.83E-07		1.50E-07	1.53E-07	3.79E-07	3.48E-07	1.62E-07	1.51E-07	6.76E-07	6.58E-07	1.57E-07	1.14E-07
M7X2N1	3.86E-08	4.25E-07	1.90E-07	2.42E-08	1.28E-07	3.77E-07			5.98E-07			
M7WV75	4.39E-07	3.75E-07	4.83E-08	8.59E-08	1.41E-07	1.37E-07	7.28E-08	6.60E-08				
M7WR73	5.18E-07	5.41E-07	1.96E-07	2.17E-07	3.14E-07	3.57E-07	2.10E-07	1.94E-07	2.77E-07	2.77E-07	1.81E-07	1.53E-07
M7WV46	7.32E-07	7.93E-07	8.24E-07	8.40E-07	2.89E-07	2.23E-07	1.66E-07	1.52E-07	1.50E-06	1.37E-06	1.09E-06	8.83E-07
M7WRF8	3.64E-07	3.38E-07	2.06E-07	1.80E-07	4.43E-07	4.88E-07	3.28E-07	1.93E-07	4.53E-07		2.29E-07	1.52E-07
M7WW19	5.76E-07	7.90E-07	1.58E-07	4.38E-07	6.19E-07	4.10E-07	5.74E-07	2.11E-07	3.05E-07	3.64E-07	8.63E-07	8.38E-07
M7X147	6.37E-07	7.43E-07	2.23E-07	2.52E-07	2.75E-07	2.76E-07	1.65E-07	1.75E-07	7.12E-07	7.19E-07	3.36E-07	2.61E-07
M7X6K2	7.63E-07	7.89E-07	2.95E-07	2.34E-07	4.28E-07	5.34E-07	2.57E-07	1.76E-07	5.19E-07	9.37E-07	2.52E-07	2.59E-07
M7XK23	6.60E-08	6.19E-08		3.03E-08	8.75E-08	7.67E-08	5.32E-08	3.10E-08	1.17E-07	9.26E-08	3.22E-08	3.60E-08
M7XLX5	3.11E-07	3.85E-07	3.17E-07	2.01E-07	8.37E-08	1.10E-07	8.00E-08	6.88E-08	6.27E-08	6.75E-08	1.05E-07	8.48E-08
M7WUS1	4.86E-08	1.71E-07	3.86E-08	3.89E-08			6.16E-08	1.54E-08	3.73E-08	5.04E-08	2.56E-08	
M7WZN2	3.72E-07	1.37E-07	5.66E-08	4.57E-08	2.74E-07	2.70E-07	1.43E-07	1.23E-07	3.87E-07	3.78E-07	6.66E-08	7.38E-08
M7WQJ2	3.33E-07	4.36E-07	1.59E-07	1.60E-07	3.37E-07	3.17E-07	1.74E-07	1.25E-07	5.89E-07	6.16E-07	1.47E-07	1.05E-07
M7WXU0	9.20E-08	2.58E-07	1.48E-07	1.46E-07	1.28E-07	1.54E-07	1.34E-07	1.14E-07	2.89E-07	2.58E-07	1.41E-07	1.35E-07
M7XE83	2.57E-07	2.45E-07	1.62E-07	1.20E-07	1.71E-07	2.46E-07	1.50E-07	1.18E-07	5.49E-07	4.05E-07	1.57E-07	1.40E-07
M7WZQ1		3.17E-07		1.41E-07	2.48E-07	2.63E-07	1.89E-07	1.48E-07			1.82E-07	1.44E-07
M7X476	3.66E-07	3.47E-07	1.50E-07	1.22E-07	2.69E-07	2.90E-07	1.56E-07	1.06E-07	3.41E-07	3.04E-07	1.60E-07	1.03E-07
M7WQT3	1.48E-07	1.25E-07	3.00E-08	7.71E-08	1.31E-07	1.50E-07	9.77E-08	7.89E-08	2.05E-07	1.40E-07	1.15E-07	7.65E-08
M7XB81	2.07E-07	3.29E-07		7.85E-07	3.61E-07	2.89E-07	2.99E-07	2.72E-07	5.15E-07	5.58E-07	2.06E-07	5.06E-07
M7X9U5	1.96E-07	1.35E-07	2.85E-07	3.40E-07	6.54E-07	6.39E-07	4.57E-07	4.05E-07	9.76E-07	9.82E-07	4.95E-07	4.24E-07
M7X393	2.30E-08	3.88E-08	3.95E-08	4.18E-08	3.09E-08	4.73E-08	4.62E-08	4.79E-08	2.13E-08	3.78E-08	7.29E-08	4.08E-08
M7XYY3		3.59E-07	1.05E-07					2.92E-07				
M7WSE2	9.63E-08	5.42E-07	1.51E-07	1.53E-07	2.25E-07	2.06E-07	1.37E-07	1.02E-07	5.12E-07	4.59E-07	1.63E-07	1.53E-07
M7WNZ6	3.37E-07	8.83E-08	1.78E-07	2.20E-07	1.93E-07	2.28E-07	1.73E-07	1.42E-07	4.35E-07	4.23E-07	2.23E-07	1.71E-07
M7X6C2	1.01E-06	1.02E-06	2.17E-07	3.86E-07	5.46E-07	6.02E-07	4.44E-07	4.98E-07	1.03E-06	1.15E-06	6.18E-07	4.94E-07
M7WZI1			1.77E-08	6.44E-09			4.05E-08	9.65E-08			2.36E-08	2.60E-08
M7WY14	3.27E-07	7.78E-07		4.98E-07	1.99E-07	1.84E-07	1.44E-07	1.13E-07			2.15E-07	1.50E-07
M7XE02					5.99E-07		6.48E-07				4.00E-07	
M7X5F6	3.45E-07	3.76E-07	1.51E-07	1.98E-07	3.14E-07	3.21E-07	1.73E-07	1.79E-07	5.44E-07	5.02E-07	3.37E-07	2.73E-07
M7XQG4	6.95E-08	6.10E-08	3.55E-08	3.31E-08	2.90E-08	3.41E-08	2.43E-08	2.76E-08	6.61E-08	6.72E-08	3.54E-08	3.20E-08
M7XKA6	7.61E-08	4.69E-08	1.57E-07	1.48E-07	3.03E-07	3.40E-07	2.34E-07	1.90E-07	4.23E-07	4.11E-07	1.88E-07	1.69E-07
M7X6K6		5.79E-08					2.85E-08	4.19E-08				
M7X5R0	2.32E-07	2.61E-07	1.76E-07	1.69E-07	9.07E-08	1.25E-07	9.68E-08	7.73E-08	1.75E-07	1.92E-07	1.91E-07	1.77E-07
M7WSY7	1.82E-07	1.91E-07	1.13E-07	9.32E-08	1.18E-07	1.41E-07	1.17E-07	9.68E-08	2.88E-07	2.29E-07	1.29E-07	8.82E-08
M7WZ34		6.65E-08		1.07E-07	1.06E-07	1.50E-07	9.62E-08	1.01E-07			1.21E-07	9.77E-08
M7XDQ2	1.67E-07	1.65E-07	9.83E-08	1.01E-07	1.81E-07	1.99E-07	1.40E-07	1.13E-07	1.22E-07	2.36E-07	1.58E-07	1.11E-07
M7WKJ0	3.20E-07	2.61E-07	8.74E-08	8.24E-08	1.76E-07	1.43E-07	1.03E-07	9.09E-08	2.24E-07	2.05E-07	7.71E-08	5.38E-08
M7WXI5	1.43E-07	1.99E-07	1.34E-07	1.01E-07	1.45E-07	1.81E-07	1.01E-07	1.26E-07	2.78E-07	1.86E-07	1.30E-07	1.08E-07
M7WJH0		2.00E-06		1.36E-06	1.78E-06	1.65E-06	1.64E-06	1.89E-06			1.60E-06	1.16E-06
M7XD86		2.65E-07		1.86E-07	2.42E-07	3.07E-07	1.97E-07	1.89E-07	5.43E-07		2.25E-07	2.11E-07
M7XC38	1.47E-06	1.06E-06	4.77E-07	4.42E-07	7.65E-07	6.08E-07	5.24E-07	3.34E-07	2.86E-07	2.09E-07	4.24E-07	3.74E-07
M7XBC5	5.03E-07	3.47E-07	5.83E-07	7.04E-07	6.94E-07	5.89E-07	4.67E-07	4.60E-07	9.11E-07	8.82E-07	8.04E-07	6.61E-07
M7WYN4	1.49E-07	8.92E-08		2.24E-07	2.95E-07	2.83E-07	2.07E-07	1.64E-07	4.51E-07	4.44E-07	3.12E-07	2.84E-07
M7X6V1	1.07E-07	8.19E-08	7.77E-08	7.78E-08	9.38E-08	9.55E-08	7.87E-08	6.00E-08	1.64E-07	1.50E-07	7.76E-08	6.94E-08
M7XHE8		2.40E-07	8.56E-08	8.68E-08	1.39E-07	2.23E-07	1.13E-07	1.06E-07	1.95E-07	1.82E-07	8.37E-08	7.70E-08
M7WGM1	1.43E-07	1.06E-07	6.04E-08	5.95E-08	4.17E-08	5.03E-08	4.52E-08	3.99E-08	8.85E-08	6.58E-08	4.31E-08	3.15E-08
M7XFW1	2.67E-06	3.78E-07		1.65E-07	3.65E-07	3.60E-07	2.56E-07	2.36E-07	5.98E-07		2.07E-07	1.82E-07
M7WV90	3.39E-08	4.97E-08		6.10E-08	2.72E-08	3.07E-08	1.85E-08	3.81E-08			5.03E-08	6.69E-08
M7X492	1.97E-07	2.00E-07	1.02E-07	8.01E-08	1.95E-07	2.65E-07	1.46E-07	1.48E-07	4.83E-07	4.37E-07	1.69E-07	1.21E-07
M7WX47	3.31E-07	2.84E-07	3.84E-07	2.87E-07	2.81E-07	2.75E-07	2.18E-07	1.13E-07	2.70E-07	2.25E-07	2.88E-07	3.26E-07
M7XKI3	6.28E-07	3.69E-07		1.24E-07	2.39E-07	1.99E-07	8.46E-08	7.58E-08	2.78E-06	2.26E-06	2.15E-07	1.43E-07
M7WKX1	3.22E-07	3.60E-07	1.64E-07	1.51E-07	3.73E-07	3.51E-07	2.23E-07	1.16E-07	2.04E-07	1.91E-07	1.99E-07	1.36E-07
M7XE50	7.04E-08	6.63E-08	4.54E-08	4.40E-08	5.85E-08	6.22E-08	4.17E-08	4.40E-08	1.23E-07	1.22E-07	4.86E-08	4.05E-08
M7XJL3	2.24E-07	3.25E-07	1.22E-07	9.47E-08	1.90E-07	2.09E-07	1.12E-07	1.04E-07	2.00E-07	2.23E-07	8.46E-08	7.81E-08
M7WRZ8	8.85E-07	1.05E-06	6.68E-07	4.41E-07	5.91E-07	4.89E-07	4.69E-07	4.26E-07	1.20E-06	1.07E-06	8.24E-07	5.44E-07
M7X692	4.48E-07	4.63E-07	1.07E-07	1.83E-07	1.71E-07	1.76E-07	1.51E-07	1.33E-07	2.70E-07	2.94E-07	2.01E-07	1.62E-07
M7XWH8		6.23E-08	2.30E-08		1.79E-07	1.85E-07	1.28E-07	8.82E-08	1.67E-07	1.92E-07	4.82E-08	4.85E-08
M7WZI6	3.46E-07	3.16E-07	2.88E-07	1.91E-07	2.20E-07	3.14E-07	1.50E-07	1.99E-07	4.11E-07	8.56E-07	1.83E-07	1.74E-07
M7X7C7		4.79E-08	2.15E-08	2.81E-08	7.98E-08	7.58E-08	5.20E-08	4.25E-08	1.33E-07	1.25E-07	4.73E-08	3.68E-08
M7XQP9	1.54E-07	6.68E-08	5.07E-08	4.87E-08	1.65E-07	1.62E-07	9.18E-08	7.07E-08	3.69E-07	2.77E-07	8.91E-08	7.03E-08
M7X4V1	1.67E-07	8.87E-08	6.92E-08	5.88E-08	1.66E-07	1.89E-07	1.06E-07	8.12E-08	2.58E-07	2.50E-07	7.54E-08	6.96E-08
M7XN27	5.33E-07	4.17E-07		2.11E-07	1.33E-07	1.56E-07	7.33E-08			2.27E-07	8.32E-08	7.13E-08
M7X0U8		5.94E-07	2.43E-07	2.35E-07	3.74E-07	4.86E-07	2.71E-07	2.52E-07	4.85E-07	4.44E-07	2.51E-07	2.06E-07
M7XQ93	1.07E-07	4.80E-08	3.27E-08	2.34E-08		1.27E-07	2.60E-08	3.82E-08	2.24E-07	6.78E-08	1.88E-08	
M7XIZ5	2.14E-07	2.12E-07		1.35E-07	4.70E-07	5.12E-07	3.68E-07	3.14E-07	5.95E-07	5.57E-07	2.07E-07	2.02E-07
M7WSY2		1.57E-08		1.44E-08	1.44E-07	1.62E-07	4.79E-08	3.05E-08	7.62E-08	7.44E-08	2.47E-08	2.09E-08
M7WLA6		2.56E-08		1.72E-07	1.42E-07	1.36E-07					1.96E-07	1.69E-07
M7WQM6	3.63E-07	3.35E-07	2.58E-07	2.72E-07	2.99E-07	2.97E-07	2.35E-07	1.99E-07	5.18E-07	5.41E-07	2.57E-07	1.99E-07
M7X2R3	1.49E-07	1.01E-07	1.56E-07	1.51E-07	2.01E-07	1.70E-07	1.17E-07	1.21E-07	3.25E-07	3.14E-07	2.07E-07	1.84E-07
M7WHA9	2.15E-07	1.65E-07		6.40E-08	2.29E-07	2.54E-07	1.44E-07	1.21E-07	1.08E-07		9.94E-08	9.14E-08
M7XM27	3.76E-07	3.45E-07	1.81E-07	1.58E-07	2.00E-07	2.10E-07	1.44E-07	1.53E-07	3.96E-07	3.01E-07	1.74E-07	1.40E-07
M7WQP6	5.87E-07	4.85E-07		2.04E-07	8.06E-07	8.03E-07	3.73E-07	3.74E-07	1.08E-06	1.19E-06	3.33E-07	2.07E-07
M7WH81	2.26E-07	2.53E-07		1.32E-07	3.30E-07	3.15E-07	2.33E-07	2.08E-07	3.00E-07	3.23E-07		1.99E-07
M7X6A0	6.08E-08	9.04E-08	6.48E-08	6.92E-08	1.20E-07	9.41E-08	5.37E-08	4.36E-08	2.09E-07	2.21E-07	5.16E-08	4.48E-08
M7XJM5	1.23E-07	1.50E-07	7.57E-08	8.90E-08	1.58E-07	1.30E-07	9.32E-08	6.50E-08	3.01E-07	2.67E-07	1.02E-07	8.16E-08
M7XJ93	1.73E-07	2.66E-07	5.79E-08	7.61E-08	1.56E-07	1.47E-07	8.82E-08	7.59E-08	2.06E-07	2.22E-07	8.55E-08	6.16E-08
M7XNZ5	9.81E-07	1.52E-06		4.15E-07	4.65E-07	4.75E-07	4.04E-07	3.47E-07	7.62E-07	9.48E-07	4.06E-07	3.22E-07
M7X753	1.33E-07	2.17E-07	3.13E-07	3.09E-07	2.18E-07	2.24E-07	2.04E-07	1.57E-07	4.20E-07	4.30E-07	4.66E-07	3.78E-07
M7WNM2	1.30E-07	1.03E-07	1.46E-07	1.60E-07	1.30E-07	1.38E-07	1.09E-07	9.56E-08	2.12E-07	2.07E-07	1.61E-07	1.22E-07
M7WR54		4.15E-08		4.16E-08	2.70E-08	3.93E-08	4.43E-08	4.87E-08		4.62E-08	2.80E-08	3.86E-08
M7X622	2.17E-07	2.09E-07	1.79E-07	2.04E-07	3.95E-07	3.16E-07	2.39E-07	2.35E-07	4.36E-07	6.29E-07	4.51E-07	3.94E-07
M7XWD9	5.86E-08	3.63E-08	3.31E-08	4.17E-08	9.59E-08	4.72E-08	6.52E-08	6.11E-08			6.44E-08	6.32E-08
M7X8G9		4.89E-07	5.17E-07	4.27E-07	4.39E-07	2.83E-07	2.56E-07	2.14E-07	5.90E-07	5.35E-07	3.65E-07	3.98E-07
M7XL13	3.42E-08	6.99E-08	4.36E-09	1.17E-08	1.65E-07	1.48E-07	3.88E-08	5.61E-08			6.55E-08	1.22E-08
M7XI29	2.31E-08	3.48E-08	2.94E-08	1.60E-08	2.67E-08	2.99E-08	1.77E-08	1.32E-08	4.55E-08	4.76E-08	1.61E-08	1.20E-08
M7WPT1	1.72E-07	2.14E-07	1.59E-07	1.73E-07	9.66E-08	7.88E-08	5.62E-08	5.57E-08	2.09E-07	1.74E-07	1.77E-07	1.37E-07
M7WMN9		9.76E-07	7.66E-07	5.87E-07	9.03E-07	1.06E-06	7.77E-07	6.99E-07	1.11E-06	1.18E-06	7.73E-07	6.26E-07
M7XCR9	1.08E-07	1.17E-07	4.53E-08	4.40E-08	6.02E-08	5.69E-08	4.53E-08	4.27E-08	9.44E-08	9.38E-08	5.99E-08	4.66E-08
M7WQ63	2.92E-07	3.19E-07	1.42E-07	1.75E-07	1.95E-07	1.79E-07	1.46E-07	1.37E-07	3.33E-07	2.61E-07	1.80E-07	1.26E-07
M7XIA6	9.88E-07	4.50E-07		1.29E-07	1.52E-07	1.56E-07	9.79E-08	7.34E-08	2.66E-07		1.17E-07	5.22E-08
M7WXR0	2.10E-07	1.73E-07	1.13E-07	1.09E-07	3.53E-07	2.55E-07	1.74E-07	1.70E-07	2.63E-07	2.32E-07	1.96E-07	2.08E-07
M7X6X9		2.82E-07		8.21E-08	1.77E-07	2.23E-07	1.56E-07	1.13E-07			6.40E-08	9.45E-08
M7WKW7	7.19E-08	1.28E-07	4.74E-08	4.62E-08	6.86E-08	7.64E-08	5.04E-08	4.50E-08	1.15E-07	1.14E-07	4.98E-08	3.81E-08
M7XHR6		1.34E-07	1.93E-07	2.07E-07	2.04E-07	2.48E-07	2.14E-07	1.73E-07	4.12E-07	3.14E-07	2.32E-07	2.31E-07
M7WP23	4.51E-07	4.02E-07		9.93E-07	1.13E-06	1.39E-06	8.64E-07	8.87E-07	1.25E-06	1.24E-06	6.59E-07	5.97E-07
M7XGZ3	6.93E-07	7.45E-07	1.06E-06	1.21E-06	4.97E-07	5.64E-07	3.16E-07	3.21E-07	5.86E-07	5.50E-07	5.55E-07	9.51E-07
M7WX11	1.10E-08	1.16E-07	3.07E-08	4.90E-08	6.55E-08	6.59E-08	3.53E-08	5.15E-08	8.72E-08	1.70E-07	5.20E-08	4.48E-08
M7WVY3	2.02E-07	1.66E-07	3.30E-07	1.05E-07	2.32E-07	2.44E-07	2.06E-07	1.41E-07	3.62E-07		1.84E-07	1.78E-07
M7WKC7		2.67E-07	9.98E-08	1.41E-07	2.33E-07	2.61E-07		1.11E-07	4.23E-07	3.95E-07	2.31E-07	2.26E-07
M7X5G5	1.98E-07	1.96E-07		1.06E-07	9.59E-08	1.03E-07	7.77E-08	7.50E-08	2.04E-07	1.43E-07	9.44E-08	6.77E-08
M7X607		4.97E-07		3.31E-07	4.95E-07	5.91E-07	5.03E-07	5.36E-07			5.47E-07	4.61E-07
M7WPK7	1.13E-07	1.00E-07		4.33E-08	4.72E-08	7.80E-08	4.96E-08	3.78E-08	1.29E-07	1.05E-07	4.42E-08	3.30E-08
M7WTH4	2.29E-07	3.30E-07	2.09E-07	1.89E-07	1.73E-07	3.09E-07	1.74E-07	1.68E-07	5.64E-07	6.03E-07	1.92E-07	1.60E-07
M7XH02	3.97E-07	1.69E-07		1.58E-07	1.42E-07	1.73E-07	1.05E-07	1.04E-07	3.15E-07		1.35E-07	9.37E-08
M7WXR2	6.67E-07	7.17E-07	2.91E-07	3.13E-07	7.99E-07	8.71E-07	8.69E-07	6.38E-07	4.53E-07	5.59E-07	5.95E-07	3.97E-07
M7XGP7		6.57E-07		1.43E-07	7.49E-07	9.82E-07	4.07E-07	3.46E-07		4.30E-07	1.97E-07	1.68E-07
M7X4P2	3.16E-07	3.62E-07		1.27E-07	1.50E-07	1.23E-07	1.17E-07	9.31E-10			1.41E-07	1.41E-07
M7WWT3	1.49E-07	1.54E-07		6.01E-08	1.98E-07	2.30E-07	1.29E-07	1.10E-07	2.38E-07	1.95E-07	7.96E-08	6.62E-08
M7WR42	1.16E-07	1.65E-07	1.16E-07	1.16E-07	8.64E-08	8.92E-08	1.13E-07	7.15E-08	1.56E-07	1.01E-07	1.08E-07	9.81E-08
M7WKP3	3.97E-07	4.70E-07	3.57E-07	3.48E-07	4.63E-07	5.11E-07	3.53E-07	3.17E-07	5.13E-07	4.99E-07	3.33E-07	3.31E-07
M7WVR8	9.81E-08	9.95E-08	3.40E-08	3.57E-08	4.37E-08	5.23E-08	3.27E-08	2.69E-08	7.34E-08	8.50E-08	3.96E-08	2.52E-08
M7XFZ9	9.47E-08	1.31E-07	7.45E-08	6.49E-08	1.42E-07	1.48E-07	8.21E-08	8.71E-08	2.05E-07	2.43E-07	1.01E-07	1.14E-07
M7WJP3	7.91E-07	7.64E-07	2.24E-07	1.88E-07	6.60E-07	5.82E-07	2.93E-07	1.08E-07	1.07E-06	1.14E-06	2.13E-07	1.77E-07
M7XHK0	2.13E-07	2.05E-07	1.13E-07	8.14E-08	1.24E-07	1.37E-07	7.83E-08	7.34E-08	2.27E-07	2.05E-07	1.02E-07	7.53E-08
M7XZK6	5.72E-08	3.13E-08	1.15E-08	3.73E-08	5.20E-08	7.20E-08	5.61E-08	5.14E-08	7.81E-08	7.28E-08	3.95E-08	3.32E-08
M7WM38		8.43E-07	5.15E-07	5.40E-07	1.33E-06	1.14E-06	1.14E-06	3.51E-07	1.58E-06		8.35E-07	6.59E-07
M7WX69	2.29E-07	2.80E-07	1.14E-07	1.04E-07	2.28E-07	2.78E-07	2.77E-07	2.41E-07	3.41E-07	3.59E-07	1.11E-07	1.21E-07
M7WRY9	1.17E-07		8.91E-08	8.73E-08	7.05E-08	8.36E-08	8.59E-08	7.72E-08		1.25E-07	1.17E-07	1.03E-07
M7WRH3	3.72E-07	3.33E-07	2.89E-07	2.78E-07	2.10E-07	2.25E-07	2.23E-07	1.22E-07	2.57E-07	2.47E-07	3.67E-07	2.27E-07
M7X1R5	1.91E-06	1.55E-06	1.39E-06	1.49E-06	2.96E-06	3.96E-06	1.57E-06			2.99E-06	1.06E-06	8.48E-07
M7WLN7	3.55E-08		2.69E-07	2.46E-07	2.90E-07	2.64E-07	2.08E-07	1.68E-07	8.57E-07	6.64E-07	2.68E-07	2.15E-07
M7XC99	1.29E-07	9.13E-08	4.25E-08	3.88E-08	9.13E-08	1.07E-07	4.76E-08	3.82E-08	1.70E-07	1.70E-07	3.70E-08	2.96E-08
M7XVV3	1.12E-07	1.25E-07	5.97E-08	5.91E-08	1.52E-07	2.36E-07	1.05E-07	1.02E-07		1.81E-07	6.65E-08	8.48E-08
M7XKS7	1.59E-07	1.85E-07	6.33E-08	8.72E-08	1.64E-07	1.21E-07	1.22E-07	7.53E-08		9.70E-08	1.07E-07	6.68E-08
M7WWG9	4.89E-08	1.01E-07	8.53E-08	7.01E-08	3.64E-07	3.52E-07	2.01E-07	9.05E-08	3.33E-07	4.29E-07	1.90E-07	1.16E-07
M7WY13	2.57E-07	2.95E-07	2.51E-07	1.74E-07	1.99E-07	2.19E-07	1.27E-07	1.33E-07	2.75E-07	2.89E-07	8.04E-09	1.85E-07
M7XMK5	4.04E-07	4.36E-07	6.51E-08	1.55E-07	2.35E-07	1.81E-07	1.26E-07	1.17E-07	2.06E-07	2.57E-07	7.75E-08	1.35E-07
M7XQJ0	7.49E-08	1.96E-07	6.13E-08	6.76E-08			1.29E-08	1.60E-08			1.17E-08	1.15E-08
M7WTJ8	3.28E-07	3.32E-07	1.31E-07	1.19E-07	1.50E-07	1.82E-07	1.16E-07	1.05E-07	1.70E-07	1.76E-07	9.67E-08	7.56E-08
M7WXC4	2.80E-07	1.53E-07	1.37E-08	1.48E-07	1.44E-07	1.26E-08	1.30E-07	2.74E-07			2.00E-07	1.61E-07
M7XFI8	4.57E-07	4.87E-07	1.45E-07	1.80E-07	1.87E-07	2.42E-07	2.07E-07	1.47E-07	3.63E-07	2.23E-07	1.83E-07	1.32E-07
M7XIE8	3.20E-07	4.54E-07	1.33E-07	1.75E-07	1.48E-07	1.68E-07	1.28E-07	1.20E-07	2.78E-07	2.76E-07	1.30E-07	8.87E-08
M7X9N9		3.90E-07		1.99E-07	3.06E-07	3.91E-07	2.99E-07	2.55E-07			2.31E-07	2.42E-07
M7XKA2	1.91E-07	2.93E-07	9.63E-08	1.56E-07	4.72E-08	3.87E-08	3.26E-08	3.47E-08	4.60E-09		3.14E-08	5.60E-08
M7X0W8	1.60E-07	9.11E-08	5.60E-08	5.51E-08	7.87E-08	8.52E-08	5.03E-08	5.80E-08	1.46E-07	1.37E-07	5.47E-08	6.19E-08
M7WNT1	4.61E-07	4.52E-07	1.85E-07	2.07E-07	9.41E-08	1.07E-07	1.27E-07	1.68E-07	6.28E-08	5.83E-08	1.84E-07	1.87E-07
M7X302	8.98E-08	1.79E-07	6.18E-08	5.28E-08	8.23E-08	7.19E-08	9.16E-08	1.08E-07	5.54E-08	3.12E-08	1.05E-07	1.18E-07
M7XWQ0	3.58E-07	3.71E-07	1.82E-07	2.42E-07	2.47E-07	2.96E-07	1.68E-07	1.75E-07	4.76E-07	4.25E-07	3.10E-07	2.41E-07
M7XZL7	3.16E-07	3.22E-07		9.87E-08	2.41E-07	2.43E-07	1.54E-07	1.25E-07	4.40E-07	4.95E-07	1.36E-07	1.27E-07
M7WPZ4				1.17E-06	3.32E-06	5.36E-06	2.79E-06	1.87E-06			1.36E-06	1.09E-06
M7WQR1		1.90E-07	1.03E-07	9.01E-08	1.39E-07	2.11E-07	1.14E-07	9.93E-08			1.10E-07	9.46E-08
M7WWT1	1.17E-07	1.30E-07	6.36E-08	2.12E-07	2.75E-07	2.54E-07	1.71E-07	1.40E-07	4.46E-07	4.04E-07	9.19E-08	1.18E-07
M7XMF9		5.87E-07		2.41E-07	2.36E-07	2.49E-07	2.55E-07	2.29E-07			3.11E-07	3.13E-07
M7XQE0	7.32E-08	5.32E-08	2.57E-08	3.54E-08	3.92E-08	5.74E-08	2.81E-08	2.60E-08	8.70E-08	9.15E-08	2.89E-08	2.61E-08
M7XJ39	5.68E-07	4.57E-07	2.32E-07	3.97E-07	5.65E-07	4.46E-07	2.95E-07	2.22E-07	8.24E-07	6.62E-07	1.52E-07	1.73E-07
M7WPG7	8.00E-08	1.11E-07		5.35E-08	1.74E-07	1.93E-07	1.38E-07	1.30E-07			6.23E-08	3.21E-08
M7X109	3.25E-07	4.01E-07		1.14E-07	2.24E-07	2.66E-07	1.27E-07	1.09E-07	6.19E-07		1.64E-07	1.20E-07
M7WPA9	1.48E-07	1.24E-07	4.85E-08	4.46E-08	9.02E-08	8.85E-08	7.86E-08	7.59E-08	2.31E-07	2.22E-07	6.73E-08	3.99E-08
M7X518	5.06E-08	6.04E-08	2.49E-08	2.40E-08	7.36E-08	6.34E-08	3.56E-08	3.13E-08	7.96E-08	9.16E-08	1.94E-08	2.52E-08
M7WW93	1.51E-07	1.62E-07	7.34E-08	5.38E-08	9.19E-08	8.80E-08	7.16E-08	5.46E-08	8.89E-08	1.29E-07	7.05E-08	6.15E-08
M7WN16	3.62E-07	3.27E-07	1.71E-07	1.67E-07		2.18E-07	1.74E-07	1.09E-07	3.68E-07	3.34E-07	1.12E-07	7.70E-08
M7XED6	2.18E-07	1.53E-07	1.13E-07	1.01E-07	1.59E-07	1.47E-07	1.19E-07	8.32E-08	1.82E-07	1.97E-07	1.48E-07	1.37E-07
M7XFF4	1.14E-07			1.18E-07							1.22E-07	1.34E-07
M7WXZ0	3.59E-07	3.58E-07		1.15E-07	9.81E-08	1.98E-07		9.39E-08	3.24E-07	3.04E-07	1.18E-07	8.84E-08
M7XY00	1.50E-07	1.18E-07	9.64E-08	1.31E-07	2.75E-07	3.30E-07	2.02E-07	1.75E-07	3.74E-07	3.64E-07	1.87E-07	1.44E-07
M7WNB5	5.23E-07	4.17E-07		6.73E-08	1.57E-07	2.06E-07	1.06E-07	8.20E-08	7.69E-07	4.83E-07	5.89E-08	4.04E-08
M7X711	2.59E-07	1.97E-07	2.25E-07	2.04E-07	2.98E-07	3.78E-07	2.51E-07	2.72E-07	7.31E-07	8.36E-07	3.26E-07	2.21E-07
M7XT98		5.39E-07		1.97E-07	3.19E-07	3.34E-07	2.56E-07	2.03E-07			2.68E-07	2.65E-07
M7WLW1	1.05E-07	8.99E-08	9.70E-08	1.13E-07	1.16E-07	1.43E-07	9.50E-08	8.93E-08	1.67E-07	1.68E-07	1.46E-07	1.19E-07
M7WI49		4.65E-07		1.21E-07	4.90E-07	5.17E-07	2.51E-07	2.58E-07	9.76E-07	8.08E-07	1.49E-07	1.37E-07
M7X663		4.93E-07		2.09E-07		2.41E-07		1.48E-07			2.29E-07	1.91E-07
M7XVQ9	2.33E-07	1.30E-07	1.04E-07	1.07E-07	3.20E-07	2.98E-07	1.42E-07	1.20E-07	3.64E-07	3.38E-07	1.39E-07	8.82E-08
M7XUV9	1.64E-06	1.53E-06		5.96E-07	2.78E-07	2.56E-07	2.49E-07	1.17E-07	3.34E-07		5.93E-07	5.72E-07
M7XN07		3.92E-07		3.09E-07	3.32E-07	3.58E-07	3.06E-07	2.77E-07			3.55E-07	2.38E-07
M7XL11	3.26E-07	4.11E-07	1.64E-07	1.24E-07	1.63E-07	1.08E-07	9.41E-08	7.86E-08	2.17E-07	2.08E-07	1.79E-07	1.10E-07
M7XNE0	1.89E-08	2.55E-08	1.42E-08	2.12E-08	3.18E-08	2.77E-08	2.74E-08	2.94E-08	4.71E-08	2.42E-08	1.26E-08	1.24E-08
M7XKN2	5.19E-07	5.66E-07		3.86E-07	4.17E-07	4.78E-07	3.09E-07	2.46E-07			4.87E-07	4.21E-07
M7WVH2	1.76E-07	1.72E-07	1.05E-07	1.40E-07	1.61E-07	1.50E-07	1.19E-07	9.42E-08	2.12E-07	2.20E-07	1.40E-07	8.51E-08
M7X3B2	4.10E-07	2.94E-07		3.03E-07	3.42E-07	3.62E-07	1.62E-07	1.91E-07	1.04E-06	9.68E-07	2.31E-07	1.93E-07
M7WUX9	2.18E-07	1.58E-07	6.87E-08	7.20E-08	7.86E-07	6.92E-07	4.01E-07	2.98E-07	9.38E-07	8.26E-07	1.54E-07	1.65E-07
M7WTJ2	9.41E-07	3.06E-07	3.82E-07	2.69E-07	4.48E-07	2.85E-07	4.00E-07	3.49E-07	7.20E-07	7.30E-07	3.39E-07	3.53E-07
M7WWB7		4.10E-08	1.04E-07	2.06E-08		1.58E-08	1.54E-07	3.44E-08	2.48E-08		5.28E-08	4.44E-08
M7WX59	1.57E-07	1.84E-07		9.19E-08	8.93E-08	9.51E-08	7.19E-08	7.03E-08		1.71E-07	8.28E-08	6.94E-08
M7XHW6	1.13E-07	1.23E-07		1.14E-07	1.14E-07	1.12E-07	9.47E-08	7.00E-08	2.10E-07	2.62E-07	1.12E-07	1.12E-07
M7XMB1	7.85E-08	4.95E-08	4.89E-08	5.06E-08	2.70E-07	2.89E-07	1.48E-07	1.07E-07	3.68E-07	3.01E-07	7.15E-08	6.51E-08
M7X6N8	2.37E-07	1.86E-07	1.02E-07	9.23E-08	1.12E-07	1.24E-07	7.04E-08	7.06E-08	2.61E-07	2.47E-07	1.04E-07	9.93E-08
M7X0J9	2.57E-07	1.82E-07	7.83E-08	8.01E-08	8.25E-08	7.52E-08	4.89E-08	4.18E-08	1.23E-07	1.72E-07	5.53E-08	4.20E-08
M7X0S1	1.49E-07	2.03E-07	1.01E-07	9.52E-08	2.48E-07	1.73E-07	1.46E-07	1.19E-07	2.31E-07	2.38E-07	1.50E-07	1.26E-07
M7WJ30	2.56E-07	2.65E-07	8.94E-08	1.47E-07	2.68E-07	2.10E-07	2.05E-07	1.21E-07			1.40E-07	1.15E-07
M7WFK5	3.65E-07	3.76E-07		1.68E-07	2.60E-07	2.72E-07	2.54E-07	1.64E-07	6.17E-07	5.44E-07	1.77E-07	2.03E-07
M7WQU7	3.29E-07	3.59E-07	2.77E-07	1.52E-07	3.87E-07	4.94E-07	4.02E-07	1.65E-07	5.12E-07	5.35E-07	1.39E-07	1.32E-07
M7XNT5	6.43E-07	5.65E-07	1.67E-07	1.43E-07	3.36E-07	3.24E-07	1.80E-07	1.76E-07	2.60E-07	2.99E-07	1.15E-07	1.17E-07
M7WMD1		5.08E-07		5.32E-07	2.72E-07	2.65E-07	2.47E-07	2.64E-07	2.98E-07	4.99E-07	4.20E-07	6.21E-07
M7WSB4	1.04E-07	1.27E-07	4.58E-08	6.38E-08	1.59E-07	2.54E-07	1.34E-07	6.01E-08	2.30E-07	2.10E-07	1.18E-07	1.04E-07
M7XDY7	2.23E-07	2.17E-07	1.24E-07	1.18E-07	2.23E-07	2.68E-07	1.48E-07	1.22E-07	3.58E-07	3.68E-07	1.60E-07	1.55E-07
M7XMB0	1.41E-07	1.14E-07	3.79E-08	3.41E-08	7.89E-08	1.05E-07	5.30E-08	4.90E-08	2.08E-07	2.17E-07	5.19E-08	3.34E-08
M7XLP8		5.56E-08	8.84E-08	6.13E-08	1.15E-07	1.09E-07	7.97E-08	9.04E-08	2.10E-07	2.30E-07	9.62E-08	9.67E-08
M7XQB5		4.05E-07		1.43E-07	2.71E-07	3.51E-07	1.41E-07	2.10E-07	3.76E-07	4.83E-07	2.15E-07	2.13E-07
M7WZB1	1.95E-07	1.04E-07		2.59E-08	1.98E-07	2.12E-07	8.96E-08	9.31E-08	2.87E-07	2.87E-07		3.05E-08
M7X6J3	1.30E-07	1.77E-07	9.74E-08	8.89E-08	5.92E-08	8.36E-08	1.04E-07	8.33E-08	1.14E-07	1.21E-07	1.06E-07	8.25E-08
M7XET6	1.86E-06	1.88E-06	7.71E-07	7.17E-07	2.16E-06	2.35E-06	1.05E-06	1.16E-06	2.12E-06	1.85E-06	8.74E-07	6.92E-07
M7WU89		3.18E-07		1.04E-07	5.51E-07	7.81E-07	3.22E-07	3.60E-07			2.65E-07	2.04E-07
M7WXI0	4.44E-08	2.35E-08	4.48E-08	3.96E-08	3.29E-08	3.47E-08	4.17E-08	3.33E-08	9.65E-08	9.10E-08	2.89E-08	3.94E-08
M7WNC0	6.32E-07	6.35E-07	1.33E-07	1.02E-07	7.79E-08		5.50E-08	5.43E-08	1.28E-07		4.95E-08	4.19E-08
M7WZG4	1.75E-07	1.99E-07		6.41E-08	1.10E-07	1.13E-07	5.45E-08	7.51E-08			6.74E-08	5.85E-08
M7X610	3.30E-07	3.84E-07		2.22E-07	1.95E-07	2.00E-07		1.59E-07			2.45E-07	2.06E-07
M7XLB5	5.51E-07	3.52E-07		1.72E-07	1.97E-07	2.49E-07	1.40E-07	1.67E-07			1.40E-07	1.38E-07
M7WTY3	8.57E-08	8.29E-08	3.62E-08	7.46E-08	3.00E-08	4.54E-08	1.04E-07	7.86E-08	1.91E-07	1.88E-07	1.42E-07	1.45E-07
M7WXE4	3.28E-07	3.38E-07	1.38E-07	1.32E-07	2.41E-07	3.07E-08	1.74E-07		3.57E-07	3.52E-07	1.58E-07	1.19E-07
M7WMY6		3.05E-07		1.21E-07	2.61E-07	3.54E-07	2.11E-07	2.32E-07			1.18E-07	1.11E-07
M7XF71	6.60E-08	7.05E-08	3.51E-08	2.57E-08	2.12E-08	3.21E-08	2.95E-08	2.99E-08	6.88E-08	7.04E-08	3.70E-08	3.06E-08
M7XLN1	3.70E-07	3.12E-07		2.83E-07	2.08E-07	1.73E-07	2.24E-07	1.82E-07	3.57E-07	3.65E-07	2.58E-07	3.42E-07
M7X201	1.96E-07	1.10E-07	7.76E-08	1.38E-07	1.65E-07	2.17E-07	1.30E-07	1.17E-07	3.15E-07	3.02E-07	1.34E-07	1.24E-07
M7WLG0	4.26E-08	3.90E-08	9.99E-08	9.44E-08	1.20E-07	1.40E-07	1.09E-07	7.42E-08			1.03E-07	9.57E-08
M7WQG2	1.78E-07	2.15E-07	9.54E-08	1.26E-07	2.04E-07	2.26E-07	2.13E-07	1.45E-07	3.12E-07	2.41E-07	1.62E-07	1.07E-07
M7XYR8	4.64E-07	5.19E-07	2.88E-07	2.54E-07	2.45E-07	2.69E-07	2.06E-07	2.15E-07	5.20E-07	4.27E-07	2.28E-07	2.09E-07
M7XL28	3.48E-07	3.08E-07		1.25E-07	2.45E-07	2.42E-07	1.90E-07	1.74E-07	4.95E-07	4.34E-07	1.96E-07	1.65E-07
M7XIV0	7.00E-08	5.84E-08	4.83E-08	4.06E-08	7.54E-08	8.24E-08	5.17E-08	3.94E-08	1.40E-07	1.54E-07	5.25E-08	3.26E-08
M7XB15	1.52E-07	1.54E-07	8.34E-08	9.86E-08	7.69E-08	9.69E-08	7.64E-08	6.92E-08	1.47E-07	1.31E-07	1.23E-07	9.50E-08
M7XZ85	2.22E-07	2.60E-07	1.09E-07	1.15E-07	1.07E-07	8.85E-08	7.74E-08	7.65E-08		1.88E-07	1.08E-07	8.87E-08
M7X3Y5	1.29E-07	1.29E-07	4.37E-08	4.45E-08	6.96E-08	7.42E-08	3.93E-08	4.06E-08	1.76E-07	1.56E-07	6.19E-08	4.34E-08
M7XS74		4.61E-07		2.31E-07	2.63E-07	2.99E-07	2.49E-07	1.96E-07			2.21E-07	2.56E-07
M7WP67	4.35E-08	1.02E-07		3.75E-08	6.10E-08	9.03E-08	4.39E-08	3.14E-08			3.78E-08	2.97E-08
M7WW52	5.81E-08	2.37E-08	2.87E-08	3.00E-08	6.31E-08	5.06E-08	2.89E-08	2.34E-08	1.16E-07	9.93E-08	1.88E-08	2.31E-08
M7XFR4	8.06E-08	5.63E-08	3.48E-08	5.47E-08	7.64E-08	7.06E-08	4.18E-08	3.52E-08	1.41E-07	1.29E-07	3.66E-08	3.93E-08
M7X6F0	3.26E-07	3.47E-07		5.49E-08	1.67E-07	1.72E-07		9.18E-08			8.10E-08	6.83E-08
M7WZ08		8.36E-07		1.28E-06	6.72E-07	7.02E-07	3.14E-07	4.63E-07			3.45E-07	3.15E-07
M7WPB8	1.82E-07	1.48E-07		1.53E-07		1.73E-07		6.87E-08	2.40E-07	1.84E-07	1.59E-07	1.62E-07
M7WLV7	2.81E-07	3.24E-07	1.34E-07	1.70E-07	1.63E-07	1.70E-07	1.12E-07	8.81E-08	1.95E-07	2.88E-07		1.87E-07
M7XZP5	1.20E-07	1.20E-07	3.76E-08	4.42E-08	1.00E-07	1.03E-07	7.35E-08	5.54E-08	2.22E-07	2.23E-07	4.64E-08	3.96E-08
M7WLE1	2.64E-07	3.11E-07	1.57E-07	1.47E-07	9.62E-08	7.00E-08	3.73E-08		5.45E-08	2.12E-08	7.03E-08	4.34E-08
M7X3Y6		2.30E-07	3.24E-07	2.03E-07	1.74E-07	2.95E-08	8.59E-08	1.37E-07	4.22E-07	3.85E-07	3.06E-07	
M7WNN2	1.16E-07	1.38E-07	4.20E-08	4.41E-08	5.70E-08	6.72E-08	5.26E-08	3.80E-08	8.25E-08	9.14E-08	4.90E-08	4.12E-08
M7WWC5	7.38E-08	1.00E-07		5.53E-08	7.74E-08	6.76E-08	4.50E-08	3.98E-08	1.40E-07	9.74E-08	7.31E-08	5.74E-08
M7XEB5	4.52E-07	2.89E-07	1.53E-07	2.01E-07	2.11E-07	2.52E-07	2.57E-07	1.81E-07	3.91E-07	4.60E-07	2.11E-07	1.31E-07
M7XQJ6	1.35E-07	1.09E-07		7.13E-08	1.30E-07	1.13E-07	7.99E-08	6.70E-08	2.62E-07	2.01E-07	7.42E-08	7.13E-08
M7XPR8	1.52E-07	9.74E-08		4.67E-08	5.76E-08	5.51E-08	4.20E-08	3.38E-08	1.07E-07		3.93E-08	4.08E-08
M7WG30		6.88E-09	6.10E-08	4.90E-08	8.11E-08	5.93E-08	5.23E-08	3.77E-08	1.23E-07	1.27E-07	6.28E-08	5.37E-08
M7WND2		2.75E-07			3.40E-07	4.52E-07	2.32E-07	2.80E-07			9.29E-08	1.65E-07
M7WPU4	1.58E-07	1.71E-07	9.20E-08	8.11E-08	1.75E-07	1.47E-07	1.41E-07	1.03E-07	2.86E-07	2.58E-07	1.05E-07	1.05E-07
M7WVU9	1.15E-07	9.98E-08	4.55E-08	4.38E-08	4.83E-08	6.10E-08	4.45E-08	4.16E-08	8.98E-08	9.57E-08	4.68E-08	3.98E-08
M7X2T5	7.90E-07	7.13E-07	5.67E-07	4.62E-07	7.91E-07	8.28E-07	6.35E-07	6.27E-07	8.65E-07	1.11E-06	6.35E-07	4.70E-07
M7WR15	2.65E-07	2.47E-07		7.81E-08	2.89E-07	9.55E-08	9.31E-08				9.08E-08	7.30E-08
M7WXE3	7.97E-08	8.19E-08		5.75E-08	1.14E-07	8.29E-08	4.79E-08	6.85E-08	2.06E-07	1.66E-07	7.22E-08	6.01E-08
M7XJR5		7.99E-08	6.15E-08	5.04E-08		2.67E-08	4.33E-08	4.17E-08		1.90E-08	6.17E-08	7.20E-08
M7WW46		1.16E-07		8.00E-08	1.61E-07	1.41E-07	1.34E-07	9.76E-08		2.25E-07	6.88E-08	1.97E-07
M7XHL0	1.48E-07	1.05E-07		5.83E-08	1.39E-07	1.51E-07	7.24E-08	8.18E-08	3.42E-07	1.85E-07	7.93E-08	5.84E-08
M7WS79	2.51E-07		1.13E-07	1.08E-07	4.28E-07	3.11E-07	2.07E-07	2.62E-07		2.26E-07	1.45E-07	1.15E-07
M7XGF4	1.89E-07	1.73E-07		8.79E-08	1.50E-07	1.64E-07	1.49E-07	1.14E-07			1.05E-07	1.11E-07
M7XG05	4.78E-08	3.34E-08	5.61E-08	4.61E-08	5.13E-08	4.94E-08	5.28E-08	3.91E-08	7.05E-08	6.32E-08	4.59E-08	3.39E-08
M7WW13	2.89E-07	2.53E-07	1.62E-07	2.14E-07	1.71E-07	1.86E-07	1.33E-07	1.54E-07	2.97E-07	3.23E-07	1.57E-07	1.10E-07
M7WT71	2.09E-07	2.25E-07	2.22E-07	2.19E-07	2.34E-07	2.68E-07	1.56E-07	1.54E-07	2.58E-07	2.34E-07	1.83E-07	1.89E-07
M7X4F8	8.72E-08	1.17E-07			1.01E-07	1.35E-07	7.19E-08	7.46E-08			8.49E-08	
M7WWJ6				1.04E-06	1.08E-06		3.53E-07	6.85E-07			4.58E-07	6.01E-07
M7XI87	8.24E-08	1.08E-07	8.10E-08	8.93E-08	1.04E-07	1.08E-07	6.91E-08	6.47E-08	2.42E-07	2.26E-07	7.08E-08	7.71E-08
M7XYK8	1.41E-07	1.42E-07		4.97E-08	9.75E-08	7.43E-08	7.24E-08	5.22E-08	1.99E-07	1.90E-07	6.96E-08	5.01E-08
M7XI58		4.46E-07		2.87E-07	3.21E-07	3.06E-07	1.89E-07	1.39E-07			3.20E-07	2.48E-07
M7X5T6	1.59E-07	1.69E-07		7.32E-08	1.09E-07	9.05E-08	1.40E-07	1.09E-07			1.19E-07	7.69E-08
M7WPW6	3.90E-08	3.32E-08	5.27E-08	5.01E-08	6.82E-08	7.76E-08	4.66E-08	4.51E-08	1.34E-07	1.27E-07	6.70E-08	7.40E-08
M7WMQ8	1.34E-08		2.94E-08	3.05E-08	4.97E-08	5.21E-08	2.91E-08	2.48E-08	1.03E-07	9.00E-08	2.73E-08	2.40E-08
M7WTP5		8.45E-08	8.10E-08		2.90E-07	2.65E-07	1.51E-07	1.60E-07	2.42E-07	2.14E-07	1.10E-07	
M7WEJ4	1.33E-07	2.57E-07	6.90E-08	7.43E-08	5.64E-08	5.55E-08	3.14E-08		9.29E-08	9.45E-08	2.45E-08	4.31E-08
M7WWD0		7.53E-07		3.31E-07	3.43E-07	3.91E-07	3.39E-07	3.19E-07	5.56E-07		2.97E-07	3.01E-07
M7WLK8		8.56E-07	1.67E-07	2.08E-07		5.82E-07	1.39E-07	1.75E-07			4.02E-07	3.99E-07
M7XLV2							9.95E-07	1.56E-07				6.37E-09
M7WNN7	1.67E-07	1.72E-07	1.06E-07	1.20E-07	1.01E-07	1.46E-07	1.20E-07	1.07E-07	1.74E-07	1.73E-07	1.66E-07	1.18E-07
M7WW02	1.36E-07	5.45E-08	8.44E-08	8.16E-08	1.11E-07	1.28E-07	1.07E-07	7.11E-08	2.21E-07	2.37E-07	1.04E-07	7.60E-08
M7XL66	1.96E-07	1.86E-07	9.94E-08	1.03E-07	1.49E-07	1.76E-07	1.17E-07	1.14E-07	2.75E-07		1.14E-07	8.80E-08
M7WQH3	2.46E-07	3.42E-07		1.20E-07	2.01E-07	1.93E-07	1.31E-07	1.07E-07	3.13E-07	3.71E-07	1.22E-07	1.19E-07
M7WYA9		1.97E-07		1.14E-07	8.87E-07	7.97E-07	4.68E-07	3.60E-07			3.52E-07	3.32E-07
M7XGK6			1.43E-07	1.21E-07	1.40E-07	1.15E-07	8.63E-08	9.01E-08	8.59E-08		2.17E-07	1.86E-07
M7XB54	9.51E-08	1.24E-07	4.16E-08	4.91E-08	6.32E-08	6.33E-08	5.08E-08	4.41E-08	1.11E-07	1.07E-07	4.59E-08	3.70E-08
M7XQT8	2.73E-07	2.54E-07	7.18E-08	1.17E-07	1.00E-07	1.20E-07	1.10E-07	8.26E-08	2.92E-07	2.57E-07	1.53E-07	
M7X2Q8		2.18E-07			1.68E-07	1.35E-07	7.67E-08	5.83E-08				
M7WPM3	7.64E-08	5.39E-08	1.47E-08	1.79E-08	1.04E-07	1.06E-07	6.14E-08	4.60E-08	8.19E-08	6.63E-08	1.16E-08	1.43E-08
M7WXJ2	5.28E-08	8.95E-08	2.57E-08	2.59E-08	3.64E-08	3.57E-08	2.48E-08	2.49E-08	5.66E-08	7.14E-08	3.47E-08	3.32E-08
M7X080	3.74E-08	4.09E-08		2.57E-08	6.78E-08	8.04E-08	3.90E-08	4.55E-08	1.10E-07	1.07E-07	3.32E-08	3.47E-08
M7XG80	7.95E-07	8.79E-07	8.84E-07	8.09E-07	5.33E-07	5.83E-07	4.65E-07	5.24E-07	1.25E-06	1.16E-06	9.48E-07	7.81E-07
M7WU66	7.34E-08	7.47E-08	3.14E-08	3.23E-08	7.55E-08	8.47E-08	5.37E-08	4.30E-08	9.02E-08	1.07E-07	3.74E-08	2.70E-08
M7XX64	1.57E-07	2.03E-07	6.51E-08	6.20E-08	1.81E-07	1.97E-07	1.56E-07	1.53E-07	3.06E-07	3.02E-07	9.89E-08	9.40E-08
M7XUB0	1.16E-07	1.13E-07	6.75E-08	6.20E-08	9.70E-08	9.75E-08	6.32E-08	6.50E-08	1.71E-07	1.73E-07	7.82E-08	6.48E-08
M7X2D9	9.64E-08		1.45E-07	2.21E-07	1.18E-07	1.29E-07	6.94E-08	7.51E-08	3.04E-07	2.99E-07	3.12E-07	2.21E-07
M7XTT7		1.15E-07		6.09E-08	8.44E-08	1.36E-07	5.87E-08	7.90E-08			8.62E-08	1.00E-07
M7XMM2	3.45E-08	7.44E-08	4.66E-08	4.88E-08	6.93E-08	7.33E-08	5.46E-08	4.27E-08	1.30E-07	1.02E-07	6.71E-08	5.31E-08
M7X4I5	1.63E-07	1.86E-08		7.36E-08	9.74E-08	1.18E-07	7.33E-08	5.10E-08	2.26E-07	2.43E-07	7.30E-08	6.38E-08
M7XL37	9.42E-08	1.72E-07	6.19E-08	9.09E-08	3.46E-08		3.49E-08		2.21E-08		4.82E-08	2.98E-08
M7WLK7	2.56E-07	2.10E-07	1.54E-07	9.79E-08	1.42E-07	2.19E-07	1.14E-07	1.30E-07	1.93E-07	2.22E-07	1.20E-07	1.03E-07
M7X5P4		3.63E-07	1.98E-07	1.35E-07	3.81E-07	2.64E-07	1.57E-07	1.82E-07		5.18E-07	1.91E-07	1.85E-07
M7XMX4	3.76E-08	6.21E-08	3.51E-08	3.09E-08	9.45E-08	1.00E-07	6.20E-08	4.62E-08	1.43E-07	1.77E-07	3.56E-08	2.52E-08
M7WQP3	6.23E-08	7.42E-08	3.67E-08	3.07E-08	4.19E-08	4.51E-08	3.97E-08	3.15E-08	7.03E-08	7.72E-08	4.13E-08	2.77E-08
M7WTL8	4.22E-08	5.90E-08	5.61E-08	3.68E-08	6.58E-08	5.92E-08	3.36E-08	4.27E-08	1.49E-07	1.41E-07	3.32E-08	2.56E-08
M7XGL1	2.98E-07	2.48E-07	9.68E-08	1.27E-07	1.44E-07	1.32E-07	9.55E-08	3.69E-08	8.90E-08	1.36E-07	9.12E-08	8.92E-08
M7XJU9	7.98E-07	7.38E-07	4.51E-07	4.23E-07	4.67E-07	7.57E-07	4.32E-07	5.28E-07	8.24E-07	6.85E-07	5.34E-07	3.75E-07
M7WL50	3.33E-08	3.30E-08	1.99E-08	2.74E-08	2.16E-08	2.81E-08	2.26E-08	2.40E-08	3.91E-08	4.56E-08	3.10E-08	2.49E-08
M7X0X4				2.17E-07	1.35E-07	1.23E-07	1.03E-07	1.13E-07			1.99E-07	1.98E-07
M7WU23	2.78E-07	4.15E-07	1.35E-07	1.21E-07	1.47E-07	2.35E-07	6.44E-08	7.85E-08	2.66E-07	3.42E-07	1.13E-07	1.12E-07
M7XI53	3.08E-07	3.25E-07	1.71E-07	1.41E-07	1.80E-07	2.11E-07	1.41E-07	1.46E-07	2.07E-07	1.85E-07	1.61E-07	1.30E-07
M7WW75	8.29E-08		3.68E-08	3.22E-08	3.19E-07	4.15E-07	2.22E-07	1.26E-07	2.01E-07	2.18E-07		
M7XEB1	1.52E-07	7.96E-08	4.01E-08	2.35E-08	1.47E-07	1.31E-07	9.88E-08	7.24E-08	2.51E-07	2.05E-07	4.32E-08	
M7XCR6	1.86E-07	2.01E-07	8.42E-08	9.92E-08	1.37E-07	1.69E-07	1.18E-07	9.67E-08	2.21E-07	1.90E-07	9.64E-08	8.81E-08
M7WVC5	3.79E-08	4.54E-08	2.48E-08	2.68E-08	2.81E-08	3.28E-08	2.00E-08	2.05E-08	5.81E-08	5.75E-08	2.54E-08	2.25E-08
M7XUT1		7.66E-08	9.44E-08	1.00E-07	1.55E-07	1.34E-07		1.02E-07	2.18E-07	2.22E-07	1.63E-07	1.59E-07
M7X4K3	2.13E-07	1.90E-07		1.06E-07	2.47E-07	2.42E-07	1.58E-07	9.43E-08			1.36E-07	1.07E-07
M7WZ98	3.13E-07	3.37E-07	1.04E-07	1.07E-07	1.24E-07	8.55E-08	9.35E-08		3.91E-07	3.82E-07	9.42E-08	1.04E-07
M7X998	3.35E-07	2.97E-07		1.06E-07	2.76E-07	3.19E-07	1.24E-07	1.21E-07	3.81E-07	4.88E-07	9.96E-08	8.67E-08
M7WX71	4.52E-08	3.20E-08	2.55E-08	3.53E-08	3.60E-07	3.40E-07	1.85E-07	1.04E-07	2.34E-07	2.28E-07	6.16E-08	5.58E-08
M7X795		1.45E-07		3.24E-07	4.34E-07	3.90E-07	2.35E-07	2.35E-07	6.11E-07	5.73E-07	5.29E-07	6.23E-07
M7XWJ1	3.96E-08	7.95E-08	2.84E-08	2.72E-08	4.33E-08	4.32E-08	1.98E-08	1.82E-08	9.16E-08	1.02E-07	2.42E-08	1.88E-08
M7WWM7	1.25E-07	6.94E-08		5.58E-08	2.34E-07	1.85E-07	1.51E-07	1.78E-07	2.82E-07	3.04E-07	1.18E-07	1.01E-07
M7WQN8	1.41E-07	7.64E-08		4.04E-08	6.76E-08	6.34E-08	3.68E-08	2.69E-08	1.11E-07	1.19E-07	3.44E-08	2.49E-08
M7X5T2	3.67E-07	3.69E-07	1.74E-07	1.99E-07	1.49E-07	1.91E-07	1.37E-07	1.44E-07	3.29E-07	3.44E-07	1.57E-07	1.47E-07
M7WL75		7.29E-07		1.25E-07	6.80E-07	6.69E-07	2.41E-07	2.28E-07			1.53E-07	
M7X1R1	2.63E-08	3.45E-08	1.57E-08	1.11E-08	2.43E-08	2.45E-08	1.89E-08	1.94E-08	4.24E-08	3.69E-08	1.22E-08	1.10E-08
M7WTA4	3.07E-07	3.84E-07	2.34E-07	2.32E-07	3.15E-07	3.13E-07	1.31E-07	1.25E-07	1.07E-07	9.13E-08	1.11E-07	1.12E-07
M7WEF4		4.71E-07	1.82E-07	1.59E-07	2.97E-07	3.13E-07	1.77E-07	1.29E-07	3.63E-07	4.11E-07	2.08E-07	1.69E-07
M7WP48	4.39E-08	1.02E-07	6.50E-08	4.84E-08	7.79E-08	6.84E-08	5.07E-08	5.43E-08	1.51E-07	1.28E-07	9.43E-08	6.80E-08
M7XJ50	8.09E-08	9.26E-08		3.56E-08	5.74E-08		4.67E-08	4.51E-08	1.38E-07	1.23E-07	4.30E-08	3.42E-08
M7WWR4	2.14E-08	4.31E-08	2.25E-08	5.25E-08	5.33E-08	4.63E-08	4.12E-08	4.68E-08	1.00E-07	9.75E-08	6.60E-08	4.82E-08
M7WUM3	8.15E-08	6.61E-08	5.10E-08	5.48E-08	4.26E-08	2.96E-08	2.97E-08	2.78E-08	6.94E-08	6.79E-08	7.35E-08	6.02E-08
M7XH05	2.55E-07	2.31E-07		1.24E-07	2.41E-07	2.70E-07	1.38E-07	1.56E-07	5.99E-07	5.87E-07	1.38E-07	1.08E-07
M7X5A8		8.30E-08		1.00E-07	5.70E-08	7.14E-08	6.27E-08	5.88E-08			1.15E-07	9.93E-08
M7XS16	5.05E-08	6.51E-08	9.09E-08	1.66E-07	1.67E-07	1.48E-07	6.74E-08	6.52E-08	2.95E-08		1.86E-07	1.11E-07
M7X150	4.61E-07	3.73E-07	3.76E-07	2.67E-07	8.13E-07	1.01E-06	3.16E-07	3.13E-07	8.57E-07	7.56E-07	5.41E-07	3.95E-07
M7X7X8	1.72E-07	1.37E-07	8.28E-08	8.84E-08	1.43E-07	1.81E-07	1.02E-07	1.11E-07	1.77E-07	1.63E-07	1.13E-07	9.84E-08
M7WHI3	8.13E-08	1.10E-07		5.65E-08	4.65E-08	5.38E-08	4.24E-08	4.21E-08	1.11E-07	1.21E-07	3.92E-08	4.69E-08
M7WX10	4.19E-07	4.32E-07	1.79E-07	2.03E-07	2.84E-07	2.60E-07	1.94E-07	1.72E-07	4.38E-07	3.94E-07	2.27E-07	1.71E-07
M7X011	1.01E-07	1.88E-07	1.38E-07	1.77E-07	3.86E-07	3.97E-07	1.98E-07	1.90E-07	5.92E-07	7.14E-07	1.51E-07	2.10E-07
M7X373		2.94E-08		1.48E-08	4.72E-08	4.89E-08	3.26E-08	2.50E-08		7.96E-08	2.52E-08	2.16E-08
M7X5N2	5.08E-07	4.90E-07	2.36E-07	1.83E-07	3.03E-07	3.11E-07	1.44E-07	1.83E-07	3.07E-07	2.93E-07	3.44E-07	3.02E-07
M7XUR8		4.85E-08		2.36E-08	6.29E-08	6.41E-08	2.75E-08	3.87E-08			4.70E-08	3.35E-08
M7WX36	2.85E-07	2.93E-07		9.11E-08	8.57E-07		4.01E-07	3.00E-07		9.82E-07	2.65E-07	2.66E-07
M7WZ39	8.55E-08	7.43E-08		5.91E-08	5.91E-08	8.42E-08	7.88E-08	7.05E-08	6.51E-08	6.27E-08	5.71E-08	3.99E-08
M7XWN0	2.96E-07			2.01E-07	8.13E-07	8.09E-07	5.28E-07	1.67E-07	1.03E-06	1.00E-06	1.92E-07	
M7XG60	1.89E-08	2.93E-08	9.59E-09	1.27E-08	1.82E-08	1.67E-08	9.65E-09	9.29E-09	3.08E-08	2.77E-08	1.17E-08	8.93E-09
M7X787	2.15E-07	1.90E-07		1.99E-07	1.47E-07	2.18E-07	1.79E-07				2.60E-07	2.38E-07
M7XHV2	2.82E-08	3.76E-08	2.07E-08	2.29E-08	3.60E-08	7.86E-08	3.52E-08		2.58E-07	2.69E-07	4.06E-08	3.96E-08
M7WXH5	1.21E-07	1.31E-07	6.35E-08	6.57E-08	1.11E-07	9.95E-08	8.09E-08	7.08E-08	1.69E-07	1.78E-07	6.82E-08	4.99E-08
M7WPS8	2.73E-08	4.50E-08	5.79E-08	5.31E-08		1.40E-08	1.16E-08	1.20E-08			4.47E-08	3.84E-08
M7XFG5		1.45E-07		8.03E-08		6.78E-08		2.06E-08	2.84E-07	5.69E-07	6.58E-08	3.14E-08
M7WK93			6.77E-08		2.85E-07	3.64E-07	2.41E-07	1.81E-07		3.77E-07	1.83E-07	1.69E-07
M7X5S3		7.96E-07	2.47E-07	2.48E-07		8.87E-07	1.25E-07	6.63E-07	1.54E-06	1.31E-06	4.94E-07	7.13E-08
M7XK71	9.76E-08	1.01E-07	4.52E-08	5.56E-08	8.41E-08	8.18E-08	4.91E-08	3.11E-08	1.58E-07	8.85E-08	5.65E-08	6.36E-08
M7WUB7	7.02E-08			4.56E-08	5.13E-08	4.02E-08	5.90E-08	4.60E-08	4.69E-08	5.25E-08	8.59E-08	7.61E-08
M7X252		1.69E-07	1.48E-07	1.40E-07	3.00E-07	3.13E-07	2.09E-07	1.53E-07	5.98E-07	6.18E-07	2.01E-07	1.98E-07
M7WVA2				1.29E-08	5.62E-08	4.24E-08	2.83E-08	4.72E-08				1.23E-09
M7XY08	1.85E-07	6.50E-08	6.95E-08	6.74E-08	7.81E-08	1.16E-07	6.63E-08	6.39E-08	1.49E-07	1.56E-07	6.81E-08	4.62E-08
M7WLU4		1.21E-07		4.39E-08	1.11E-07	1.11E-07	5.78E-08	5.75E-08	1.94E-07		5.85E-08	4.43E-08
M7WN19	7.05E-08		6.44E-08	7.63E-08	8.01E-08	8.95E-08	8.89E-08	5.88E-08	1.70E-07	1.32E-07	1.06E-07	7.83E-08
M7XES2		3.56E-07	1.46E-07	1.47E-07	1.80E-07	1.95E-07	1.16E-07	9.93E-08		2.32E-07	1.12E-07	9.04E-08
M7X374	2.20E-07	2.81E-07	1.28E-07	1.48E-07	1.35E-07	1.64E-07	1.96E-07	1.32E-07	2.95E-07		2.15E-07	1.61E-07
M7WYG5	1.42E-07	1.41E-07	3.43E-08	2.77E-08	1.10E-07	1.41E-07	7.35E-08	6.24E-08			3.86E-08	2.15E-08
M7Y051		3.39E-08	7.50E-08	1.01E-07	7.32E-08	7.34E-08	6.87E-08	6.46E-08	1.64E-07	2.05E-07	9.36E-08	1.02E-07
M7X774	1.92E-07	1.80E-07	8.19E-08	6.56E-08	2.73E-07	2.70E-07	1.38E-07	1.11E-07	1.56E-07	1.51E-07	8.90E-08	9.41E-08
M7XP16	1.08E-07	1.14E-07	5.70E-08	5.61E-08	5.35E-08	6.83E-08	4.80E-08	4.31E-08	9.65E-08	9.26E-08	6.31E-08	5.72E-08
M7XMF3	6.06E-08	6.48E-08	4.99E-08	5.43E-08	7.10E-08	7.05E-08	4.49E-08	4.76E-08	1.74E-07	2.09E-07	8.41E-08	5.75E-08
M7X6U9		6.45E-08	5.74E-08	3.18E-08	4.36E-08	5.88E-08	3.90E-08	2.84E-08	1.44E-07	7.56E-08	4.48E-08	
M7XCW0	8.25E-08	2.59E-08	3.51E-08	4.39E-08	5.38E-08	7.83E-08	5.68E-08	3.25E-08	9.28E-08	8.45E-08	3.71E-08	2.75E-08
M7XAE7	2.27E-07	2.16E-07	4.01E-07	3.25E-07	1.92E-07	1.69E-07	2.47E-07	2.25E-07	8.81E-07	7.39E-07	5.81E-07	6.04E-07
M7WMS1		4.19E-08	7.67E-08	4.44E-08		5.70E-08	7.98E-08	4.62E-08	7.17E-08	5.80E-08	6.39E-08	5.74E-08
M7X0B3	1.03E-07	1.22E-07	2.03E-08	1.77E-08	4.63E-08	4.89E-08	3.05E-08	2.68E-08	1.03E-07	1.23E-07	2.07E-08	1.69E-08
M7WQ81	6.35E-08		6.07E-08	6.23E-08	1.80E-07	1.52E-07	1.31E-07	9.56E-08	2.85E-07	3.07E-07	7.20E-08	7.66E-08
M7XG56	3.05E-07	3.21E-07		1.01E-07	3.23E-07	4.41E-07	2.65E-07	4.35E-08	5.15E-07	5.86E-07	1.16E-07	1.27E-07
M7X1D8	2.05E-07	1.15E-07	1.15E-07	1.40E-07	1.29E-07	1.32E-07	7.34E-08	7.34E-08	2.23E-07	1.04E-07	1.18E-07	7.30E-08
M7XDH3	9.75E-08	1.62E-07		4.66E-08	7.89E-08	8.57E-08	5.06E-08	4.86E-08	1.91E-07	1.57E-07	5.22E-08	3.59E-08
M7WR49	2.20E-07	2.26E-07		1.26E-07	2.18E-07	2.23E-07	1.65E-07	1.63E-07	3.59E-07	3.55E-07	1.52E-07	1.80E-07
M7X450	2.99E-08	2.59E-08		3.87E-09	7.50E-08	8.36E-08	3.82E-08	2.72E-08		2.91E-08		4.26E-09
M7X4E8			1.20E-07	1.32E-07		1.10E-07		3.81E-08			6.81E-08	
M7WLH8		9.43E-08		6.45E-08	1.47E-07	1.84E-07	1.07E-07	1.24E-07	1.31E-07	1.30E-07	1.15E-07	1.19E-07
M7XGA7		2.53E-07	1.78E-07	1.49E-07	3.02E-07	2.61E-07	1.70E-07	1.43E-07		2.40E-07	2.03E-07	1.55E-07
M7WNL0	1.98E-07	2.49E-07	3.38E-07	2.61E-07	6.11E-08	7.28E-08	1.07E-07	7.49E-08	1.89E-07	1.93E-07	1.94E-07	2.60E-07
M7XYS1	1.43E-07	1.46E-07	3.71E-08	2.70E-08		4.88E-08	3.55E-08	2.60E-08	9.24E-08	1.01E-07	1.70E-08	4.83E-08
M7WT69	4.49E-07	4.18E-07	8.33E-08	1.21E-07	1.06E-07	1.25E-07	1.09E-07	9.76E-08	2.96E-07	2.90E-07	7.69E-08	1.09E-07
M7WK28	1.26E-07	9.13E-08	9.56E-08	7.37E-08	8.86E-08	9.82E-08	7.04E-08	6.49E-08	1.50E-07	1.62E-07	8.12E-08	7.09E-08
M7WMB2	1.31E-07			3.95E-08	1.12E-07	1.31E-07	6.58E-08	4.75E-08	1.14E-07		5.69E-08	3.52E-08
M7X7U0		8.69E-08		4.02E-08	5.16E-08	1.25E-07	3.06E-08	4.80E-08	1.76E-07	1.56E-07	3.77E-08	3.32E-08
M7X924		2.12E-07		1.24E-07	2.64E-07	2.77E-07	1.62E-07	1.62E-07			1.61E-07	1.41E-07
M7XFN9		2.71E-08	1.97E-08	7.48E-09		9.73E-09	1.79E-08	1.53E-08			2.20E-08	1.96E-08
M7XU53				1.20E-08	6.15E-08	6.30E-08	4.41E-08	3.92E-08	7.77E-08	9.00E-08		1.37E-08
M7WWX8	1.04E-07	1.18E-07	4.01E-08	3.94E-08	4.39E-08	1.05E-07	6.43E-08	4.96E-08	1.74E-07	1.75E-07	4.03E-08	4.59E-08
M7WHB3	8.23E-08	6.57E-08	8.72E-08	9.70E-08	2.79E-07	3.16E-07	2.29E-07	1.89E-07	3.98E-07	3.24E-07	1.49E-07	1.52E-07
M7XD73				2.75E-07	2.70E-07	3.65E-07	1.98E-07	1.91E-07			6.60E-07	5.98E-07
M7X5H7	2.97E-07	1.44E-07		7.45E-08	4.79E-08	3.97E-08	5.08E-08	4.81E-08	3.70E-07	3.54E-07	1.30E-07	8.63E-08
M7WWT9	2.80E-07		7.64E-08	1.72E-07	3.18E-07	1.59E-07	4.58E-08	2.27E-07	1.80E-07	1.22E-07	9.35E-08	1.70E-07
M7X693		1.20E-07	1.06E-07	1.19E-07	2.25E-07	2.07E-07	1.51E-07	1.17E-07	3.88E-07	3.57E-07	1.56E-07	1.08E-07
M7X3V1	1.49E-07	1.86E-07		6.14E-08	2.20E-07	1.99E-07	1.23E-07	1.17E-07				
M7WS50	1.56E-07	1.46E-07	3.09E-07	3.19E-07	3.73E-07	3.47E-07	2.66E-07	2.73E-07	3.25E-07	3.27E-07	3.88E-07	2.19E-07
M7WUA2			3.13E-08	5.03E-08	1.89E-07	1.90E-07	1.68E-07	8.21E-08	2.78E-07	2.19E-07	5.04E-08	6.22E-08
M7WTR8	5.46E-07	3.83E-07		6.46E-08	1.15E-07	1.36E-07	9.06E-08	8.34E-08	5.38E-07	2.72E-07	1.03E-07	7.72E-08
M7WWX1	1.33E-07	1.15E-07	8.19E-08	7.99E-08	7.70E-08	8.99E-08		6.99E-08	1.53E-07	1.58E-07	7.99E-08	6.80E-08
M7WVB4	5.56E-08	5.85E-08	3.10E-08	2.56E-08	6.57E-08	5.28E-08	3.49E-08	2.63E-08	1.06E-07	1.19E-07	2.85E-08	2.85E-08
M7XF64		6.60E-07	1.74E-07	1.37E-07	7.30E-07	6.77E-07	4.30E-07	2.45E-07	1.43E-06	1.18E-06	1.67E-07	1.86E-07
M7WZC9		7.60E-08	5.41E-08	3.66E-08	1.21E-07	1.31E-07	8.57E-08	9.72E-08		5.06E-08	5.49E-08	4.87E-08
M7XFR2	3.59E-07	3.14E-07	2.76E-07	2.95E-07	2.33E-07		1.43E-07	1.33E-07			3.24E-07	3.41E-07
M7WLH3	1.03E-07	1.23E-07	2.25E-08	4.20E-08	7.43E-08	7.97E-08	4.79E-08	3.50E-08	1.55E-07	1.39E-07	5.38E-08	4.00E-08
M7X3P7	3.74E-07		1.01E-07	7.92E-08	3.98E-07	1.21E-07	4.72E-08	9.17E-08	3.59E-07	3.48E-07	8.44E-08	8.62E-08
M7XC90		9.59E-08	1.23E-07	1.40E-07	3.46E-07	2.55E-07	1.74E-07	1.21E-07		3.44E-07	1.85E-07	1.20E-07
M7X642	5.92E-08	4.75E-08	2.82E-08	1.50E-08	4.68E-08	3.20E-08	2.60E-08	2.29E-08	1.31E-07	1.30E-07	2.44E-08	2.63E-08
M7X2A3	1.69E-07	1.74E-07	1.21E-07	1.21E-07	1.21E-07	1.07E-07	1.21E-07	1.06E-07			1.42E-07	1.08E-07
M7XIU5	9.13E-08	7.30E-08	8.85E-08	9.42E-08	1.14E-07	1.59E-07	6.78E-08	8.31E-08	2.04E-07	1.99E-07	1.06E-07	7.30E-08
M7WML2	4.85E-08	1.18E-07	7.76E-08	6.85E-08	2.55E-07	2.23E-07	1.42E-07	1.24E-07	3.41E-07	3.11E-07	1.11E-07	
M7XGC1	1.88E-07	2.15E-07		4.66E-08	9.97E-08	9.63E-08	1.05E-07	8.50E-08			1.04E-07	1.03E-07
M7WFG4	1.66E-07	1.42E-07	1.03E-07	9.72E-08	6.79E-08	9.59E-08	6.14E-08	5.55E-08	1.89E-07	1.79E-07	1.08E-07	1.38E-07
M7X6H8		2.33E-07	4.49E-08	6.40E-08		1.96E-07	8.91E-08	7.17E-08	1.81E-07	3.53E-07	4.02E-08	2.90E-08
M7WE57	1.56E-07	1.04E-07	5.15E-08	3.59E-08	6.43E-08	7.68E-08	2.21E-08	2.22E-08	1.76E-07	1.40E-07	3.14E-08	2.82E-08
M7WWB2	2.60E-07	2.48E-07			1.66E-07	1.48E-07	1.08E-07	8.41E-08	3.25E-07	2.79E-07	1.17E-07	1.02E-07
M7X7D0	1.09E-07	8.66E-08	3.91E-08	1.51E-07	5.62E-08	5.60E-08	3.80E-08	4.79E-08	2.35E-07	2.41E-07	2.59E-07	2.59E-07
M7WYU5	2.66E-07	2.35E-07	3.58E-07	2.94E-07	2.44E-07	3.20E-07		1.95E-07	5.53E-07	5.28E-07	2.84E-07	2.44E-07
M7X4H3	1.63E-07	1.68E-07		7.16E-08	8.83E-08	7.90E-08	5.86E-08	5.91E-08	1.72E-07	1.90E-07	6.08E-08	4.53E-08
M7X419	7.33E-08	1.09E-07		6.31E-08	2.45E-07	2.50E-07	1.56E-07	1.21E-07	9.75E-08	9.34E-08	8.41E-08	7.45E-08
M7XUP6				7.94E-08	2.39E-07	2.10E-07	1.99E-07	1.15E-07	2.84E-07	2.02E-07		1.26E-07
M7XFU2	2.04E-07	2.57E-07	8.52E-08	9.10E-08	8.60E-08	1.16E-07	1.22E-07	8.26E-08	2.43E-07	2.16E-07	1.15E-07	8.77E-08
M7XR20				4.03E-08	9.42E-08	1.17E-07	6.64E-08	7.33E-08	1.35E-07		6.61E-08	4.71E-08
M7XRF2		2.63E-07		1.93E-07	1.55E-07	1.26E-07	1.09E-07	9.74E-08			2.27E-07	1.91E-07
M7XKX2	8.08E-08	6.68E-08	3.53E-08	3.88E-08	8.37E-08	7.38E-08	6.17E-08	4.03E-08	9.16E-08	1.02E-07	5.94E-08	5.42E-08
M7XK90	5.05E-08	7.40E-08		2.88E-08	3.60E-08	3.33E-08	3.30E-08	2.10E-08		7.39E-08	5.13E-08	4.11E-08
M7WKJ1	2.88E-07	2.66E-07	1.11E-07	1.04E-07		1.68E-08	6.29E-08				2.48E-08	2.62E-08
M7XP69	6.98E-07	1.39E-07	4.29E-07	4.40E-07	4.74E-07	5.29E-07	4.22E-07	3.64E-07	9.81E-07	8.76E-07	4.22E-07	4.11E-07
M7XLP1		3.30E-07	1.18E-07	1.43E-07	1.74E-07	1.63E-07	9.82E-08	1.18E-07	3.50E-07	3.03E-07	2.60E-07	2.27E-07
M7XBW2	6.65E-08	4.76E-08		3.94E-08	1.82E-08	2.49E-08	1.91E-08	1.52E-08			3.30E-08	
M7WYU3										2.81E-08	3.33E-09	5.21E-09
M7X8H2		1.24E-07	6.39E-08	7.88E-08	9.43E-08	1.11E-07	7.75E-08	6.59E-08	2.03E-07	1.42E-07	9.28E-08	7.18E-08
M7WVJ9		2.55E-07		1.32E-07	1.65E-07	2.45E-07	1.20E-07	1.32E-07			2.64E-07	2.31E-07
M7WKN8	5.07E-08	4.19E-08	4.91E-08	5.99E-08	6.00E-08	6.68E-08	5.73E-08	4.38E-08	1.09E-07	8.76E-08	5.53E-08	4.52E-08
M7XR05	1.28E-07	1.19E-07		3.55E-08	1.60E-07	1.25E-07	4.83E-08	4.67E-08			1.70E-08	3.06E-08
M7XRE2			2.74E-08	3.74E-08	1.53E-07	1.56E-07	6.52E-08	4.38E-08		1.04E-08	2.87E-08	3.44E-08
M7X584	3.30E-07	4.18E-07	1.38E-07	1.02E-07	1.47E-07	2.28E-07	1.65E-07	1.91E-07	4.47E-07	4.02E-07	1.27E-07	9.40E-08
M7WDA2	1.51E-07	1.97E-07		6.42E-08	9.09E-08	1.40E-07	8.15E-08	6.13E-08	1.68E-07	1.73E-07	6.26E-08	6.04E-08
M7WWN7	8.83E-08	8.21E-08	3.30E-08	2.94E-08	5.57E-08	4.54E-08	4.47E-08	3.66E-08	9.14E-08	9.49E-08	3.37E-08	1.86E-08
M7XJ61	1.16E-07			6.23E-08	1.61E-07	1.43E-07	1.05E-07	1.20E-07	2.28E-07			1.12E-07
M7X161		2.05E-07	1.89E-07	1.55E-07	1.98E-07	1.74E-07	1.25E-07	1.18E-07	5.13E-07	3.55E-07	1.46E-07	1.44E-07
M7XWW5	2.26E-07	2.57E-07	9.87E-08	1.23E-07	1.48E-07	5.26E-08	1.18E-07	8.73E-08	1.91E-07	1.99E-07	1.18E-07	1.30E-07
M7XQR9	2.18E-07	1.86E-07	4.86E-08	5.85E-08	2.69E-07	2.50E-07	1.20E-07	1.08E-07	3.62E-07	2.43E-07	6.19E-08	5.00E-08
M7XLF1		5.44E-08		3.28E-08	2.86E-07	2.70E-07	1.12E-07	8.81E-08	3.83E-07	3.30E-07	5.42E-08	6.62E-08
M7X4Q9		8.79E-08	2.77E-08	3.15E-08	6.97E-08	4.82E-08	3.84E-08	4.24E-08	9.65E-08	9.66E-08	4.30E-08	3.57E-08
M7WU30	2.39E-08	2.84E-08	3.02E-08	2.45E-08	2.84E-08	3.24E-08	1.57E-08	2.14E-08	7.35E-08	5.94E-08	2.85E-08	2.07E-08
M7WVG4	6.99E-08	6.05E-08		6.26E-08	5.68E-08	6.08E-08	4.80E-08	4.39E-08	1.27E-07	1.36E-07	6.77E-08	6.23E-08
M7X4T1		3.33E-07	1.70E-07	1.82E-07	3.63E-07	1.94E-07	1.19E-07	1.20E-07	2.31E-07		1.86E-07	2.02E-07
M7WWJ9		8.06E-08		7.90E-08	2.32E-07	3.01E-07	1.32E-07	8.20E-08	8.40E-09	9.86E-09	8.62E-08	6.67E-08
M7XFW0		1.84E-07	6.17E-08	5.83E-08		6.47E-08	4.00E-08	4.52E-08	1.41E-07	1.28E-07	9.71E-08	5.91E-08
M7X8L9		4.32E-07		2.82E-07	1.09E-07	1.76E-07	6.66E-08	9.49E-08			6.37E-08	6.59E-08
M7X0L1	3.77E-07	3.13E-07	1.21E-07	1.27E-07	5.17E-07	5.28E-07	2.56E-07	2.12E-07	6.57E-07	6.79E-07	1.73E-07	1.30E-07
M7XFW7	2.31E-07	1.73E-07		2.15E-07	1.83E-07	2.25E-07	1.77E-07	1.26E-07	3.51E-07	3.62E-07	2.09E-07	1.79E-07
M7X5A1	1.48E-07	1.55E-07	1.04E-07	1.30E-07	1.04E-07		8.31E-08	6.05E-08	2.69E-07	2.46E-07	1.06E-07	7.11E-08
M7X4L2	9.36E-08	9.81E-08	2.21E-08	2.49E-08	9.54E-08	1.11E-07	5.76E-08	5.12E-08	1.39E-07	1.44E-07	3.92E-08	2.99E-08
M7XGD6		4.17E-08	4.34E-08	2.69E-08		3.42E-08	2.63E-08	2.59E-08	2.99E-08		4.70E-08	4.15E-08
M7WKX6	6.36E-08	8.72E-08	3.07E-08	3.22E-08	4.40E-08	6.02E-08	4.19E-08	2.87E-08	2.67E-08		3.33E-08	1.57E-08
M7XI47	2.27E-07		6.72E-08		2.99E-07	2.93E-07	1.36E-07		3.17E-07	3.68E-07		
M7WEX1	2.10E-07	1.61E-07	6.49E-08	4.51E-08	5.59E-08	9.55E-08	5.66E-08		6.64E-08	1.03E-07	6.35E-08	4.93E-08
M7X5Y3	4.80E-08		7.99E-08	7.21E-08	1.15E-07	1.04E-07	7.93E-08	6.63E-08	2.98E-07		9.28E-08	6.96E-08
M7WZR8	1.64E-07	1.52E-07	1.85E-07	1.84E-07	7.90E-08	1.32E-07	1.12E-07	1.48E-07	2.13E-07	1.73E-07	1.56E-07	2.12E-07
M7X3H1						1.68E-09						
M7WPP9	1.95E-07	1.73E-07	8.29E-08	6.35E-08	1.18E-07	1.15E-07	9.35E-08	6.96E-08	2.09E-07	1.91E-07	9.20E-08	9.88E-08
M7XVG3	2.83E-07	3.96E-07		1.16E-07	2.82E-07	2.20E-07	2.54E-07	1.59E-07	2.85E-07	2.67E-07	1.92E-07	1.52E-07
M7X9K0		3.15E-07		2.52E-07	3.61E-07	2.87E-07	2.11E-07	4.72E-07	4.07E-07		1.96E-07	1.84E-07
M7WSJ5		1.96E-07		2.78E-08	1.53E-07	2.08E-07	6.15E-08				5.78E-08	4.04E-08
M7WSM5	2.93E-08	2.17E-08	2.41E-08	2.37E-08	3.41E-08	2.99E-08	2.12E-08	2.51E-08	8.47E-08	1.21E-07	2.89E-08	2.69E-08
M7XD41		3.90E-08	3.88E-08	4.36E-08	1.67E-07	1.50E-07	9.72E-08	9.94E-08	2.23E-07	2.00E-07	9.03E-08	9.40E-08
M7WQ06					4.88E-08	5.63E-08	3.27E-08	2.33E-08	4.03E-08	4.50E-08	1.14E-08	
M7X6P8	4.60E-08	5.20E-08	4.46E-08	3.34E-08	3.94E-08	5.64E-08	4.50E-08	3.28E-08	1.14E-07	1.16E-07	7.01E-08	6.71E-08
M7X101	9.26E-08	1.09E-07		5.02E-08	1.42E-07	9.50E-08	4.63E-08	4.32E-08	2.32E-07		9.07E-08	7.21E-08
M7XDG5	1.50E-07	1.58E-07	5.93E-08	5.13E-08	9.03E-08	1.05E-07	5.72E-08	5.91E-08	1.63E-07	1.57E-07	6.26E-08	5.10E-08
M7WQC8		1.68E-07		1.42E-07	1.02E-07	9.24E-08	7.09E-08	6.51E-08			1.10E-07	
M7X8T9	4.97E-08	6.02E-08		3.22E-08	3.44E-08	4.04E-08	2.80E-08	2.78E-08	6.76E-08	6.14E-08	3.30E-08	2.96E-08
M7WM95				4.46E-08	1.57E-07	1.11E-07	8.25E-08	5.46E-08	2.90E-07	3.16E-07	1.03E-07	7.89E-08
M7WM84	1.67E-07	1.52E-07		1.19E-07	1.24E-07	1.54E-07	1.24E-07	1.21E-07			9.73E-08	1.16E-07
M7WW43	5.09E-08	4.91E-08		3.36E-08	5.73E-08	7.27E-08	4.89E-08		5.73E-08		4.29E-08	3.73E-08
M7XSV6	1.31E-07	1.43E-07	3.17E-08	3.43E-08	1.78E-07	1.59E-07	7.23E-08	5.74E-08	1.74E-07	1.77E-07		2.84E-08
M7XNS0		9.80E-08		1.09E-07	1.64E-07	1.43E-07	9.69E-08	1.15E-07			8.60E-08	8.15E-08
M7WQT7	3.37E-08	6.11E-08		3.47E-08	6.44E-08	8.31E-08	3.23E-08	3.59E-08	8.38E-08	8.46E-08	4.26E-08	2.79E-08
M7WIM5	2.11E-08	1.24E-08		2.25E-08	1.60E-08	2.11E-08	2.17E-08	1.34E-08	3.90E-08	3.58E-08	3.22E-08	2.71E-08
M7WTF9			5.42E-08	6.01E-08	6.41E-08	5.20E-08	4.09E-08	4.06E-08	1.36E-07	1.37E-07	6.46E-08	6.85E-08
M7X0S4	4.00E-08	3.25E-08	3.64E-08	4.68E-08	5.50E-08	2.64E-08	2.96E-08		9.98E-08	7.92E-08	5.50E-08	4.78E-08
M7WVV2	3.29E-07	2.67E-07	5.67E-08	1.17E-07	1.30E-07	1.82E-07	1.28E-07	1.02E-07	4.24E-07	4.38E-07	5.86E-08	1.21E-07
M7XP63				7.70E-08	1.09E-07	1.19E-07	9.21E-08	7.26E-08	1.63E-07	1.28E-07	9.50E-08	8.12E-08
M7WXL3	4.72E-08	6.20E-08	1.70E-08	1.16E-08	1.91E-08	2.11E-08	2.13E-08	2.04E-08	4.95E-08	6.16E-08	2.36E-08	2.02E-08
M7X1K9	9.32E-08	1.03E-07	3.69E-08	3.48E-08	8.45E-08	6.01E-08	4.13E-08	4.01E-08	1.18E-07	1.13E-07	4.02E-08	6.70E-08
M7X2D3			4.76E-08	4.29E-08	4.31E-08	6.44E-08		3.42E-08	8.99E-08	6.85E-08	6.17E-08	3.92E-08
M7X2E6		2.21E-07	6.07E-08	4.96E-08	1.06E-07	1.50E-07				1.53E-07	6.92E-08	4.54E-08
M7X6M8	2.21E-07	2.60E-07		2.25E-07	3.68E-07	3.11E-07	1.59E-07	1.84E-07	1.43E-06	9.94E-07	2.77E-07	2.14E-07
M7WUB4	3.97E-08	5.02E-08	4.25E-08	3.73E-08	3.59E-08	5.21E-08	3.57E-08	2.94E-08	9.50E-08	9.70E-08	3.16E-08	3.24E-08
M7XTX7	9.30E-08	1.05E-07	3.13E-08	3.00E-08	7.68E-08	5.08E-08	3.58E-08	2.82E-08	9.29E-08	9.91E-08	3.41E-08	2.86E-08
M7XMS4	1.62E-05	1.11E-05		9.46E-06	1.99E-05	9.36E-06	1.19E-05	7.79E-06	0.000247843	4.19E-05	1.51E-05	1.05E-05
M7WGY5	1.24E-07	8.11E-08	1.06E-07	7.49E-08	1.18E-07	1.23E-07	8.92E-08	7.12E-08	2.10E-07	2.34E-07	8.85E-08	5.01E-08
M7XKS3		1.53E-07		1.05E-07	5.06E-08	5.53E-08		4.52E-08			1.04E-07	9.04E-08
M7Y037	4.60E-07	4.76E-07		2.13E-07	4.15E-07	3.21E-07	1.66E-07	3.26E-08			3.82E-07	3.44E-07
M7WV33		4.36E-08	2.56E-08	3.49E-08	1.47E-08	1.77E-08	2.05E-08	1.90E-08	3.87E-08	3.94E-08	3.41E-08	2.51E-08
M7WR06		1.30E-07	5.25E-08	4.53E-08	6.63E-08	7.89E-08	5.67E-08	4.79E-08	1.29E-07	1.24E-07	6.51E-08	5.04E-08
M7XLG2	6.28E-08	6.21E-08		1.29E-08	4.38E-08	3.31E-08	1.49E-08	1.46E-08	1.27E-07	1.01E-07	1.06E-08	9.43E-09
M7X6P2		4.35E-07	1.57E-07	1.93E-07	2.43E-07	2.64E-07	1.17E-07				2.09E-07	8.80E-08
M7XY30	1.10E-07	5.17E-08	1.48E-07			1.59E-07	9.31E-08	9.63E-08	2.87E-07	2.59E-07		1.33E-07
M7WRM9	1.05E-07	1.06E-07		4.81E-08	7.96E-08	5.33E-08	4.55E-08	3.52E-08	1.34E-07	1.62E-07	3.99E-08	
M7XSZ4	1.50E-07	1.21E-07	6.59E-08	5.78E-08	1.25E-07	1.62E-07	9.24E-08	7.83E-08	3.04E-07	2.33E-07	1.13E-07	5.80E-08
M7XVE8	1.55E-07	8.96E-08		9.09E-08	8.68E-08	1.11E-07	9.54E-08	7.99E-08	2.09E-07	1.98E-07	1.41E-07	1.15E-07
M7WM40		1.10E-07	6.22E-08	3.85E-08		6.12E-08	4.31E-08	3.24E-08	1.05E-07	6.86E-08	6.56E-08	4.04E-08
M7WKX3								2.36E-08	4.07E-08	2.77E-08		
M7X4I3		1.39E-07			1.24E-07	1.83E-07	1.12E-07	1.30E-07	1.14E-07	7.71E-08		3.00E-08
M7WQ20	1.58E-07	1.66E-07		6.25E-08	5.62E-08	5.40E-08	4.46E-08				6.26E-08	5.37E-08
M7XRP3	1.45E-07	1.40E-07	1.07E-07	9.89E-08	1.56E-07	2.26E-07	1.15E-07	5.34E-08	3.39E-07	3.37E-07	1.04E-07	8.04E-08
M7XA82	6.08E-08	9.45E-08		5.60E-08	7.76E-08	1.01E-07	5.50E-08	5.62E-08	1.08E-07	1.11E-07	5.82E-08	5.02E-08
M7WRZ3		3.53E-08		2.36E-08	1.44E-07	9.52E-08	7.12E-08	4.84E-08	1.49E-07	1.22E-07	5.79E-08	4.39E-08
M7X3G0	1.98E-07	9.16E-08	3.80E-08	1.26E-07	1.20E-07	1.29E-07	1.03E-07	5.73E-08			1.10E-07	1.06E-07
M7XVK5	1.51E-07	1.18E-07		3.17E-08	1.23E-07	2.30E-07		9.11E-08		1.25E-07	3.53E-08	
M7WQP1	7.79E-07	1.15E-06	6.02E-07	6.97E-07	6.38E-07	8.58E-07		7.23E-07	7.80E-07	8.17E-07	7.60E-07	5.38E-07
M7WTE1	6.87E-08	7.78E-08	3.95E-08	3.87E-08	4.90E-08	5.47E-08	3.28E-08	2.69E-08	9.34E-08	9.28E-08	5.75E-08	3.34E-08
M7WXJ4									5.01E-07	3.77E-07		
M7WEZ6	9.62E-08	4.91E-08	3.23E-08	2.48E-08	4.23E-08	3.72E-08	3.15E-08	2.49E-08	5.52E-08	5.39E-08	2.87E-08	2.75E-08
M7WQY2	4.27E-08	9.83E-08		2.49E-08	6.60E-08	6.35E-08	1.62E-07	3.34E-08	1.89E-07	1.45E-07	2.65E-08	3.60E-08
M7XXE8	8.89E-08	7.69E-08	3.70E-08	4.82E-08	7.22E-08	7.06E-08	3.46E-08	7.77E-08		8.97E-08	8.33E-08	6.70E-08
M7WZZ1		1.65E-07		7.54E-08	1.45E-07	9.79E-08	9.34E-08	7.75E-08			6.27E-08	5.85E-08
M7XE79	1.36E-07	1.44E-07		6.38E-08	1.32E-07	9.53E-08	7.09E-08	4.80E-08	1.13E-07	1.08E-07		2.39E-08
M7X4G8		3.23E-08		9.02E-09		3.62E-08		7.10E-09	1.77E-08	1.62E-08	9.96E-09	9.65E-09
M7X668		2.16E-08	2.00E-08	5.40E-09		6.45E-08	3.12E-08	2.07E-08	4.49E-08	3.83E-08	2.57E-08	
M7X3L6		1.13E-07	1.11E-07	4.90E-08	6.72E-08	7.16E-08		5.63E-08	1.33E-07	1.20E-07	4.78E-08	8.57E-08
M7WNU9	2.04E-07	2.43E-07	2.78E-07	2.95E-07	2.05E-07	1.61E-07	1.98E-07	1.76E-07	3.51E-07	3.09E-07	6.17E-08	2.08E-07
M7WMP8	7.89E-08	1.12E-07	7.79E-08	9.17E-08	6.29E-08	9.48E-08	7.72E-08	7.01E-08	1.08E-07	1.23E-07	8.38E-08	5.74E-08
M7XZD9		5.03E-08			1.49E-07	1.04E-07	4.58E-08	5.02E-08			1.69E-08	
M7WQD7	6.94E-08	6.58E-08	2.42E-08	2.72E-08	7.98E-08	1.02E-07	6.78E-08	6.08E-08	1.09E-07	1.02E-07	3.29E-08	2.44E-08
M7WNY8			9.26E-08	4.63E-08	4.24E-08	3.57E-08	1.30E-07	3.81E-08			4.83E-08	4.17E-08
M7X6P0		1.16E-07	4.73E-08	3.90E-08	7.29E-08	6.36E-08	6.74E-08	4.62E-08	7.00E-08	7.22E-08	6.60E-08	5.16E-08
M7XIG2	2.58E-07	1.89E-07	1.53E-07	1.20E-07	1.80E-07	2.38E-07	1.15E-07	1.32E-07		3.70E-07	1.86E-07	1.48E-07
M7XN78	1.38E-07	1.59E-07	7.59E-08	9.46E-08	1.12E-07	7.84E-08		5.62E-08			7.00E-08	
M7WW24		8.03E-08		2.37E-08	1.05E-07	9.91E-08	6.26E-08	5.81E-08	1.23E-07	1.30E-07	4.19E-08	7.98E-08
M7WNE8		4.84E-08	4.02E-08	3.35E-08	8.17E-08	7.32E-08	7.07E-08	5.14E-08	1.37E-07	1.31E-07	4.56E-08	4.58E-08
M7X7G5	2.94E-08			1.29E-07	1.75E-07	1.62E-07	1.03E-07	1.33E-07	2.54E-07	2.39E-07	1.29E-07	1.01E-07
M7WN33		9.42E-08		6.12E-08				2.03E-08			5.79E-08	8.19E-08
M7WTE0					2.30E-07		1.12E-07					7.74E-08
M7WEE9	2.05E-07	1.35E-07			3.86E-08	5.79E-08	4.60E-08	6.07E-08			1.87E-08	3.25E-08
M7X3V2	1.21E-07	1.24E-07	6.31E-08	5.29E-08	2.23E-07	2.24E-07	4.98E-08	2.54E-08	9.25E-08	2.78E-07	4.86E-08	6.44E-08
M7WXG3	4.84E-08	9.81E-08	4.37E-08	5.81E-08	4.94E-08	4.86E-08	4.68E-08	3.92E-08	7.62E-08	9.01E-08	7.94E-08	5.18E-08
M7XYT4			1.19E-07	1.28E-07	2.59E-07	1.67E-07	1.81E-07	1.05E-07	3.44E-07	2.81E-07	1.81E-07	1.46E-07
M7WMK9		2.25E-08		9.29E-09	1.70E-08	3.32E-08	1.85E-08	4.36E-08	4.36E-08	3.61E-08	6.06E-08	2.24E-07
M7WGW3			3.92E-08	5.04E-08	4.78E-08	7.16E-08		3.93E-08			7.77E-08	5.45E-08
M7X5J0		3.58E-08	3.04E-09	4.75E-08		1.10E-08	1.42E-08	1.18E-08			4.37E-08	1.74E-08
M7XRR1	5.36E-07		2.29E-07	1.60E-07	2.15E-07	2.36E-07			3.72E-07	4.55E-07	2.13E-07	2.06E-07
M7WML8		4.97E-08		2.03E-08	1.07E-08	1.13E-08	4.61E-08	3.74E-08			6.26E-08	4.28E-08
M7X0H6	1.34E-07	1.08E-07	7.38E-08	8.06E-08	1.06E-07	9.49E-08	7.82E-08	5.56E-08	1.77E-07	1.53E-07	5.36E-08	
M7WQE9	1.69E-07	1.69E-07		2.61E-08	5.97E-08	7.99E-08	5.25E-08	3.91E-08	1.28E-07		3.64E-08	2.66E-08
M7WN50					9.01E-07	1.45E-07	8.70E-08	6.84E-08				
M7WRY6		1.60E-07		1.39E-07	1.05E-07	1.21E-07	9.17E-08	8.64E-08			1.60E-07	1.12E-07
M7XQT3	2.96E-07			7.76E-08		2.97E-07	7.26E-08	1.72E-07			1.95E-07	1.12E-07
M7WZL4	2.70E-07	3.27E-07	1.54E-07	1.57E-07	1.85E-07	2.19E-07	1.73E-07	1.28E-07	2.32E-07	2.20E-07	3.43E-07	2.28E-07
M7WSS4			1.15E-07			1.66E-07	1.18E-07	1.32E-07	2.49E-07	2.24E-07	1.69E-07	
M7XU66		4.53E-08		2.04E-08	3.05E-08	3.34E-08	2.53E-08	1.91E-08	7.80E-08	7.89E-08	2.66E-08	2.12E-08
M7XEE5		2.83E-07		1.13E-07	1.38E-07	1.14E-07		6.14E-08			1.17E-07	1.02E-07
M7XH75		2.04E-08		6.11E-09	1.67E-08	1.98E-08					2.88E-08	2.15E-08
M7WRW9	1.80E-08	1.78E-08							1.23E-09			
M7WQ36				1.33E-08	1.19E-08		2.22E-08			1.28E-08	6.15E-08	1.95E-08
M7X437	3.46E-07	2.62E-07		2.92E-07	6.38E-07	6.62E-07	3.58E-07	4.01E-07			3.31E-07	2.45E-07
M7WX25	9.87E-08	7.17E-08		3.86E-08	9.15E-08	1.04E-07	7.92E-08	6.67E-08	1.24E-07	1.41E-07	4.42E-08	3.55E-08
M7X3B1	1.63E-07	1.20E-07		7.49E-08	6.10E-08	6.47E-08	5.96E-08	4.82E-08	9.98E-08	8.37E-08	7.51E-08	6.91E-08
M7WCV4	7.84E-08	6.16E-08	3.51E-08	4.14E-08	6.45E-08	5.58E-08	3.50E-08	3.48E-08	1.03E-07	8.35E-08	4.31E-08	2.82E-08
M7WY32	1.41E-08	2.17E-08	1.39E-08	1.19E-08	1.71E-08	1.96E-08	1.11E-08	1.01E-08	4.05E-08	3.38E-08	1.69E-08	1.13E-08
M7WQB4	1.69E-07	1.03E-07	2.24E-08	1.43E-07	7.70E-08	1.05E-07	4.66E-08	3.23E-08	1.58E-07	1.71E-07	1.47E-07	9.60E-08
M7WPH6		8.39E-08		9.92E-09	8.67E-08	1.11E-07	5.90E-08	5.52E-08			5.15E-08	4.78E-08
M7WD95	2.08E-07		6.61E-08	5.41E-08	9.34E-08	1.23E-07	8.23E-08	5.70E-08	2.35E-07	2.59E-07	7.63E-08	5.05E-08
M7XKE6	1.05E-07	1.35E-07		4.67E-08	2.02E-07	1.85E-07	7.37E-08	8.62E-08	1.17E-07	1.14E-07	4.85E-08	4.77E-08
M7XA01	9.42E-08	9.07E-08	5.58E-08	7.40E-08	7.53E-08	8.05E-08	5.52E-08	4.83E-08	8.92E-08	8.67E-08	8.83E-08	8.19E-08
M7XP89	2.55E-08	5.42E-08	1.61E-08	1.31E-08	2.30E-08	2.61E-08	1.05E-08	1.43E-08	5.44E-08	5.96E-08	1.62E-08	1.09E-08
M7XAB1	8.21E-08	7.72E-08	6.53E-08	2.29E-08	3.87E-08	4.44E-08	3.05E-08	2.79E-08	9.11E-08	8.13E-08	3.89E-08	2.71E-08
M7WV26		7.93E-08	1.46E-07	5.52E-08			1.24E-07	9.00E-08	2.20E-07	2.58E-07	1.76E-07	
M7WQU1	1.02E-08			4.67E-09	3.80E-08	3.45E-08	2.37E-08	1.47E-08	3.95E-08	4.59E-08	8.05E-09	
M7XFH9			3.68E-08	4.06E-08	9.50E-08	9.98E-08	7.33E-08	7.59E-08			4.24E-08	3.57E-08
M7X4R4		1.89E-07		3.19E-08	1.45E-07	1.73E-07	9.97E-08	9.29E-08			5.04E-08	3.62E-08
M7XQM1	2.11E-08	2.63E-08	2.70E-08	2.92E-08	2.76E-08	2.87E-08	2.30E-08	2.44E-08	5.21E-08	5.17E-08	2.77E-08	1.95E-08
M7Y0M2	9.18E-08	1.32E-07		6.18E-08	8.92E-08		5.69E-08	3.77E-08			9.34E-08	6.91E-08
M7XCV0	1.22E-07	1.44E-07		6.05E-08	8.70E-08	7.09E-08	5.39E-08		1.26E-07		5.43E-09	4.34E-08
M7WTA9	5.90E-08	5.87E-08	1.95E-08	3.45E-08	6.04E-08	5.54E-08	4.58E-08	4.63E-08	8.59E-08	7.88E-08	4.79E-08	3.95E-08
M7X220				4.40E-09	6.88E-09	1.68E-08	5.68E-09	1.31E-08	1.04E-08	8.77E-09		
M7X4P6	1.07E-07	1.08E-07	8.14E-08	6.65E-08	9.94E-08	1.00E-07	6.86E-08	6.33E-08	1.41E-07	1.76E-07		
M7XHV7		1.26E-07	5.33E-08	5.44E-08	1.32E-07	1.01E-07	6.18E-08	5.78E-08	1.68E-07	1.88E-07	6.83E-08	6.73E-08
M7XTB8	2.87E-08	3.60E-08	1.82E-08	1.92E-08	2.40E-08	2.11E-08	2.12E-08	1.14E-08	4.75E-08	4.56E-08	2.82E-08	
M7XD01	4.10E-08	4.60E-08		1.69E-08	3.57E-08	4.14E-08	4.72E-08	3.82E-08			5.84E-08	3.82E-08
M7XPV1	5.46E-08	5.10E-08	2.92E-08	3.07E-08	4.85E-08	3.97E-08	2.80E-08	2.33E-08	9.57E-08	8.57E-08	2.95E-08	1.98E-08
M7WLY8		1.41E-07		5.24E-08	1.19E-07	1.33E-07	7.54E-08	9.00E-08			3.55E-08	3.04E-08
M7WTQ1	4.62E-08		4.67E-08	4.13E-08			4.99E-08	2.66E-08	9.39E-08	6.67E-08	5.46E-08	5.39E-08
M7X5B9	8.37E-08	8.33E-08		2.05E-08	1.06E-07	9.31E-08	4.51E-08	5.55E-08	1.68E-07	1.04E-07	2.67E-08	2.69E-08
M7XT68	1.62E-07	1.25E-07	7.53E-08	1.72E-08	1.20E-07	9.31E-08	6.28E-08	5.57E-08	1.82E-07	2.23E-07	6.04E-08	5.53E-08
M7XSR7	1.15E-07	1.74E-07	8.67E-08	9.53E-08	1.53E-07	1.57E-07	1.97E-07	1.30E-07	2.19E-07	1.37E-07		
M7XWD5	6.75E-08	8.27E-08	7.53E-08	2.34E-08	8.79E-08	8.07E-08	4.95E-08	6.34E-08	1.39E-07	1.20E-07	5.63E-08	
M7WZJ8	2.69E-07	2.05E-07		9.26E-08	1.94E-07	2.33E-07	1.28E-07		4.09E-07		9.47E-08	1.19E-07
M7WH61	1.15E-07	1.30E-07	6.01E-08	5.77E-08	7.68E-08	9.11E-08	5.08E-08	7.14E-08	1.11E-07	9.82E-08	6.51E-08	5.30E-08
M7X1X4			9.87E-08	8.38E-08	1.25E-07	1.25E-07	9.56E-08	1.03E-07	1.93E-07	1.98E-07	1.25E-07	1.02E-07
M7X2F1	1.06E-07	1.09E-07	4.51E-08	4.32E-08	5.75E-08	6.10E-08	4.08E-08	3.71E-08	9.59E-08	1.01E-07	4.36E-08	
M7WUL1				2.78E-07		1.87E-07	2.37E-07	1.26E-07			1.99E-07	2.05E-07
M7X0D2	9.53E-08	4.28E-08		4.49E-08	5.70E-08	1.19E-07	5.14E-08	5.03E-08	2.32E-07	2.10E-07	5.28E-08	4.60E-08
M7X3G7	4.97E-07	2.98E-07	2.76E-07	2.99E-07	3.52E-07	3.72E-07	3.26E-07	2.61E-07	4.68E-07	4.43E-07	2.97E-07	2.78E-07
M7WVC6		7.98E-08	4.13E-08	3.34E-08	6.54E-08	7.44E-08	5.62E-08	3.87E-08	6.75E-08	6.44E-08	4.59E-08	3.14E-08
M7WTV5	9.86E-08	1.35E-07	4.99E-08	5.55E-08	7.86E-08	7.95E-08		4.70E-08	7.62E-08	7.59E-08	5.54E-08	4.05E-08
M7Y086	3.10E-08	2.34E-08	2.19E-08	2.94E-08	3.31E-08	3.02E-08	2.54E-08	2.34E-08	5.45E-08	4.61E-08	1.84E-08	2.91E-08
M7WTN8	2.70E-08	2.94E-08	1.05E-08	1.17E-08	1.23E-08	1.23E-08	1.13E-08	7.89E-09	2.53E-08	2.36E-08	9.26E-09	1.06E-08
M7XJL5	7.62E-08	6.15E-08	6.72E-08	5.10E-08	3.88E-08	3.99E-08	3.63E-08	3.26E-08	1.03E-07	7.22E-08	4.51E-08	4.27E-08
M7WQ21	5.79E-07		7.08E-08	1.23E-07	1.73E-07	1.79E-07	8.05E-08				4.64E-08	2.00E-08
M7XN87	1.21E-07		6.39E-08	5.93E-08	9.59E-08	9.60E-08	4.15E-08	5.91E-08	8.87E-08	1.35E-07	1.13E-07	7.78E-08
M7XKW9	3.10E-08	4.19E-08	4.59E-08	1.82E-08			2.09E-08	2.34E-09			4.48E-08	2.17E-08
M7WVU2	3.60E-08	6.72E-08		3.97E-08	6.85E-08	8.09E-08	3.53E-08	2.82E-08	1.10E-07	1.13E-07	2.34E-08	2.97E-08
M7WMM0				5.82E-09			4.24E-09	2.91E-09			4.02E-09	9.02E-09
M7X0N9	2.76E-09	4.84E-09					1.94E-08	7.42E-09			6.62E-09	1.29E-08
M7XGD0	5.77E-08	5.58E-08		2.40E-08	3.97E-08	5.49E-08	3.69E-08	2.72E-08	8.38E-08	8.89E-08	2.73E-08	1.92E-08
M7WV71		9.38E-08		5.49E-08	2.93E-08		4.82E-08	3.87E-08			5.07E-08	1.11E-07
M7XT38	1.35E-06	9.13E-07	9.95E-08	2.51E-07	2.32E-06	1.31E-06	3.05E-07	1.59E-07	2.65E-07	3.56E-07	1.37E-07	7.26E-08
M7WPT4		1.07E-07	7.01E-08	6.75E-08	4.28E-08	5.77E-08	4.38E-08	3.43E-08	7.81E-08	7.93E-08	1.07E-07	9.62E-08
M7WZT2	8.79E-08	2.50E-07	1.16E-07	9.08E-08	1.60E-07	1.50E-07	1.00E-07	8.24E-08	2.51E-07	2.42E-07	1.18E-07	
M7WMZ5		7.38E-08	5.48E-08		2.23E-07	2.28E-07	7.67E-08	1.10E-07	2.34E-07	2.21E-07		
M7WQ32	3.23E-07	2.90E-07	1.87E-07	1.61E-07	2.77E-07	5.16E-07	2.80E-07	1.73E-07	1.05E-06	8.17E-07	2.50E-07	1.71E-07
M7WN92		4.71E-08		6.66E-07								
M7X4E5		2.35E-07	6.68E-08	7.84E-08	1.35E-07	1.25E-07	6.96E-08	5.83E-08	2.92E-07	3.61E-07	6.64E-08	4.60E-08
M7XBS7	1.25E-07		1.32E-07	9.16E-08	2.12E-07	2.22E-07	1.53E-07	1.56E-07	3.71E-07	2.73E-07	1.55E-07	1.37E-07
M7WXE2	4.63E-08	3.28E-08	5.18E-08	4.76E-08	7.65E-08	7.52E-08	6.12E-08	4.78E-08	1.61E-07	1.26E-07	6.47E-08	5.27E-08
M7XK08	1.20E-07	1.50E-07	2.22E-08	2.75E-08	2.82E-08	2.73E-08	2.90E-08	1.99E-08	5.81E-08	6.68E-08	3.32E-08	2.62E-08
M7X558		3.57E-08		7.92E-09	4.17E-08	3.59E-08	2.36E-08	1.87E-08	4.20E-08			8.66E-09
M7XLZ5	5.69E-08	5.71E-08	1.68E-08	1.81E-08	6.83E-08	6.99E-08	4.22E-08	3.44E-08	1.41E-07	1.14E-07	3.51E-08	2.46E-08
M7X5X5		9.31E-08	1.03E-07			2.45E-07	1.69E-07	4.94E-08	1.39E-07	3.88E-07	1.64E-07	8.16E-08
M7WMC3	6.57E-08	2.26E-08	2.64E-08	2.65E-08	5.62E-08	5.97E-08	3.01E-08	2.84E-08	1.28E-07	9.10E-08	3.02E-08	2.68E-08
M7X8X2	1.01E-07	1.05E-07	4.63E-08	4.22E-08	5.16E-08	3.49E-08	3.87E-08	3.06E-08	9.23E-08	1.05E-07	4.86E-08	3.78E-08
M7XZ62	2.60E-08			1.72E-08	1.57E-07	2.13E-07	1.21E-07	1.50E-07				1.22E-08
M7XUY3						2.55E-08	6.59E-09	1.01E-08	1.96E-08	1.74E-08	3.64E-09	3.63E-09
M7XYX4	3.72E-08	5.32E-08		2.88E-08	3.98E-08	3.34E-08	1.89E-08	1.91E-08		8.18E-08	3.31E-08	2.65E-08
M7XFM3	2.82E-07	2.58E-07	1.09E-07	9.75E-08	1.11E-07	1.84E-07	7.92E-08	1.01E-07	3.31E-07	3.22E-07	1.02E-07	7.64E-08
M7WMT3	3.46E-08	3.42E-08	1.41E-08	1.56E-08	8.31E-09	1.52E-08	7.23E-09	9.63E-09	3.14E-08	2.91E-08	1.45E-08	1.18E-08
M7WVF1		5.43E-08	6.36E-08	4.25E-08	4.34E-08	4.63E-08	3.87E-08	2.67E-08	1.00E-07	1.06E-07	5.46E-08	6.15E-08
M7WMX0		7.69E-08		2.18E-08	1.29E-07	1.21E-07	6.66E-08	1.09E-07	1.75E-07			3.44E-08
M7X4S8	2.16E-07	2.33E-07		7.02E-08	8.31E-08	1.16E-07	9.48E-08	8.91E-08	1.43E-07		7.19E-08	6.42E-08
M7WXG9			2.15E-08	1.19E-08	3.42E-08	2.72E-08	3.82E-08	3.37E-08	3.97E-08	4.96E-08	2.71E-08	1.97E-08
M7WJW5	1.37E-07	1.46E-07	3.59E-08	4.12E-08	9.04E-08	1.06E-07	8.56E-08	7.27E-08	1.28E-07	1.14E-07	6.28E-08	5.13E-08
M7WP65	5.83E-08	5.53E-08	2.99E-08	2.05E-08	2.71E-08	3.45E-08	1.66E-08	1.87E-08		3.27E-08	1.73E-08	
M7XUD1				3.57E-08	1.19E-07		7.27E-08				6.13E-08	6.17E-08
M7WVP9		1.50E-07		3.49E-08	9.46E-08	9.68E-08	5.94E-08	5.31E-08		8.57E-08		2.52E-08
M7WK40		4.13E-08		3.19E-08	2.87E-08	3.12E-08	3.57E-08	4.05E-08	7.00E-08		8.57E-08	1.11E-07
M7WXK9		3.26E-08			5.29E-08	5.97E-08	3.00E-08	3.32E-08			3.52E-08	1.54E-08
M7X443	1.81E-07	1.49E-07	5.10E-08		1.65E-07	3.78E-08	1.39E-07	5.30E-08	9.70E-08			7.74E-08
M7WP02		1.60E-07		4.07E-08	5.49E-08	6.12E-08	5.21E-08	4.54E-08			3.45E-08	3.97E-08
M7X6N6		4.77E-08		2.47E-08	4.06E-08	4.35E-08	2.88E-08	2.53E-08	1.11E-07	8.72E-08	3.67E-08	2.84E-08
M7WUB9		1.21E-08			8.44E-08	5.31E-08	2.59E-08	3.46E-08				
M7WGN8	3.20E-07			9.09E-08	3.36E-07	2.84E-07	1.57E-07	1.39E-07	7.02E-07		1.65E-07	1.73E-07
M7XI06	3.06E-08	4.97E-08	2.49E-08	2.18E-08	3.56E-08	3.92E-08	3.59E-08	2.31E-08		5.64E-08	2.56E-08	1.80E-08
M7WJV8	2.43E-07	2.04E-07	2.28E-07	2.87E-07	2.59E-07	2.59E-07	2.05E-07	1.70E-07	3.71E-07	3.81E-07	2.82E-07	2.74E-07
M7X3G4		9.96E-08		4.78E-08	6.49E-08	7.09E-08	5.19E-08	3.00E-08			3.03E-08	4.69E-08
M7XMB6	1.11E-07	4.24E-07	1.44E-07	2.16E-07	1.43E-07	1.99E-07	1.24E-07	1.40E-07	3.52E-07	2.71E-07	2.16E-07	2.00E-07
M7WM81		1.92E-07		6.58E-08	1.17E-07	1.12E-07	7.69E-08	5.80E-08			7.33E-08	6.45E-08
M7XVC8									3.21E-09			
M7X136	1.22E-07			5.69E-08	2.45E-07	2.10E-07	1.07E-07	9.27E-08	2.42E-07	2.42E-07		
M7WWX2	3.47E-08	3.86E-08	4.00E-08	3.06E-08	4.02E-08	4.97E-08	4.33E-08	3.05E-08	6.14E-08	5.93E-08	2.71E-08	2.89E-08
M7XE48		7.15E-08		5.03E-08	4.28E-08	4.29E-08	4.02E-08	3.33E-08			6.30E-08	5.67E-08
M7XPP0	6.84E-08	5.83E-08	2.80E-08	1.01E-08		3.89E-08	2.48E-08	2.57E-08			3.31E-08	1.78E-08
M7X5G0		3.43E-08	9.94E-09	9.34E-09	1.17E-08	4.78E-08	1.10E-08	9.89E-09	2.34E-08	2.19E-08	9.63E-09	7.38E-09
M7WM58	8.04E-08	5.29E-08			7.73E-08	8.03E-08	4.19E-08	3.02E-08	1.67E-07	1.22E-07	2.93E-08	1.39E-08
M7XG78	1.43E-07	1.49E-07		8.90E-08	1.31E-07	1.19E-07	9.16E-08	8.29E-08	1.64E-07	1.39E-07	8.18E-08	8.63E-08
M7WMC6	1.60E-07		1.35E-07				3.60E-07	4.50E-07	3.23E-07	3.20E-07		
M7WZ30	2.14E-08	2.39E-08	1.30E-08	7.45E-09	1.03E-08	1.04E-08	9.14E-09	4.45E-09	2.51E-08	2.63E-08	1.01E-08	9.36E-09
M7WM91	9.04E-08	7.34E-08	3.64E-08	5.19E-08	1.67E-08		1.18E-08				4.80E-08	3.51E-08
M7WRN5		1.96E-07		8.00E-08	8.19E-08	8.53E-08	7.86E-08	5.05E-08	1.46E-07		5.86E-08	7.11E-08
M7XLU4		1.92E-07		1.43E-08	4.58E-07	4.16E-07	6.71E-08				3.37E-08	1.63E-08
M7XHD7	7.49E-08	6.35E-08		3.28E-08	4.64E-08	4.73E-08	3.13E-08	2.93E-08	1.65E-07	1.74E-07	3.60E-08	3.29E-08
M7WK61	1.74E-07	1.77E-07		4.02E-08	1.57E-07	6.07E-08	8.05E-08	1.37E-08	4.14E-08	2.01E-08	9.61E-08	1.02E-07
M7WVN3	6.59E-07			2.18E-07	5.28E-07		4.91E-07	3.49E-07	9.09E-07	9.34E-07		2.58E-07
M7X5M4		3.37E-08	5.03E-08	5.32E-08	2.75E-08	4.26E-08	2.93E-08	3.37E-08			3.95E-08	3.00E-08
M7WNC7	3.64E-08	4.31E-08	1.00E-08	1.89E-08	2.48E-08		2.66E-08		9.28E-08	3.58E-08	1.08E-08	1.05E-08
M7WSV0	9.94E-08	7.75E-08	1.42E-08		1.16E-07	1.75E-07	6.37E-08	4.11E-08	1.77E-07	2.28E-07	6.11E-08	3.47E-08
M7WXP2			1.03E-07	9.76E-08	1.53E-07	1.35E-07		8.31E-08	2.91E-07	2.96E-07	1.09E-07	1.07E-07
M7XM58		5.77E-08		3.83E-08	6.12E-08	4.47E-08	4.65E-08	2.25E-08			3.50E-08	
M7X7V7			1.68E-08			3.30E-08	2.11E-08	2.95E-08	6.80E-08	7.73E-08		
M7WUA7		4.23E-08		4.64E-08		1.01E-07		8.64E-08			1.91E-07	9.73E-08
M7WJE8		2.62E-08	1.48E-08	1.81E-08					8.80E-09		7.01E-08	1.55E-09
M7X7U5				2.29E-08	4.84E-08	4.15E-08	4.41E-08	2.41E-08	5.72E-08	5.02E-08	3.29E-08	3.12E-08
M7WZ12				2.00E-08	9.27E-09						2.90E-08	2.38E-08
M7XFM1		3.06E-08	2.23E-08	4.00E-08	5.12E-08	6.32E-08	3.71E-08				3.16E-08	
M7X4T6	4.17E-08	3.86E-08	1.35E-08	1.04E-08	1.78E-08		1.38E-08	1.26E-08			8.15E-09	8.18E-09
M7X6H5			9.81E-09	9.73E-09	5.47E-08	3.41E-08	3.05E-08	1.71E-08	3.17E-08		1.20E-08	1.01E-08
M7X4P1				1.31E-08			1.23E-08		3.68E-08			1.61E-08
M7WX56	7.99E-08	1.29E-07		3.69E-08	6.45E-08	9.23E-08	4.93E-08	4.09E-08	1.11E-07			2.56E-08
M7WZC2	1.08E-07	8.98E-08	5.39E-08	3.82E-08	7.27E-08	5.66E-08	5.58E-08	5.03E-08	7.82E-08	6.85E-08	5.43E-08	
M7WNH2	4.36E-08		2.40E-08	2.34E-08	3.56E-08	4.40E-08	2.92E-08	2.70E-08	7.56E-08	7.76E-08	2.02E-08	1.72E-08
M7XD67		4.52E-07	2.80E-07	3.97E-07	2.17E-07		7.94E-07				5.24E-07	1.03E-06
M7WLZ2		6.50E-08		2.85E-08	3.16E-08	3.30E-08	3.35E-08	2.26E-08			4.11E-08	2.76E-08
M7WNJ0	3.71E-08	1.84E-07	1.28E-07	1.29E-07	1.36E-07	1.50E-07	1.41E-07	1.36E-07			1.24E-07	1.11E-07
M7XBC2	1.55E-08	2.06E-08	1.06E-08	1.03E-08	1.38E-08	2.41E-08	1.04E-08	9.79E-09	3.15E-08	2.45E-08	5.39E-08	1.04E-08
M7WIC9				3.24E-08	7.76E-08	1.41E-07	4.65E-08	6.38E-08	1.01E-07	8.05E-08		
M7WL92				3.91E-08	3.24E-08	4.20E-08	8.13E-08	4.13E-08			3.41E-08	6.04E-08
M7XIL3				3.47E-08	5.21E-08	5.50E-08	6.71E-08	8.17E-08				4.50E-08
M7WL77		1.44E-07	7.65E-08	3.61E-08	4.95E-08	6.65E-08	7.18E-08	6.53E-08		4.17E-08	4.23E-08	7.27E-08
M7WHN1	4.15E-08	5.37E-08		3.35E-08	4.55E-08	3.87E-08	2.07E-08	2.19E-08			2.51E-08	2.30E-08
M7WYX7	3.08E-08	2.52E-08	2.28E-08	2.02E-08		3.81E-08	3.39E-08	1.88E-08	5.15E-08	4.52E-08	3.34E-08	1.32E-08
M7XKE2				1.22E-08		3.14E-08	6.35E-08	5.94E-08	6.23E-08		2.10E-08	5.62E-08
M7WDI9	4.97E-08	5.71E-08		2.96E-08	3.33E-08	3.43E-08	1.74E-08	1.54E-08			2.31E-08	1.89E-08
M7WSV8		1.53E-07		1.58E-07	9.45E-08	1.10E-07	1.24E-07	1.12E-07	1.78E-07	1.87E-07	1.61E-07	1.46E-07
M7XGJ1		9.75E-08		3.70E-08	6.17E-08	7.55E-08	5.70E-08	5.18E-08			4.15E-08	4.22E-08
M7XH40	1.09E-07	1.82E-07	5.87E-08	5.58E-08	1.40E-07	1.43E-07	7.85E-08	5.66E-08	2.04E-07	2.05E-07	8.30E-08	1.02E-07
M7WXP1	2.03E-07			1.14E-08	1.88E-08	3.29E-08	2.18E-08	6.47E-08		1.95E-07		
M7X234	1.50E-07	1.48E-07		4.14E-08	1.03E-07	1.05E-07	1.05E-07	8.44E-08	4.60E-07	3.91E-07	7.01E-08	5.70E-08
M7WLQ6	1.65E-08	1.45E-08	1.41E-08	1.24E-08	6.04E-08	1.34E-08	1.28E-08	5.56E-09	2.72E-08	2.76E-08	1.13E-08	1.01E-08
M7XTG0	3.03E-08		2.55E-08	2.19E-08	4.67E-08	5.92E-08	2.54E-08	2.15E-08	1.03E-07	8.55E-08	2.02E-08	1.45E-08
M7XXG1	1.59E-07	1.91E-07	2.21E-07	1.03E-07	1.34E-07	2.00E-07	1.41E-07	1.58E-07	1.40E-07	1.67E-07	1.72E-07	
M7XDP6		1.04E-07		5.04E-08	6.82E-08	4.72E-08	5.86E-08	5.91E-08	5.99E-08		6.97E-08	4.01E-08
M7X3K3		4.46E-08	2.00E-08	2.48E-08	3.52E-08	4.22E-08	2.78E-08	3.06E-08	4.71E-08	5.80E-08	2.53E-08	
M7WMJ9	3.27E-08	6.76E-08	4.68E-08	4.22E-08		1.67E-08	3.46E-08	4.33E-08			3.36E-08	4.36E-08
M7XTD0		9.67E-08		5.23E-08	2.56E-08	5.55E-08		3.40E-08			6.50E-08	5.32E-08
M7XJV9	1.07E-07			1.01E-07	3.45E-07	2.16E-07	2.86E-07		2.64E-07		2.60E-07	
M7XPT0		6.29E-08		3.11E-08	3.83E-08	3.86E-08	2.84E-08	2.62E-08			4.32E-08	3.15E-08
M7XJN4	2.40E-07	1.18E-07	6.73E-08	5.40E-08		6.92E-08		3.31E-08	4.25E-08		4.95E-08	5.83E-08
M7WP55	2.76E-07	2.83E-07	6.54E-08	7.59E-08	1.39E-07	2.28E-07	8.46E-08	8.68E-08	2.55E-07	3.12E-07	1.04E-07	
M7XZL2	5.04E-08	5.65E-08	1.64E-08	1.85E-08	1.85E-08	2.00E-08	1.91E-08	1.63E-08			1.48E-08	1.14E-08
M7XQ08		2.02E-08		1.01E-07	1.09E-07	9.83E-08	5.56E-08	4.63E-08	1.70E-07		1.23E-07	4.40E-08
M7XIE3		1.38E-07		5.91E-08	6.23E-08	8.78E-08	7.85E-08	7.40E-08			7.68E-08	5.90E-08
M7XA05	3.36E-07			8.66E-08	1.39E-06			8.84E-08	1.81E-07			
M7XKN4	1.86E-07	1.45E-07		8.03E-08	9.92E-08	1.09E-07	8.77E-08	6.85E-08	2.83E-07	2.06E-07	1.34E-07	9.98E-08
M7X2H9	1.58E-09	1.04E-08	3.00E-08	1.67E-08	4.09E-08	4.21E-08	1.27E-08	2.89E-08	4.04E-08	4.44E-08	3.10E-08	2.53E-08
M7WFX0		1.11E-07		1.10E-08		3.24E-08	2.52E-08	1.91E-08	7.09E-08		2.80E-08	1.99E-08
M7XGP3			1.69E-08	1.42E-08				1.49E-08	4.06E-08	7.75E-08		
M7XIC1	1.31E-07	1.36E-07	3.14E-08	3.81E-08		4.33E-08	3.38E-08	2.74E-08	5.66E-08	6.32E-08	2.99E-08	2.51E-08
M7WN88	2.80E-08	2.92E-08	1.28E-08	1.01E-08	1.74E-08	2.52E-08	1.89E-08	1.62E-08	2.63E-08	2.54E-08	1.14E-08	1.16E-08
M7WZF0				5.81E-08		2.07E-07	1.56E-07	1.46E-07			8.85E-08	1.02E-07
M7WNQ0	1.41E-08		3.09E-08	3.45E-08	3.62E-08	3.33E-08	3.38E-08	2.15E-08	6.67E-08	6.97E-08	2.92E-08	2.82E-08
M7WID5		1.00E-07		4.09E-08	1.08E-07	1.21E-07	6.67E-08	5.74E-08	1.56E-07		4.98E-08	4.17E-08
M7WNY6	6.08E-08		6.17E-08	7.37E-08		1.94E-08	2.20E-08		4.17E-08	3.29E-08		4.64E-08
M7WQ83	8.91E-08	9.31E-08	5.59E-08	3.70E-08	8.38E-08	7.97E-08		3.67E-08	1.24E-07	1.29E-07	5.00E-08	3.52E-08
M7WJQ2	2.02E-08	1.76E-08		8.39E-09	1.16E-08	1.23E-08	8.70E-09	7.09E-09	2.08E-08	2.14E-08	1.02E-08	8.99E-09
M7XFC3		4.89E-08		3.06E-08	4.27E-08	5.33E-08	2.81E-08	3.19E-08			3.65E-08	2.36E-07
M7WD18	1.68E-07	1.78E-07		9.65E-08		7.02E-08	4.63E-08	4.20E-08	2.17E-07	1.72E-07	1.05E-07	8.90E-08
M7Y0H1		6.09E-08	4.12E-08	3.42E-08	7.51E-08	6.99E-08	2.08E-08	3.89E-08	1.32E-07	1.44E-07	3.43E-08	
M7WR32		1.85E-08	8.65E-09	9.77E-09	5.22E-08	4.77E-08	2.92E-08				1.49E-08	1.31E-08
M7WUE7	3.46E-08	3.82E-08		4.08E-08	1.96E-08	4.21E-08	1.86E-08	1.91E-08		1.32E-08	4.52E-08	2.87E-08
M7WKU2	1.32E-07	1.74E-07	1.92E-07	2.17E-07	2.77E-07	2.13E-07	1.84E-07	1.49E-07	5.70E-07	4.79E-07	3.04E-07	2.68E-07
M7X3X1	5.14E-08	4.01E-08	2.93E-08	3.18E-08	4.31E-08	2.81E-08			1.15E-07	9.53E-08	6.38E-08	4.94E-08
M7XE90		7.00E-08		5.37E-08	5.32E-08		3.56E-08				8.09E-08	8.25E-08
M7WZE5	2.67E-07	9.80E-08	3.23E-08	3.05E-08	6.93E-08	5.49E-08	3.69E-08	2.57E-08	1.94E-07	1.76E-07	5.73E-08	5.47E-08
M7XLV1	3.96E-08	4.54E-08	2.06E-08	2.45E-08	1.15E-08	2.13E-08	1.22E-08	2.20E-08	3.45E-08		2.56E-08	2.23E-08
M7WNA7	1.07E-07	1.54E-07	1.93E-08	3.90E-08	5.46E-08	5.66E-08	5.01E-08	3.45E-08	9.27E-08	1.06E-07	3.57E-08	2.66E-08
M7WH84	4.24E-08		9.83E-09	5.88E-09								
M7XFK1			7.93E-08	1.00E-07	2.22E-07	4.20E-07	1.09E-07				2.45E-07	
M7WTJ7	7.14E-08	4.41E-08	1.47E-07	1.45E-07	7.21E-08	8.57E-08	5.73E-08	5.19E-08	1.46E-07	1.35E-07	1.27E-07	8.59E-08
M7XCA3	5.60E-08	6.01E-08		2.23E-08	4.23E-08	3.56E-08	3.15E-08	2.29E-08	4.41E-08	4.33E-08	2.95E-08	2.26E-08
M7WE46		6.09E-08		4.12E-08	4.65E-08	5.44E-08	6.21E-08	2.62E-09			4.01E-08	3.65E-08
M7WVP2	4.49E-08	8.05E-08	3.41E-08	4.03E-08	5.64E-08	5.43E-08	3.35E-08	2.83E-08	8.82E-08	8.26E-08	3.84E-08	4.01E-08
M7WNH9		1.11E-08		3.83E-09	1.48E-08	1.38E-08	9.62E-09	1.32E-08			6.19E-09	7.70E-09
M7XFN1	6.20E-08	4.32E-08	2.11E-08	3.56E-08	6.43E-08	4.89E-08	1.85E-08	2.81E-08	1.53E-07	1.31E-07	3.20E-08	4.21E-08
M7X5P9		1.78E-07	1.44E-07	1.03E-07	2.04E-07	1.42E-07	1.27E-07	9.98E-08		2.61E-07	1.43E-07	1.08E-07
M7XKT1	9.11E-08	1.12E-07		5.00E-08	7.19E-08	1.08E-07	4.23E-08	5.18E-08	1.42E-07	1.38E-07	9.03E-08	7.14E-08
M7X1V2	2.64E-08	2.46E-08	2.64E-08	2.21E-08	2.46E-08	2.96E-08	2.01E-08	2.52E-08	4.55E-08	4.61E-08	2.75E-08	2.21E-08
M7XZX7	9.73E-08	8.68E-08		1.93E-08	5.63E-08	6.98E-08	4.47E-08	3.75E-08	8.05E-08	7.15E-08	3.64E-08	1.83E-08
M7WGB6			1.16E-07			2.42E-07	5.78E-08	9.32E-08	3.10E-07	3.41E-07		
M7WXF9			3.89E-08			1.14E-07	7.34E-08	7.22E-08	1.80E-07			5.58E-08
M7WSN0	8.42E-08	4.61E-08		1.88E-08	2.00E-08	2.85E-08	1.77E-08	1.83E-08		7.23E-08	1.63E-08	1.08E-08
M7XHN7	5.73E-09	3.31E-09		1.35E-08	2.23E-08	2.11E-08	1.26E-08	1.08E-08	2.34E-08	2.26E-08	2.37E-08	
M7XQ42	2.24E-07	2.30E-07	8.81E-08	1.15E-07	3.20E-07	1.99E-07	1.58E-07	1.31E-07		4.65E-07		8.08E-08
M7WNP6			4.17E-08	3.58E-08	1.05E-07	1.12E-07			1.55E-07	1.51E-07	4.66E-08	3.98E-08
M7WGH2	1.63E-07	1.69E-07			8.26E-08		6.13E-08	7.31E-08	1.38E-07	1.43E-07	5.27E-08	
M7WU29		3.88E-08		8.91E-08	9.30E-08	6.16E-08	4.78E-08	4.84E-08	2.92E-07	1.49E-07	9.24E-08	1.01E-07
M7WVZ9					8.41E-08		9.70E-08	4.05E-08			2.02E-08	2.57E-08
M7XMY0	6.59E-08	5.41E-08	1.56E-07	1.80E-07	2.70E-07		1.40E-07	1.70E-07	3.03E-07		2.98E-07	1.94E-07
M7WWH7	2.35E-08			4.95E-08	6.47E-08	7.45E-08	6.30E-08		9.36E-08	9.38E-08	2.95E-08	3.22E-08
M7X4R8		2.07E-07	1.15E-07	1.22E-07		3.55E-07	1.77E-07	1.41E-07	2.23E-07	1.86E-07		2.98E-07
M7WI85	1.44E-07	1.27E-07		4.89E-08	1.06E-07	1.41E-07		4.44E-08	1.24E-07	1.43E-07	3.05E-08	2.45E-08
M7X1U9				5.15E-08	1.01E-07	9.16E-08	8.30E-08	8.91E-08			1.04E-07	8.59E-08
M7WY30	9.44E-08	9.72E-08		7.04E-08	1.06E-07	1.26E-07	6.16E-08	6.89E-08	2.10E-07	2.00E-07	6.76E-08	6.26E-08
M7WYM6		4.45E-08		3.08E-08	2.68E-08		5.01E-08			7.99E-08	4.95E-08	3.53E-08
M7X5V6		1.48E-07		5.41E-08	1.00E-07	7.12E-08	6.63E-08	4.64E-08			7.12E-08	5.09E-08
M7WTW7	6.59E-08	3.71E-08			6.46E-09	2.72E-08	5.31E-09	9.81E-09	4.85E-08	4.34E-08	3.90E-08	
M7X238				2.50E-08	3.50E-08	4.62E-08	2.81E-08	4.64E-08	9.63E-08	9.11E-08	6.62E-08	6.45E-08
M7XNY4	1.97E-08	1.91E-08	1.14E-08	1.11E-08		2.16E-08	1.77E-08	1.23E-08	3.64E-08	4.00E-08	1.45E-08	8.12E-09
M7XY18				2.02E-08	6.65E-08	1.13E-07	7.51E-08	8.20E-08			3.60E-08	5.05E-08
M7WXQ8						1.35E-07	9.27E-08	6.76E-08	2.17E-07	2.17E-07		
M7WPC2				2.69E-08	5.11E-08	6.80E-08	5.53E-08	2.96E-08			5.97E-08	
M7WD99		3.62E-07		1.48E-07		1.52E-07	1.12E-07	1.20E-07			1.96E-07	1.35E-07
M7WNI4	2.23E-08	3.56E-08	1.22E-08	1.38E-08	1.86E-08	1.70E-08	1.39E-08	1.38E-08	3.38E-08	3.24E-08	1.68E-08	1.23E-08
M7XZA9	3.38E-08	2.20E-08	6.06E-08	5.63E-08	3.77E-08	3.30E-08	3.82E-08	3.35E-08	3.29E-08	3.97E-08	7.13E-08	5.14E-08
M7X680					3.28E-07	2.67E-07	8.48E-08	1.25E-07	3.52E-07	3.77E-07		
M7WUX2	1.01E-07	1.21E-07	3.12E-08		1.03E-07	1.58E-07	7.51E-08	6.75E-08	2.16E-07			
M7XDT7		3.56E-08	2.01E-08	2.15E-08	3.59E-08	3.24E-08	2.75E-08	1.56E-08	3.72E-08		1.88E-08	1.52E-08
M7X597		4.70E-08		2.86E-08	1.73E-08							1.11E-08
M7XHX2	3.74E-08	7.70E-08	5.86E-08	4.27E-08	9.63E-08	1.22E-07	5.01E-08	5.56E-08	1.71E-07	1.45E-07	8.05E-08	6.26E-08
M7WK67		6.06E-08	2.57E-08			1.22E-07			2.04E-07	1.88E-07	3.21E-08	1.15E-08
M7WQA8	1.49E-09				4.05E-09	3.90E-09	4.91E-10	7.71E-10				
M7WUC2	9.44E-08	1.24E-07	3.69E-08	3.95E-08	1.09E-07		7.32E-08	6.21E-08			4.97E-08	3.66E-08
M7WNT9	1.40E-07	1.67E-07	3.43E-08	4.94E-08	6.54E-08	7.56E-08	4.27E-08	3.10E-08	1.28E-07	1.26E-07	5.26E-08	3.74E-08
M7X3J6	9.02E-08	8.08E-08		5.93E-08	7.13E-08	8.55E-08	4.00E-08	3.88E-08	1.44E-07	1.52E-07	7.38E-08	6.68E-08
M7WNB2		1.72E-08		3.55E-09	1.38E-08	1.39E-08	1.40E-08	1.82E-08	3.75E-08	4.40E-08	5.37E-08	
M7WV13					1.11E-07	7.86E-08	3.63E-08	3.19E-08	5.95E-08	6.60E-08		
M7XBM0	2.63E-08	2.91E-08	7.55E-10	1.16E-08	1.60E-08	1.68E-08	1.42E-08	1.52E-08			1.43E-08	1.08E-08
M7X7D5	6.27E-09	1.71E-07		5.33E-08	8.96E-08	1.02E-07	5.07E-08	7.16E-08	1.10E-07	1.43E-07	5.82E-08	6.17E-08
M7XPL5				3.65E-08		8.34E-08	8.05E-08	6.71E-08				4.57E-08
M7X719	3.99E-08	4.16E-08		3.25E-08		2.95E-08	1.99E-08	2.10E-08	5.78E-08	6.68E-08	2.59E-08	4.53E-08
M7X0S0			1.32E-08	1.61E-08	7.14E-08	6.12E-08	3.20E-08	3.28E-08				2.57E-08
M7XKI2	5.19E-08	6.73E-08	5.90E-08	3.63E-08	3.44E-08	3.70E-08	3.19E-08	2.59E-08	4.04E-08	4.18E-08	4.05E-08	2.45E-08
M7XSS5		1.11E-07	7.95E-08	8.94E-08	1.60E-07	1.78E-07	8.37E-08	8.45E-08			8.52E-08	5.45E-08
M7XBZ9	1.16E-07	9.34E-08			6.39E-08	7.24E-08	5.96E-08	3.78E-08		1.76E-07		
M7WTX9	4.70E-08	4.25E-08	4.80E-09	2.92E-08	3.63E-08	3.66E-08	2.75E-08	1.74E-08		7.73E-08	2.68E-08	1.99E-08
M7XNU1				7.70E-09				3.26E-07				2.09E-07
M7X755	1.22E-07		3.16E-07	2.67E-07	7.53E-08						1.70E-07	1.45E-07
M7X798	3.72E-07	2.87E-07	7.27E-08	7.11E-08	1.29E-07	1.64E-07	1.16E-07	1.01E-07	2.29E-07	2.45E-07	8.35E-08	5.45E-08
M7XHM9	1.89E-08	1.87E-08	1.01E-08	1.09E-08	1.48E-08	1.60E-08	1.08E-08	1.05E-08	2.22E-08	2.09E-08	1.10E-08	8.78E-09
M7X4B1	6.61E-08	5.63E-08	1.91E-08	1.79E-08	3.22E-08	2.80E-08	1.22E-08		7.19E-08	7.90E-08	2.64E-08	1.54E-08
M7X570	6.01E-08		3.59E-08		3.05E-08	2.74E-08			5.37E-08	6.50E-08	3.96E-08	4.79E-08
M7X7Q0				2.27E-08	4.75E-08	4.86E-08					3.28E-08	2.48E-08
M7XAM6		3.02E-08		8.82E-09		2.69E-08	1.93E-08	1.72E-08	3.84E-08	3.31E-08		6.32E-09
M7XZL4		1.60E-07		2.03E-07		2.27E-07	1.56E-07	2.09E-07			4.14E-07	3.47E-07
M7XLD4		1.23E-07			1.31E-07	1.39E-07	1.01E-07	7.34E-08			1.18E-07	1.08E-07
M7WUA5	1.39E-07	1.63E-07		1.24E-07	1.06E-07	1.03E-07	8.53E-08	5.70E-08		2.16E-07	6.51E-08	9.64E-08
M7X236	2.64E-08	2.65E-08		1.15E-08	2.07E-08	1.81E-08	1.53E-08	1.06E-08	5.03E-08	4.36E-08	1.04E-08	
M7WDD0		5.25E-08			9.93E-08	1.10E-07	6.74E-08	7.13E-08			7.56E-08	1.05E-07
M7X7C4			4.48E-08	5.29E-08	6.79E-08	7.55E-08	5.29E-08				5.60E-08	4.80E-08
M7X0H3		2.34E-08	1.87E-08	1.29E-08	2.60E-08	1.94E-08	1.86E-08	1.75E-08	5.21E-08	4.82E-08	2.36E-08	1.33E-08
M7WK99				2.20E-08	6.51E-08	7.65E-08	6.06E-08				2.23E-08	1.73E-08
M7WFB4		3.23E-08		1.42E-08	2.30E-08	2.61E-08	1.47E-08	1.39E-08	5.51E-08	5.52E-08	1.55E-08	1.04E-08
M7X652	5.11E-08		2.57E-08		6.33E-08	5.48E-08	6.91E-08		1.01E-07	9.15E-08		1.94E-08
M7WM94						1.02E-07					5.02E-08	
M7WUP7		8.82E-08	4.19E-08		1.26E-07	1.26E-07	8.86E-08	6.64E-08	1.65E-07	1.74E-07	6.75E-08	1.06E-07
M7WLU2			6.12E-08			1.59E-07		1.95E-07			2.25E-07	
M7X422			7.13E-09	1.67E-08	2.52E-08	2.38E-08	2.35E-08	1.74E-08	4.02E-08		1.87E-08	1.88E-08
M7WPB1				5.25E-08	8.45E-08	9.93E-08		5.27E-08			5.50E-08	
M7X3S8				1.34E-07	5.26E-08	2.47E-07	2.58E-09		2.49E-07		1.90E-08	1.20E-08
M7WME9	2.00E-07	2.23E-07	8.94E-08	8.92E-08	1.36E-07	1.39E-07	1.06E-07	8.94E-08	1.87E-07	1.52E-07	9.33E-08	6.32E-08
M7XKE4				3.81E-08	4.92E-08	6.46E-08	6.07E-08				4.27E-08	3.79E-08
M7WR24		7.74E-08	1.16E-08	2.30E-08	3.15E-08		6.36E-09	1.17E-08	2.62E-08		2.04E-08	1.94E-08
M7XE43		8.96E-07		2.16E-07		3.61E-07	2.43E-07	2.07E-07			2.11E-07	1.92E-07
M7XKD7		1.18E-07	6.85E-08	4.59E-08	1.08E-07	1.28E-07	9.07E-08	5.99E-08			6.43E-08	4.68E-08
M7XYF1	1.97E-07	1.89E-07		8.38E-08	1.02E-07	1.16E-07	6.70E-08	7.27E-08	1.87E-07	1.72E-07		8.94E-08
M7WMI2	1.10E-08	1.64E-08	1.30E-08	5.36E-09			9.62E-09	1.02E-08	1.88E-08		5.40E-09	4.42E-09
M7XBF2		9.93E-09		9.44E-09	1.01E-08	1.05E-08	5.20E-08				8.07E-09	4.71E-09
M7WWG5	7.14E-08	7.04E-08	3.13E-08	2.77E-08	6.30E-08	7.86E-08	3.01E-08				1.41E-08	1.47E-08
M7WTH5		5.38E-08		4.63E-08	4.30E-08	5.09E-08	3.22E-08	4.61E-08			5.32E-08	5.47E-08
M7X1G6	7.82E-08	6.82E-08	2.59E-08	2.36E-08	3.24E-08	5.24E-08	2.40E-08		4.03E-08	3.24E-08	2.54E-08	1.88E-08
M7WUD2	3.24E-08	3.26E-08	2.15E-08	2.04E-08	1.98E-08		1.93E-08	1.71E-08	2.70E-08	2.53E-08	2.23E-08	1.68E-08
M7X429		8.23E-08	7.28E-10	4.58E-08	1.53E-07		7.93E-08	1.01E-07			6.60E-08	5.59E-08
M7WLI1	4.79E-08	3.32E-08			4.27E-08	3.80E-08	2.20E-08	2.75E-08	1.24E-07	8.89E-08		3.16E-08
M7WTB9	6.00E-08	5.40E-08		5.45E-08	1.01E-07	1.15E-07	7.84E-08	7.67E-08	2.42E-07	1.22E-07	6.43E-08	4.98E-08
M7XPT4	6.09E-08	6.10E-08		7.13E-08	6.19E-08	4.79E-08	2.51E-08				3.93E-08	6.17E-08
M7X2S8	6.71E-08	8.75E-08	4.07E-08	3.55E-08	8.49E-08	1.05E-07	5.80E-08	5.50E-08	1.34E-07	1.01E-07		5.44E-08
M7X370						5.68E-08	1.77E-07	1.38E-08				
M7X6U1		8.52E-08		1.41E-07	6.36E-08	8.72E-08	7.29E-08	7.21E-08		7.42E-08	1.96E-07	1.27E-07
M7XFG9	4.20E-08	2.25E-08			2.24E-08	5.83E-08	2.53E-08		6.84E-08	7.76E-08		
M7WVM6	5.72E-08	5.55E-08		9.13E-09	2.99E-08	3.34E-08	1.23E-08	1.14E-08	1.12E-07	8.62E-08		8.11E-09
M7XDT6				1.37E-07	2.43E-07	3.12E-07	1.91E-07	9.24E-08			2.74E-07	
M7WJU6	7.51E-08			1.68E-08	2.60E-08	3.17E-08	3.21E-08		6.38E-08		2.21E-08	1.73E-08
M7X6N3			8.80E-08		1.73E-07	1.91E-07	9.70E-08	9.56E-08	1.36E-07		1.18E-07	1.30E-07
M7XV31	1.60E-07	1.77E-07			9.26E-08	8.71E-08	5.59E-08	5.27E-08				
M7WRP7	9.02E-08	1.04E-07	8.08E-08	8.92E-08	8.85E-08	9.05E-08	6.69E-08	5.16E-08	1.36E-07	1.24E-07	9.65E-08	4.90E-08
M7XEC6	6.92E-08	7.59E-08		5.19E-08	5.69E-08	3.62E-08	3.53E-08	2.49E-08			5.17E-08	3.78E-08
M7WKD9	2.53E-07		2.95E-10				3.96E-08		5.43E-08			
M7X874				4.72E-08	1.23E-07	1.02E-07	6.47E-08	5.54E-08			7.75E-08	5.90E-08
M7XFE5		1.15E-08	8.50E-09			1.03E-08	6.80E-09	1.02E-08	2.84E-08	2.27E-08	8.75E-09	
M7XCZ0			6.15E-08	6.82E-09		2.61E-08	3.95E-09	3.14E-08	1.33E-07		2.15E-08	
M7WJU0	1.98E-07	1.13E-07	3.96E-08	5.83E-08	2.53E-08	2.90E-08	1.11E-08				3.51E-08	2.95E-08
M7WPJ9		9.28E-08		7.60E-08	3.16E-08	3.20E-08	4.54E-08	4.59E-08				
M7XN88			4.95E-08	4.41E-08		3.85E-08	4.68E-08	3.40E-08			6.30E-08	3.87E-08
M7X0Q4		3.17E-08		1.93E-08	3.36E-08	4.20E-08	2.47E-08	2.14E-08	5.49E-08	5.15E-08	2.20E-08	1.74E-08
M7XM87	7.50E-08	8.01E-08	9.39E-08	6.81E-08		5.10E-08	4.54E-08	4.39E-08	8.72E-08	8.80E-08	7.30E-08	7.99E-08
M7WP31				3.87E-08	1.69E-07	1.76E-07	9.91E-08				5.60E-08	4.35E-08
M7XFB1	1.26E-07	1.19E-07	4.83E-08	4.89E-08	1.09E-07	1.26E-07	5.82E-08	6.35E-08	1.78E-07	1.65E-07	4.13E-08	3.73E-08
M7Y024	1.12E-07	1.72E-07			2.66E-07	1.77E-07	1.99E-07	4.16E-08	2.76E-07	1.14E-07		9.17E-08
M7X534		2.14E-07		5.47E-08	6.73E-08	9.52E-08	6.26E-08	7.18E-08			1.10E-07	6.32E-08
M7X9F0			7.64E-09	5.87E-09		1.05E-08	5.45E-09	5.29E-09			8.99E-09	5.69E-09
M7WWX0		1.47E-08		2.46E-09	2.79E-08		2.65E-08	1.60E-08			1.49E-08	1.30E-08
M7X3Z6				4.10E-08		1.97E-07	4.97E-08	9.98E-08	4.44E-07	3.90E-07	7.91E-08	
M7X5D3		2.78E-09		2.19E-08	3.47E-08		8.19E-09	3.00E-08	9.72E-08	1.11E-07	3.06E-08	2.79E-08
M7X431	4.95E-08		3.43E-08	3.42E-08		4.99E-08	4.02E-08	3.64E-08	7.08E-08	8.56E-08	1.61E-08	
M7X6H9	3.70E-08	3.69E-08		1.14E-08	2.08E-08	2.44E-08		9.66E-09	3.57E-08	4.15E-08	1.04E-08	
M7WUT3	3.60E-08	1.70E-08		7.57E-09	6.06E-08	2.61E-08	1.56E-08	1.58E-08	5.49E-08	8.99E-08	1.01E-08	
M7X3K9	7.17E-08	7.67E-08	2.75E-08	2.12E-08	9.57E-08	4.28E-08	3.25E-08	2.66E-08	8.14E-08	7.20E-08	2.36E-08	2.36E-08
M7WQQ8	1.37E-08			6.45E-09	2.40E-08	2.04E-08	1.02E-08	3.09E-08			7.96E-09	
M7WI15				1.92E-08	6.34E-08		1.22E-08	3.53E-08	1.07E-07	7.25E-08		
M7WV72		2.02E-08		6.88E-09	5.55E-08	6.64E-08	2.82E-08					8.31E-09
M7XQI7	7.55E-08	5.62E-08		4.32E-08	4.63E-08	4.28E-08	3.70E-08	2.78E-08			4.36E-08	3.10E-08
M7WRP2			6.71E-08				2.87E-08	3.89E-08			4.97E-08	
M7X8F9					1.58E-08	1.37E-08	6.28E-09	1.33E-08				
M7WVX9			2.08E-08	1.51E-08		1.66E-08		1.35E-08			2.06E-08	1.99E-08
M7XKA1		7.13E-08	4.75E-08	4.05E-08	3.20E-08		1.28E-08	3.26E-08			1.02E-08	1.81E-08
M7WPQ4	9.04E-08	8.78E-08		3.34E-08		3.52E-08	3.99E-08	2.81E-08	7.96E-08	7.61E-08	4.14E-08	
M7X2N8				1.97E-08	1.96E-08	2.30E-08	9.73E-08	1.53E-08			2.28E-08	
M7XQQ3		5.69E-08		2.20E-08	3.06E-08	3.64E-08	3.17E-08	2.78E-08	4.76E-08		2.39E-08	
M7WN39	4.43E-08	4.16E-08	1.80E-08	2.29E-08	3.03E-08		3.34E-08	1.91E-08	6.54E-08		2.46E-08	2.80E-08
M7X4Z9	4.13E-08		2.09E-08	1.69E-08	4.04E-08	4.86E-08	3.68E-08	3.86E-08	6.04E-08		2.08E-08	
M7XTQ6		4.12E-08			2.91E-08	3.62E-08	2.56E-08	1.99E-08	4.13E-08		1.75E-08	1.93E-08
M7WY94	9.84E-08	7.68E-08	5.94E-08	3.26E-08	7.22E-08	9.84E-08	4.23E-08	5.61E-08	4.71E-08		3.37E-08	2.54E-08
M7WL39						1.43E-07	6.54E-08	6.39E-08	1.95E-07	1.80E-07		4.32E-08
M7WWQ6			3.38E-08	2.11E-08	4.20E-08	3.75E-08		1.70E-08	8.30E-08	5.67E-08	3.93E-08	2.11E-08
M7X3R2	6.36E-07				5.71E-07		4.67E-07	4.21E-07	1.06E-06		8.32E-07	
M7X3A3	5.86E-08	6.42E-08		1.50E-08	9.34E-08	8.62E-08				1.32E-07		
M7WF93		7.45E-09	2.92E-09	3.67E-09			2.77E-09	3.05E-09			3.72E-09	2.59E-09
M7WTX5		1.75E-07		6.94E-08		1.10E-07	6.50E-08	7.64E-08			1.15E-07	7.99E-08
M7XMA5				6.40E-08		1.28E-07		8.27E-08				1.02E-07
M7WXB4	4.22E-08	2.73E-08	3.02E-08	2.93E-08	1.15E-07	9.34E-08	4.38E-08	3.26E-08	5.59E-08		3.47E-08	
M7WHX9		9.51E-08		1.63E-08		7.63E-08	5.40E-08	7.82E-08	2.27E-07	2.14E-07	8.37E-08	5.00E-08
M7XU04		6.56E-08	1.66E-07	2.83E-08	5.48E-08	8.17E-08	2.43E-08	7.27E-08	3.83E-08	4.75E-07	4.74E-08	4.70E-08
M7WT16					4.12E-08	2.22E-08	4.42E-08	5.17E-08	2.11E-07		4.73E-08	4.19E-08
M7XY34						2.96E-08	1.70E-08	2.62E-08	3.60E-08	3.68E-08		
M7XJS1	2.86E-08	2.44E-08	1.69E-08	1.84E-08		4.17E-08	1.94E-08	1.89E-08	8.03E-08	5.38E-08	2.37E-08	2.00E-08
M7X528	5.20E-08	3.20E-08	2.59E-08	2.70E-08	2.84E-08	3.85E-08	2.52E-08	1.82E-08	6.60E-08	5.88E-08	2.25E-08	1.69E-08
M7X4V7		4.84E-07	2.54E-07	2.78E-07	4.72E-07			1.38E-07	6.13E-07	6.18E-07		1.63E-07
M7X7A3	2.08E-08	5.17E-08	1.98E-08	1.81E-08	3.05E-08	2.45E-08	1.54E-08	1.56E-08	7.24E-08	8.15E-08	1.74E-08	1.50E-08
M7WNC8		4.77E-08		3.18E-08	7.16E-08	4.85E-08	3.38E-08	1.48E-08			2.36E-08	3.22E-08
M7WQM0				1.37E-08	8.53E-09			4.66E-09			2.89E-08	2.47E-08
M7XEZ9			2.78E-08			3.99E-09						
M7WGK5			2.57E-08	8.43E-09					1.16E-08			
M7X8P2	8.24E-08	8.94E-08			4.17E-08	5.74E-08	3.22E-08	3.60E-08	7.68E-08	8.71E-08		2.10E-08
M7WW17	1.11E-07	9.67E-08	5.15E-08	5.30E-08	8.43E-08	8.90E-08	5.31E-08	6.07E-08	1.27E-07	1.42E-07	7.84E-08	5.33E-08
M7WPA3		1.11E-08	1.46E-08	1.56E-08	1.19E-08	1.72E-08	8.48E-09	8.87E-09	2.36E-07	3.09E-08	1.37E-08	1.08E-08
M7XS79	1.16E-07	4.84E-08	4.57E-08	4.57E-08	7.06E-08	3.86E-08		2.57E-08	2.71E-08	2.83E-08	3.17E-08	
M7XD11				8.95E-09	2.22E-08	1.55E-08	1.33E-08	9.26E-09	3.28E-08	2.83E-08		
M7WQM5	3.26E-08	3.12E-08	4.45E-09		1.69E-08	2.31E-08	1.05E-08	6.37E-09	3.11E-08	4.08E-08	9.02E-09	
M7WQS7		1.39E-07	7.23E-08	5.88E-08	9.44E-08		6.10E-08	5.35E-08	1.09E-07	9.46E-08	6.87E-08	5.21E-08
M7WQA4					4.40E-08	5.91E-08	3.43E-08	1.62E-08	4.73E-08		1.00E-08	
M7WPK8			1.47E-08	1.76E-09	1.34E-08	3.55E-08	1.47E-08	1.35E-08			1.57E-08	1.43E-08
M7XGY3		6.03E-08		4.35E-08	5.68E-08	5.29E-08	4.29E-08	4.12E-08	7.65E-08	7.68E-08	6.32E-08	4.99E-08
M7WSF0		4.42E-09		3.58E-09				1.63E-10			3.92E-09	2.58E-09
M7WLC5		1.61E-08			4.97E-08	5.15E-08	2.82E-08				1.81E-08	1.55E-08
M7X3G5				3.93E-08	5.00E-08		2.95E-08	3.52E-08			6.15E-08	4.19E-08
M7WSL9		1.21E-07		3.56E-08	9.63E-08	1.31E-07	8.72E-08	9.32E-08	9.72E-08	7.53E-08		4.30E-08
M7WUV4	4.39E-08	3.64E-08		1.24E-08			1.04E-08	1.05E-08	1.45E-07	7.11E-08	1.07E-08	
M7XVN7				1.15E-07	1.96E-07	2.64E-07					1.57E-07	1.30E-07
M7WNS1	9.98E-09	9.72E-09	8.81E-09	8.45E-09	7.53E-09	1.03E-08	7.91E-09		8.21E-09	6.38E-09	1.45E-08	1.28E-08
M7XPF1		1.29E-08	9.64E-09	9.14E-09	3.70E-09	6.02E-09	9.20E-09				1.37E-08	1.19E-08
M7WEJ9		7.33E-08		1.98E-08	4.78E-08	1.08E-07	3.48E-08	4.99E-08			2.42E-08	2.33E-08
M7X6L8	3.23E-08	2.39E-08		7.82E-09		2.60E-08	2.38E-08	1.98E-08				
M7XZ28		1.44E-07			1.31E-07	1.47E-07	7.86E-08	5.91E-08			4.25E-08	
M7X6B0		6.16E-08	2.40E-08	2.70E-08	3.16E-08	3.33E-08	2.33E-08	2.88E-08	4.96E-08	6.05E-08		2.15E-08
M7XRM8	9.13E-08	7.82E-08		2.77E-08	4.60E-08	4.78E-08	3.02E-08	3.44E-08	9.78E-08	6.72E-08	3.74E-08	3.58E-08
M7XH45		6.04E-08		2.05E-08	3.35E-08	1.92E-08	1.70E-08	2.24E-08				
M7XM81	3.06E-08	2.58E-08	2.54E-08	3.10E-08		2.50E-08	2.45E-08	1.88E-08	6.46E-08	6.78E-08	3.37E-08	
M7WT89		9.51E-08			2.60E-07	2.62E-07		1.73E-07	1.53E-07			
M7XJE2	4.01E-08	6.13E-08	2.49E-08	3.91E-08	3.25E-08	3.55E-08	3.11E-08	2.33E-08	7.10E-08	7.15E-08	4.37E-08	2.88E-08
M7WS62			3.34E-08	3.66E-08		3.45E-08	2.13E-08	2.20E-08		5.08E-08	3.41E-08	2.84E-08
M7X004	5.81E-08		1.50E-08			4.15E-08	3.32E-08	2.88E-08	6.66E-08	9.20E-08		
M7WD07		6.28E-07		3.00E-07	4.93E-07	5.02E-07	2.25E-07	3.17E-07			4.10E-07	3.63E-07
M7WXV8				2.33E-08		8.66E-08		1.43E-08	9.19E-09			3.02E-08
M7WTJ4		8.87E-08		2.87E-08	1.04E-07	1.26E-07	6.93E-08					
M7XL01		3.34E-08	7.89E-09	1.00E-08	1.49E-08	1.27E-08	3.96E-09			2.77E-08	8.17E-09	
M7XGQ8			3.93E-08			5.92E-08		2.28E-08	1.08E-07	1.17E-07		
M7WWM4				5.94E-08		3.59E-07	1.59E-07	1.11E-07			1.55E-07	9.78E-08
M7WY84					2.68E-07						1.78E-07	1.74E-07
M7WX04	4.74E-08	5.87E-08			2.87E-08	3.33E-08	1.36E-08	1.42E-08	9.26E-08	9.98E-08		
M7WDQ9			1.14E-08	9.82E-09	7.29E-09	1.17E-08			2.96E-08		2.39E-08	1.82E-08
M7WQK5					2.51E-07	1.69E-07		9.87E-08	2.93E-07	1.85E-07		
M7X591	5.84E-08	5.58E-08	1.94E-08	2.97E-08		4.35E-08	2.95E-08	2.38E-08	7.75E-08	8.56E-08	3.73E-08	
M7XL62	8.84E-08	8.17E-08		1.19E-07	2.76E-07		2.05E-07	1.98E-07	1.82E-07	1.81E-07	2.14E-07	1.72E-07
M7XNL4		6.83E-08		2.26E-08	2.02E-08	3.06E-08	2.74E-08	1.64E-08			2.40E-08	1.67E-08
M7XH17		1.88E-08		2.02E-08	3.91E-08	4.54E-08	2.04E-08	2.10E-08			2.40E-08	
M7XKI6			5.18E-08	7.57E-08	1.12E-07	5.91E-08		4.46E-08	5.56E-08		6.98E-08	3.16E-08
M7WYV6				1.11E-08		6.66E-08	4.16E-08	3.23E-08	1.12E-07			
M7XZV8				7.22E-08		1.29E-07	7.35E-08	5.44E-08	2.77E-07	2.35E-07	6.93E-08	5.16E-08
M7Y028		1.51E-07			7.56E-08	8.61E-08	6.05E-08	6.52E-08				
M7XBY2		9.33E-08	2.32E-08	1.40E-08		3.81E-08	3.14E-08	2.23E-08	7.32E-08	6.77E-08		1.68E-08
M7XWU2					3.87E-08	2.13E-08		1.58E-08	4.90E-08	4.52E-08		
M7XN22	4.85E-08	4.64E-08	1.38E-08	1.47E-08	2.12E-08	2.11E-08	1.66E-08			2.50E-08	1.50E-08	1.16E-08
M7WMS7	8.43E-08	8.16E-08	4.76E-08	3.94E-08		5.50E-08	3.76E-08	2.86E-08	6.88E-08	8.32E-08	4.18E-08	
M7XFU7	6.52E-08	8.44E-08	1.19E-08	2.24E-08		3.38E-08	2.11E-08				1.19E-08	
M7XDJ0	9.61E-08	8.07E-08				7.62E-08	3.40E-08	6.70E-08	2.06E-07	1.89E-07	1.33E-07	1.01E-07
M7X364			1.16E-08	7.99E-09	1.66E-08	1.91E-08	1.24E-08				1.16E-08	
M7WMY9		1.38E-08	1.90E-08	1.48E-08		1.50E-08	1.64E-08	1.03E-08	1.11E-08	4.59E-08	1.69E-08	1.67E-08
M7WFI6	2.86E-08			2.83E-08	3.60E-08	3.27E-08	2.70E-08	1.62E-08			1.76E-08	2.43E-08
M7X9H5			9.38E-08	8.75E-08		5.73E-08		2.99E-08			1.09E-07	
M7WNR6	4.04E-08	4.36E-08	1.63E-08	6.28E-09	2.38E-08	2.79E-08		1.28E-08	4.59E-08	5.67E-08	2.59E-08	
M7WF64		4.42E-08		2.88E-08	7.06E-08	5.92E-08	2.46E-08	2.52E-08	1.02E-07	1.32E-07	4.77E-08	2.50E-08
M7XGN6	5.75E-08	9.71E-09		1.48E-08	6.62E-09		8.31E-09				8.96E-09	8.00E-09
M7WXN8	4.77E-08	6.07E-08	2.57E-08	2.70E-08	3.04E-08	2.94E-08	2.42E-08	1.60E-08	5.92E-08	3.84E-08	3.17E-08	2.16E-08
M7WT53		3.72E-08		1.17E-08	1.54E-08	1.70E-08	1.59E-08	1.70E-08	9.40E-09		1.90E-08	1.01E-08
M7WTX2		1.27E-07		4.48E-08	1.10E-07	1.19E-07	7.58E-08				5.80E-08	5.26E-08
M7Y0C4		1.76E-07		4.31E-08	2.83E-07	3.10E-07	1.59E-07				7.11E-08	5.64E-08
M7XH78		1.90E-07			2.67E-07	2.23E-07		1.03E-07			5.63E-08	5.73E-08
M7X1K7		3.86E-08	1.21E-08	1.78E-08	2.49E-08	2.93E-08	2.96E-08	1.68E-08	3.14E-08	3.57E-08	2.32E-08	
M7XNK5				1.54E-08	1.47E-08	1.73E-08	7.93E-09	1.49E-08			2.40E-08	1.07E-08
M7WVA4			2.67E-08		1.14E-07	1.22E-07	9.00E-08	7.61E-08	1.73E-07	1.13E-07	5.59E-08	6.37E-08
M7WMG6			1.51E-08	9.11E-09		4.68E-09	5.89E-09	8.61E-09			1.31E-08	1.16E-08
M7WPJ4		4.48E-08	3.36E-08	3.19E-08	1.94E-08	3.18E-08	2.93E-08	2.47E-08	3.59E-08	3.22E-08	3.35E-08	3.11E-08
M7XG24									2.30E-09	3.56E-09	3.01E-09	9.61E-10
M7XEA7	5.64E-08	4.35E-08		1.49E-09	2.73E-08	1.69E-08	1.46E-08	1.14E-08	3.29E-08	4.00E-08		1.67E-08
M7WW05	3.37E-09	2.65E-09	2.36E-09	1.94E-09		9.21E-10		2.42E-09	5.54E-09	4.93E-09		1.25E-09
M7WQ11		4.96E-08	1.58E-08	1.16E-08	3.30E-08	1.51E-08			2.41E-08	2.27E-08	1.33E-08	9.37E-09
M7XXY0	2.66E-08	3.88E-08				1.41E-08						
M7XKW7	4.17E-08	4.92E-08		2.70E-08	5.47E-08	3.73E-08	2.88E-08	2.17E-08	8.65E-08		2.64E-08	1.76E-08
M7WVM0	2.97E-08	2.72E-08		6.22E-09								
M7WXN3	1.91E-07	1.78E-07		9.33E-08	3.29E-07	5.90E-07	3.02E-07		7.60E-07		1.98E-07	1.34E-07
M7X100				1.27E-08	2.76E-08	2.21E-08		1.58E-08				1.20E-08
M7XMT4			6.14E-09				6.49E-09	6.34E-09			1.26E-08	
M7XH64			2.38E-08	1.59E-08			1.53E-08					2.07E-08
M7XFL2		2.14E-08	1.28E-08	5.83E-08	5.79E-08	3.83E-08	3.57E-08		1.08E-07	1.15E-07	1.11E-07	6.90E-08
M7XLF7	3.84E-08	3.98E-08	1.13E-08	1.52E-08	1.54E-08	2.44E-08	1.38E-08	1.40E-08	3.51E-08	2.98E-08	1.60E-08	
M7X486			3.94E-08	4.05E-08				2.69E-08			4.90E-08	4.00E-08
M7WUN9	1.20E-08	3.26E-08		2.20E-08		1.86E-08	1.39E-08	1.58E-08	1.30E-08	2.49E-09	1.23E-08	
M7WKH9		2.43E-08	1.54E-08	7.89E-09	9.24E-09	7.27E-09	7.68E-09	6.44E-09			1.75E-08	1.19E-08
M7WXW6		8.14E-08		4.84E-08	3.27E-08	4.46E-08	2.86E-08	2.87E-08	7.60E-08		4.25E-08	
M7XKX8		2.89E-08		1.25E-08	9.03E-09	1.70E-08	1.46E-08	1.16E-08	3.06E-08	3.83E-08	1.33E-08	1.17E-08
M7WXT4			1.53E-08	1.40E-08	1.42E-08	2.43E-08		1.30E-08	5.28E-09			
M7X8W9		3.25E-08		1.32E-08	8.17E-08	9.04E-08	3.86E-08		1.13E-07	1.23E-07	1.94E-08	6.45E-08
M7X5H8	1.61E-08	1.01E-08	1.15E-08		1.90E-08	2.11E-08	2.10E-08	2.16E-08	6.92E-08	5.10E-08	1.92E-08	1.52E-08
M7XIT8	1.37E-07	1.54E-07		5.44E-08	4.51E-08	4.93E-08	3.77E-08	3.38E-08			4.06E-08	2.68E-08
M7XKL7	5.30E-08	5.16E-08	1.23E-08	1.20E-08	1.80E-08	1.81E-08	1.96E-08	1.48E-08	2.29E-08	2.39E-08		1.06E-08
M7X5F2	6.19E-08	5.34E-08		2.24E-08		1.25E-08		1.35E-08			1.64E-08	1.25E-08
M7XQ03	1.33E-07	1.03E-07		3.47E-08	4.69E-08		2.60E-08				4.20E-08	3.45E-08
M7XX22	2.15E-07	2.87E-07	7.46E-08	6.83E-08	7.18E-08	1.15E-07	6.80E-08		1.47E-07		6.48E-08	6.14E-08
M7WWK0		4.70E-08		3.31E-08	4.80E-08	3.03E-08	1.40E-08	1.86E-08			2.93E-08	1.37E-08
M7XIV8	5.68E-08	6.68E-08	4.16E-08	3.83E-08	3.71E-08	4.38E-08	3.55E-08				4.10E-08	3.38E-08
M7X5C8	4.20E-08	5.26E-08	2.11E-08	2.65E-08	2.66E-08		2.18E-08	1.61E-08			2.45E-08	1.96E-08
M7WE21		2.62E-08		3.13E-08	4.28E-08	5.72E-08	2.67E-08	3.50E-08	7.81E-08			3.29E-08
M7XQ80	1.26E-07	9.99E-08		3.11E-08		1.01E-07					4.42E-08	3.50E-08
M7XRB9	1.85E-07	1.93E-07		8.41E-08	1.10E-07		6.07E-08	7.11E-08			1.16E-07	9.85E-08
M7WFW6				3.86E-08	4.43E-08	5.18E-08					3.57E-08	3.38E-08
M7WWZ0		3.83E-08		5.42E-09	1.94E-08	2.79E-08		2.02E-08			2.44E-08	1.98E-08
M7X188		1.15E-07		1.31E-07		3.42E-08		3.98E-08			9.46E-08	6.12E-08
M7WGT6		4.47E-08	1.92E-08	1.82E-08	3.91E-08	3.54E-08	2.76E-08	2.23E-08	3.96E-08	3.25E-08	9.53E-09	
M7XPF7		1.69E-07		8.44E-08	9.28E-08	8.80E-08	7.33E-08	7.94E-08			9.95E-08	7.64E-08
M7X1K6		2.20E-08	8.87E-09	8.93E-09		1.39E-08	1.00E-08	1.16E-08			1.78E-08	1.28E-08
M7WQF4	1.87E-08	3.52E-08		2.44E-08	8.34E-09	1.19E-08		1.18E-08			1.26E-08	1.09E-08
M7XWA3				3.28E-08		2.11E-08	3.71E-08					4.52E-08
M7WSM9	6.97E-08		3.54E-08			4.80E-08			1.00E-07	1.11E-07		
M7WQ05	1.45E-08	3.34E-08	1.10E-08	9.79E-09		1.79E-08	2.88E-09	4.50E-09	2.47E-08	2.92E-08	1.11E-08	
M7XS69			5.90E-08	6.40E-08	3.51E-08	2.59E-08	2.97E-08	3.07E-08	1.16E-07	1.13E-07	1.19E-07	1.02E-07
M7WMN0	2.74E-08	8.09E-08			1.63E-08	2.40E-08	1.33E-08	1.21E-08	3.30E-08	2.36E-08	2.12E-08	
M7WLH2		2.29E-08		1.02E-08	2.17E-08	2.22E-08	1.20E-08	1.41E-08		3.78E-08	5.53E-09	1.47E-08
M7Y0J9				7.63E-08		1.19E-07		6.98E-08			9.44E-08	7.75E-08
M7WPV3			3.67E-08			1.51E-07		5.27E-08		1.87E-07		
M7WCI7		8.25E-08		4.02E-07	3.50E-07	5.65E-07	3.46E-07	3.85E-07	7.15E-07	4.64E-07	2.59E-07	
M7WUI1			1.20E-07		1.18E-07	1.45E-07		1.12E-07				
M7XFB7					1.46E-07	9.20E-08		6.53E-08				3.80E-08
M7X4L0			2.86E-08			3.48E-08	2.23E-08	1.65E-08	7.05E-08	6.61E-08		
M7WNM0		2.22E-08			5.66E-08	4.73E-08	9.73E-09					1.04E-08
M7WMV8			6.14E-09	5.31E-09		1.03E-08		6.97E-09	1.62E-08	1.33E-08	5.97E-09	6.92E-09
M7XFH6	7.29E-08		1.05E-07			9.77E-08	5.05E-08		1.31E-07	1.35E-07		
M7XUI5	7.37E-08	8.06E-08		3.48E-08	6.87E-08		7.74E-08	6.88E-08			5.40E-08	4.80E-08
M7WQR8	2.59E-08	3.77E-08	1.24E-08	1.41E-08		3.10E-08	1.37E-08	1.42E-08	5.09E-08	4.10E-08	2.87E-08	1.37E-08
M7WKK0		4.09E-08	3.88E-08	5.34E-08	2.26E-08	3.69E-08					1.15E-07	7.92E-08
M7XQ86	1.93E-08	2.06E-08	8.28E-09	8.11E-09	1.30E-08	1.57E-08		1.02E-08	3.14E-08			1.10E-08
M7WXN2		1.68E-08	1.19E-08	1.99E-08	1.36E-08	1.56E-08		1.17E-08	2.40E-08	2.09E-08	1.80E-08	1.82E-08
M7WMA5	5.22E-08	4.54E-08	3.33E-08	2.03E-08	3.74E-08	3.06E-08	1.90E-08		5.96E-08	6.78E-08	2.93E-08	2.89E-08
M7WNF8					5.81E-09	8.83E-09						
M7XJ77	2.23E-08	1.58E-08		1.74E-08			9.59E-09	1.36E-08	4.04E-08	3.95E-08	6.87E-09	1.50E-08
M7X6U0		5.33E-09		3.11E-08	3.99E-10	2.60E-08	2.70E-08	3.34E-08			1.97E-08	2.13E-08
M7XMT8		3.36E-08		3.01E-08	2.17E-08		2.47E-08	2.35E-08			3.28E-08	1.92E-08
M7X485	1.04E-08		1.21E-08	5.05E-10	1.62E-08	1.71E-08	4.75E-09	9.61E-09	3.14E-08	3.12E-08	6.33E-09	8.02E-09
M7WWB6	3.81E-07	2.72E-07		1.17E-06	1.29E-06		3.88E-07		4.06E-07	4.99E-07		3.06E-07
M7XMI5	2.95E-08	2.28E-08	7.55E-09	1.08E-08	1.74E-08	1.81E-08	1.00E-08	7.45E-09	3.15E-08	4.04E-08	9.87E-09	7.34E-09
M7XHR0		5.26E-08			5.03E-08	5.36E-08	4.00E-08	3.49E-08				2.33E-08
M7X8Z1	6.37E-09		1.10E-08	4.85E-09	2.23E-08	1.41E-08	7.09E-09	6.76E-09	2.11E-08	2.92E-08	6.61E-09	5.41E-09
M7XFJ3		1.80E-08		2.96E-08	6.18E-08	4.51E-08	2.07E-08	2.87E-08			5.85E-09	3.20E-08
M7WSA2	8.97E-08					7.26E-08	4.29E-08	6.59E-08	2.26E-07	1.84E-07		
M7WN98				3.27E-08	1.37E-07						5.06E-08	4.42E-08
M7WZG8			1.87E-08	1.60E-08	7.65E-08	4.84E-08						1.17E-08
M7X647		6.01E-08	5.01E-08	2.85E-08	6.40E-08	8.68E-08	4.88E-08					
M7WW35	1.08E-08	1.32E-08	6.48E-09	8.69E-09	1.55E-08	4.50E-09					9.69E-09	8.73E-09
M7X3I8				1.75E-08	2.19E-08	3.49E-08		1.52E-08	7.53E-08		2.32E-08	1.46E-08
M7X589	1.15E-07		5.52E-08			9.40E-08	5.11E-08	6.40E-08			5.94E-08	4.56E-08
M7XET9				3.14E-08	2.23E-08	1.73E-08		1.73E-08			1.95E-08	1.63E-08
M7XG21				3.51E-08				1.79E-08			4.58E-08	5.21E-08
M7XDK3		6.81E-09		2.28E-08			7.66E-08	1.18E-08			2.33E-08	2.29E-08
M7Y0B9		4.05E-08		1.21E-08		1.71E-08		1.11E-08			1.59E-08	9.35E-09
M7XQY9	1.73E-08	1.59E-08	1.31E-08	6.75E-09			5.76E-09	1.08E-08		2.56E-08	9.81E-09	1.24E-08
M7X5W7				4.60E-08	1.42E-07	1.15E-07	6.22E-08				9.66E-08	8.04E-08
M7WJR6				1.31E-08	1.56E-08	1.40E-08		1.26E-08	2.82E-08		1.38E-08	1.33E-08
M7WW54		7.23E-08		1.24E-08	4.26E-08	5.49E-08	2.90E-08	2.35E-08	1.12E-07		5.95E-08	3.83E-08
M7WIN1	3.54E-08	3.84E-08		5.80E-09	2.09E-08		1.12E-08	1.63E-08	2.82E-08	1.75E-08		
M7WKY2		8.64E-08		2.46E-08	4.13E-08		2.66E-08				3.50E-08	
M7X5P8	9.95E-08	9.76E-08	3.47E-08	3.13E-08	6.51E-08	6.35E-08	3.42E-08	2.88E-08	7.52E-08	9.62E-08	3.52E-08	2.38E-08
M7X3S3			1.23E-08			3.09E-08	1.74E-08	1.19E-08	2.90E-08			
M7WT57			2.33E-08	7.80E-09		3.09E-08		1.84E-08	5.17E-08	5.41E-08		1.60E-08
M7WRU1		2.17E-08		2.17E-08	2.53E-08		1.78E-08		7.66E-08	6.58E-08	2.17E-08	2.35E-08
M7WWM6		1.03E-07		5.21E-08	1.43E-07		6.06E-08	7.90E-08			2.07E-08	5.10E-08
M7XX27				1.73E-08	2.94E-08	4.09E-08			5.58E-08	6.09E-08	2.15E-08	1.71E-08
M7X435	1.60E-07	9.69E-08	5.78E-08	4.17E-08		1.05E-07	9.41E-08	6.36E-08	1.27E-07	1.11E-07	4.41E-08	3.69E-08
M7XK35			1.82E-08	1.24E-08		2.15E-08	1.27E-08	1.90E-08	2.39E-08		1.90E-08	
M7WR03				2.73E-08	4.96E-08		2.38E-08	3.65E-08				3.31E-08
M7XBK3	9.82E-08	8.23E-08	4.66E-08	4.50E-08	8.82E-08	5.54E-08	6.50E-08	4.85E-08	1.05E-07	7.99E-08		3.58E-08
M7WXF5	1.14E-07	8.91E-08		3.05E-08	6.19E-08	6.46E-08	6.04E-08	5.71E-08	1.29E-07	1.12E-07	3.95E-08	4.21E-08
M7WYW9		5.45E-08		4.61E-08	3.84E-08	4.41E-08	4.13E-08	2.65E-08	5.01E-08	6.68E-08		3.03E-08
M7XR48			5.02E-08	5.73E-08		4.49E-08	7.28E-08	6.81E-08	1.76E-07	1.46E-07		
M7XU63	8.96E-08	8.20E-08		3.79E-08	1.20E-07	1.51E-07	6.26E-08	5.49E-08	1.68E-07	2.00E-07	5.49E-08	7.17E-08
M7WK60	3.28E-08	3.71E-08		1.93E-08	2.13E-08	2.69E-08	1.84E-08	1.74E-08	6.51E-08	4.90E-08	1.38E-08	1.49E-08
M7X3W3							5.27E-09	6.83E-09				2.20E-09
M7X2P2				2.98E-09	5.51E-09	5.98E-09	3.39E-09		7.58E-09		2.57E-07	4.05E-07
M7X134			2.29E-08	2.00E-08							4.25E-08	
M7WK66	1.61E-07		1.51E-07	8.43E-08	1.09E-07	9.95E-08	8.79E-08				1.39E-07	
M7XA72		3.33E-08	1.06E-08	6.72E-09	1.10E-08	1.28E-08	1.17E-08	9.35E-09			1.07E-08	
M7X7S3				3.22E-08	5.17E-08	5.42E-08	3.27E-08	2.50E-08			5.12E-08	3.76E-08
M7XZS5		5.14E-08	1.57E-08	2.07E-08		1.38E-08	1.34E-08	1.06E-08			1.94E-08	1.49E-08
M7XMR4	1.28E-08	1.62E-08	1.35E-08	9.54E-09	1.92E-08	1.39E-08	1.50E-08	9.59E-09	2.37E-08		7.64E-09	7.68E-09
M7XK58	6.55E-08			2.72E-08	5.96E-08	6.73E-08	4.48E-08	4.48E-08	1.19E-07	9.94E-08	4.11E-08	3.88E-08
M7WES3	5.18E-08			6.18E-08	1.23E-07		4.22E-08		1.17E-07	1.32E-07	5.81E-08	4.36E-08
M7XCS9	2.61E-08	5.38E-08	1.79E-08			1.40E-08	7.91E-09	9.25E-09				1.20E-08
M7XXU1		2.77E-08				4.17E-08			2.47E-08	6.20E-08	2.89E-08	
M7WPU1		1.42E-08		6.93E-09		1.19E-08	1.35E-08	1.32E-08			2.61E-08	2.41E-08
M7XR30					1.14E-07	1.19E-07	9.29E-08	1.27E-07				
M7XVU3	1.88E-08	2.00E-08	5.96E-09	5.32E-09	6.53E-09	1.01E-08	4.17E-09	5.19E-09	4.22E-08	4.21E-08	6.20E-09	8.69E-09
M7X114				1.17E-08			1.66E-08	8.65E-09	3.87E-08			1.37E-08
M7WZ41		4.29E-08		2.52E-08	2.53E-08	3.77E-08	3.40E-08			4.61E-08		
M7WXV1		1.51E-07			9.36E-08	1.89E-07	1.16E-07	1.41E-07			1.90E-07	
M7XKC0		2.61E-08		1.96E-08	1.34E-08	1.94E-08	1.43E-08	1.51E-08			1.73E-08	1.54E-08
M7X1J3	3.15E-08	2.33E-08		1.71E-08	1.99E-08	2.37E-08	2.81E-08	2.71E-08	6.20E-08	6.11E-08	3.68E-08	3.19E-08
M7WWI5		4.27E-08	1.89E-08	1.40E-08	4.82E-08	5.82E-08	3.41E-08					1.14E-08
M7WK79		5.66E-08	2.28E-08	2.73E-08	3.29E-08		2.42E-08	4.68E-09		5.90E-08	2.58E-08	2.08E-08
M7XLN3			2.28E-08	1.46E-08	4.73E-08	7.70E-08		5.32E-08	8.28E-08	5.50E-08		1.42E-08
M7WJG2	3.35E-08	3.65E-08		2.62E-08	2.08E-08	2.38E-08	1.92E-08	1.67E-08	3.40E-08	3.16E-08	2.25E-08	2.10E-08
M7X7N7		1.22E-08		5.64E-09	5.97E-09	1.16E-08	3.86E-09	6.08E-09			5.45E-09	
M7XLR9	3.10E-08	2.58E-08	2.70E-08	1.36E-08	2.53E-08		1.29E-08	9.99E-09		3.77E-08		
M7X8K9	4.06E-08	2.33E-08		5.34E-09	3.81E-09							1.24E-09
M7WEG2		1.16E-07		4.74E-08	1.10E-07		5.83E-08	4.68E-08			4.54E-08	9.15E-08
M7XYB4	1.55E-08	1.68E-08		1.53E-08	2.24E-08	2.58E-08	1.60E-08	1.16E-08	3.71E-08	3.13E-08	1.83E-08	1.34E-08
M7XMG8				1.68E-07	1.81E-07	1.19E-07		8.20E-08			1.12E-07	8.41E-08
M7XXH0		1.56E-07			1.83E-07		7.87E-08				5.25E-08	4.40E-08
M7WUX3		2.16E-08	1.33E-08	1.02E-08	1.93E-08	1.46E-08	1.27E-08	1.33E-08	2.99E-08		1.14E-08	8.16E-09
M7XCW5					6.34E-08	2.14E-08	4.75E-08	1.59E-08				
M7XZW3		5.89E-08		2.70E-08	3.36E-08	4.44E-08	3.46E-08	3.15E-08			1.74E-08	3.20E-08
M7X9Z2	2.36E-08	1.89E-08	1.59E-08	4.96E-09	1.71E-08		8.38E-09	9.27E-09			1.93E-08	1.01E-08
M7X6P6	1.01E-08	1.22E-08			2.30E-08	1.60E-08	1.31E-08	1.01E-08	2.41E-08	3.17E-08		
M7WM55						1.04E-08		2.88E-09				
M7X0I1	3.99E-08	3.57E-08		1.45E-08	1.90E-08		1.47E-08	1.09E-08		7.65E-09	3.08E-08	1.59E-08
M7WCZ5		2.25E-08	2.04E-08	2.11E-08	2.11E-08	2.37E-08	1.94E-08	1.58E-08			3.06E-08	1.96E-08
M7XZ18	2.24E-08	2.49E-08	1.10E-08									
M7WQY0									1.33E-07	7.75E-08		
M7WKA8		1.44E-08	1.05E-08	6.29E-09		9.74E-09	4.75E-09	5.21E-09	1.38E-08	1.49E-08	9.68E-09	6.01E-09
M7X4H7						7.63E-08		9.84E-08			6.23E-08	4.66E-08
M7XDX2	3.18E-08	1.99E-08	2.83E-08		4.57E-08			3.04E-08	1.03E-07	1.29E-07	3.46E-08	
M7XI94					1.62E-08							1.32E-08
M7WRQ0		6.22E-08		1.92E-08	3.31E-08		2.43E-08	1.89E-08		3.29E-09	2.18E-08	1.32E-08
M7X6L5	3.67E-08	3.13E-08		1.08E-08	1.32E-08	1.86E-08		1.37E-08	2.31E-08		1.00E-08	1.13E-08
M7WXK5		3.98E-08			7.01E-08	7.33E-08		3.72E-08			3.77E-08	
M7XXX6	1.04E-08		7.19E-09	6.63E-09	6.80E-09	6.30E-09		5.99E-09	1.84E-08	2.14E-08	5.34E-09	5.53E-09
M7WUW2			1.83E-08				3.06E-07	1.11E-07		3.37E-08		
M7WV82						4.31E-08	2.21E-08	3.41E-08			1.34E-08	
M7X411						1.04E-08			2.27E-08	7.84E-09		
M7WDQ1		1.91E-08	7.72E-09	7.50E-09	1.40E-08	1.43E-08	1.28E-08	6.89E-09	2.76E-08	2.68E-08	9.33E-09	6.48E-09
M7WCT9	8.66E-08			2.38E-08	4.50E-08	5.68E-08	2.63E-08	4.39E-08	3.41E-08		1.29E-08	2.04E-08
M7WS18					1.78E-07							
M7XXN3	2.53E-08					4.50E-08	5.20E-08	6.79E-09	1.96E-07	1.69E-08		
M7XCX5				4.22E-10							4.68E-09	3.18E-09
M7WKJ2						6.62E-08		2.08E-08				
M7XXQ5	1.99E-08	1.85E-08		7.05E-09	8.69E-09	1.10E-08	8.54E-09	7.20E-09	1.91E-08	1.90E-08	4.81E-09	4.47E-09
M7XH01	9.27E-08		5.89E-08	7.91E-09			4.51E-08				6.63E-08	
M7XE69			5.20E-08	2.66E-08		1.77E-08		2.29E-08			2.26E-08	
M7Y0R1		8.78E-08	2.41E-07			1.77E-07	1.36E-07	1.31E-07	1.57E-07	1.29E-07		4.41E-07
M7WLV6		4.62E-08		1.73E-08	3.99E-08	4.00E-08	2.61E-08	2.09E-08				6.42E-08
M7XLM2		2.21E-08				1.16E-08	6.56E-09	7.01E-09	2.28E-08	2.55E-08	8.96E-09	
M7XAN3		1.63E-07		1.47E-07			1.17E-07	1.02E-07			1.22E-07	1.58E-07
M7X7A0				7.73E-09	1.22E-08	1.46E-08	7.10E-09	6.41E-09			6.78E-09	5.84E-09
M7X5Y2		6.76E-08	1.72E-07	1.88E-07	5.66E-08			3.65E-08			5.41E-08	
M7XN69	2.87E-08	3.68E-08		1.81E-08	2.78E-08		1.86E-08		3.34E-08	3.21E-08	1.05E-08	1.88E-08
M7X4J0		1.71E-08		2.13E-08		3.23E-08					2.08E-08	
M7WSU8		1.16E-07	4.82E-09	1.46E-08	1.57E-08	1.47E-08	7.50E-08				1.02E-08	1.08E-08
M7XJS2				2.28E-08	1.77E-08	2.97E-08	1.73E-08				3.85E-08	
M7WM36	1.79E-07	2.26E-07	1.95E-07	1.86E-07	1.99E-07	2.14E-07	1.47E-07	1.68E-07	4.78E-07	3.18E-07	5.57E-07	3.92E-07
M7WTP0			1.14E-08	4.37E-09		1.98E-08	2.09E-09	1.12E-08	3.13E-08	2.81E-08		8.66E-09
M7XSD9		3.88E-08		1.03E-08		1.63E-08	1.37E-08	1.41E-08			1.79E-08	
M7WXB2	2.50E-08						3.04E-08		1.98E-08			
M7WZZ2	2.31E-08	1.53E-08	1.40E-08	1.45E-08			1.72E-08		2.19E-08	2.44E-08		
M7WM64		4.99E-08			2.11E-08	2.17E-08	1.47E-08	1.34E-08				1.17E-08
M7XCH9	6.20E-08			2.85E-08	5.38E-08		1.99E-08	1.57E-08	7.39E-08	8.44E-08	3.03E-08	
M7WRP6		4.51E-08		1.90E-08	5.46E-08		3.34E-08	4.45E-08			1.90E-08	2.12E-08
M7WJX6		6.48E-08		4.93E-08	5.75E-08	6.16E-08	4.10E-08	3.61E-08			4.88E-08	4.67E-08
M7WK75	1.52E-08	1.20E-08	1.30E-08	1.37E-08	1.58E-08	2.29E-08	1.35E-08	1.47E-08			1.13E-08	8.24E-09
M7XER3		1.61E-08	1.13E-08	9.99E-09	1.25E-08		9.93E-09	8.27E-09	3.32E-08	2.98E-08		9.97E-09
M7WRQ9		2.97E-08			4.54E-08	6.08E-08	2.51E-08	2.58E-08			1.29E-08	1.22E-08
M7WMD2					5.69E-08	4.42E-08	3.74E-08	3.47E-08				3.59E-08
M7X5P1		8.90E-08		8.10E-08	9.40E-08	9.59E-08					1.23E-07	1.01E-07
M7X4T0	1.90E-08	2.51E-08			2.78E-08	2.40E-08	1.95E-08	1.64E-08			5.87E-09	4.53E-09
M7XK41				1.24E-08	8.59E-08			4.28E-08				
M7XKC6	2.35E-08		1.86E-08			2.18E-08		1.39E-08	3.18E-08	3.28E-08	1.30E-08	
M7WLJ2			6.63E-09	5.54E-09		6.58E-09		4.84E-09	1.11E-08	1.54E-08	6.99E-09	7.23E-09
M7WTW8	3.81E-08	5.49E-08	1.34E-08	1.88E-08	1.33E-08	1.86E-08	1.60E-08	1.06E-08	2.97E-08	2.05E-08		
M7XI76	4.34E-08	4.31E-08		1.75E-08	3.75E-08	2.58E-08			6.39E-08	5.08E-08	3.50E-08	2.98E-08
M7WKV6	5.10E-08		1.75E-08	1.72E-08	4.63E-08	5.95E-08	3.34E-08	3.41E-08	9.01E-08	8.61E-08	4.76E-08	2.33E-08
M7WST5		1.71E-08	1.13E-08	9.53E-09	1.10E-08	1.84E-08	8.90E-09		2.62E-08	2.34E-08		
M7XZ40		8.82E-08	2.18E-08	3.11E-08	5.47E-08	6.23E-08	4.35E-08		5.53E-08	5.57E-08		
M7X6Q4			2.09E-08	1.99E-08	2.65E-08	3.79E-08	1.88E-08	2.21E-08	4.88E-08	4.74E-08	2.59E-08	
M7WWU7	4.70E-09	1.27E-08	7.17E-09	7.18E-09			4.09E-09			7.17E-08	4.75E-09	4.26E-09
M7XLA5	1.87E-08	2.79E-08	2.18E-08	6.40E-09								1.00E-08
M7XGX9		4.34E-08		1.15E-08		6.49E-09	1.05E-08	1.14E-08			1.59E-08	1.90E-08
M7XIG5			1.69E-08	1.58E-08	3.39E-09	5.43E-09	1.02E-08	8.35E-09	4.27E-09	2.55E-09	1.90E-08	1.11E-08
M7XNI1		7.42E-08		5.14E-08	7.63E-08		4.32E-08	4.09E-08			3.00E-08	3.64E-08
M7WKA3	1.52E-08	1.13E-08		1.06E-08	1.18E-08	1.60E-08	8.62E-09	9.84E-09	1.79E-08	2.24E-08	9.11E-09	9.45E-09
M7WWP2				9.62E-09	3.43E-08	4.69E-08					4.13E-08	2.23E-08
M7WQV0	6.93E-08					5.74E-08	3.08E-08	2.60E-08		6.92E-08	3.34E-08	
M7XX75				7.70E-09		2.58E-08	1.40E-08				1.53E-08	2.01E-08
M7XZZ6	3.82E-08		1.40E-08	1.93E-08	3.19E-08	4.81E-08	3.34E-08	2.43E-08	7.53E-08			3.53E-08
M7X206		2.88E-08		2.37E-08	1.93E-08	1.82E-08	2.02E-08	1.47E-08			1.96E-08	2.14E-08
M7X2Y8								8.33E-09	6.05E-08	4.38E-08		
M7WLX8		1.69E-08			2.60E-08	2.89E-08	1.79E-08		4.16E-08			
M7XY96				3.66E-08	7.37E-08		8.83E-08					4.88E-08
M7X5E5	4.61E-08	4.87E-08		1.86E-08	2.19E-08	1.81E-08	2.50E-08	1.74E-08			1.95E-08	
M7WUI8		2.47E-08		1.10E-08	3.28E-08		1.41E-08					1.37E-08
M7XGT4	4.93E-08	4.52E-08			1.58E-08	2.08E-08	9.25E-09	9.65E-09			1.29E-08	1.03E-08
M7XJC5		3.67E-08	1.14E-08	9.08E-09		1.66E-08	1.06E-08		3.01E-08	3.14E-08		
M7WQC6				5.56E-09		7.80E-09		4.56E-09			8.49E-09	1.01E-08
M7XM99						6.07E-08		2.33E-08				
M7XF22				6.35E-08	1.07E-07				1.81E-07		5.61E-08	5.93E-08
M7X661		1.98E-08		4.28E-08	5.97E-08	6.55E-08	4.01E-08	3.64E-08	6.06E-08	6.37E-08	3.76E-08	3.07E-08
M7WXA0			3.35E-08	2.66E-08	2.22E-08	2.14E-08	1.80E-08	7.92E-09	3.20E-08	2.94E-08	2.67E-08	2.28E-08
M7XBB3				9.33E-08		1.08E-07					1.14E-07	9.60E-08
M7WNG6		1.21E-08		6.56E-09	1.03E-08	1.47E-08	8.40E-09	7.45E-09			6.98E-09	
M7WR72						2.02E-08		1.25E-08	3.25E-08	4.19E-08	7.48E-09	
M7X5X1		1.87E-08				3.32E-08	1.81E-08					
M7XFW5			1.09E-08			6.04E-09		9.52E-09	4.02E-08			
M7WMT8	2.42E-08	2.50E-08	1.63E-08	1.43E-08	2.19E-08		1.20E-08	6.83E-09	2.35E-08	2.85E-08		
M7XMC0		2.16E-08	2.09E-08	1.87E-08	2.91E-08	2.76E-08	1.64E-08	1.57E-08			1.85E-08	
M7WPE7			7.64E-08			2.09E-08						
M7XCN4	4.81E-08	2.59E-08	1.98E-08	1.82E-08	2.21E-08	1.72E-08	9.98E-09	8.25E-09			1.01E-08	7.22E-09
M7WDN7		6.19E-08		2.14E-08	1.65E-08	2.10E-08	1.44E-08	8.26E-09			2.34E-08	1.75E-08
M7X3L8			3.83E-08	4.44E-08	4.01E-08	3.68E-08		2.52E-08	8.11E-08		3.91E-08	4.07E-08
M7XGS0	2.14E-09	2.61E-09							5.11E-09	4.43E-09		
M7XP92				2.14E-08		4.99E-08		3.19E-08	5.37E-08		3.24E-08	3.75E-08
M7XRG9	1.65E-08	1.43E-08		5.10E-09	1.03E-08		6.48E-09				8.06E-09	7.26E-09
M7XPQ0		1.15E-08			2.46E-08	3.31E-08	1.35E-08	1.50E-08			1.36E-08	9.49E-09
M7XMN3		1.60E-08	6.81E-09	7.05E-09		3.95E-09	8.03E-09	6.08E-09				
M7X037		1.44E-08				2.00E-08	1.65E-08					
M7XIU8						1.91E-08		1.10E-08				
M7X7Q6		3.39E-08			3.34E-08		7.50E-09	9.59E-09				
M7WR98				2.18E-08	3.95E-08	2.89E-08					3.09E-08	3.02E-08
M7WZG0	3.56E-08		2.68E-08	5.55E-09		1.97E-08	1.88E-08	1.41E-08	3.88E-08	4.43E-08	2.19E-08	
M7XA42		5.09E-08	1.43E-08	1.35E-08	2.34E-08	2.24E-08		1.28E-08				1.60E-08
M7XK63				5.81E-08	6.87E-08	7.86E-08	5.89E-08	4.43E-08			4.59E-08	6.13E-08
M7X4H9	2.97E-08		7.18E-08	6.47E-08		9.87E-09	3.19E-08	6.61E-08			3.70E-08	4.80E-08
M7XMF4			1.19E-08	1.61E-08		1.88E-08	1.66E-08	1.24E-08	3.18E-08	3.05E-08	2.56E-08	
M7WKT2	2.61E-08			7.41E-09	1.37E-08						7.71E-09	6.46E-09
M7XAB5				3.93E-08	5.07E-08	5.45E-08		3.20E-08			3.01E-08	4.22E-08
M7XZE2				1.10E-08	2.78E-08		2.11E-08				1.07E-08	1.04E-08
M7X121				1.65E-08	3.22E-08	3.09E-08	2.52E-08				2.16E-08	1.82E-08
M7XJQ7	2.72E-08	2.24E-08	4.95E-08	3.99E-08		2.15E-08	2.25E-08	2.43E-08			4.76E-08	2.55E-08
M7XG27	6.06E-08	7.22E-08				1.95E-08	1.88E-08	1.09E-08	4.14E-08			
M7X1X8	1.08E-08	1.07E-08		4.92E-09	5.06E-09	5.72E-09	2.70E-09				5.83E-09	4.23E-09
M7XUM6	1.96E-08	1.87E-08				9.17E-09	9.74E-09	6.10E-09	1.84E-08	1.71E-08		
M7X4L8	2.94E-09	3.19E-09		3.50E-09		8.95E-09		4.03E-09			4.35E-09	3.69E-09
M7WRZ9	1.57E-08			1.24E-08		2.03E-08	7.62E-09		4.69E-08	4.02E-08	2.84E-08	6.66E-09
M7XQ43			5.76E-09	8.75E-09		8.28E-09	4.12E-09	7.24E-09	1.88E-08	1.47E-08	1.17E-08	
M7XJ86	8.37E-09	4.18E-08		9.76E-09		2.25E-08	1.15E-08	1.34E-08				
M7X611	3.27E-08	3.87E-08	3.45E-08	2.57E-08		2.63E-08	2.14E-09	1.10E-08				1.35E-08
M7XIJ4	1.13E-08		5.79E-09	5.29E-09	9.57E-09	8.37E-09	6.66E-09	4.99E-09	1.61E-08			
M7WN66				7.19E-09	1.53E-08	1.30E-08	8.43E-09	6.76E-09			7.90E-09	8.07E-09
M7WLQ3	1.58E-08	1.48E-08		9.56E-09	1.48E-08	1.43E-08	9.31E-09	9.65E-09	3.79E-08	4.02E-08		6.02E-09
M7WCR3				6.97E-09	1.79E-08	3.12E-08		1.72E-08	2.36E-08			
M7X3P9	1.19E-08	1.31E-08		3.08E-09								
M7X3Y4				3.11E-08		2.13E-08		1.84E-08				3.45E-08
M7WMS0		8.59E-08		4.30E-08	4.70E-08		3.47E-08	2.68E-08		3.68E-08	5.24E-08	
M7WIC0				2.16E-08	1.10E-07						2.51E-08	2.13E-08
M7WLT3	2.53E-08	2.47E-08		1.53E-08	1.55E-08		1.40E-08	1.06E-08	2.68E-08	2.69E-08	1.80E-08	1.26E-08
M7X440							3.86E-08	1.21E-08		2.95E-08		
M7WHJ6					8.92E-09	2.18E-08	1.47E-08	7.59E-09	2.33E-08	2.70E-08		
M7X146	1.12E-08	1.63E-08		5.56E-09	7.43E-09	1.31E-08	7.59E-09				5.83E-09	3.75E-09
M7XP29				1.11E-08		1.80E-08					7.02E-09	1.40E-08
M7WP91				1.49E-08	3.98E-08		2.20E-08				2.20E-08	1.89E-08
M7XXJ2		1.09E-07		3.83E-08			3.71E-08	4.68E-08				
M7XT78				2.75E-08	4.31E-08	5.95E-08		2.79E-08			2.55E-08	2.29E-08
M7X0E2	6.28E-10	1.50E-11					6.13E-10			2.02E-09		
M7WKY6	6.83E-08	6.01E-08	3.79E-08	2.17E-08		1.30E-08	1.19E-08	1.28E-08			9.78E-09	1.21E-08
M7WRB2			1.10E-08		4.52E-09	2.23E-09	9.82E-09	1.26E-08	3.22E-08		1.22E-08	1.48E-08
M7XXL8						3.86E-08	1.50E-08	1.68E-08	7.09E-08	5.50E-08		
M7XF59				6.61E-08			1.42E-08					
M7X713		4.19E-08		2.12E-08			1.61E-08	8.25E-09			2.45E-08	2.09E-08
M7XHE0		4.02E-08		6.15E-08			7.25E-08	5.98E-08				8.87E-08
M7XLN7			6.27E-09			1.21E-08	4.87E-09	1.24E-08	1.61E-08			
M7WUK2	1.86E-07	1.85E-07		4.51E-08	1.29E-07	7.78E-08	3.41E-08	1.69E-08		3.15E-08		
M7X3T7	4.16E-08			1.92E-08	3.52E-08	3.31E-08					2.12E-08	1.83E-08
M7WPL8			4.33E-08		2.57E-08	1.78E-08						
M7WL36				2.00E-08	2.88E-08	3.34E-08	2.38E-08	2.25E-08	3.84E-08		4.72E-08	2.34E-08
M7X1L8		1.82E-08				8.70E-09	6.81E-09	6.92E-09				7.10E-09
M7WQJ9						7.28E-09	2.90E-09	5.50E-09	2.40E-08	1.16E-08		
M7WXR6	6.76E-09		9.14E-09	7.94E-09			4.04E-09		6.92E-09		2.07E-08	1.79E-08
M7XHH2	3.67E-08			1.58E-08		3.17E-08	1.73E-08	1.64E-08	1.20E-07	1.11E-07		1.03E-08
M7WQ78	1.70E-08	1.66E-08		8.18E-09			7.53E-09	9.77E-09	9.30E-09	1.06E-08	1.12E-08	1.04E-08
M7WE37						5.77E-09		3.05E-09	1.03E-08	8.65E-09		
M7XII9	1.44E-08	1.35E-08		9.85E-09			3.81E-09				1.19E-08	5.69E-09
M7XFA7				1.17E-08								1.42E-07
M7WNP2	1.81E-08			8.00E-09	2.23E-08	1.97E-08	1.43E-08	1.28E-08				7.56E-09
M7WP13		1.12E-08	7.75E-09	7.14E-09		5.88E-09	6.28E-09				1.09E-08	
M7X065				5.34E-10			5.67E-09				3.56E-09	1.05E-09
M7XK54		7.18E-08			3.25E-08	2.78E-08	2.22E-08	2.03E-08				
M7WZM3				5.27E-09		1.63E-08		7.09E-09				
M7WW92	8.66E-08		3.65E-08		3.42E-08	3.39E-08	2.54E-08	2.06E-08	4.79E-08	5.85E-08	2.37E-08	4.05E-08
M7WZ63				1.65E-08	4.59E-08			2.17E-08				2.17E-08
M7WU99	8.77E-08	9.09E-08		2.57E-08	2.13E-08	2.20E-08	1.35E-08		4.11E-08	4.29E-08	2.08E-08	
M7WUK3			4.47E-08			3.13E-08		1.84E-08	3.61E-08	4.96E-08		
M7WVY9	1.90E-08	1.94E-08	1.28E-08	1.06E-08	1.14E-08	1.16E-08	1.11E-08		3.14E-08	3.23E-08		8.34E-09
M7WUP4			1.41E-08			3.42E-08	2.56E-08	2.60E-08	7.20E-08		2.78E-08	
M7XEI0	4.50E-08	2.78E-08		9.16E-09		1.24E-08	4.67E-09					3.35E-09
M7XME0				4.38E-08	5.94E-08						9.61E-08	7.54E-08
M7X405			6.09E-09	5.37E-09	1.80E-08			7.78E-09	3.65E-08	2.44E-08	7.19E-09	6.64E-09
M7XVZ7	1.78E-08	1.86E-08		1.27E-08	1.28E-08	1.19E-08	8.31E-09		2.20E-08	2.43E-08	7.19E-09	5.06E-09
M7WSL2				1.31E-08	1.93E-08			1.48E-08			1.73E-08	
M7XE38				1.08E-08		7.47E-09						6.99E-09
M7X2V2		5.22E-08				2.53E-08		1.30E-08				5.08E-08
M7XI43		1.65E-08	5.71E-09		9.63E-09			8.93E-09			7.73E-09	5.01E-09
M7X6L4		2.48E-08		1.03E-08	2.90E-08		1.78E-08				1.08E-08	8.25E-09
M7X4Q7		1.19E-08	2.16E-08		2.29E-08	4.03E-08	1.91E-08	2.19E-08	5.52E-08	5.10E-08		
M7XU34	3.31E-08		9.59E-09	8.73E-09	9.15E-09			8.83E-09	3.71E-08	3.06E-08		7.15E-09
M7WNA4	2.29E-08	2.69E-08		1.25E-08	1.23E-08	1.62E-08				2.67E-08	1.56E-08	1.26E-08
M7XJ43			1.08E-08	1.54E-08	1.59E-08			1.55E-08	2.60E-08	1.28E-08	2.02E-08	1.43E-08
M7WNB6						2.54E-08	1.30E-08	1.58E-08	4.03E-08	4.34E-08		
M7WZW6		1.27E-07	2.73E-08					3.35E-08		9.55E-08		
M7WRR5		3.52E-08	2.36E-08		2.38E-08	1.46E-09	2.27E-08	2.14E-08	2.47E-08	2.28E-08		
M7XRZ5					3.17E-08				5.33E-08	8.60E-08	1.28E-08	1.18E-08
M7XI50		1.05E-08			5.52E-09	6.15E-09	5.40E-09	4.56E-09				
M7X1L4		1.64E-08				1.84E-08		6.68E-09	2.30E-08	2.10E-08		
M7X761		1.25E-08		6.97E-09	2.16E-08	9.60E-09	5.98E-09	4.90E-09	3.47E-08	4.52E-08	7.76E-09	4.36E-09
M7WS85		3.52E-08		2.25E-08	5.34E-08	5.71E-08	2.14E-08	2.37E-08			2.55E-08	2.00E-08
M7X513		2.65E-08	1.12E-08	8.24E-09	1.85E-08				2.46E-08	3.70E-08	1.05E-08	6.51E-09
M7XZP0	3.28E-08			2.76E-08	2.01E-08		5.30E-08	1.68E-08	6.24E-08		2.77E-08	2.45E-08
M7WQ52			9.27E-09		1.74E-08			2.34E-08	3.11E-08	3.00E-08		
M7WIA1			1.81E-08		6.13E-08	3.06E-09	3.57E-08		5.29E-08			
M7XCS3						2.57E-07		1.64E-08	9.93E-08			2.38E-07
M7WX60	4.63E-08					6.99E-08	4.03E-08	5.15E-08	1.31E-07	7.75E-08		
M7WMG1					3.29E-08	3.66E-08	4.80E-08	2.07E-08	4.59E-08			
M7WF07	3.80E-08	1.87E-08		4.54E-08			1.97E-08	9.87E-09			1.42E-08	
M7X6P7	3.64E-08			7.28E-09				6.94E-09	1.35E-08		1.47E-09	
M7XU10	1.71E-08	1.44E-08					4.72E-09					
M7WDI1						1.52E-08	1.15E-08	7.46E-09	3.77E-08	3.01E-08		
M7WXL6		1.69E-07				7.24E-08	2.73E-08					
M7XRV5	4.11E-08	3.41E-08		1.82E-08	2.13E-08		2.38E-08	1.61E-08			1.55E-08	2.13E-08
M7WKT4				3.51E-08	6.49E-08						4.46E-08	4.36E-08
M7WY08	1.52E-08	1.92E-08	6.51E-09	5.61E-09	1.17E-08	9.46E-09		4.70E-09	1.10E-08		9.54E-09	6.96E-09
M7X1B7			1.54E-08					4.18E-08	1.16E-07			
M7X197		4.53E-08				3.99E-08						
M7XH91				1.15E-08		1.44E-08						1.52E-08
M7X5K6						1.42E-08	1.26E-08	8.55E-09	3.78E-08	3.97E-08		
M7X9C4			3.82E-09	1.53E-08		1.82E-08		9.59E-09				
M7XCK8	8.99E-09	1.01E-08	3.46E-09	1.57E-09		3.61E-09					1.77E-09	
M7WWN4		1.51E-08			1.85E-08		5.95E-09		1.15E-07	1.24E-07		
M7X2K4			6.16E-09			8.61E-09		3.77E-09	2.43E-08	3.08E-08		
M7WYU7	1.90E-08	1.35E-08		6.17E-09		1.17E-08	1.08E-08					
M7X765					2.75E-09	3.97E-09		2.37E-09			1.52E-09	3.92E-09
M7WRE8				2.49E-09	3.01E-09	3.59E-09	2.46E-09	2.25E-09				
M7WQ93		2.52E-08		9.42E-09	2.03E-08		9.55E-09				9.74E-09	7.05E-09
M7WN42		2.44E-08		1.09E-08	2.05E-08	1.72E-08	1.66E-08	1.21E-08			1.12E-08	1.33E-08
M7XR52				2.16E-08			3.16E-08	1.34E-08				2.07E-08
M7XPA0	4.60E-09		2.01E-09		5.46E-09		2.55E-09	2.47E-09	7.46E-09	5.42E-09	3.24E-09	2.08E-09
M7XIM6		4.72E-08		8.52E-09		1.39E-08						
M7XEL5		4.89E-08				2.78E-08	1.84E-08	1.31E-08				1.07E-08
M7XNX3	2.64E-08	1.86E-08	1.73E-08	1.77E-08		2.45E-08	1.20E-08	8.67E-09	3.70E-08	3.73E-08		
M7WLB9		1.64E-08		6.31E-09	1.20E-08		9.83E-09					
M7WKB4						1.20E-08	8.16E-09	5.24E-09	9.23E-09			
M7XB96				3.22E-08	5.43E-08	4.97E-08	4.02E-08	2.56E-08			3.20E-08	
M7X890	1.21E-07	2.63E-08		1.44E-08								
M7X706	9.65E-09	8.83E-08				6.67E-08	3.64E-08	4.62E-08			4.85E-08	
M7WUV6			5.45E-08		1.01E-07	9.02E-08	6.67E-08				1.04E-07	9.56E-08
M7WRE2	2.45E-08	2.87E-08	7.47E-09			8.31E-09	8.22E-09	7.38E-09	1.48E-08	1.46E-08		
M7X793			1.83E-08		2.29E-08		1.19E-08	1.18E-08	2.91E-08	3.53E-08	1.85E-09	
M7WEU6	1.72E-08	1.74E-08		9.33E-09		1.27E-08		1.07E-08			1.18E-08	1.15E-08
M7WIE6	1.08E-08				6.16E-09	8.77E-09						
M7WXV0	8.83E-09					6.38E-09	5.89E-09	3.24E-09		1.46E-08		
M7X6F2				4.89E-09		6.85E-09	5.67E-09	4.02E-09			4.06E-09	
M7WSM3				1.36E-08		4.92E-09		1.16E-08			7.19E-09	5.32E-09
M7XFX0		2.26E-08		1.80E-08	1.47E-08	2.61E-08	1.27E-08				2.61E-08	2.46E-08
M7WFL8	6.18E-08	7.91E-08		2.44E-08	5.12E-08							1.14E-08
M7XVM5	3.80E-08	2.77E-08				2.85E-08		1.54E-08	4.30E-08	3.66E-08	2.39E-08	
M7X3Z8	1.21E-08	1.30E-08	1.40E-08	1.45E-08	5.36E-09	5.11E-09	6.07E-09	5.69E-09	1.42E-08	1.53E-08	1.82E-08	1.71E-08
M7XFD3	1.23E-08						8.45E-09		9.94E-09	8.89E-09		
M7X727		1.75E-08		6.93E-09	1.83E-08	1.07E-08	1.17E-08	1.15E-08	2.56E-08	2.28E-08		
M7WDE2			1.15E-08		6.27E-08			1.27E-08				
M7XPL2	2.37E-08	3.59E-08	2.33E-08	1.79E-08		1.98E-08		1.53E-08	3.05E-08		1.50E-08	1.52E-08
M7WLH7	8.39E-09			1.16E-08		1.22E-08	9.26E-09	1.31E-08	1.06E-07		1.47E-08	
M7WX05			2.18E-08	2.15E-08	1.88E-08			1.88E-08			2.75E-08	2.07E-08
M7X1V6	1.23E-08				4.10E-08	4.44E-08	3.00E-08	2.56E-08	8.74E-08			
M7X1G2				7.33E-09				6.93E-09			2.60E-08	1.03E-08
M7WYZ1			9.41E-08			9.05E-08		6.05E-08	1.63E-07	2.01E-07	1.20E-07	
M7WJF8	1.58E-08	1.61E-08	6.79E-09	4.72E-09			6.89E-09		1.61E-08		6.46E-09	8.84E-09
M7XTS7		5.37E-09		5.76E-09	9.41E-09	9.44E-09	4.22E-09	4.90E-09			6.12E-09	4.49E-09
M7WZJ3		3.11E-08		1.11E-08	2.99E-08	2.48E-08		8.30E-09			1.69E-08	1.22E-08
M7XI38		2.54E-08		1.68E-08	2.32E-08		1.57E-08				1.13E-08	1.57E-08
M7WU68				2.69E-08	3.69E-08	3.81E-08						3.09E-08
M7WJQ7					2.97E-08		4.05E-09		8.86E-09	2.97E-08		
M7WKJ8	2.84E-08	2.87E-08		9.98E-09	2.02E-08		1.71E-08	1.08E-08				
M7XGT2				1.15E-08	9.57E-09						1.98E-08	1.33E-08
M7X3D5	1.88E-08	2.04E-08				1.04E-08	8.25E-09	6.97E-09				4.72E-09
M7WZ52			3.22E-08	1.42E-08							1.93E-08	1.78E-08
M7XV18	2.44E-08	3.61E-08		1.28E-08	3.02E-08	2.64E-08	1.75E-08	1.25E-08	4.02E-08	4.55E-08	1.24E-08	1.52E-08
M7X744		1.14E-08	8.81E-10	6.19E-09		8.68E-09	5.80E-09	6.86E-09	2.70E-09			
M7XSI3			1.12E-08		1.59E-08	1.66E-08	1.49E-08		4.93E-08	4.34E-08		1.02E-08
M7X7M4			1.12E-06		9.80E-08						6.64E-08	
M7X6E2						1.52E-08		7.99E-09				
M7WUM2			1.27E-08	1.22E-08	9.33E-09	1.36E-08	9.50E-09	6.71E-09	2.73E-08		7.48E-09	1.08E-08
M7XPK0								5.54E-09	1.25E-08	1.37E-08		
M7XVX8						2.29E-08					1.02E-08	1.33E-08
M7XG28		8.19E-09		3.97E-09	6.42E-09			2.49E-09			5.54E-09	3.62E-09
M7WHE1	1.06E-08			5.08E-09			7.78E-09					
M7XRJ2		1.64E-08		7.42E-09	1.21E-08		1.00E-08					9.60E-09
M7XEY0				2.03E-08	2.43E-08						1.49E-08	1.56E-08
M7XL53					4.58E-08		3.84E-08		7.00E-08	7.48E-08		
M7WYC5				6.55E-09				1.08E-08		2.60E-08		
M7XN43	2.66E-08			2.38E-08					6.43E-08	7.51E-08		
M7XMZ6	2.00E-08		2.78E-08						6.84E-08	5.43E-08		
M7XAP0							7.18E-10				1.01E-09	
M7X3C1						2.24E-08		2.98E-08	3.44E-08		5.18E-09	9.35E-09
M7XLM3			1.24E-08			2.38E-08	2.55E-08	2.16E-08	3.90E-08	3.71E-08		1.28E-08
M7X575				2.94E-08							2.78E-08	3.26E-08
M7XHI8		1.13E-08	6.57E-09	7.01E-09	5.62E-09	6.21E-09	7.11E-09		7.25E-09	6.98E-09	7.33E-09	
M7X515						6.24E-08		2.53E-08			1.31E-08	1.83E-08
M7X664	8.78E-09			6.04E-09		8.31E-09	4.90E-09		1.73E-08	1.89E-08	6.14E-09	5.33E-09
M7X4G2				8.02E-09	1.42E-08	1.40E-08		9.31E-09			6.79E-09	
M7X547		1.93E-09	1.03E-09	1.54E-10								
M7WUQ1				3.76E-08	3.59E-08	3.52E-08	2.47E-08	2.50E-08	1.00E-07	7.99E-08	7.65E-08	3.53E-08
M7XSB0				4.88E-09			4.21E-09					2.85E-09
M7XP54				1.68E-08		4.19E-08	1.72E-08	2.22E-08	6.50E-08	6.09E-08		
M7WQV7			3.78E-09			2.09E-08		1.30E-08	1.65E-08	2.08E-08		
M7WV08	2.58E-08		1.70E-08			1.30E-08		8.25E-09	3.62E-08	1.93E-08		
M7XBW6		1.26E-08		7.20E-09	1.12E-08	1.78E-08					7.67E-09	4.66E-09
M7XKB6		4.91E-08	1.28E-08			2.23E-08			3.90E-08	4.21E-08		
M7WKZ2												
M7WXZ7				4.33E-08	3.35E-08		2.13E-08				3.08E-08	2.45E-08
M7WJY8		1.16E-08	6.59E-09	4.22E-09		5.17E-09		4.23E-09		1.08E-08	4.07E-09	
M7WN73		4.51E-08				2.27E-08	2.36E-08					
M7WJR7	3.82E-08	2.69E-08		7.71E-09			9.53E-09				6.59E-09	5.00E-09
M7WSP6							8.18E-09	8.00E-09				
M7WVG7				1.01E-08		8.48E-09					5.39E-09	8.91E-09
M7XUA8		2.55E-08		1.15E-08	1.86E-08		1.10E-08	1.29E-08			1.18E-08	
M7WMU8				2.24E-08	2.57E-08	2.73E-08		2.29E-08			2.68E-08	1.81E-08
M7XTZ9				1.77E-09		1.41E-08		1.79E-09			3.30E-09	1.73E-09
M7WZS1	2.50E-08	2.88E-08	3.23E-09					1.26E-08	8.45E-09			
M7WPT3	3.19E-09				3.61E-09	4.20E-09	3.34E-09	2.59E-09	6.70E-09	5.83E-09		
M7X1E7				2.02E-08					3.97E-08	4.87E-08	2.27E-08	1.95E-08
M7XQ11		5.15E-08		2.48E-08	3.35E-08	3.83E-08	2.85E-08	2.06E-08	6.27E-08			2.89E-08
M7WRS4			4.76E-09	4.31E-09	1.15E-08			6.90E-09	1.43E-08	3.27E-08	6.19E-09	
M7XGN8	1.70E-08	2.40E-08										
M7X677	9.16E-09			6.80E-09			6.26E-09	5.18E-09	2.17E-08	2.07E-08		8.24E-09
M7WMP1	2.57E-08		9.31E-09		3.72E-08	3.80E-08	1.78E-08	1.68E-08	5.29E-08	4.27E-08		
M7X2C0			1.68E-08	1.91E-08	3.16E-08	2.38E-08	2.38E-08	1.92E-08				
M7XGT9				5.82E-09		6.23E-09					4.24E-09	6.72E-09
M7XA91		2.53E-08		1.86E-08	3.77E-08	4.34E-08	4.18E-08	3.10E-08			2.77E-08	2.54E-08
M7XCB4						1.17E-07	5.48E-08				3.21E-08	5.75E-08
M7XPH2	2.28E-08	2.03E-08			1.86E-08		2.06E-08	1.28E-08	1.22E-08	1.31E-08	2.38E-08	
M7WGC9				1.44E-08		2.04E-08		1.52E-08			1.22E-08	2.00E-08
M7X1S7		1.41E-08			3.31E-08							
M7XWE5		2.93E-08	7.10E-09	1.24E-08			1.39E-09		5.20E-08	4.27E-08		
M7WX37		5.61E-09		2.44E-09	4.03E-09							3.19E-09
M7WQ64				1.22E-08	2.44E-08						1.74E-08	1.41E-08
M7XQB1	1.27E-08					1.47E-08	1.42E-08					
M7XH09									9.75E-08			
M7X2R5	2.02E-08	1.10E-08		1.99E-09			7.30E-09		2.63E-08	2.21E-08		
M7WPV1					6.14E-08		5.07E-08	3.19E-08				2.25E-08
M7X657		2.39E-08	6.81E-09	7.76E-09		1.06E-08			1.79E-08	1.98E-08	5.97E-09	
M7WVI0	2.84E-08	2.69E-08		1.03E-08	1.54E-08			8.08E-08	3.02E-08		6.99E-09	
M7WKS5	4.27E-08	2.34E-08	3.58E-08	1.81E-08		2.24E-08	2.34E-08					2.22E-08
M7WZN0			1.60E-08	1.19E-08		1.24E-08	1.23E-08	1.08E-08				1.34E-08
M7X6B2		1.93E-08		3.97E-09			6.93E-09	5.41E-09			1.73E-09	4.85E-09
M7WU57							3.92E-09	8.54E-09			4.09E-09	
M7WMV7			9.74E-09	3.89E-09	1.50E-08		1.02E-08		1.71E-08	2.68E-08	1.49E-08	
M7WJS3				2.16E-08		2.01E-08	1.04E-08			3.24E-08		
M7XE81		1.97E-08		8.32E-09	1.62E-08						9.16E-09	
M7WP06		6.98E-09					7.20E-09					
M7XLK9						7.36E-09	1.08E-08	4.34E-09	1.62E-08	1.16E-08	2.22E-09	
M7XD95				4.79E-09								1.51E-08
M7WS26							9.51E-09					
M7X2X6	5.61E-08	6.38E-08		1.34E-08	2.71E-08							9.73E-09
M7WZL9								1.19E-08		2.06E-08	1.73E-08	2.75E-08
M7XR38	1.64E-08		7.67E-09			7.93E-09		4.75E-09	1.04E-08	8.30E-09	5.21E-09	
M7XEP3	3.91E-09	5.72E-09					6.45E-09	6.25E-09				
M7WP88		8.84E-09		1.13E-08							6.58E-09	1.44E-08
M7WMB5	1.04E-08		4.78E-09			5.97E-09		3.51E-09				
M7XE92	2.30E-08	1.36E-08		8.00E-09	1.06E-08	1.07E-08	5.77E-09		3.69E-08	2.86E-08	6.21E-09	5.58E-09
M7X3U7						2.25E-08		2.21E-08	2.18E-08	2.52E-08		
M7WTY1		1.14E-07		5.68E-08	9.37E-08		8.33E-08	5.08E-08				3.07E-08
M7XPJ7	1.43E-08	1.43E-08		4.65E-09	1.35E-08		6.79E-09		1.13E-08	1.28E-08	7.31E-09	
M7WQX1	1.84E-08	5.79E-08		6.29E-09							3.56E-08	
M7XQL2		9.77E-09		6.81E-09			6.36E-09				1.40E-08	
M7X1M2					7.18E-09	5.43E-09		5.30E-09				
M7XTT3						7.45E-09	3.84E-09	4.71E-09			6.14E-09	9.61E-09
M7XHC8			4.44E-09			3.78E-09	5.26E-09	3.46E-09			5.22E-09	2.25E-09
M7WQJ0	1.81E-08				2.16E-08						9.12E-09	
M7WZ87	1.14E-08		1.15E-08	4.22E-09					1.25E-08	1.08E-08		1.00E-08
M7XFZ5	1.27E-08	8.10E-09	1.17E-08			1.19E-08	9.23E-09	7.38E-09				
M7X1G9	1.11E-08	8.01E-09		7.41E-09	9.01E-09	8.55E-09	7.78E-09	4.86E-09	2.09E-08	2.01E-08	8.60E-09	6.23E-09
M7WJW3			1.17E-08			2.39E-08		2.11E-08				
M7WZ82			1.56E-08	6.17E-09		2.98E-09		4.60E-09				4.13E-09
M7WIM3						2.38E-08		1.41E-08				
M7WZJ0				9.71E-09			2.77E-09				4.55E-09	2.92E-09
M7WWA2			6.56E-09		1.05E-08			7.36E-09				
M7WXT9		2.07E-08				1.19E-08	9.96E-09	1.06E-08	1.89E-08	1.81E-08		1.09E-07
M7WUZ5	2.74E-08	4.54E-08						2.19E-08			2.49E-08	2.16E-08
M7WTU3	4.09E-08				4.88E-08			2.75E-09				
M7XIL6	1.69E-08					5.50E-09			1.40E-08	1.57E-08		
M7WI34						1.16E-08		9.46E-09			1.65E-08	1.11E-08
M7WTW0				6.42E-09		7.64E-09				1.75E-08		4.52E-09
M7WS77	3.61E-09	2.32E-09		2.73E-09	3.22E-09	3.59E-09	3.38E-09					2.95E-09
M7WWI8				3.94E-09	8.19E-09	8.40E-09	5.20E-09				6.84E-09	5.11E-09
M7XIW6			6.53E-09	2.88E-09			4.15E-09	6.56E-09			8.68E-09	1.42E-08
M7WZT7		2.58E-08		1.34E-08		1.39E-08	1.03E-08				1.07E-08	8.23E-09
M7XNY3		2.10E-08					6.68E-09	1.01E-08				
M7X343	3.95E-09	5.32E-09	1.17E-09									
M7WNT6			7.76E-09			1.70E-08			2.42E-08	2.09E-08		
M7X5K1		1.50E-08	5.42E-09	5.80E-09								
M7WYX0				4.85E-09		9.79E-09			2.01E-08	1.80E-08		
M7WJW8			6.73E-09	1.80E-08	1.30E-08		7.97E-09					
M7XMC5						9.29E-09			1.88E-08	8.45E-09		
M7WLC2		1.20E-08					6.18E-09					4.71E-09
M7XYA5	3.50E-08											
M7XF06		4.15E-08				3.92E-08	2.32E-08	1.85E-08				4.03E-08
M7X7X2						1.11E-08		6.49E-09				
M7X531			1.92E-07	9.68E-08				1.19E-08				
M7X3P6						2.33E-08		9.94E-09				
M7X5P7		9.75E-09				3.25E-08	1.45E-08					
M7WJI6	1.35E-08	1.20E-08	2.62E-09				4.40E-09	3.51E-09	1.85E-08	1.01E-08	8.39E-09	
M7X1D6			2.54E-10		5.20E-09							
M7WW57				3.20E-09		3.97E-09					2.94E-09	
M7WCZ2								4.66E-09	1.70E-08	1.91E-08	2.45E-09	
M7XIC7				3.51E-09	1.18E-08	2.03E-08	1.14E-08		3.28E-08		1.11E-08	3.09E-09
M7X625			1.49E-08				1.16E-08		3.33E-08		4.06E-09	
M7WZI0		2.52E-08		1.06E-08		2.31E-08	1.20E-08	1.32E-08				2.20E-08
M7X4V5						1.16E-08		4.83E-09				
M7WI43					1.01E-08	1.01E-08						
M7XDV3						2.30E-08						
M7X3T1			1.83E-09		4.84E-09							
M7WV31	1.97E-08					1.65E-08		6.49E-09			7.82E-09	7.23E-09
M7WWH8			4.35E-09	4.29E-09		1.41E-08		7.36E-09			6.07E-09	4.53E-09
M7WHZ3				1.13E-08							1.29E-08	1.55E-08
M7WUJ1				1.82E-08	3.17E-08	3.19E-08					1.93E-08	
M7XEG7		7.40E-09		2.13E-09		2.82E-09						2.21E-09
M7WK09				3.79E-09	1.75E-08						1.51E-08	1.27E-08
M7XQ60				1.38E-08	8.83E-09	4.10E-09	7.10E-09		2.76E-08	1.56E-08	1.49E-08	1.01E-08
M7WRS9					8.20E-09	7.00E-09	3.01E-09	3.44E-09	6.35E-09			
M7WQD5			1.44E-09			3.24E-09		1.73E-09				
M7WYB3	8.06E-09			6.05E-09		1.25E-08						
M7WXN6		6.76E-09	5.01E-09	3.52E-09								2.89E-09
M7WJD0						1.23E-08	5.49E-09	9.03E-09				
M7WHQ7		1.62E-08		8.43E-09							1.11E-08	6.97E-09
M7X4G5		1.43E-08		5.14E-09					2.93E-08		8.50E-09	1.02E-08
M7XDP8			9.01E-09	6.07E-09		2.37E-08						1.07E-08
M7XFN2			2.85E-09			9.31E-09		2.96E-09	1.50E-08			
M7XX08									3.35E-08	3.67E-08		
M7WNV8						6.06E-09	7.75E-09	7.31E-09				
M7XTA7									7.40E-08		4.12E-09	9.70E-10
M7X574		8.59E-09				7.30E-09						
M7WET9	9.04E-09	1.19E-08		4.01E-09		8.37E-09	2.50E-09	6.67E-09				
M7WR64						8.99E-09		2.67E-09			6.97E-09	
M7WDR6		2.10E-08		7.89E-09		1.63E-08						9.81E-09
M7WKB3	6.68E-09	5.13E-09		2.77E-09	3.34E-09		3.48E-09		1.12E-08	6.88E-09	3.15E-09	3.17E-09
M7XHQ8		4.42E-09		1.46E-09			2.33E-09					
M7XY56		8.09E-09	3.69E-09			3.48E-09						
M7WSU1		1.02E-08		3.15E-09		5.47E-09						3.38E-09
M7XCE4		1.47E-08				1.06E-08	9.67E-09	7.30E-09			7.74E-09	1.42E-08
M7WWA6			4.21E-09					3.83E-09	1.01E-08	9.97E-09		
M7XMR5	8.79E-09			6.94E-09		5.27E-09	3.47E-09	2.34E-09	5.77E-09			
M7XDP2			8.22E-09	3.57E-09					2.39E-08	2.53E-08		
M7XU83					1.89E-08		5.90E-09					1.57E-09
M7XGD3			3.97E-09	8.26E-09								
M7XMD1			6.79E-09	1.81E-09	2.44E-09						2.68E-09	1.72E-09
M7WLV1				1.24E-08		1.29E-08				3.29E-08		
M7X5K8							4.49E-09				1.17E-08	
M7WTK0	1.35E-08											
M7XFC8				4.03E-09		7.69E-09	6.14E-09					
M7XEV3		2.90E-09		1.55E-09		9.25E-09					3.32E-09	2.50E-09
M7XK47										3.27E-08		
M7XRV0		8.54E-09				6.90E-09	4.50E-09				5.07E-09	3.44E-09
M7WL60				1.06E-08	1.08E-08	1.34E-08					1.29E-08	1.02E-08
M7X356	1.14E-08	1.18E-08	3.41E-09		5.60E-09				1.32E-08		3.60E-09	3.39E-09
M7WQL6	2.60E-08			1.87E-08		1.63E-08	1.88E-08				1.65E-08	1.49E-08
M7WST3						1.28E-08		5.19E-09				
M7WW56		2.63E-08		3.47E-09	3.97E-08					3.70E-08	2.39E-09	2.03E-09
M7WX38						2.43E-08		1.34E-08				
M7WM33						3.94E-09	3.29E-09	2.28E-09	3.89E-09			2.59E-09
M7WFJ5					2.13E-08							8.32E-09
M7WXI9	1.60E-08	1.54E-08		6.49E-09	8.12E-09						6.45E-09	
M7X741				6.75E-09	1.08E-08		7.41E-09				8.65E-09	
M7WHA3				9.13E-09			5.20E-09				6.01E-09	
M7XJI9				7.51E-09		2.46E-08					1.14E-08	
M7WJQ9					9.67E-09		4.64E-09			2.70E-08	6.02E-10	
M7WMP7	1.77E-08				1.00E-08	1.16E-08	1.09E-08		3.30E-08		1.52E-08	1.60E-08
M7XE17					4.17E-09				1.46E-08	1.21E-08	7.31E-09	9.01E-09
M7X2U1				9.86E-09							1.19E-08	8.63E-09
M7WV89						4.82E-08	4.72E-08	2.67E-08				
M7XLJ9	4.17E-09						7.66E-09	2.03E-09	7.06E-09	5.00E-09		
M7XK78	2.04E-08	1.60E-08				1.07E-08	8.19E-09	6.55E-09				
M7WPS3			4.38E-09	3.51E-09	7.07E-09							
M7WXD9		1.75E-08		1.15E-08			1.68E-08					
M7XND1					1.68E-08	1.78E-08			3.09E-08	3.55E-08		7.76E-09
M7X212						5.15E-09			6.13E-09			
M7WLB6		5.27E-09	3.09E-09	4.67E-09				1.92E-09				
M7X3T4				1.81E-08								
M7WQY8					2.78E-08		1.29E-08					
M7XF28		5.33E-09		1.80E-09				3.10E-09				
M7WKE4		4.68E-08		7.23E-09	1.21E-08		6.24E-09					
M7WU64								6.97E-09	2.52E-08	1.19E-08		
M7X132						1.48E-08		1.41E-08				
M7XXE3			4.36E-09						2.56E-08	2.50E-08		
M7XQA1				8.93E-09	1.24E-08						1.40E-08	9.81E-09
M7XPB2				9.63E-09	3.46E-08						2.59E-08	
M7XU75					1.49E-08	1.54E-08						
M7WGR5	2.86E-08								2.81E-08	2.71E-08		
M7WU35						4.15E-08			6.18E-08		2.10E-08	
M7WJA0					1.30E-08	1.68E-08	9.03E-09				1.00E-08	
M7XXY5					8.74E-09			3.85E-09				
M7WTH6	1.82E-08	1.60E-08		7.87E-09	1.20E-08	1.62E-08	1.12E-08	1.00E-08	1.87E-08	1.90E-08		
M7XLU3			8.72E-09			1.63E-08	9.39E-09	1.13E-08				
M7WS57	7.10E-09	3.95E-09			2.98E-09	2.70E-09				1.25E-08	9.64E-10	1.29E-09
M7WGE2	3.56E-08	3.37E-08				1.08E-08						
M7WWD9				2.82E-09				4.27E-09	2.26E-08	2.47E-08		
M7XDZ2				4.99E-09				1.05E-09				
M7WRQ7							4.05E-09	2.28E-09				
M7WTV9	7.99E-09	7.44E-09	4.98E-09	3.70E-09		5.68E-09	2.73E-09					
M7X0A4						5.57E-09	5.25E-09	3.82E-09				2.94E-09
M7WN18			1.85E-09	3.26E-09					8.15E-09	1.38E-08		
M7WL45						5.16E-09			9.13E-09			
M7XLZ2				1.97E-09	6.41E-09						3.34E-09	5.32E-09
M7WK43		1.33E-08		1.01E-08				9.85E-09		1.63E-08		
M7WUP0				1.52E-08					4.77E-08			
M7Y0H8		7.53E-09				7.86E-09	5.84E-09					
M7WPA7											3.68E-08	5.95E-09
M7X532						3.50E-08	1.70E-08					
M7WIZ3				1.42E-08							3.36E-09	1.16E-08
M7WNN4	1.55E-08	1.37E-08		3.88E-09								
M7XPU4				3.75E-09				4.87E-09			4.24E-09	
M7WUN5		1.39E-08				3.13E-08						
M7WUY5		3.46E-09					2.73E-09					
M7XUL2					6.48E-09		5.55E-09				4.79E-09	
M7WUS3		7.04E-08						2.37E-08				2.37E-08
M7XDL7	1.34E-08							2.91E-09				2.49E-09
M7XGL7	1.81E-08			1.56E-08	1.02E-08	9.33E-09	7.47E-09					
M7WVZ6					1.70E-08	2.37E-08	8.67E-09					
M7WR87	9.33E-09	1.19E-08				1.74E-09		8.18E-10				
M7XK76	3.02E-08	3.51E-08	1.12E-08		3.28E-08	3.09E-08		1.44E-08	3.12E-08	3.58E-08		
M7WKL0							6.99E-09	3.61E-08				
M7WSS5		6.11E-08		3.35E-08								
M7WYN8		1.11E-08					8.42E-09	5.30E-09				
M7XXP6	1.91E-08			2.83E-09						7.71E-09		
M7WWR8						2.83E-08		2.38E-08			4.37E-08	
M7X156				2.18E-09			1.80E-09					
M7XAI7	3.35E-09											
M7XSH0							2.97E-08	2.34E-08				
M7XZE7						1.64E-08						
M7X4J7				3.18E-09	7.31E-09		3.27E-09	4.06E-09			4.62E-09	
M7X5W1						1.64E-08		8.44E-09				
M7WY90				3.67E-09		2.72E-08	1.21E-08					9.71E-09
M7XP08	1.96E-09	2.52E-09					1.73E-09	9.95E-10				
M7WTA3			5.32E-09						1.31E-08	1.20E-08	3.99E-09	
M7XBT5						1.48E-08						
M7X378			5.18E-09		1.33E-08		1.27E-08	2.99E-09				
M7XR15				6.35E-09							1.03E-08	1.21E-08
M7X5P3								1.95E-08			8.88E-09	9.52E-09
M7WQI1	3.72E-09	3.48E-09	1.58E-09				1.58E-09	1.86E-09		2.64E-09		
M7XHH9		1.99E-08	6.99E-09		5.71E-09	7.39E-09						
M7XR96			4.51E-09	2.86E-09		4.11E-09	3.44E-09					
M7XGW7						8.33E-09	6.60E-09					
M7X0E5								2.89E-09	9.96E-10			
M7WRT4								3.40E-09				
M7X7J9		3.91E-08		7.95E-09		9.23E-09		6.08E-09	1.80E-08			
M7XAC9		7.72E-08				6.58E-08			9.54E-08			5.96E-08
M7WXE9	1.89E-08	1.59E-08			9.06E-09		8.63E-09	1.36E-08				
M7X3B5	4.97E-09			3.06E-09				3.40E-09			3.00E-09	
M7WS16	7.18E-09	7.37E-09										
M7WPF2	3.91E-09		3.43E-09	4.24E-09		5.74E-09	2.72E-09	2.09E-09	9.63E-09			
M7WQE1				5.98E-09	6.83E-09						1.42E-08	8.81E-09
M7XE11			4.86E-09	6.51E-09							8.10E-09	4.80E-09
M7WDG2											5.36E-09	4.41E-09
M7WTC2							1.53E-08		2.26E-08	2.25E-08		
M7WM34		1.89E-08					7.66E-09				2.20E-08	
M7X0W0						5.01E-09		1.97E-09				
M7X462									1.59E-08			
M7WLE8									2.22E-09	1.82E-09	1.74E-10	
M7XW36				2.21E-09							2.58E-09	1.71E-09
M7XAT0		1.03E-08		5.14E-09	1.72E-09		5.03E-09				4.35E-09	4.54E-09
M7XCP7						1.48E-08		3.85E-09				
M7WV41						1.33E-08		3.17E-08				
M7WHW6		4.72E-09		2.71E-09		4.02E-09	4.12E-09	1.79E-09			5.62E-09	
M7WDQ5							1.93E-08					
M7XLQ4	2.06E-09											
M7X5V9		4.81E-09		1.33E-09					4.01E-09			
M7XWK0	3.15E-08				8.47E-09							1.93E-09
M7X646					1.06E-08		2.83E-09					4.63E-09
M7WUT7		4.56E-09			4.89E-09	5.59E-09			9.45E-09	8.29E-09		1.39E-09
M7XPF2				4.06E-09			4.63E-09	2.62E-09			3.69E-09	
M7WJP0						5.08E-09						
M7Y0B1			5.26E-09						1.27E-08	1.32E-08		
M7XFN5							3.79E-09	4.90E-09			6.04E-09	
M7X4J3				2.48E-08								2.86E-08
M7WM75	1.04E-08											
M7X4Z3			1.03E-08			4.70E-09	5.97E-09	5.11E-09	9.41E-09	9.89E-09	1.99E-08	1.36E-08
M7WMM9				1.26E-09			1.97E-09	1.72E-09	3.87E-09		1.69E-09	
M7XXG5	9.28E-09			2.30E-09		2.82E-09		3.05E-09	8.71E-09	5.27E-09		
M7XP96						8.64E-09		4.39E-09				
M7WLY3	1.18E-08	1.79E-08		4.88E-09				6.20E-09				
M7WPH2						1.16E-08		6.16E-09				
M7XIS5	4.61E-09	6.20E-09		1.12E-08							9.56E-09	
M7WL51				1.27E-08		6.13E-09			1.37E-08			
M7XYY8								1.08E-08			8.39E-09	6.88E-09
M7X0Z5							4.08E-08					
M7XG53		1.09E-08				8.15E-09						
M7XNQ5			2.97E-09						8.29E-09	1.15E-08		
M7WS22				1.21E-08		2.52E-08					1.21E-08	8.97E-09
M7XPM8				4.47E-09								4.22E-09
M7XK28		1.28E-08					1.01E-08	2.21E-09				
M7XLL9						3.18E-09		2.03E-09	4.14E-09	3.89E-09		
M7WRE9						2.47E-08		3.04E-08			2.70E-08	
M7X357						5.29E-09	2.86E-09		8.92E-09	6.46E-09		
M7X865			3.17E-09					3.19E-09	7.36E-09			
M7XL33	7.31E-09	5.50E-09						2.12E-09				
M7X899		2.68E-07		1.83E-07	1.09E-07							
M7WRM5					2.90E-08	2.42E-08			5.35E-08			
M7WXQ4					1.13E-08	1.09E-08						
M7X7K1											4.45E-09	5.69E-09
M7WXA9					3.89E-09		3.83E-09		1.07E-08			
M7WUM8		1.88E-08			3.66E-09	4.86E-09				1.38E-08		
M7WT22			1.35E-08			4.33E-08				6.12E-08		
M7XP81				9.26E-09								
M7WW21							9.72E-09	7.01E-09				
M7WNQ5					1.79E-08						1.17E-08	9.76E-09
M7XJJ1	3.41E-09		1.18E-09	4.01E-09								
M7WZ96		5.97E-09		9.32E-09	9.52E-09	9.06E-09	7.79E-09	7.93E-09			9.46E-09	7.08E-09
M7X671							1.46E-09	2.93E-09				
M7XJN5			4.02E-09	1.79E-09		4.39E-09		2.91E-09	8.55E-09			
M7X5L9									3.58E-09	4.09E-09		
M7XEB9			5.75E-09			6.69E-09						
M7XY12		1.80E-08					7.53E-09				6.54E-09	
M7XG13				3.53E-09	6.77E-09							
M7XZP9	2.63E-08			7.83E-09							1.48E-08	
M7WLR1		3.34E-09		1.01E-09			1.16E-09					
M7WV18			2.25E-09	3.29E-09	5.06E-09		3.51E-09				2.27E-09	2.02E-09
M7X5V4	2.74E-09				3.19E-09	3.17E-09						
M7WR29								4.37E-09	7.95E-09	9.44E-09		
M7XG16	7.91E-09	6.50E-09					4.00E-09	3.39E-09				
M7WNU2						3.98E-09	3.79E-09		8.11E-09			
M7XPK9				7.76E-10							1.04E-09	
M7WGV4	4.75E-09			2.18E-09					1.14E-08	1.75E-08		
M7WVA5						1.01E-08		5.07E-09				
M7X1W0						3.37E-09	3.27E-09	3.95E-09				
M7WMW5				5.34E-09							1.01E-08	5.72E-09
M7X362		4.86E-09			4.71E-09	3.81E-09	4.50E-09	3.67E-09	5.27E-09			2.19E-09
M7WQ69									1.55E-09			
M7XIA9	8.01E-09	1.02E-08						4.37E-09				
M7X7W4				4.07E-10								
M7XPG8		2.91E-09	2.58E-09	1.97E-09								
M7WUC4	1.09E-08					6.46E-09	2.43E-09	2.11E-09	1.40E-08	1.61E-08		3.67E-09
M7XUF7		8.36E-09			2.93E-09		3.44E-09					
M7XB43				4.60E-09							4.25E-09	
M7WVV8			3.34E-09			6.16E-09				6.53E-09		
M7XFX8						7.73E-09		4.31E-09				
M7X184		9.13E-09					6.09E-09					
M7Y058				6.28E-09				6.53E-09	1.69E-08			
M7XGF5						6.05E-09						
M7XF86	2.13E-09	2.79E-09										
M7WWT6						6.89E-08	5.00E-08					
M7XIP6						2.60E-09		9.51E-10				
M7XII3				3.43E-09							4.90E-09	2.36E-09
M7X5A9							8.09E-09					
M7X3T6				8.12E-09							1.33E-08	9.89E-09
M7WV86		4.91E-09			5.73E-09					6.24E-09		
M7WKP4							3.61E-09					5.93E-09
M7XPL7							2.19E-09	1.50E-09				
M7WLS5							1.42E-08				4.69E-08	
M7XZR4	2.30E-09								5.93E-09	4.48E-09		
M7XX30								2.88E-09		9.78E-09		
M7XEN6						7.75E-09						
M7WIF6			1.67E-08	1.58E-08							1.43E-08	
M7WTT8			1.58E-09						8.43E-09			
M7WS58	5.32E-09		8.68E-10			2.36E-09						
M7WMM7				3.12E-09	9.93E-09			5.39E-09	1.28E-08			
M7XG46						3.68E-09	6.50E-09					
M7X0N1												6.70E-09
M7WTQ0				5.92E-09		9.22E-09						
M7XCD9				1.53E-09							3.60E-09	2.63E-09
M7X2Y0			3.95E-09	2.72E-09		4.02E-09	2.65E-09	2.69E-09	1.13E-08	8.31E-09		
M7X760			7.31E-09	7.16E-09	4.30E-09		5.77E-09		6.19E-09		1.03E-08	7.55E-09
M7WYL4					3.32E-09		3.04E-09					
M7XP84		5.01E-09					1.78E-09					
M7WZW1								6.30E-09				
M7XV57								1.36E-09		6.40E-09		
M7WWW3							4.68E-09	1.11E-09				
M7WMH8				1.92E-09							1.81E-09	1.24E-09
M7XD36						2.36E-09	1.77E-09		3.38E-09		2.45E-09	
M7XMX7									7.20E-09			
M7XXM8							2.84E-09					
M7WDF7		5.07E-08							1.80E-08			
M7XND7		6.38E-09										
M7X1K2						1.99E-09						
M7WK77							3.45E-09					
M7XLC1			6.28E-10							3.59E-09		
M7X0U7								7.75E-09				
M7WEP6		1.04E-08						3.28E-09				
M7WSL4						1.62E-08			1.19E-08			
M7XKH0		3.55E-09	8.33E-10	1.50E-09		1.65E-09	1.04E-09					
M7X019							1.12E-09	8.11E-10			1.61E-09	
M7WTT5				3.38E-09								3.51E-09
M7XF35							4.48E-09					
M7WXD6							6.57E-09	2.57E-09				
M7WRL0			6.93E-09								5.00E-10	
M7WL40						3.90E-09						
M7WR18					1.55E-08	1.60E-08						
M7WSM4						2.54E-08						
M7WSY6						1.79E-08	1.76E-08	3.05E-09				
M7WYY7						3.87E-09						
M7XNF8							4.10E-09					
M7WPQ0		1.39E-09		5.36E-10				5.26E-10				
M7X4L4				7.70E-09							1.23E-08	8.84E-09
M7WSY0						1.24E-08						
M7WSH6							6.22E-09				1.15E-09	
M7WKY1			7.94E-10				6.98E-10					
M7WQH4		1.14E-08							1.14E-08			
M7WN22	1.33E-09		7.20E-10						2.03E-09			
M7X6A5					6.20E-09							
M7WLB0						2.18E-09						
M7WYH7				2.45E-09				5.80E-09				
M7XRM0				3.36E-09					6.08E-09	4.92E-09	2.91E-09	
M7Y005		2.68E-09		1.17E-09		7.95E-10						5.71E-10
M7WTC4				2.00E-09	2.31E-09			1.48E-09				1.57E-09
M7XPC3			6.19E-09							9.12E-09		
M7XYB7				8.95E-10			8.77E-10	1.30E-09				
M7XUN1					2.46E-09	1.94E-09						
M7XD62	4.21E-09			9.51E-10								
M7XTH0			1.05E-09				8.66E-10					
M7WJV0						8.58E-09		6.81E-09				
M7WF55								2.13E-09		3.46E-09		
M7WSF4					2.19E-08							
M7WIS3			3.40E-09						1.39E-08			
M7WGD8						4.04E-09						
M7X6J5	4.20E-09	7.71E-09				4.00E-09	3.38E-09		1.89E-09			
M7WTZ9					4.00E-09							1.99E-09
M7XJ73		1.62E-08										4.35E-09
M7X4B8						7.17E-09						
M7WV12												
M7X5N5	5.84E-09	4.92E-09			4.50E-09		2.18E-09			9.96E-09		
M7XPZ8		4.24E-09				2.90E-09	1.95E-09					
M7WQI5	3.46E-09		4.46E-09				3.07E-09					
M7WYW3						5.42E-09			3.59E-09			
M7WNV3		7.35E-09										
M7XEJ0							1.21E-09	1.66E-09			7.63E-10	
M7XIB1		3.00E-09						1.65E-09				
M7WRG0								2.33E-09				
M7WZ56												
M7XI23	8.40E-09	1.81E-09		5.96E-10								
M7WW81		1.83E-09				2.27E-09						
M7XZK3			6.94E-09					5.51E-09				
M7XF30								2.66E-09				
M7X4U1	5.94E-09											
M7WM53			2.81E-09			1.93E-09		1.32E-09				1.45E-09
M7WK45				1.08E-09		2.46E-09						1.05E-09
M7XKY1				1.33E-09								
M7WRI0	1.30E-08				1.81E-08							
M7X5E2	2.07E-09											
M7X1Q6							1.73E-09					
M7XDU5	1.76E-09			8.33E-10								7.00E-10
M7X2G8		3.55E-09	3.42E-09	1.30E-09								
M7XTK3						1.04E-08	5.82E-09	5.74E-09				
M7WJV6						3.97E-09						
M7X4W1				2.79E-09	2.71E-09						2.53E-09	3.06E-09
M7WU55								3.29E-09				
M7WVM4									5.09E-09			
M7WNX1												
M7WJS0							1.24E-09					
M7WN82							2.91E-09					
M7WUP3							6.12E-09					
M7X4Y9						9.14E-09						
M7WRV0								9.74E-10	1.86E-09			
M7WNQ7								3.88E-09			4.06E-09	
M7WVQ9								9.57E-10				
M7WRU9						4.44E-09						
M7X1L6									6.27E-09	2.71E-09		
M7XS41				1.10E-09							1.24E-09	
M7XNG3		3.77E-09										
M7X510						5.64E-09						
M7WLR6						2.14E-09	2.52E-09					
M7WSX8							3.84E-10		1.85E-09	1.73E-09		
M7XC20						5.55E-09						
M7Y070	1.08E-09							8.73E-10				
M7X1W9							3.31E-09					
M7WWG0	2.56E-09	3.53E-09										
M7WV59						4.34E-09						
M7X5W2				1.13E-09								
M7XGY2								1.71E-09				
M7WSY3				2.29E-09							1.86E-09	
M7WXB7								2.07E-09				
M7WWQ2	1.70E-09		5.96E-10									
M7WQN6				1.07E-09								
M7WSD2	1.82E-08					7.64E-09		2.75E-09	1.94E-08			
M7X7K5				5.24E-10					1.76E-09			
M7WJ87				1.35E-09	2.58E-09							1.28E-09
M7XBV3				6.65E-10								
M7X183												
M7X714		4.60E-09		2.04E-09	2.32E-09							
M7XTV4				1.77E-09								2.89E-09
M7X1T6				4.65E-09								
M7X4D1						1.41E-08		1.19E-08				
M7WWP7		1.16E-09										
M7WPY3			1.54E-09	2.23E-09				1.58E-09				
M7XN66				9.31E-10								
M7X5G1								1.08E-09				
M7XIT3			3.49E-09	2.59E-09								
M7WL54		3.02E-09					2.04E-09					
M7X3N4			1.79E-09	7.19E-10								
M7XMV6									3.14E-09		1.48E-09	
M7X140												
M7XBR9												1.98E-09
M7X5Z3									5.13E-09	3.53E-09		
M7WPP7												
M7X6T2	1.66E-09			4.41E-10								
M7XPR1				1.69E-09								
M7XKQ2				7.32E-10							1.83E-09	1.08E-09
M7WRA4						1.62E-09						
M7WSB9					2.38E-09	1.76E-09						
M7XUN6			3.55E-10					3.06E-10				
M7WPE1					3.23E-09							
M7WIP0							4.93E-10			1.09E-09		
M7WS47							1.00E-09	1.46E-09				
M7WWB8								3.85E-10				
M7WZ43			2.49E-10	1.82E-10								
M7WQU3											2.90E-10	
M7WI75								3.21E-09				
M7X9K9			8.59E-10									
M7WQI8	4.06E-10	1.35E-10										
M7XFR5												
M7WMD4							1.99E-09					
M7WKV1											7.91E-10	4.98E-10
M7X7I4						1.86E-09						
M7XME8					5.43E-09							1.96E-09
M7WKR2				5.16E-10								
M7WI39						1.92E-09						
M7WW80				3.43E-10							4.35E-10	
M7XXR3											2.01E-09	
M7X577						1.45E-08						
M7XS10						1.81E-09						
M7X430				5.42E-10							4.80E-10	
M7XLK5												
M7WTS8						1.85E-09					1.09E-09	
M7WMX4								1.80E-10				
M7X6I8			1.65E-09									
M7WK25	6.84E-10	2.66E-09										
M7WPY5	1.03E-08				1.90E-08							
M7X3I4		2.70E-09										
M7WZS9			7.20E-09					5.41E-09				
M7XRN9												
M7WQG6				3.77E-10								
M7XC82									1.53E-09	7.44E-09		
M7XQ14						1.50E-09						
M7WVT2						1.33E-09						
M7XT57				1.62E-09								
M7XNF1			4.93E-10								1.48E-09	
M7WM18									2.96E-09			
M7X4Q3												
M7WXS8							9.16E-10					
M7WS21								5.60E-10				
M7WMH2	1.61E-09											
M7XSL5										1.98E-09		
M7WMF2										5.59E-09		
M7XRH4							1.88E-09					
M7WWW1										3.19E-09		
M7XL31		8.87E-10										
M7WNU3										9.74E-10		
M7WYV1				1.41E-09								
M7XFH3		7.82E-09					4.59E-09					
M7WGD5												
M7X1T2												1.03E-09
M7WEF8								2.26E-09				
M7WJR4												
M7WL79											1.88E-09	
M7XUD5											1.06E-09	
M7WJQ5		9.32E-10					7.34E-10					
M7X6L1								1.30E-09				
M7XPW7				7.40E-10								
M7XGW2				2.64E-10								
M7XQH4								6.64E-10				
M7XC53											5.33E-10	
M7WMV9											1.44E-09	
M7WQM4										2.61E-10		
M7XW12						1.25E-09						
M7WZ69						1.89E-09						
M7WIP7							1.39E-09					
M7XDF6				4.75E-10								
M7WQC1								1.04E-09				
M7WQ70												8.71E-10
M7XDN4							8.14E-10					
M7WGI1		4.16E-10									1.88E-10	
M7XQE6						1.08E-09						
M7WUH4												
M7WTZ6						9.24E-10						
M7WTB7											4.74E-09	
M7X944								3.85E-10				
M7X6Q9											8.19E-10	
M7XDV7	6.48E-10											
M7XW45												
M7XSQ9		8.88E-10										
M7WUS8												
M7XH55						2.47E-10						
M7XSX7				1.62E-10						3.64E-10		
M7X2F6			3.67E-10									
M7WUN4				1.63E-10								
M7WSK5				5.07E-10							6.76E-10	
M7X5Q7												
M7WMI8				4.50E-10								
M7WS12	7.24E-10											
M7XDB2								1.94E-10				
M7X9S5						8.81E-10						
M7X6M1										3.96E-10		
M7XL70				1.01E-10								
M7XWT6				6.23E-10							4.46E-10	
M7X464												
M7WYE2						4.48E-10						
M7WW34												
M7XMH6												9.21E-11
M7XXD7				1.58E-10								
M7WKM9											3.24E-10	
M7X4G7			6.70E-11									
M7X2G3								3.00E-10				
M7WUU0												
M7XUK3				4.47E-11								
M7WTT3	4.01E-10											
M7XGV9										1.06E-09		
M7WDB9		9.42E-10										
M7XQ78												
M7X6F7									5.78E-10			
M7X4E2			9.22E-11									
M7WR37									2.66E-10			
M7WRT6		7.62E-11										
M7WTG9					4.03E-10							
M7X9Z6												
M7XK32												
M7WD39												
M7WDV9												
M7WFE5												
M7WJF6												
M7WK18												
M7WKX7												
M7WL03												
M7WM31												
M7WM96												
M7WMW7												
M7WND6												
M7WPA4												
M7WQI0												
M7WR61												
M7WR95												
M7WRT8												
M7WS45												
M7WSI5												
M7WTV4												
M7WTY0												
M7WVK2												
M7WW12												
M7WX72												
M7WYU9												
M7WYX6												
M7WZF5												
M7X0B8												
M7X2M3												
M7X306												
M7X312												
M7X338												
M7X358												
M7X3Y7												
M7X4A1												
M7X4J4												
M7X5H5												
M7X7L9												
M7XE34												
M7XG63												
M7XGT3												
M7XHA9												
M7XHX0												
M7XIP2												
M7XIP4												
M7XIP9												
M7XIR8												
M7XJP4												
M7XKB9												
M7XLF4												
M7XMS0												
M7XTD4												
M7XUD8												
M7XUX1												
M7XVZ2												
M7XX15												
M7XX18												
M7XYN0												
M7X6R2												
