logFC	logCPM	PValue	FDR
15S_rRNA	0.199498684116156	1.5361630754902	0.724084560651811	0.765599081716265
21S_rRNA	0.508514936806227	2.74915954812628	0.379172399694203	0.440499413905613
ICR1	0.00680805796954081	3.67356988104837	0.948101672818196	0.961698541755187
LSR1	1.95699500099183	4.27596485256585	2.95196312910719e-16	2.05407434400375e-15
NME1	0.804689277977424	1.47580373410075	0.000602206129539654	0.00120241223872215
RDN5-1	-0.604650580576495	2.60544071401741	0.114518122907918	0.151481398222751
RPR1	0.467043595116272	1.34117628084128	0.0534950336819094	0.0759056272116212
RUF20	0.344410669092489	2.77170410933971	0.00776762407893797	0.0129899738421628
RUF21	0.335610372636698	0.701806204121593	0.381495034757495	0.442769912927038
SCR1	0.422593030888562	1.84299435246994	0.351989249568683	0.412748072636419
SRG1	-0.340027865010579	4.41344758381832	0.0115786035000317	0.0187427475073211
TLC1	-1.29540323614224	6.73927628063219	1.54417520480035e-06	4.40815827695144e-06
YAL001C	-0.43330480059559	6.51789442515561	7.4336752659169e-07	2.20262472640179e-06
YAL002W	-0.227521301885482	6.20720143563716	0.00347572668041961	0.00615133023334787
YAL003W	-0.545299234376858	10.7250519486863	5.1566615416469e-08	1.74461728690946e-07
YAL005C	0.167118006371091	9.29164073459072	0.583929650610138	0.640150448480699
YAL007C	-0.567189612841123	7.50151245127146	2.54309800417049e-05	6.22774142609897e-05
YAL008W	0.500528216027421	4.99777232601065	2.87157777073896e-05	6.9894435456205e-05
YAL009W	0.0147602858154928	5.17216980963546	0.824572401910557	0.855449401257337
YAL010C	0.0311304560208719	5.77732012828113	0.644495661188146	0.695638763925158
YAL011W	-0.685327736941525	5.19760067169758	7.2061983929288e-18	5.49792699724466e-17
YAL012W	0.378403334730478	9.87529814368046	1.06879144904423e-05	2.74714587073702e-05
YAL013W	-0.400255312284765	6.73890685376658	2.05658557935076e-09	8.07062173828769e-09
YAL014C	-0.0266736376279334	5.75277912263534	0.649887201175313	0.700577703687642
YAL015C	0.433525642158122	6.11104782906673	5.35746872905163e-07	1.62590116098225e-06
YAL016C-A	0.111649459776238	3.47893343094745	0.300894276802989	0.359049220889923
YAL016W	0.444724453941711	7.61932253104906	4.46115892859971e-16	3.0616994838746e-15
YAL017W	0.556905492536036	6.58631659445435	1.42647304608352e-15	9.43449499785932e-15
YAL019W	-0.655432177059798	7.17860315652149	2.12391552506286e-09	8.32397662104168e-09
YAL020C	0.0386406983913841	4.49156594386318	0.622758381370664	0.675354134427172
YAL021C	-0.533570168464601	7.75566521552321	1.59907097433612e-12	8.35240199627173e-12
YAL022C	-0.279356968423556	6.40366204025107	0.000851589420256453	0.00165956421218211
YAL023C	-0.54080272320544	8.77552309916228	0.000174131230018881	0.000376845556109976
YAL024C	-0.43819413550373	5.74681295285309	5.57577980821738e-05	0.00012978895535376
YAL025C	-1.11088343031717	7.83686903278127	1.56857250255489e-13	8.8713620746566e-13
YAL026C	-0.101454738148095	6.43905302719573	0.200024124385187	0.250009362952962
YAL026C-A	-0.310957341655632	1.03323331865608	0.205908169833333	0.256510550567343
YAL027W	-0.0501497798835689	5.02587043874153	0.447690507213466	0.509949853991542
YAL028W	1.93067873264968	3.61223569793391	1.42733330788053e-26	1.65021689364957e-25
YAL029C	-0.371420601756858	7.32272916513186	1.09427320625257e-08	3.97989746883875e-08
YAL030W	0.268839710821968	6.14197245471882	0.0079877705324709	0.0133247714875735
YAL031C	0.596224025838272	5.97500013285617	7.7249697479939e-21	6.77992965327581e-20
YAL032C	0.23075638380141	5.41660314111101	0.00148670696901367	0.00280102861100287
YAL033W	-0.484388224621578	5.45436609754961	2.3915674247994e-06	6.65037158089453e-06
YAL034C	1.15472087741855	5.49558837983554	1.65732875471172e-33	2.50096350795901e-32
YAL034W-A	-1.00037392374735	4.59399804767381	2.52198897855075e-05	6.17856468583827e-05
YAL035W	-0.48549420303787	9.14755696164674	4.2413949418489e-11	1.97515618825682e-10
YAL036C	-0.762365786011771	6.96435460708994	8.4408084280845e-11	3.81549926839429e-10
YAL037C-A	0.89955732324313	1.03090100617403	0.000559257806501682	0.00112224897619764
YAL037C-B	1.22371923356726	1.51554463925169	1.20132263739326e-07	3.9230590418296e-07
YAL037W	0.23464540853955	4.14753075530765	0.0937947190869629	0.126625155207509
YAL038W	0.120278294748792	11.299668496064	0.227171335303026	0.279257634185616
YAL039C	0.690695498400691	7.11697806548515	1.96089261685837e-10	8.5799755549873e-10
YAL040C	0.240273151488663	8.64292705880894	0.0755162477187819	0.103891002582452
YAL041W	0.350445465983469	7.28938923594084	1.11140124954453e-10	4.95310920108357e-10
YAL042W	-0.0124860411968899	8.10318790183625	0.827066177660901	0.857444707725011
YAL043C	0.0336829446703684	7.30773049397403	0.631655904188487	0.683375075756916
YAL044C	-0.525416476500202	7.88842968833746	0.00255943825453065	0.00462787054424647
YAL044W-A	0.565808137481672	2.25882390322733	0.000284908537154003	0.000597860427703269
YAL046C	0.0623667615044571	4.89152993331076	0.343551072577691	0.404272665558246
YAL047C	-0.432778180177534	5.25470014388572	5.76475657904023e-09	2.16610728457437e-08
YAL048C	0.137700093911684	5.70182555292136	0.025633614266293	0.0387403944115016
YAL049C	0.515528144187949	6.38607531237871	6.40217395907348e-18	4.89070773087036e-17
YAL051W	0.133152582183044	6.42734124390945	0.00862813906335446	0.0142899096553408
YAL053W	0.630003452036688	8.55142152719867	4.55094794902165e-06	1.21872156211662e-05
YAL054C	3.01421703750272	5.89914659518379	0	0
YAL055W	0.412592661547623	3.75567304799233	0.000197010722480252	0.000423161294587808
YAL056W	0.538811405590966	5.9976739877813	2.05814936175797e-10	8.98590701734854e-10
YAL058W	-0.167399528619006	5.76025613194692	0.0152746641333144	0.0241597686844216
YAL059W	-0.631540130764211	4.19212933116626	0.00558957281269358	0.00955354564123589
YAL060W	0.0804395617847514	7.76909352451556	0.706024531730334	0.750595841691029
YAL061W	2.67432890054567	5.87456896725346	1.35405912645915e-30	1.85013715188009e-29
YAL062W	0.346801680452752	4.46049631577673	0.00192271783086155	0.00355782690031998
YAL063C	-0.112523977726591	3.42253248764807	0.466186329582834	0.528414821540724
YAL064W-B	0.147974439883766	0.905774267545097	0.591516549833638	0.646934236419834
YAL069W	-0.94837172699409	0.976120489493205	0.000729161856629196	0.00143728560067368
YAR002C-A	0.0163223342140377	8.38378781607663	0.893493839390588	0.913241238085042
YAR002W	-0.385609583632031	7.60920872575592	8.26312881454981e-09	3.04026502038393e-08
YAR003W	-0.171885175308906	6.11693109077876	0.166175113948015	0.21179664724517
YAR007C	-0.453242180812731	7.45737907620154	0.0832705478433503	0.113494113270057
YAR008W	-0.919908968135798	5.62283226372972	0.00232706543421365	0.00424206106443071
YAR009C	0.198838605405321	1.02954964351906	0.458211369765419	0.520726701601594
YAR014C	0.0913407810582508	7.85608606088767	0.129692171953669	0.169354764940368
YAR015W	-0.266983623374255	9.89233760058538	0.0121571496675746	0.0195529116643817
YAR018C	-1.55454534888553	6.22072647475051	2.1632732449619e-05	5.34330269051394e-05
YAR019C	0.599186953546042	5.88732244677627	1.32468607702879e-17	9.97996578332966e-17
YAR020C	-0.218906885757081	1.53457863414954	0.308113634926641	0.366953085019605
YAR023C	0.941570295867621	2.54672264930433	3.45196793495618e-12	1.7469049852657e-11
YAR027W	0.748485136068297	5.99390987972145	1.73208296479036e-22	1.6849972142912e-21
YAR028W	0.656325055326927	4.76686349890682	6.84657619163343e-08	2.28168603459535e-07
YAR029W	-0.902178758649091	1.71154779266471	5.18914445808896e-05	0.000121484176331896
YAR030C	-0.437098600027239	0.933713165825494	0.112545840026759	0.149200791673842
YAR031W	-0.731849441999818	3.17660871664321	2.03389291170366e-07	6.50759137049621e-07
YAR033W	-0.127722669954904	4.00582599194791	0.205244258768882	0.255789486674651
YAR035W	0.293252308092561	5.36547152565751	0.274707514267261	0.33096012571634
YAR042W	-0.378519555799757	6.82048023160186	5.59193066322274e-07	1.69193191481103e-06
YAR050W	-0.629996570729575	2.50789808258252	3.06729418064542e-05	7.43571476372591e-05
YAR066W	-0.929033175818184	0.955258590988571	0.00579002415361909	0.00985829091236419
YAR068W	-0.68357511605706	2.9030501675776	4.71394768395687e-07	1.44519395593823e-06
YAR071W	-0.287924312115429	3.25491762315627	0.0417843968227463	0.0604737105677301
YAR073W	0.134494441316308	3.76899976209467	0.217161303593606	0.268636575556535
YAR075W	-0.00868090064770358	1.60878513446907	0.988224364283876	0.992516685278092
YBL001C	0.678461144005234	6.8161714256638	7.64258475027531e-17	5.56261737513985e-16
YBL002W	-1.96247248990032	9.0109660554478	0.000493525763354572	0.000997672121482074
YBL003C	-1.24367271867649	7.26990981812809	0.0320155919552981	0.0473733051526587
YBL004W	-0.814203606202875	6.90304106263591	2.03262777693351e-07	6.50700649356989e-07
YBL005W	-0.0577082848102861	6.03755660746134	0.528370799320802	0.587165479762784
YBL005W-B	-0.623733493487681	0.976695584691294	0.041113221127767	0.0596603150905467
YBL006C	-0.376824719381234	5.66819986410379	7.90381498537801e-07	2.33273125636194e-06
YBL007C	0.39970127704765	7.94070785916696	8.61126849011395e-10	3.5122758590614e-09
YBL008W	-0.707497132559895	6.42184546260031	5.04144638801632e-15	3.21753457375309e-14
YBL009W	-0.890083253007825	6.9114467299859	1.11011213089314e-05	2.84241658046403e-05
YBL010C	-0.229788907257577	5.49598582979509	0.111583284319415	0.148217063891041
YBL011W	-0.391955623932834	6.91704883642947	4.85819203239326e-07	1.48638424930017e-06
YBL012C	-0.894726304518075	2.37993681701945	9.5486590373134e-07	2.79486553711432e-06
YBL013W	-0.798179339498605	3.20696489543236	2.06671936061867e-08	7.2831868675495e-08
YBL014C	-0.457338998192792	5.94792860330582	3.09975928169558e-08	1.07040510060619e-07
YBL015W	1.33922407693847	7.07818735415685	5.69879114516699e-16	3.88448212752199e-15
YBL016W	2.77100316565687	7.64883601836793	9.4988341727849e-71	3.22638367495948e-69
YBL017C	1.60674958852309	7.68319260535336	3.19032745870617e-104	1.61178560350769e-102
YBL018C	0.128175838193001	5.33322161374912	0.183054440302194	0.231056748918074
YBL019W	0.195655535166779	5.03428472458277	0.0129413912637897	0.0207310536312026
YBL020W	-0.247068793891807	6.51793562552057	0.0172729642326189	0.0270359440162731
YBL021C	-0.447825795335043	4.56524729010889	4.62313983870179e-06	1.23585223256003e-05
YBL022C	-0.322205181370169	8.67664624031218	3.67100947597561e-05	8.78587140508175e-05
YBL023C	-0.551077090224501	6.83617895928132	0.0485520921062165	0.0694492452397272
YBL024W	-0.790969783964344	8.02850943278829	7.40387562552401e-20	6.12270980201518e-19
YBL025W	0.219385709033346	4.64166032541953	0.01444299962655	0.0229477026548943
YBL026W	-0.136734415218605	6.48732475140005	0.131183316811885	0.171036758895398
YBL027W	-0.227011053714864	10.4613619173998	0.00954072993690789	0.0156761050507489
YBL028C	-1.25060632920161	6.42440316270476	2.52667760235549e-10	1.09126334377595e-09
YBL029C-A	0.44655501195252	5.51898449075311	5.51613719366861e-05	0.00012853882483851
YBL029W	-1.02057171456274	5.40156904710555	5.00876823880419e-24	5.17400595389876e-23
YBL030C	-0.138136380617211	9.53426841073587	0.248095544308398	0.302149925970013
YBL031W	-1.26938467415894	5.02290950007542	4.91303697584546e-10	2.04834800962434e-09
YBL032W	-0.990962338478512	7.34352231749094	6.80135212088314e-09	2.53344045543677e-08
YBL033C	0.611368139852146	6.67824789903317	1.56072143990755e-25	1.72482670895665e-24
YBL034C	-0.515226788173307	6.14633118033054	1.49621856025067e-05	3.7715999933866e-05
YBL035C	-0.633959544194115	5.92712264249949	0.0838832425830085	0.114303276157989
YBL036C	-0.236156644004746	7.48414858293835	0.000642421804015772	0.00127677351594804
YBL037W	0.244235825815854	6.32162352980425	0.0169971653922065	0.0266597856347367
YBL038W	-0.340841787035797	6.8597922478156	7.26177587431189e-05	0.000166412705307889
YBL039C	-0.490033199585712	8.22617275161322	0.0149373667818723	0.023663622949306
YBL039W-B	1.70737621448334	3.70490620263155	2.68651870373109e-73	9.3903200272275e-72
YBL040C	0.253007554559127	7.30901522583084	0.00338596922176523	0.00600308079069671
YBL041W	-0.0879122172632906	8.07770145456039	0.341038157334685	0.401944991549916
YBL042C	0.188765129617597	6.44628226194779	0.197978592936951	0.247916538374703
YBL043W	-1.0783570836644	4.04653999749928	7.55860144293553e-09	2.79644996153405e-08
YBL045C	-0.221133255190172	9.32149519895579	0.0299462515716912	0.044541530046761
YBL046W	0.255583565046711	6.33258923756772	4.65305429001032e-05	0.000110026211516915
YBL047C	0.230646348245847	8.09052800306266	0.0102151329793793	0.0167202231070047
YBL048W	0.454369587329785	2.72077649586113	0.00048459579013536	0.000980609185558324
YBL049W	1.29134012208821	3.34809378024511	4.68968507934108e-47	9.99800946702077e-46
YBL050W	0.118823590291945	7.20035182741336	0.162283881411824	0.207188510309596
YBL051C	-0.209215171167373	7.26176625022847	0.00356987318605003	0.00631051972788379
YBL052C	-0.443083895096395	6.04271309793591	1.9299553886184e-05	4.80053446271155e-05
YBL054W	-0.818691543410946	6.51878867790156	5.18206125725521e-06	1.37791031749749e-05
YBL055C	0.0368597905476178	6.18423914542237	0.590080070789813	0.646019681527737
YBL056W	0.101153002647585	7.84544793247494	0.0654260029111026	0.090988001272623
YBL057C	0.071268168855034	6.52055374100855	0.300810755507868	0.359037971434049
YBL058W	-0.351807623713192	8.56346912624679	0.000556428341885777	0.00111769034126872
YBL059C-A	-0.0324860916182242	5.23790553943143	0.775947843075805	0.812292953608174
YBL059W	-0.136851734291665	4.66199860106664	0.152474773267918	0.195997078658696
YBL060W	0.768976390471758	6.24126328063154	5.01627885115392e-19	3.9944196626672e-18
YBL061C	0.437365677478914	7.28806680036141	0.00142358844922468	0.00268631944655957
YBL063W	-1.12675927223439	5.65722146523864	8.14608806561907e-09	3.00087508887879e-08
YBL064C	1.11775341591287	6.19219437888919	4.06904594727265e-12	2.05055358214612e-11
YBL066C	0.0410244360038507	6.04628198061059	0.596382517935525	0.65178180291372
YBL067C	-0.0939837320558166	6.48216790031247	0.166368064216487	0.211907797048627
YBL068W	0.0452586688194101	6.12655327551265	0.550492775588038	0.608487326132613
YBL069W	-1.25949812605101	5.47194197476652	1.35739589666718e-11	6.60247907019665e-11
YBL070C	-1.92388691593808	0.876041796362693	1.33412877105741e-07	4.3379027428865e-07
YBL071C	-0.332073704562071	4.32875768941415	0.0302356672759267	0.0449386481243192
YBL071W-A	-0.137898174406517	5.04392389334447	0.384627946379915	0.445889551414587
YBL072C	0.156469711147947	9.93220210734306	0.0464051428212214	0.0665365415314054
YBL073W	0.14484996876511	0.797732886691446	0.614453852882592	0.667889452816876
YBL074C	0.0110779075282133	4.00712192288747	0.929624283386538	0.944549804245372
YBL075C	0.321700666596347	5.80653386258786	1.43677317562845e-08	5.15079328078607e-08
YBL076C	0.287261312075737	9.47743732273581	0.000141309520096814	0.000310684117653517
YBL077W	-0.0900371939286838	1.40962175775587	0.762761614804526	0.800383763346595
YBL078C	1.31199965328012	5.0981144097195	2.85990754924155e-20	2.44217505961502e-19
YBL079W	-0.315606886374078	7.44485796393543	0.00011357582670646	0.000252895507466383
YBL080C	-0.337228862574225	5.90203615256666	0.000104731029556566	0.000234155057528477
YBL081W	-0.858198584972285	6.61114007356294	7.36508410018479e-14	4.28229067797978e-13
YBL082C	-0.528959104833355	5.64320312520722	4.73512654564266e-05	0.000111769064752272
YBL084C	-0.0969240527734617	6.07399753534134	0.130447908211322	0.17026765613688
YBL085W	-0.203421696644984	7.6684864322756	0.0778334910269427	0.106761338821351
YBL086C	0.0317371947799458	5.91940617227598	0.775099169697306	0.81154583911881
YBL087C	-0.19144011464594	8.85456027779103	0.0350605942258633	0.0515869536186711
YBL088C	0.131004241059303	5.42724915583438	0.0658115696248236	0.0915030426883532
YBL089W	0.356441527071718	5.54709231181818	1.5550528385098e-05	3.90680220021769e-05
YBL090W	0.0596871015603374	6.02655425373895	0.485695069934025	0.546202536558802
YBL091C	0.040396161245889	8.04917512842301	0.542122476125704	0.600338980745576
YBL091C-A	0.601295486506584	4.33298160055039	5.74885947053023e-13	3.12496773389039e-12
YBL092W	-0.130166463310312	10.5940637974522	0.125302141857481	0.164121236785878
YBL093C	0.538542242186504	6.08795792664112	7.37545169234065e-08	2.45385808380476e-07
YBL095W	1.68052826388181	4.49865111879847	1.95891216803973e-47	4.23632372455211e-46
YBL097W	-0.626974620332462	4.69395911136555	1.26442010307241e-06	3.65466041330351e-06
YBL098W	0.0334798524130565	7.29068676729069	0.696088661959953	0.741475024043805
YBL099W	-0.305587910042796	9.03834780227094	0.000265862743233002	0.000560466029075101
YBL100C	-0.716331332786619	7.06963487550801	8.59028980595308e-11	3.88015193939819e-10
YBL100W-B	1.27924142959684	5.31508596646405	6.19779729489144e-30	8.22542104567049e-29
YBL100W-C	-0.20920157441636	1.69974930337429	0.263456642649641	0.318628311327629
YBL101C	1.24629628679185	6.99024392776019	2.62800761141739e-32	3.79797638457725e-31
YBL102W	0.0762761793044273	6.39377281235585	0.201700628726123	0.251895342729841
YBL103C	0.435540523741499	6.97392852653536	3.77618186524025e-14	2.26345018682197e-13
YBL104C	-0.326914025050302	6.1500616386273	2.647436967931e-06	7.32798851344438e-06
YBL105C	0.0449743549922856	7.2559008501821	0.55270421913861	0.610258542784449
YBL106C	-0.202957344404124	5.38104115691965	0.00294139261753301	0.00526299179065728
YBL107C	-0.454782702282259	6.33910066917419	9.53987007059837e-06	2.46364685843803e-05
YBL109W	-1.43878519168807	0.586723864118147	2.06772028281965e-05	5.11990705943647e-05
YBL113C	-0.629205780802444	5.96018879941739	0.00333568012107599	0.00591741188784564
YBR001C	0.34308699734221	5.5193610497923	0.00201975068757027	0.00372134267044819
YBR002C	-0.245891271547273	6.18200916329451	0.000234253700989383	0.000498172355977421
YBR003W	0.021559617404658	6.88097413381805	0.773930798561444	0.81074611621387
YBR004C	1.19344259456179	6.25704635931323	4.28338352824276e-79	1.65075011357663e-77
YBR005W	2.40586858254155	6.10590475649057	2.87359084378762e-132	2.43324340181002e-130
YBR006W	2.54855924279688	6.49780382755443	2.67611208245592e-121	1.87078905113082e-119
YBR007C	-0.00563275988611769	6.50930652192327	0.9560390833148	0.967609404738507
YBR008C	0.10194300537847	5.45828641481009	0.313435082026352	0.372700101491778
YBR009C	-1.94823465041907	8.89501964551006	0.000763342301863022	0.00149827421443046
YBR010W	-1.56086317712851	8.91686114948908	0.00180484402655522	0.00335520169686147
YBR011C	0.289291048418843	10.751425944546	4.94483755808287e-10	2.0601776437418e-09
YBR012C	0.380740498099162	4.32870043556499	4.47732634313369e-06	1.19954037321389e-05
YBR013C	0.136418966320153	3.26514349232322	0.224860779276384	0.276850912350936
YBR014C	0.577396263919902	6.67653697763733	1.2195765838004e-08	4.40101705990876e-08
YBR015C	0.127399208283958	8.00792750159383	0.38064583572489	0.44212572727551
YBR016W	0.860327764566615	6.89917373469813	2.29080129378607e-49	5.17755540535408e-48
YBR017C	-0.312315271864667	7.86725721139424	2.31319670368858e-08	8.10427656327258e-08
YBR018C	0.705217879117844	2.05863904096054	0.000146772154991359	0.000321338017410068
YBR019C	0.066529365158537	4.25029359126474	0.489788241995504	0.550085356039038
YBR020W	-0.3615836896271	3.2122191180802	0.0160280649317883	0.0252915292309478
YBR021W	0.234044746509878	6.72937517750506	0.0283091335508202	0.0422884348852674
YBR022W	0.182964655392688	5.35666103901137	0.00398105000446877	0.00697582996994061
YBR023C	0.856647244751976	8.17113215275755	4.96604709394232e-07	1.51706682564945e-06
YBR024W	0.466925166873653	4.80523305605361	1.09441780066021e-07	3.59346795061124e-07
YBR025C	-0.0244837298388066	9.42524181580261	0.840295489265701	0.869660265358133
YBR026C	0.980152463906875	5.8410354892952	8.57422808453211e-15	5.4204268395591e-14
YBR028C	-0.853800915180437	6.70048135472749	1.59101132222826e-20	1.37628202435054e-19
YBR029C	-0.619897007103361	8.15363540944499	1.84703810785087e-13	1.04071163115271e-12
YBR030W	-0.436503025352209	5.81003322827963	1.73171857627425e-09	6.81800398203063e-09
YBR031W	-0.0408903254435123	9.7765566657664	0.694733432561717	0.740424994958525
YBR032W	0.233619678964698	1.21590440411927	0.333793947186859	0.394179770278412
YBR033W	0.594489603470096	4.93375320367408	2.08507618222403e-10	9.09686357585696e-10
YBR034C	-0.690038934371843	7.25277982072529	1.26264895168163e-10	5.60224759963835e-10
YBR035C	0.255985511387574	7.54922651119542	3.15196291086949e-05	7.61028153419573e-05
YBR036C	0.542851795410095	7.90325124906619	8.25673167675965e-21	7.21503936637776e-20
YBR037C	-0.453388523683206	5.82002201021138	2.05323656196282e-06	5.73875323594629e-06
YBR038W	-1.94748652185994	7.47960629612778	1.89833295993996e-10	8.32441849391617e-10
YBR039W	-0.39524457556495	8.66603680481194	8.10248923711611e-07	2.38763932550252e-06
YBR040W	6.78251994634297	6.00404093269793	3.37643873780177e-64	1.05724737977418e-62
YBR041W	-0.0756527330596486	7.04217585209889	0.433737058218247	0.495935183341214
YBR042C	-0.436153624961372	5.88886261367283	8.26408826453238e-05	0.00018741493265322
YBR043C	0.410692761295991	6.52163060286729	0.000755993814379703	0.0014857910467639
YBR044C	-0.531530400486727	6.55597146910482	1.06666063460108e-10	4.77140158870663e-10
YBR045C	1.76052576046492	3.97349526419424	8.56894588283765e-83	3.48084477348784e-81
YBR046C	1.44268330084088	5.52592459442033	1.85493500758866e-29	2.39825145497269e-28
YBR047W	0.336005845001833	3.71231037363251	0.221886381073291	0.273637112412846
YBR048W	0.136115458891005	9.6834729144509	0.0610403010827507	0.0855617370271618
YBR049C	-0.556836508157512	7.53102724010766	7.7826026475569e-05	0.000177096923229039
YBR050C	2.41189601944758	3.48411873128193	4.90095285653761e-111	2.83312774745232e-109
YBR052C	0.728221634502874	6.26709160068158	5.28442637611542e-10	2.198613935862e-09
YBR053C	0.526791263078882	6.14354061174057	0.00787573470057987	0.0131671070689339
YBR054W	2.09708021130049	4.92986832835302	3.40022904806366e-20	2.86305000517629e-19
YBR055C	-0.332559358438926	6.44655402032394	1.12166652365514e-05	2.86833651221383e-05
YBR056W	1.62313265958634	6.4377377304756	5.81243508951317e-16	3.95745863625744e-15
YBR056W-A	2.05439505954331	1.4446118790438	1.03848473388963e-30	1.42868883756166e-29
YBR057C	0.168701393432946	5.97997172500135	0.0253184661939043	0.0383026217306876
YBR058C	-0.009171405958809	7.20073276638361	0.883517436304007	0.904890430504206
YBR058C-A	0.186067670557466	6.44369870038643	0.030941112630789	0.0458963654419698
YBR059C	0.324060614737582	7.48251217431531	0.00215872016947417	0.0039531604200057
YBR060C	-0.373080318003942	6.16446051918568	6.55324750657846e-07	1.9601056721169e-06
YBR061C	-0.540859039132946	6.14178041309347	5.69662475068076e-06	1.50872722471774e-05
YBR062C	0.0469484655910895	5.87346074034131	0.590958397036439	0.646441390644663
YBR063C	0.179296221774936	4.79908929019309	0.104179186346338	0.139152470187554
YBR065C	0.172316524938298	5.58356486486039	0.0310845463655569	0.0460675393499231
YBR066C	2.7424761642613	6.87703609087556	1.74181411910355e-54	4.36324436835438e-53
YBR067C	1.65864898871761	4.98975101922232	8.08177117973607e-34	1.23318802874551e-32
YBR068C	0.349683217743814	6.29919538724324	0.0110109355989885	0.0178912823840862
YBR069C	-0.841924216703622	4.16778168766679	7.58477763977169e-19	6.00786339529742e-18
YBR070C	-0.563958865061769	5.00193988705515	0.0567402653147278	0.0801509574887555
YBR071W	-1.46466053445956	7.35907491073564	0.00938798512732756	0.0154589336032575
YBR072W	3.39983831877377	5.39897382319717	1.06350685269393e-146	1.03125858038644e-144
YBR073W	-0.867538051857035	7.48755441138816	3.14107332954984e-06	8.6150241137106e-06
YBR074W	-0.217547662278632	6.81419840728883	8.07048057555012e-05	0.000183300828183632
YBR076C-A	-0.233213930871749	4.21603466885865	0.0114766858077645	0.0186015017657495
YBR076W	0.537698757993941	1.45358889468885	0.00552923639047944	0.00945980910061537
YBR077C	-0.235446092535815	6.19975852873225	0.000356584493829152	0.000736949459230273
YBR078W	-1.02073950815356	10.6019454115454	4.07567997197069e-08	1.39459237287921e-07
YBR079C	-0.199467937098155	9.13231000206069	0.00164081062585163	0.00307020027470277
YBR080C	0.0586630625453949	7.74541904928359	0.377363211081897	0.43856710323301
YBR081C	-0.411689543523228	6.94819457895083	1.75396243793734e-09	6.90106163408329e-09
YBR082C	-0.201414567531162	9.41842500983411	0.0352206970582249	0.0517845024979331
YBR083W	1.58774638490336	7.75858422182012	7.54763848214504e-06	1.9711730041119e-05
YBR084C-A	-0.0549499997386583	10.3242358657025	0.485301481382631	0.546181924288531
YBR084W	-0.445081327949512	7.84324853452266	0.00422234829738339	0.00737500231373298
YBR085C-A	1.69980507480606	8.29764369206042	4.53330342045969e-28	5.55075767083578e-27
YBR085W	-0.59676051345955	2.63332560005758	0.0272148990044303	0.0408325362651946
YBR086C	-0.312842911759987	8.20310674767684	0.0039070403966739	0.0068541368149412
YBR087W	-0.463104218786393	6.42736077533741	1.05224615997103e-05	2.71041298789453e-05
YBR088C	-1.33663454712929	4.11921036817439	0.0151464777288087	0.0239696299304021
YBR089C-A	-0.182526533008402	5.40233484674645	0.0453756738998847	0.0652160056146562
YBR090C	0.576131479268311	2.32413101376383	0.00155172988017976	0.00291622383233533
YBR091C	-0.283452529961241	4.69238731091933	0.00683824084596555	0.0115126026227793
YBR092C	-0.13854404675361	3.51152834758066	0.175644897724113	0.222404617758502
YBR093C	-0.112364014711243	2.25130798975154	0.491545913336243	0.551750192490196
YBR094W	-0.41934264189889	6.5297563147013	1.6761983712295e-14	1.03782745703726e-13
YBR095C	0.152169665519653	5.90258259919726	0.0291627660276558	0.0434622085667494
YBR096W	-0.0779686715115721	7.22141573577933	0.245031169392056	0.298808801295141
YBR097W	0.330052231638115	5.25342036757348	0.000381087054219908	0.000783280468365842
YBR098W	-0.542513140222169	4.97099149658662	1.45063495351628e-06	4.15493918081938e-06
YBR101C	0.405804657021889	7.79810434598221	0.00741909840182442	0.0124347977674292
YBR102C	0.113162461889742	6.51898750664134	0.0681014739261776	0.09446840360964
YBR103W	-0.0518156617863083	6.17828032722457	0.474823555288741	0.536586318495472
YBR104W	-0.325173953869557	7.1328674211785	0.00330718804148821	0.00587033200632628
YBR105C	1.16374631432759	7.17349627898998	2.2838722644198e-31	3.24601419709026e-30
YBR106W	-0.037241169333757	8.89014922499883	0.646335836867517	0.697499739947498
YBR107C	0.144288039885648	5.25383297417423	0.0290611449831873	0.0433322429660025
YBR108W	0.654153024538379	6.4656005510302	7.52395518807608e-10	3.08764632018521e-09
YBR109C	-0.0219071793778163	7.79102664729682	0.771944556299042	0.809088332020544
YBR109W-A	-0.71259232550688	2.45942361481479	0.0162762666994484	0.0256562442047938
YBR110W	0.00758024602873115	7.09446151447726	0.924587166126838	0.939977233855977
YBR111C	0.187898964403071	6.88097399553516	0.0806976233445185	0.110262298078919
YBR111W-A	0.219082739177034	5.14497071602853	0.0389258804972799	0.0568015518324385
YBR112C	-0.864424485868606	7.50592766002168	1.6197409658366e-12	8.45302316545978e-12
YBR113W	-0.91372561571334	4.23508434556424	2.14767079385098e-12	1.10680164136409e-11
YBR114W	0.666871332012861	5.37522583884509	4.52917945886459e-18	3.48202390111175e-17
YBR115C	-0.865423226868518	9.82709959374306	3.4630022616903e-13	1.91356338210313e-12
YBR117C	1.37387166759408	4.52864737140323	9.43379430303857e-42	1.76685269002704e-40
YBR118W	0.182701148689498	10.720127858325	0.000997907994177912	0.00192412535631739
YBR119W	-0.109866342069113	5.4200004571351	0.145984359951622	0.188581429314385
YBR120C	-0.116993097433829	5.05982120504673	0.218573248292248	0.270049808617549
YBR121C	-0.064496567094179	9.55916948903351	0.390295959630363	0.451502657167162
YBR122C	0.00851409262508613	7.23674494288559	0.90906692876082	0.926698749920457
YBR123C	-0.630131577801002	5.77673644507849	1.93049352670524e-12	9.99666415379145e-12
YBR125C	0.422083723755465	6.65600371216627	5.58849875553984e-05	0.000130023430798396
YBR126C	1.41965940206852	8.16933602255417	6.04567531863776e-20	5.04113731146327e-19
YBR126W-A	0.531300186209775	4.49969552499125	4.39388548893611e-11	2.03984861463196e-10
YBR126W-B	0.379929205704262	1.82453432845474	0.0439656048217061	0.0633711858518573
YBR127C	0.209892360755873	9.41344698088689	7.26325580053063e-05	0.000166412705307889
YBR128C	0.368003435692851	3.42124517591045	0.00371934012576143	0.006553538345861
YBR129C	-0.321935945357626	5.86536858674441	2.69467156255024e-05	6.58283845349535e-05
YBR130C	-0.221090279749432	7.11996543905027	0.0183946326806841	0.028627629219848
YBR131W	0.0144756245663413	5.36282392916804	0.857230759445299	0.882901246782792
YBR132C	3.16404428819575	5.33206386432435	1.27314656604216e-129	1.0205542873394e-127
YBR133C	-0.245653932060242	7.33856708518976	0.00388854722047079	0.00682767111257897
YBR135W	-0.534748819558218	6.22380903085266	8.59473106578692e-16	5.7922593471211e-15
YBR136W	0.03916142876462	4.80850818007774	0.613830339553993	0.667453065906783
YBR137W	0.689446955499277	5.63151177344745	3.31995800642589e-19	2.67554792689443e-18
YBR138C	-0.443581891445785	5.67674775289612	0.00200569513817208	0.00370225335299065
YBR139W	0.968661154537098	6.20890429915125	1.57033358514843e-06	4.47857946580283e-06
YBR140C	0.0449520287670094	6.27003332491093	0.656177314635201	0.706111432620858
YBR141C	-0.181168339016509	4.50383899770564	0.117037280347993	0.154368104854922
YBR142W	-0.76369937411085	7.26139593602695	1.80687341764009e-08	6.393715707388e-08
YBR143C	-0.403571402380328	9.2724181313943	4.47629513379348e-07	1.37654661608012e-06
YBR145W	1.4707521701092	6.15915584512266	4.80360419036437e-14	2.84805408209769e-13
YBR146W	-0.296490580697725	7.51789789395374	0.00134296386632397	0.00254616801146001
YBR147W	0.293072712336549	6.09471233707038	0.0436351015508133	0.0630005356684653
YBR148W	-0.582106627731021	3.38230250714689	2.02430482845859e-07	6.48381493270806e-07
YBR149W	1.1028073033416	7.77793806525626	2.39547502158236e-19	1.93569836421413e-18
YBR150C	0.874841088785307	5.61309755694521	6.28029812630134e-51	1.47488876309858e-49
YBR151W	0.308907542767727	7.60994176180074	3.08046665244717e-05	7.46162994138291e-05
YBR152W	-0.0903757652584412	4.62365607972291	0.329378355114869	0.389500918755034
YBR153W	0.510143636598409	5.32623609878992	8.68067451606472e-13	4.64721417547472e-12
YBR154C	-0.647106474469069	7.68888657288998	1.18788529739259e-15	7.91747938794263e-15
YBR155W	-0.685581780988182	6.74763475462065	1.43109493556528e-07	4.64314233816431e-07
YBR156C	0.392789501719118	6.02876121485769	0.00578823616991841	0.00985803848542478
YBR157C	0.170543879108505	4.64990379588278	0.581286389931642	0.63771784238486
YBR158W	-2.13524387835245	8.03082279722771	9.07982243444994e-05	0.000204986453157766
YBR159W	-0.0295552557704201	7.72111739915216	0.625221649787402	0.677267127661596
YBR160W	0.0915645244588025	7.12951731520146	0.279076208663279	0.335494134469833
YBR161W	1.6762365740853	5.93627806230255	7.45787532975951e-24	7.63828730536868e-23
YBR162C	-0.0285453047249928	9.5442704185301	0.905205018060046	0.923640965474711
YBR162W-A	0.0364399328210873	6.95498873322568	0.608191004594921	0.662039529173396
YBR163W	-0.432099404387687	5.8266029811573	2.25241180374019e-08	7.90513704850321e-08
YBR164C	-0.121673112536339	7.1565394625115	0.102991145872725	0.137761136430909
YBR165W	0.398324512913988	6.09287565396322	3.69429833852584e-09	1.41016645150586e-08
YBR166C	-0.0512813806824792	7.00291349232111	0.34959526963495	0.410340639536645
YBR167C	-0.11589634505927	4.74388201669894	0.216499691900436	0.268143865100168
YBR168W	0.254064114466561	5.35438896156803	0.00032316697167856	0.000672742324699273
YBR169C	3.28907511016314	6.63188318591051	7.71486074072413e-289	2.7283378101902e-286
YBR170C	0.0649621563272457	7.1283515826209	0.436376487535443	0.498289732775515
YBR171W	-0.258309655500086	7.40496347610803	0.000514803839090395	0.00103893946982593
YBR172C	-0.41030323195043	7.53678289770414	8.11467545659064e-09	2.99113604200018e-08
YBR173C	-0.181883378043118	8.01477250226517	0.0486290767656376	0.0695262805029758
YBR175W	-0.26529965917632	5.28499528570308	0.000740378852367044	0.00145653064804669
YBR176W	-0.230497400856616	5.66854021821174	0.00203236345498413	0.00374343415789356
YBR177C	-0.301449699157987	8.19119580904319	0.0012596770192961	0.00239733404242106
YBR179C	-0.180747233422757	7.00759508399276	0.0148239576188904	0.0235121484398466
YBR180W	-1.05859257759527	3.33292525479476	3.98902722364885e-10	1.67706515164874e-09
YBR181C	-0.166831027490615	9.73083222904929	0.0205668350992413	0.0317289742408619
YBR182C	0.947646557477464	4.37543065533702	1.09606840203005e-24	1.16423378674995e-23
YBR183W	0.988293447941927	4.89148833869476	1.35725660394598e-09	5.38958170602592e-09
YBR184W	-1.31517440216058	3.65093109486817	0.000864419717516802	0.00168238631975106
YBR185C	-0.360468688934707	6.02228317823155	0.000115091880499416	0.000255986824107468
YBR186W	-0.79867214942898	3.55833543877462	6.85202160250492e-06	1.80045252946939e-05
YBR187W	-0.209345430502151	7.00967907036507	0.19878330082365	0.248665252715727
YBR188C	-0.349904469358455	4.94861192484322	4.75816173840159e-07	1.45800552351021e-06
YBR189W	-0.177202800949185	10.692693648739	0.0397434063701162	0.0578821121843843
YBR191W	-0.302928934966442	10.2272895167675	5.23219071330322e-05	0.000122396616997583
YBR191W-A	-0.307966308176972	2.32344472155319	0.117306459722904	0.154590011125394
YBR192W	-0.716405416055109	6.50580604175871	1.49205567445114e-19	1.22044064146942e-18
YBR193C	0.132459787808083	5.43350568166264	0.0649076744601435	0.0903298469570331
YBR194W	-0.124786674764183	4.55611477857456	0.197338514670237	0.247217993373091
YBR195C	-0.448656407345936	5.60871740060299	3.39688233795737e-06	9.2701119454379e-06
YBR196C	0.0393677571073857	10.4616467145114	0.60922061732506	0.662980293882159
YBR196C-B	-0.307386136159248	1.52904364979652	0.136402165162781	0.177308068531598
YBR197C	-0.32150086329592	5.45865698967862	7.83535913261679e-06	2.04188032532692e-05
YBR198C	-0.245830321038161	7.4416318982184	0.00149358777227088	0.00281222977979722
YBR199W	0.312411049042787	7.99696861298799	5.96034550889432e-09	2.23401478799705e-08
YBR200W	-0.063903936229449	7.06026106392406	0.516715022622982	0.575809215200995
YBR201C-A	1.02977218784489	2.70085882476863	5.05827265975314e-07	1.54445582683778e-06
YBR201W	0.245771228600234	4.78945432073181	0.0249486232140205	0.0378001821478556
YBR202W	-1.14713111950783	7.29108339269106	0.000335487416546433	0.000696942069204269
YBR203W	1.95186984541053	5.92986773060502	7.61066435227808e-73	2.64481584311537e-71
YBR204C	0.650850112930665	5.3136513074966	3.26489652945947e-06	8.94239541462886e-06
YBR205W	0.0238689842408184	7.00383735476928	0.76043621259863	0.798514132773136
YBR206W	-0.277575106867247	3.50400446455419	0.0193999553412554	0.0300831910011935
YBR207W	-0.176691462516382	7.43945884030227	0.223589983366352	0.275455528688219
YBR208C	0.417894761166241	6.24741870488214	0.000100907636546471	0.000226111334669171
YBR209W	0.977181169120866	1.54840283919339	4.28394474346432e-07	1.32077311783115e-06
YBR210W	-0.0891473257016105	5.66635184623817	0.204409648856743	0.254802158185101
YBR211C	0.102560952592914	5.12927806464549	0.182794674980043	0.230777317509453
YBR212W	-0.0568200800518671	8.20481563939236	0.447379411561655	0.509692064110038
YBR213W	1.32653357808208	6.86673461733281	1.26304423591507e-18	9.84879629873071e-18
YBR214W	2.25586048951445	6.52247323815731	1.16048695348623e-61	3.4710684399797e-60
YBR215W	-0.554716294296292	6.63386150224878	2.5454759340109e-16	1.78550691292034e-15
YBR216C	0.246855421661612	6.28370283580915	0.000359418772318732	0.000742041778564634
YBR217W	0.0497706501854225	4.58384680954811	0.512035866428812	0.571391424231564
YBR218C	0.317496894306448	8.77425516707344	0.0016924109748991	0.00316025020681977
YBR220C	-0.251696666392334	6.31063880761692	5.45292938965216e-05	0.000127263243364087
YBR221C	0.0690593684786242	8.71015605024052	0.236109966006512	0.28892593438452
YBR222C	0.173805177203928	7.10951045409918	0.0798806499395921	0.109245329262245
YBR223C	1.1513805315191	4.78149612178519	1.93609292821696e-27	2.30948227865881e-26
YBR224W	0.38859783083447	0.982018836862468	0.0980992472451918	0.131792776410747
YBR225W	1.34764215095351	5.95444497789226	2.47803826240089e-31	3.51367123432882e-30
YBR226C	1.22708352736335	2.15932464788639	2.80730607117083e-10	1.20295966499494e-09
YBR227C	-0.36263746541175	6.92521686213187	8.18308325210411e-10	3.34216688258491e-09
YBR228W	0.47842938623907	5.03482400439854	1.06354804544156e-11	5.21963334628136e-11
YBR229C	-0.0151438180669234	6.87855039095378	0.867684701813467	0.89125583927944
YBR230C	2.61443073295424	6.72189554110722	7.90950239781854e-74	2.78081452723304e-72
YBR230W-A	-0.15110386894106	3.43220566348839	0.374070153556245	0.435147849020074
YBR231C	-0.608602797427023	5.76729813594136	3.37343108211142e-11	1.58075352031596e-10
YBR232C	-0.816221660016243	2.4890239276302	1.09892621965381e-05	2.8173750245453e-05
YBR233W	-0.820333349872494	5.76554861094439	3.08982433679517e-10	1.31558243008588e-09
YBR233W-A	-1.36436134887263	5.38243877015689	1.26445679159253e-21	1.16415225590418e-20
YBR234C	0.13755876598383	8.53168432760846	0.14557980876994	0.188139684076715
YBR235W	0.153249122344425	6.20395430625969	0.0185904733738386	0.0289174452583487
YBR236C	-0.0279567630942014	6.88134523992753	0.72531615257711	0.766766433848001
YBR237W	0.282425156384652	6.47033152677312	0.00163156956644158	0.00305481041216032
YBR238C	-1.34512515913566	6.52748255779919	9.90367974050054e-25	1.05569011701931e-23
YBR239C	-0.723128929130781	5.29206565283935	3.93765745179379e-16	2.72418833143662e-15
YBR240C	-1.14551115040386	2.95138473845552	7.15469436757713e-17	5.2264911953674e-16
YBR241C	1.67391906949625	5.46424811962853	3.71230576766323e-106	1.97507807745056e-104
YBR242W	-0.164334286115124	6.85629639188879	0.142307669316523	0.184244750610307
YBR243C	-0.911822080027184	6.45193421113587	1.68929597630098e-11	8.1443844502979e-11
YBR244W	-0.134386912873793	5.48309098424895	0.355757151985311	0.416759937204928
YBR245C	-0.45379699168841	7.07766947506096	4.24274216473313e-06	1.14178003108217e-05
YBR246W	-0.0488278805276611	6.40235161851125	0.549744718666351	0.607772204601343
YBR247C	-0.481126941433782	7.10801726377399	0.00846159968746722	0.0140566834266518
YBR248C	-0.173498157925316	9.2047220320922	0.0588646725315193	0.0828016872390018
YBR249C	0.585102755999679	10.0696606220551	1.21830322658059e-09	4.88621681000833e-09
YBR250W	0.151661587811774	2.70757376511011	0.231649360636617	0.284071942679906
YBR251W	-0.433424176770196	5.74381468291309	4.82475701664502e-07	1.47765864411971e-06
YBR252W	-0.772868325184946	5.90620141316436	2.61271701161866e-10	1.12680449597212e-09
YBR253W	0.202262483198177	4.9917819045926	0.00402135049162901	0.00703824138447558
YBR254C	-0.195122943069787	5.13185835050733	0.0591402428593374	0.0831504069388065
YBR255C-A	-0.29580080384727	4.53826413341606	0.00117940330828485	0.00225169027926596
YBR255W	0.668003217131288	5.86579087007731	1.32985676711537e-27	1.59901977677952e-26
YBR256C	0.458227231970055	8.04878949061904	1.59538471991812e-08	5.6888807450461e-08
YBR257W	-0.35336000354034	5.25065515657366	0.00038036572419035	0.000782332786121239
YBR258C	1.07598087424871	4.94855085513368	1.33000830033241e-29	1.74967393908062e-28
YBR259W	0.750144683100045	5.79025281313926	1.06192927402113e-29	1.40314698800331e-28
YBR260C	-0.0802535917730133	6.46284826270788	0.24959097341369	0.303675569712193
YBR261C	-0.357626759455567	6.54184137251724	5.2130943100581e-08	1.76271782857533e-07
YBR262C	-0.163354779660739	5.43106101532728	0.0861448402407875	0.117146070917805
YBR263W	0.157932711806515	8.12779186722642	0.039433879411968	0.0575009660501459
YBR264C	0.597577635176768	4.72902731110343	9.23915833726633e-13	4.92427481592599e-12
YBR265W	-0.221987772939163	6.28712468401522	0.0212872737302131	0.0326977745697601
YBR267W	-1.11064590760884	6.15161995363074	5.90733883191841e-11	2.71313377062593e-10
YBR268W	-0.373210578586914	5.40562135900421	2.64263313089679e-05	6.46096396216001e-05
YBR269C	0.741230098759534	5.40101353025523	3.07545873949363e-12	1.56294657158374e-11
YBR270C	-0.285738472788653	4.22362561919959	0.00218249870398788	0.00399305605854386
YBR271W	-0.704547327098384	5.64856332695445	4.10305846210353e-07	1.2676047006252e-06
YBR272C	0.300807233963911	6.09979981981622	4.03714186249556e-06	1.08888725335681e-05
YBR273C	0.365494240968224	6.62137300688534	4.40257472970741e-06	1.18161961049111e-05
YBR274W	-0.0403999709031886	6.10250458976378	0.478421297831825	0.540042967060633
YBR275C	-1.18974251249733	6.87473521395983	8.23927336797219e-09	3.0333442430036e-08
YBR276C	-0.21397779008292	7.04345345509766	0.0282511358928537	0.0422291966653
YBR278W	-0.37529169190425	3.92991479820523	0.00309022924835954	0.00551289562051559
YBR279W	-0.147689899570146	7.85753111521651	0.057145921198259	0.0806671233256476
YBR280C	1.48650620086399	5.74385575576946	1.08626167917637e-37	1.81911008780177e-36
YBR281C	0.234465660833946	7.37893032269634	0.0625766562691389	0.0874502225685874
YBR282W	-0.413184195660278	5.58586823588064	1.37732882262957e-07	4.47111278706749e-07
YBR283C	0.105976197130694	8.7789101503282	0.146991783200143	0.189760489714249
YBR284W	0.825497499877358	4.28193807399958	7.51311615110586e-11	3.40383227584389e-10
YBR285W	2.85846024044099	2.24234043387053	5.40144035156887e-100	2.59787675149056e-98
YBR286W	0.436727007858144	9.70233928425071	1.71840531781449e-16	1.21398974978857e-15
YBR287W	2.25661196534624	7.60279470870773	1.83650478598084e-145	1.72516668333075e-143
YBR288C	-0.385729010129833	6.08887676327179	4.27153851211713e-09	1.62226718476615e-08
YBR289W	-0.406501759180021	6.45401397868478	4.90288956020207e-05	0.000115231321485281
YBR290W	0.822524702376999	6.98980002565645	1.61257269519272e-27	1.93123247878459e-26
YBR291C	-1.34785806007512	8.25550758000769	6.02247635678768e-09	2.25449114925327e-08
YBR292C	0.389531163193392	2.55865632454685	0.0167228275995113	0.0262774802739838
YBR293W	1.57241233952637	5.83373688315818	1.82037556834613e-42	3.48538150219647e-41
YBR294W	2.75358986833845	9.48571050809535	7.82449139690243e-39	1.35174834132694e-37
YBR295W	0.320878473699956	5.21182724683603	0.0238546931339074	0.0363350431013558
YBR296C	6.05232884424315	8.1666335880328	0	0
YBR296C-A	4.06502023262078	1.86814008357866	1.75489739688721e-60	5.17178585788526e-59
YBR297W	1.29727818574831	6.29424883887539	1.40084148559813e-64	4.43255737442944e-63
YBR298C	3.12967326263772	7.07500386479872	4.53457606477603e-155	4.78278443884798e-153
YBR299W	4.15321494350316	5.43544644063369	0	0
YBR302C	0.992820061897684	1.31534621468486	4.47125651462027e-07	1.37570082732329e-06
YCL001W	-0.286819496993444	6.88224642426201	0.00791237862859084	0.0132100028645066
YCL001W-A	0.417029892342566	1.22925192283046	0.0597001882071802	0.0838788341905976
YCL001W-B	0.77499911409368	1.77179459998025	2.31394817719069e-06	6.44048909318076e-06
YCL002C	0.104046381053402	5.36414660880999	0.210715065698915	0.261631345514638
YCL004W	0.3899816732574	5.25714084977317	1.22878304470436e-09	4.92475181926982e-09
YCL005W	0.222172654153113	5.84966652754345	0.000948183703440897	0.00183354146834566
YCL005W-A	0.294794601758336	3.8069193876703	0.0109113668329228	0.0177486843613452
YCL008C	0.219141973861903	5.68850635656723	0.00131617705060422	0.00249945268389852
YCL009C	0.392126184157053	9.10952650331615	2.22410355793837e-08	7.81034497098449e-08
YCL010C	0.150081755132402	5.45174818189267	0.0712480910881955	0.0985190303762358
YCL011C	-0.203953880377421	8.51331610240463	0.000289234256085938	0.000606514247502148
YCL012C	0.122737323999325	3.87063621503632	0.344850123930951	0.40547478699831
YCL014W	-0.531089987364369	6.49592804332424	0.0024568211057089	0.00446505697929925
YCL016C	0.00832857288669044	5.4215303106442	0.916888869520922	0.93318704648041
YCL017C	0.114658944753699	7.38656973066224	0.0647448062973057	0.0901449225241783
YCL018W	-0.469248651510554	9.7409780770268	0.000730492120209101	0.00143943580029404
YCL019W	1.23957949810004	5.83925953147258	2.58865069934429e-13	1.44235106621482e-12
YCL021W-A	0.147878966919195	3.29546810253169	0.202568869006237	0.252927111207788
YCL024W	-2.49637653792128	5.74023931558334	5.32283095755601e-05	0.000124420138867911
YCL025C	2.73560025060945	6.13535523406131	9.48987132364016e-25	1.01337666781038e-23
YCL026C-A	-0.561421041070021	1.98373029319933	0.0226582798175639	0.0346531616034581
YCL026C-B	1.424845464188	5.99060180752493	9.73640705350014e-14	5.5907621017806e-13
YCL027W	5.27864349560848	7.09649857382814	4.55957952337632e-88	2.01560235989253e-86
YCL028W	-0.239213620351871	7.86324207885602	0.000446861048463343	0.000909454510278137
YCL029C	-0.369490213621217	6.35360371884726	3.11276717807504e-08	1.0742799239143e-07
YCL030C	-0.425334372376684	10.6409548474033	7.52757308713565e-05	0.000172009765867957
YCL031C	-0.237334091408599	7.27140442564187	0.0052669420509229	0.00905227433108875
YCL032W	0.194097500308404	5.90138144843649	0.0121118503508838	0.0194927547785903
YCL033C	0.690392162383129	4.7889208665236	5.3146001799865e-11	2.44463475761888e-10
YCL034W	0.38124517944821	7.05169668426298	2.04508399539375e-06	5.72641353337761e-06
YCL035C	0.572317725339837	7.6164714955539	3.17791138067944e-20	2.68337123885461e-19
YCL036W	-1.07035807211059	4.90899460613752	7.53705110399878e-05	0.00017209552311903
YCL037C	-0.191983282971384	2.39480280481675	0.356801947111318	0.41747489804459
YCL038C	0.317233574067941	5.01280926738911	0.000240549988550246	0.000511019975676352
YCL039W	0.400251225849327	6.24540865617417	1.45722939632455e-08	5.21479948256142e-08
YCL040W	2.49580404978558	7.92088907504831	1.78217844200556e-22	1.72916840105674e-21
YCL041C	1.09885009245006	0.606959030982176	4.97174574560174e-05	0.000116712750576172
YCL042W	0.962703000762419	1.16936358033268	4.37031011328932e-05	0.000103687073406059
YCL043C	0.331320760931279	9.96718034771683	2.72348696198765e-09	1.05704348711877e-08
YCL044C	-0.0584547674886511	6.45865441533283	0.429505140417756	0.491712739775999
YCL045C	-0.152668198026024	8.2293319879256	0.0132983290448447	0.0212858238066045
YCL047C	0.637259629162599	6.30046460334888	1.20720518090085e-15	8.01957740063635e-15
YCL048W	1.27024682108892	1.86510833528885	1.38420473891562e-14	8.61825598062624e-14
YCL048W-A	1.64462480995984	0.890408811734567	1.41214384199416e-14	8.7704636137075e-14
YCL049C	-0.110565971844491	6.17130558289778	0.357583649914351	0.417922415102076
YCL050C	0.0962838202355647	8.22790484196108	0.210455460348638	0.261525057382391
YCL051W	-0.271415226223327	6.20206212255977	0.00172172107543995	0.003207619183621
YCL052C	0.305103623725689	6.83510069037223	1.79464757690842e-05	4.48438122708786e-05
YCL054W	-1.15594586522181	7.98691956166746	5.3093660396889e-19	4.22221013632403e-18
YCL055W	3.8215724818924	7.85883074257787	4.40269046647304e-271	1.26042738497314e-268
YCL056C	1.48608539604493	5.67490851690689	8.06283313367489e-68	2.66339301096997e-66
YCL057C-A	0.0930661768769001	6.32906070886116	0.1690963361974	0.214927520765067
YCL057W	-0.152721419226132	8.31791344851118	0.0750716002428155	0.103350231431144
YCL058C	0.0921703498371119	3.151632106986	0.475718198902816	0.537496299906734
YCL059C	-0.236214129321748	6.95475316268748	0.202723932140438	0.253068164457707
YCL061C	-1.32363290948827	6.4278138237141	0.00013759427530504	0.00030289885870886
YCL063W	-1.27662677354701	6.66901968282843	1.26826280605024e-13	7.24102183283383e-13
YCL064C	-0.388049117795832	3.53795017629545	0.0255679576952179	0.0386606040401534
YCL074W	3.93210414958072	3.37088547943135	5.62820030609461e-41	1.02225801330033e-39
YCL075W	4.37621349198439	1.77578483213159	4.54810897109271e-39	7.87989369861942e-38
YCL076W	5.55291150192512	2.14940254967228	1.16716082984721e-68	3.87677950775771e-67
YCR001W	0.269514704770908	1.94319441585072	0.0858395580759043	0.116810190844802
YCR002C	0.0353693830641639	7.59308140087472	0.70718235963255	0.751560959185237
YCR003W	-0.212989173700369	6.18717414457809	0.0113911675479268	0.0184691745679979
YCR004C	0.743328819281594	7.62462362736616	3.28477119444177e-22	3.1496083606035e-21
YCR005C	0.948526369518107	9.8353333934257	1.41782216027623e-06	4.06870970290249e-06
YCR006C	0.897116378256336	1.85300855272501	4.29025045652513e-06	1.15404857917804e-05
YCR007C	2.62279140688466	4.49256766900765	0	0
YCR008W	0.333261627608613	7.20730757944691	2.63661048537893e-07	8.32963859069792e-07
YCR009C	1.39706598178643	8.08819273120945	2.94649467483532e-110	1.67116282878395e-108
YCR010C	0.454598388153643	3.13105800514585	0.00225360489439938	0.0041156356698448
YCR011C	0.0359344237745768	7.15310883786146	0.578416879863637	0.634917341928097
YCR012W	0.240953787350831	11.2898001137379	0.0140285444857068	0.0223612148219326
YCR013C	0.728968861687756	1.58073594290945	0.00157267861716317	0.00295006048249141
YCR014C	-0.507537661039523	5.04530271710274	2.29955444385134e-07	7.31090497960562e-07
YCR015C	0.108709502460967	4.67491815288967	0.234438199823432	0.287113965642386
YCR016W	-0.92722478248538	6.13527089029597	5.46413832706704e-18	4.19010199264376e-17
YCR017C	0.137553944092543	7.82518177933117	0.0243607183675632	0.0369839997034823
YCR018C	0.54337071640218	5.20737261774008	4.47208880002109e-06	1.19867132704979e-05
YCR018C-A	0.334897587732712	2.63221339340605	0.0235686666972849	0.0359266795598572
YCR019W	-0.0722573137715211	5.45587741626218	0.300755235968092	0.359037971434049
YCR020C	-0.319939556015228	3.64890368658733	0.00951708114886895	0.0156458003464589
YCR020C-A	0.313198966595194	5.46949728847039	0.000494386159965599	0.000999075493685102
YCR020W-B	0.10725334463261	5.20416455145564	0.28515710017066	0.342120232733188
YCR021C	2.58714838220455	4.83153186626218	1.07999490714876e-15	7.22239085848534e-15
YCR022C	-0.915764606525546	0.913199137802149	0.0017212298258043	0.003207619183621
YCR023C	-0.245373212025997	6.03017695706688	0.0116249010305005	0.0188025033616812
YCR024C	-0.218561327452154	6.58586546535893	0.110019867451828	0.146368542403273
YCR024C-A	-0.410239296685578	8.32296264970591	0.00713031437233943	0.0119841906643849
YCR024C-B	-0.474415390087637	8.17521375616521	0.00218437101131693	0.00399526574993532
YCR025C	-0.249571625303064	2.18668633124534	0.314893217810747	0.374137949699251
YCR026C	-0.198958740444845	6.8245223494153	0.00280544107079347	0.00503321746273063
YCR027C	0.175234771952806	5.53208210449263	0.0150834076621586	0.0238761050197202
YCR028C	0.254829350866708	6.10315495845856	0.000471410704030863	0.000954570950701768
YCR028C-A	-0.0917828663658329	7.43103209075086	0.112137450347398	0.148724983783048
YCR030C	0.196084479769011	7.26248712265166	0.0187891397591064	0.0291887101374025
YCR031C	0.0893319960936053	9.95024225099645	0.155229481092135	0.199154852822431
YCR032W	-0.190452974689621	5.53444552255564	0.00950274885561873	0.0156307869001313
YCR033W	-0.174599440632163	6.92005705937846	0.0365954522960408	0.053635265529936
YCR034W	-0.751799304020145	7.89992891668004	1.77017557934301e-06	5.01049697881836e-06
YCR035C	-0.11558362908632	6.53418744412469	0.153605919240402	0.197282372671074
YCR036W	0.348166376566744	7.1771028396519	0.00264262353248768	0.00476385387625665
YCR037C	-0.121793832857943	7.00328359155723	0.044540626867644	0.0641385026894074
YCR038C	0.778918737099851	4.37066871215611	3.07394361729198e-21	2.76241390540499e-20
YCR041W	0.00405191570781587	0.817483317519851	0.971801191499263	0.979294127270126
YCR042C	0.0165836415926793	6.99185052740325	0.884067732477375	0.905145641630446
YCR043C	-0.401338895422428	6.26546554358112	6.90730889074067e-05	0.000158741364874361
YCR044C	-0.0514112719663553	6.04898107001252	0.440059097442104	0.50211335999657
YCR045C	-0.257388396762575	4.21787216797466	0.0169375898396243	0.0265732750824168
YCR046C	-0.235815197480654	6.14465009339466	0.0118690261156409	0.0191561302032841
YCR047C	-0.66894939903141	6.2978575955226	8.4097666873603e-06	2.18588488216213e-05
YCR048W	-0.65804096193394	5.52815566461341	1.23009175552807e-13	7.03645255398171e-13
YCR051W	-0.282424083928852	6.85988539125833	0.0020176633073594	0.00371863635924117
YCR052W	-0.188132432511228	6.87358476891905	0.00352629436884771	0.00623715261709691
YCR053W	0.251887406429598	9.10406643766844	0.000791479953717053	0.00155097049600617
YCR054C	-0.0710673220946621	5.56112703347542	0.415373240251641	0.477298149922184
YCR057C	-0.5883223618555	7.50167933444089	1.54146591643825e-05	3.87752848938357e-05
YCR059C	-0.183049311502995	6.61273225249204	0.0197660548509895	0.0306271963309662
YCR060W	-0.395437042593851	5.37236852348602	4.71869316759952e-06	1.2591559397962e-05
YCR061W	-0.620659210485184	4.52699531750024	5.14984012291597e-07	1.57002225248331e-06
YCR063W	-0.605480673588169	3.24040306320838	8.48660730099974e-06	2.20490419592094e-05
YCR065W	-0.539128117089908	6.34339217660813	0.0808877620153198	0.110471882152681
YCR066W	0.059995568095815	5.28387950368043	0.356184253337582	0.41701650069436
YCR067C	-0.0484027748947987	7.80980598025852	0.436237506117805	0.498225662382265
YCR068W	0.794088580569979	6.14579159554686	9.50918257103464e-40	1.7014644528887e-38
YCR069W	0.649390933287204	7.096496094014	6.19175753147124e-13	3.35358975488334e-12
YCR071C	-0.296079547796885	5.8981060133722	0.00363341103571116	0.00641717601254275
YCR072C	-0.715194178175134	6.24265166248213	3.78576480805785e-05	9.03892693647489e-05
YCR073C	-0.222708570213066	5.41444438270593	0.00145245016825849	0.00273906223700441
YCR073W-A	0.772537213883746	5.80318117276251	8.62074726940149e-42	1.6196228932388e-40
YCR075C	-0.3124066239056	4.40976565611164	0.018699118227574	0.0290638828294144
YCR075W-A	-0.267244012410556	3.43577326965416	0.0666071060747473	0.0925449322212574
YCR076C	0.0590154242266404	5.56572537985335	0.416929720990042	0.478995123751601
YCR077C	0.0446713905467015	7.6128677953901	0.494183367329503	0.554296717236002
YCR079W	0.514979693630083	5.57753569915337	4.88689166855017e-14	2.89458056269198e-13
YCR081W	0.344536769787838	5.78423909932991	5.55664867894409e-05	0.000129432668957039
YCR082W	0.116589553138771	7.01488647969567	0.0885720510346926	0.120147827351212
YCR083W	0.711553404901714	5.05170046369358	7.90494269913091e-17	5.746616143552e-16
YCR084C	-0.745775256553705	8.77402818237433	2.15599192406413e-12	1.1097451581741e-11
YCR085W	-1.24543733456845	1.02772582345271	0.0018763639505342	0.00348062328621154
YCR086W	-0.536106369114084	4.88421313350668	0.0148261069087589	0.0235121484398466
YCR088W	0.194492367429542	7.87026324939291	0.0121036739723923	0.0194877578794919
YCR089W	4.80182427585669	8.97750713402903	1.80462718055702e-213	3.09983388843109e-211
YCR090C	-1.33315820252208	5.90074181903913	5.55770558577479e-23	5.5411154198471e-22
YCR091W	1.59155214684256	4.88261018747052	4.33519468977233e-26	4.88990440429855e-25
YCR092C	-0.490347840871932	6.15276631172157	6.29033343665272e-09	2.35037194662251e-08
YCR093W	-0.0753799015343266	7.68560746178405	0.286051342842584	0.342987768881056
YCR094W	-0.0661945100150065	6.51714280976018	0.39077553438527	0.451970471859223
YCR095C	0.142406590138714	5.66097204871907	0.0550954229435464	0.0780042501999976
YCR095W-A	0.370522895596906	2.07221138989622	0.0374073277894625	0.0547051458696786
YCR097W	0.604886590938564	5.74473324760912	6.32216885843821e-11	2.89040906288445e-10
YCR098C	0.168552829827283	3.40207049401914	0.0951610325415974	0.12824661009641
YCR099C	0.844758633651436	4.45870710320834	2.32159114035846e-10	1.00848308784935e-09
YCR100C	0.90289358933303	5.00890814070289	1.03221449989842e-12	5.48204379274672e-12
YCR101C	1.20127990721649	4.41486187276584	9.78205841072931e-20	8.0451074097544e-19
YCR102C	1.60341434808487	3.40925092337454	3.81199810059635e-26	4.32410048694061e-25
YCR102W-A	0.00793427379758854	1.11740445876258	0.969001734388531	0.977128216562202
YDL001W	-0.451820606018328	6.17081644253595	4.27013441696654e-09	1.62226718476615e-08
YDL002C	-0.06708212736213	6.01459826505368	0.356780328850094	0.41747489804459
YDL003W	-2.1830134960524	7.47470403705834	0.000431116080590409	0.000878897889626836
YDL004W	-0.0388737079595388	7.92020772431083	0.603259483735891	0.657862509744273
YDL005C	0.0703684037611214	6.63516696509202	0.353204766245689	0.414011903815379
YDL006W	0.210075598723463	5.79277822578818	0.00608819583001024	0.010322118818393
YDL007W	-0.165450841201397	9.32523832990825	0.02690893916013	0.0404542491199554
YDL008W	-0.0627968498423733	5.09154311326356	0.374131608713367	0.435147849020074
YDL009C	0.915554711007549	2.59510547895306	1.37570468360114e-05	3.48241539276213e-05
YDL010W	0.558665183033509	5.1918572293422	0.00266301134810469	0.00479916793309515
YDL012C	0.481719741768351	6.51772612326979	8.98398792018035e-19	7.05114038852797e-18
YDL013W	0.752229189362221	6.53374122654438	5.13311640407564e-41	9.35160479433416e-40
YDL014W	-0.478862914449287	9.52426174141541	0.000814730716338822	0.00159238006067263
YDL015C	0.247900918181168	8.22884413232403	0.000856124132505048	0.00166786075327944
YDL016C	0.0942243153727346	3.47029421655475	0.398274496665319	0.459494583372078
YDL017W	0.356399790592657	5.31232798030308	1.07556362358788e-05	2.76337115598732e-05
YDL018C	0.125549517444677	5.71298283819172	0.619858795357758	0.672548470978315
YDL019C	0.123462191903589	7.20630629897227	0.193722967330944	0.243347780943092
YDL020C	0.0147509475682333	8.02726488229925	0.869356211328647	0.892607160648151
YDL021W	1.33567120508778	4.90296485148383	1.21857999724799e-30	1.66881616024029e-29
YDL022W	3.18632050518746	9.49573817829296	2.47074418086013e-114	1.56359094898222e-112
YDL023C	2.37746866612354	1.75812144452763	4.56455879557327e-30	6.13917840693211e-29
YDL024C	1.81866352740576	2.73658246022222	2.01687520425472e-61	6.00269986533633e-60
YDL025C	1.06406642551812	7.39552050647876	6.39150341377013e-27	7.49039347438324e-26
YDL027C	0.422424349689029	5.96987632540352	0.000444653669314749	0.000905268493030909
YDL028C	-0.138258471607328	6.43134822455789	0.170786442795599	0.216800695542048
YDL029W	0.235625368638005	7.79739347018967	0.00326740905383357	0.00580315014228874
YDL030W	-0.440882287520959	5.79967562745746	7.69139648861224e-07	2.27450446087244e-06
YDL031W	-0.772258456337185	7.56720689030243	1.42394761681304e-12	7.47665770504802e-12
YDL033C	-0.375722957102713	4.98707298357392	3.01863725794583e-05	7.32662381702476e-05
YDL034W	-0.323508493613216	1.3932955516804	0.115365633113802	0.152468275726573
YDL035C	0.0808543954079603	6.88993780360353	0.279555635056724	0.335950597656544
YDL036C	-0.563030622122972	6.04093157561104	7.53135013431799e-14	4.36629479339631e-13
YDL037C	-0.466875450459961	6.55448329011389	0.0857276792923755	0.116684357687517
YDL039C	-0.722717954662611	7.7630642844724	0.00559038149798201	0.00955354564123589
YDL040C	-0.220166370752958	8.13819335221053	4.14288633244747e-05	9.85636431763917e-05
YDL042C	-0.405667744155983	5.37882868054017	0.000530675813283209	0.00106846047872024
YDL043C	-0.215961547819086	5.11520091734636	0.0206822960748288	0.0318825548722745
YDL044C	-0.0950425188013618	5.46796385147476	0.300939624761198	0.359049220889923
YDL045C	0.606567773652634	5.90468208371385	1.70473939382611e-28	2.12192406535871e-27
YDL045W-A	-0.0886590395439827	6.22637378589944	0.368551122910609	0.429660000602974
YDL046W	0.129069257208165	8.43850688178763	0.0390651672274992	0.0569771434671822
YDL047W	-0.00207322238310717	7.10081072923477	0.982687129723753	0.987945656170436
YDL048C	2.04243923523796	5.66345921802534	4.71091863760158e-23	4.71248633099179e-22
YDL049C	-0.264636470229239	4.38041901523104	0.137436521929482	0.178575398711918
YDL050C	-0.116901321063987	2.93391352939821	0.599053565600764	0.654225256383614
YDL051W	-0.171633045060989	7.34816528897979	0.277770840001592	0.334125308141171
YDL052C	-0.45995372773231	7.23140946188003	1.359301258499e-07	4.41736171140325e-07
YDL053C	-0.340840881192152	6.75611741267193	1.11016346314967e-08	4.03281132353826e-08
YDL054C	0.467963598299959	7.02159861587715	5.92471789876623e-08	1.99213668945093e-07
YDL055C	-1.5457489536262	9.79773061175755	5.45383443015801e-06	1.44697496002251e-05
YDL056W	-0.247947697806661	6.73588158140563	0.00565823125945429	0.00966400179881796
YDL057W	0.413257442349208	4.60828803862745	0.000267208698037182	0.000563077004065734
YDL058W	-0.258543572953573	6.65626644351442	0.00539063592460604	0.00924636324642839
YDL059C	1.24785358693181	6.43736188223305	2.59356870836516e-16	1.81519616701878e-15
YDL060W	-0.746626282796864	7.8060796187285	8.94471290434889e-07	2.6244809165908e-06
YDL061C	0.075618932109964	8.60276091429198	0.423916773909138	0.48609339018534
YDL062W	-0.744173861974831	1.98665075356661	0.00703612963001853	0.0118325066673207
YDL063C	-0.49345569184186	6.52858173500888	0.0171138750296098	0.0268288439838368
YDL064W	-0.579941211498517	6.2706010128991	4.22487887537472e-08	1.44318021583823e-07
YDL065C	-0.492840355447468	6.81647134837145	2.38579731023267e-13	1.33427101666221e-12
YDL066W	0.041790017361247	8.04558664179865	0.58249385581348	0.638925937082767
YDL067C	0.0637347219725413	7.40658001580986	0.319723502692814	0.379352219891296
YDL069C	0.0353927563607377	3.32631497240967	0.81093316865981	0.844066864609207
YDL070W	-0.118189106392684	7.42491942830034	0.262892082638998	0.318073495839335
YDL071C	-0.442277307061465	2.1470551663006	0.0276199425984472	0.0413886079017608
YDL072C	1.02067543959553	7.55141459351925	1.66232351279212e-45	3.43432610271691e-44
YDL073W	-0.291378849210024	7.12209393655822	0.000719279024399301	0.00141873539851988
YDL074C	-0.542176944270473	7.20092677744123	1.71356940269554e-10	7.53619550036986e-10
YDL075W	-0.0785712092887756	9.65096937891305	0.342866717110044	0.403704407220051
YDL076C	-0.0760166355091411	6.19425913827183	0.356922983358149	0.41747489804459
YDL077C	0.30334549031696	6.31671090846747	0.000315783266227213	0.000658283285907768
YDL078C	0.347361290893917	7.25192837891622	1.30962042101848e-05	3.32774216870798e-05
YDL079C	1.83942955176203	4.92910890033276	1.39776388833226e-124	1.03745141933995e-122
YDL080C	-0.323924835254564	5.90514889136351	6.07384341118799e-07	1.82671068474548e-06
YDL081C	0.0963847649695393	9.70363722757734	0.179496567113456	0.226947079176887
YDL082W	-0.32524891215009	9.69644684809922	0.000799871641809954	0.00156588352672141
YDL083C	0.0438863355750342	9.47072838331957	0.669808722732148	0.71831788103205
YDL084W	-0.235775673610009	8.99469939212964	0.0043004344039779	0.00750052721342365
YDL085C-A	-0.106805656056977	5.66406471794288	0.192251535422543	0.241739149380538
YDL085W	3.03154027147807	3.90667059518285	5.1154969595249e-100	2.48019094521481e-98
YDL086W	0.38132006207768	6.01002671607572	2.00014827853024e-05	4.96281116406265e-05
YDL087C	0.241965521113717	4.42820152538967	0.009023792338529	0.0148918582320166
YDL088C	0.042238584851846	6.96394501216219	0.518261540344602	0.577104719494675
YDL089W	0.0625449631063204	5.76490995034113	0.6020659468022	0.656710907287315
YDL090C	-0.0432524195092513	5.60793222257895	0.735733458360533	0.776141349651434
YDL091C	0.464760439000315	6.08370055692716	1.06024982008453e-14	6.65367632395426e-14
YDL092W	-0.461617693584278	6.72696528530075	4.29382148369672e-16	2.95022340114111e-15
YDL093W	-0.712156871428204	5.56534209712719	0.000641042461392646	0.00127445346491157
YDL095W	-0.43927522019268	8.39697628928444	0.00745223017366438	0.0124833680145083
YDL097C	0.133542813706479	9.07505789920462	0.0999660026724765	0.134090943343804
YDL098C	-0.423008553173947	4.96725653672456	5.26750603272244e-06	1.3990823565295e-05
YDL099W	-0.337803256543748	7.02911134811489	1.28060199676664e-05	3.25675939279231e-05
YDL100C	0.10433290783537	8.40010897348747	0.127128474195631	0.166223659605074
YDL101C	-0.900858722088668	6.15397349969331	0.000365185575948569	0.000752655359137057
YDL102W	-0.575231344288722	6.32441632370785	0.000490672172280552	0.000992237167760068
YDL103C	-0.263123880751896	6.81776036508214	0.0331857272247714	0.048972163003271
YDL104C	-0.156923742180429	4.43234577172689	0.114024504367044	0.150894853677013
YDL105W	-0.978120808771378	4.36636276593596	0.000451256808666651	0.000917158868730192
YDL106C	0.144733011260678	6.30322293528035	0.0210644443912591	0.0323866596254947
YDL107W	0.0447686705964842	5.01044995843277	0.536461435008492	0.594836987692927
YDL108W	0.0873869137872662	5.56356739067561	0.276576281367269	0.332821577978387
YDL109C	0.023554352076907	4.79521595329123	0.75507763464109	0.793484834725089
YDL110C	1.77675352699448	6.5438494490802	8.44178477325521e-55	2.12351506513851e-53
YDL111C	0.047713284832798	6.74879892966658	0.43436469379406	0.496558383550083
YDL112W	-0.558949512225031	7.25992501694447	1.32085705351392e-06	3.81015011297101e-06
YDL113C	1.01690746847247	5.86357233533169	5.42131360676207e-28	6.59776060806752e-27
YDL115C	0.182642630641981	6.54357445512769	0.00431985525203357	0.00753218380952025
YDL116W	0.152239822116185	6.95597703886608	0.0259326323139683	0.039152934573475
YDL117W	-1.22534540901857	7.39772108722694	2.50218689509804e-05	6.13255100421093e-05
YDL118W	-0.80395531045088	1.80396729903045	0.0385024007868074	0.0562108872098801
YDL119C	0.0186199163560496	4.9257654321702	0.90577513463278	0.924065859394582
YDL120W	-0.0889829182926921	6.48852589182846	0.0965698448164211	0.12997042915521
YDL121C	-0.182386048329237	6.86611226054462	0.231670780931401	0.284071942679906
YDL122W	-0.510377829024722	7.99409350753221	1.97251628570233e-13	1.10933282597216e-12
YDL123W	0.868064457326548	5.22187359726051	2.28355202203433e-33	3.42361964001756e-32
YDL124W	1.81560814362084	8.13351362559794	1.18939773086253e-18	9.29864649927898e-18
YDL125C	0.405098052425447	7.4309185947112	2.67628012690323e-10	1.15091531637641e-09
YDL126C	0.133202899948023	10.2539335219863	0.107850997619947	0.143833229301491
YDL127W	0.961204996768199	6.16623255381333	0.00934141751859238	0.0153906829602021
YDL128W	0.210063566338333	7.55168611095511	0.0120384624426097	0.0193931501085128
YDL129W	-0.770684859272292	4.2805158842121	4.3720768065321e-06	1.17395827426847e-05
YDL130W	-0.0741488084991551	9.18921787595276	0.421493483131158	0.483591377974146
YDL130W-A	0.977589422392321	6.86966570199453	6.17349169295217e-06	1.6264255941292e-05
YDL131W	0.0351784000269709	10.0795814218779	0.649148833290123	0.699907242779809
YDL132W	-0.0852253665093112	7.97348101791916	0.210697532862316	0.261631345514638
YDL133C-A	0.681585679024558	8.70261395716241	1.40450643445349e-09	5.56617843370758e-09
YDL133W	0.475794668062008	6.24311402744977	5.50177372302478e-14	3.24281015910049e-13
YDL134C	0.325426327216221	7.32915680189602	1.93223891432504e-06	5.43594775522795e-06
YDL135C	0.733884979682878	7.33034464134119	4.81062314062446e-21	4.26570299726169e-20
YDL136W	-0.419132639472869	8.65864338286352	6.18360149730022e-07	1.85786167924882e-06
YDL137W	-0.0885456526774019	8.0191399693944	0.231799323940112	0.284171601861328
YDL138W	0.047846331881435	6.51427692285605	0.555661356004699	0.612960747211055
YDL139C	0.0206597622798043	4.25830628654079	0.841956045407477	0.870779243934243
YDL140C	-0.109847297072138	8.61127195486573	0.090053160176367	0.121991797877494
YDL141W	-0.0725111535392549	6.52348464338312	0.255354648072876	0.309576959914122
YDL142C	0.608616403358359	5.19338492754438	8.56487621945424e-17	6.18151690652568e-16
YDL143W	-0.161960728818377	8.61805749222846	0.0135142323057627	0.0216026494608469
YDL144C	-0.223312168033926	7.21186792298945	0.0190291747423399	0.0295387034730047
YDL145C	-0.0260383489278871	8.91383566212161	0.640768064416513	0.692260739942893
YDL146W	0.377513997423467	4.76978264847206	2.58282806758938e-06	7.15904211265437e-06
YDL147W	-0.229120061951527	9.16155843570126	0.00790713786498657	0.0132085892871073
YDL148C	-0.844677324943423	7.43310404284359	6.95556606359e-09	2.58927945351722e-08
YDL149W	1.10925365267419	4.96382207391997	3.84541083341147e-14	2.30265039148105e-13
YDL150W	-0.759979248780341	5.90049653995655	7.37708686233513e-15	4.67345060235604e-14
YDL151C	-0.784966841141543	3.06248644337599	1.69752086774763e-09	6.69212816845822e-09
YDL153C	-0.572458900739471	7.45509781886564	0.000403120114864571	0.000825462578530586
YDL154W	0.320363609456234	4.20174215461559	0.00859816444031834	0.0142520442832076
YDL155W	-0.432178487498784	6.50053197737272	2.34112539015812e-05	5.76601632348652e-05
YDL156W	-1.01266737597629	5.20477910868731	0.000168170383172764	0.00036499651394753
YDL157C	-0.254193555850392	5.85246418117205	0.145219909669522	0.187714920862861
YDL158C	-0.0980289040560663	2.49470566332584	0.636926933274896	0.688458238556036
YDL159W	0.116785071049973	5.78392396084449	0.11330254624789	0.150071581414918
YDL160C	0.763752634531387	5.41680252233137	8.54225326686179e-17	6.17259935581408e-16
YDL160C-A	0.597534010037036	4.36794641184177	7.47527300317964e-14	4.34215857923826e-13
YDL161W	-0.0151682516675654	7.74626750015501	0.911234110147477	0.928689518597497
YDL164C	-0.623091763931096	6.68908640233939	0.0588237496748317	0.0827634877241021
YDL165W	-0.217813285451759	5.23507956375172	0.00581821941914186	0.00989788770455034
YDL166C	-1.02261801735318	6.02544912149629	6.35614302225438e-12	3.16072223736918e-11
YDL167C	-1.46842185538322	7.36223417896801	1.26191147052855e-35	2.02309646955138e-34
YDL168W	0.684962431170603	7.73610691559385	7.95698587229053e-22	7.47459360378292e-21
YDL169C	1.73470671286942	4.20602250359735	4.07100288364582e-19	3.2720413551442e-18
YDL170W	0.349387139456714	7.175448641776	8.62373241960766e-06	2.23859582498624e-05
YDL171C	0.152318664574236	8.26452887847396	0.475886841443597	0.537585811867513
YDL173W	-0.102596282782653	6.39740215411354	0.240413929441767	0.293714396221074
YDL174C	1.33399118527958	9.32289090865097	1.34543319125713e-21	1.23681106205472e-20
YDL175C	-0.145812435270566	5.59988781926516	0.0410068894083522	0.0595347546783418
YDL176W	-0.267544985348534	5.05250414999374	0.000362406693381985	0.000747953669966527
YDL177C	-0.0332253228980253	4.81834149255684	0.729963120102453	0.770717074468333
YDL178W	-0.351653359840101	8.16174932618286	1.27117768730746e-05	3.23416007452073e-05
YDL179W	-3.31890218416385	6.65556888040264	9.78334957811095e-08	3.22818318680587e-07
YDL180W	0.734665672995015	6.58084516566663	9.53075274214791e-17	6.84574498038151e-16
YDL181W	0.105779263246262	5.87656584612545	0.470276493341656	0.532295001889002
YDL182W	0.070572289351916	10.766922273475	0.584623902754492	0.640561126910882
YDL183C	-0.201641793994887	5.34100185606629	0.193611898983068	0.243309936598287
YDL184C	0.66882914910727	9.42002055433312	5.38475980543354e-10	2.23880884856614e-09
YDL185C-A	0.132553932593118	4.04636171999837	0.155828885574928	0.199753360357456
YDL185W	0.36323851970419	8.82381957341884	1.18315848889426e-08	4.27987294538647e-08
YDL186W	0.358294817658139	1.66560009683141	0.149755812788314	0.192873167627109
YDL188C	0.0774880857723986	6.90850073645306	0.180862130943313	0.228481431231602
YDL189W	-0.499104766468752	7.17165464278361	5.57113085528791e-15	3.54430039174507e-14
YDL190C	0.0411916257043519	7.59848386520676	0.566404585771007	0.623210902206313
YDL191W	-0.00853810390121342	9.0491041701087	0.919844864443847	0.935878714678695
YDL192W	-0.171820541014795	8.56762018240178	0.0198356287549474	0.030727080668576
YDL193W	0.269997181302522	6.02756408744735	0.000352118035726902	0.000728720699067172
YDL194W	0.764901694643811	4.43728950130614	1.84747981484567e-11	8.86231625397983e-11
YDL195W	-0.111680865423574	8.84322470482605	0.158574209540479	0.202825747578684
YDL196W	-0.303966704721803	1.45350572081946	0.217973828245975	0.269475355832779
YDL197C	-0.470121854242798	6.04052103668336	0.0586783078314675	0.0826309400990712
YDL198C	0.104219348684865	8.33879902473081	0.146094075827342	0.188682617373572
YDL199C	0.942586653078636	4.46730724031619	3.43636989456146e-21	3.07432378067016e-20
YDL200C	-0.114005682673257	5.00960784876759	0.213710024379845	0.265130967101037
YDL201W	-0.626404386702364	6.48684079440634	7.18984984996252e-09	2.66823316654165e-08
YDL202W	-0.469396116920805	6.49485332429712	2.27927527828622e-08	7.99475085942633e-08
YDL203C	-0.294197199008657	6.4335019169007	1.67531183503918e-06	4.75766403035216e-06
YDL204W	2.45710121755089	5.61177315226318	2.32856735152549e-113	1.42850478748686e-111
YDL205C	-0.733728756953468	6.48458353114215	2.36159978817636e-15	1.53990649962215e-14
YDL206W	0.959815885771058	5.94084423414056	4.64377678230192e-25	5.04853273330907e-24
YDL207W	-0.281792824993034	6.71001951720562	5.94053949599612e-05	0.000137681277756086
YDL208W	-0.814129415631278	7.89985335089055	7.13683052246512e-12	3.54307391420812e-11
YDL209C	-0.257578589754804	5.09618784080062	0.00108652954384492	0.00208630329530364
YDL210W	0.0622583994255215	3.05409561133796	0.626744162524597	0.678607059500786
YDL211C	-0.749320895888541	4.83091817872932	0.00207305254534147	0.00380904398001006
YDL212W	0.0684440656229547	7.86407089057901	0.361654922491663	0.4221062694661
YDL213C	-0.832783827247256	7.07981925275841	2.21025330899231e-24	2.30695189126072e-23
YDL214C	3.95437304725215	4.97122762355815	1.90839239250931e-206	2.94186027276051e-204
YDL215C	2.16696751923855	7.14649966487502	2.77609728030709e-271	8.34494842460311e-269
YDL216C	0.430683082463543	4.47083366409943	1.28519351955123e-08	4.62946880739484e-08
YDL217C	0.0819014809106355	6.22206872368677	0.287983351386136	0.345029077029384
YDL218W	-0.393458499123592	2.63485257333191	0.0319765808572169	0.0473272289792191
YDL219W	-0.289046818202037	5.9924547668471	0.012464638063399	0.0200153322748811
YDL220C	-0.715920983887523	5.01908776842117	0.000414161183972743	0.000847205525023522
YDL221W	0.591101748657399	2.59167479246192	1.31921860393049e-05	3.34506210326027e-05
YDL222C	5.76003358180756	6.66648445779905	0	0
YDL223C	1.98127878892302	6.3919155536711	3.98709502035351e-48	8.74832673808953e-47
YDL224C	0.218905799615548	7.21388169605752	6.61826774989408e-05	0.000152623804036683
YDL225W	-0.40449612857119	7.56811291669219	2.56607754766294e-08	8.94852564765056e-08
YDL226C	-0.315300720455058	7.46106475533091	1.88672350325836e-08	6.67234217740546e-08
YDL227C	-4.5421079396156	7.15683116935811	1.22701019701699e-06	3.55336479020528e-06
YDL229W	0.0683543766066406	9.94512557797813	0.482773740781853	0.544138681961098
YDL230W	0.170821289659277	5.89078215050577	0.0500035428919377	0.0713048623971369
YDL231C	-0.01195198406788	6.78079183166677	0.851973459056706	0.878268936188086
YDL232W	-0.120312606268849	6.26105724647516	0.041596730139964	0.0602311034685606
YDL233W	1.37242559387644	5.36337562634259	1.76811159668552e-103	8.78503051179614e-102
YDL234C	2.98435354312846	7.48682036917126	0	0
YDL235C	-0.412250895482486	7.33341880410987	2.80849928119391e-06	7.73463017798342e-06
YDL236W	0.171467303117898	7.12426068604815	0.00481347753460934	0.0083300595676659
YDL237W	0.582650341800319	6.25226538051983	2.51842039164445e-10	1.08926211471701e-09
YDL238C	1.44973496811741	3.95593714183414	3.27702522339481e-26	3.73134008391091e-25
YDL239C	0.942296497086399	4.06562508471188	9.32995807598975e-09	3.41606016765227e-08
YDL240W	-0.0822980871649878	5.85502063734953	0.399398704541744	0.460703187203562
YDL241W	-0.407971929969869	5.72043251232924	0.0246139530785736	0.0373307482109951
YDL242W	0.151046502221406	2.71404322498111	0.270761031027417	0.326739325278368
YDL243C	0.305162459123057	4.54798590810703	0.0068014889793803	0.0114603564305029
YDL244W	0.42277246058101	2.36802369461271	0.00894103217604202	0.0147836868653368
YDL245C	-0.0594992580408461	3.22712160155257	0.698433886755	0.743183102154169
YDL246C	2.1912879576981	1.42028285659517	1.0318412740184e-17	7.81288380276906e-17
YDL247W-A	-0.21847712664422	1.04032434382343	0.407212594798628	0.468637465530121
YDL248W	1.00676456065357	5.83768650647703	2.18110526084418e-49	4.94822823705479e-48
YDR001C	1.21937689328083	7.41636812188392	6.13070431947735e-14	3.59939398131815e-13
YDR002W	0.166648765417225	8.22664015004886	0.0423282320698913	0.0612018593564662
YDR003W	0.839299115947825	5.60338620140722	3.76454022746341e-48	8.29026221520514e-47
YDR003W-A	0.746662805072523	3.66249788332918	8.7918868404988e-19	6.91843241951293e-18
YDR004W	-0.0575709882594034	6.39293792472285	0.392908665073154	0.454088214998039
YDR005C	0.194788310329823	6.1585176788363	0.00427815229474964	0.00746596563019879
YDR006C	0.96236935025556	7.1180716207424	1.70488268269367e-76	6.2881930603401e-75
YDR007W	0.157337385073528	5.23372132383187	0.00973196655744292	0.0159641426857699
YDR009W	0.672844184627532	4.04020380952426	8.92822209858373e-11	4.02372348251015e-10
YDR010C	0.01601028188974	1.67679368157176	0.94853358145878	0.96197434071022
YDR011W	-0.345477530352533	8.30443178228426	0.00642691472002726	0.0108688076784259
YDR012W	-0.107890380506496	10.2463598115363	0.320766662967478	0.380439766770661
YDR013W	-0.388707304402902	4.38244258883941	0.00255763367671392	0.00462729270671202
YDR014W	0.0335221573333111	4.8622670135204	0.782977706929174	0.818796655776343
YDR016C	-0.174107796527827	4.31875749269543	0.216754491460097	0.268298950516389
YDR017C	-0.361515870187401	6.64493380391082	6.6239874908135e-05	0.000152697134949274
YDR018C	1.58282228883329	2.9455752809833	1.08333949506047e-33	1.64470632431907e-32
YDR019C	-0.646053751582194	7.46093389631156	0.0273902123255517	0.0410750702173153
YDR020C	-0.358070323229838	5.36103638319371	0.000338281156159923	0.000702018056897984
YDR021W	-1.03367966106746	4.98151157197892	2.6618499081461e-06	7.36449224471898e-06
YDR022C	0.261918822182159	4.74446330583933	0.000844622677107466	0.00164812448385916
YDR023W	-0.0609874644557193	9.28338785366998	0.457036743097074	0.519709646207606
YDR025W	-0.212249495814592	9.96702985596638	0.0248478430568398	0.037656978184452
YDR026C	-0.155876042030647	6.35073402408045	0.00806494134766864	0.0134423142174061
YDR027C	0.157601973452739	6.70458197890789	0.0107300244140539	0.017478908411931
YDR028C	-0.0955616788074713	7.82346428840531	0.110138159040485	0.146471964730428
YDR029W	-0.0888324490814522	4.47262260057238	0.293229158972352	0.350685041524126
YDR030C	-0.639161214208249	3.85691191709846	4.89972535105958e-07	1.49832903410835e-06
YDR031W	0.408552016921277	4.22913757267188	0.000351085060524752	0.000726833121169011
YDR032C	0.505261940482004	7.41713357380798	1.39083297130067e-09	5.51926589007236e-09
YDR033W	-1.83711578346184	9.04055335280449	2.09503481320402e-06	5.84742307195105e-06
YDR034C	-0.216973725766834	7.54047887665513	0.00369843181827535	0.00652243241169592
YDR034W-B	1.63539729143716	4.67130599209945	9.72431319733593e-10	3.95551900828035e-09
YDR035W	0.382558398740245	8.98289446671192	6.75562828782255e-06	1.7766770457738e-05
YDR036C	-0.0762044304808806	5.49319133656149	0.460230252176259	0.522747832247056
YDR037W	0.427873643198123	8.71122478947556	3.13947719428341e-05	7.58697089095669e-05
YDR038C	4.12985084289952	4.71134278899435	1.76934504213144e-77	6.64831399580888e-76
YDR040C	4.2191207644585	5.56684510786154	3.14317361790736e-112	1.88967597908591e-110
YDR041W	0.793562831569638	6.75746003890615	2.94892092541867e-16	2.05407434400375e-15
YDR042C	-0.583411232389448	3.14336103412887	0.00263260693788417	0.00474864473764166
YDR043C	2.23665749228561	7.13063618337128	3.15455103750151e-128	2.46300790096871e-126
YDR044W	-0.275791864441517	6.79399034428024	0.00374572935272947	0.00659423861452696
YDR045C	-0.558569718651169	5.29010150243964	4.60901522810384e-06	1.23262453520286e-05
YDR046C	2.1936767043307	4.42246283259863	1.7197055742803e-83	7.08141774833778e-82
YDR047W	-0.0836793137182698	7.1401101483212	0.255043158421964	0.309261691898517
YDR049W	-0.288481201100336	6.50951209129197	0.00123571289636264	0.00235396258964898
YDR050C	0.184548037680419	10.7050788417565	0.0515742570181987	0.0733533080656282
YDR051C	-0.220333352939552	7.020110468038	0.00307278252007223	0.00548339819254207
YDR052C	-0.392212794953858	6.99216498437021	0.000236691906294233	0.000503001675730268
YDR054C	0.475286075326362	7.45831870754183	2.86422673712035e-13	1.59294460162512e-12
YDR055W	-1.56631422709947	8.8179885181956	0.00584321523078068	0.00993478788672327
YDR056C	0.0191086178055459	6.54193134482707	0.752245823739782	0.791062076670207
YDR057W	0.151945274147889	6.4586912043279	0.0134527627178383	0.0215215565352964
YDR058C	-0.452074932301595	4.34444208958062	9.05180473545497e-05	0.000204430691470906
YDR059C	0.536062860305192	5.61536813283239	2.00913965698106e-05	4.97895614912207e-05
YDR060W	-1.04971229988043	8.30396662966987	7.56405103578276e-14	4.381028403384e-13
YDR061W	-0.168538296624522	6.96889580421794	0.019975641730723	0.0309200715976073
YDR062W	-0.0808794526522969	7.81890549064391	0.404591255708155	0.466156119071949
YDR063W	0.236090610963479	5.97999559404968	0.000522418537167818	0.00105289314296109
YDR064W	-0.260102125894502	10.0271220559981	0.0143235214491692	0.0227812198286786
YDR065W	-0.286224100777886	5.43048403385839	0.000847469122887574	0.00165260602231596
YDR066C	-0.020620377666563	4.53384822253065	0.791901644184922	0.82712173120913
YDR067C	0.252513700315459	5.79099723628201	0.000603912246751831	0.00120501839610754
YDR068W	-0.514454362313671	7.0828585459529	1.82621930171597e-12	9.48120072704352e-12
YDR069C	0.744090058206326	6.14241149369814	3.23692516183261e-22	3.10868914903157e-21
YDR070C	2.42238961612503	2.91338189508824	2.22179835597188e-132	1.90820738801471e-130
YDR071C	-0.000243860989396727	7.92054444048343	0.997283723226032	1
YDR072C	2.03563983083362	7.29049894271857	1.99393061803063e-245	4.61058110600005e-243
YDR073W	0.37403283740819	5.31611920826916	1.85952015008133e-09	7.31159917742901e-09
YDR074W	4.02059693631277	9.30982983669456	5.19188974262684e-152	5.29044764960551e-150
YDR075W	-1.13679112730975	6.11979983383687	3.78215914808862e-38	6.44145631680135e-37
YDR076W	-0.283511901483984	4.5068276155527	0.00825724095461348	0.0137385870951445
YDR077W	0.124196250794423	12.0650517401335	0.629346097896749	0.681121285428489
YDR078C	-0.021388726932421	4.12944751681344	0.82917584887913	0.859187384257382
YDR079C-A	0.284746464399946	4.718359754503	0.0070343978751265	0.0118325066673207
YDR079W	0.202442499106834	5.40704283997926	0.0368544450129547	0.053975377202895
YDR080W	0.11242270033577	6.3444088419058	0.157146366732829	0.20122767982913
YDR081C	-0.156511073987772	6.92546242530917	0.0240418351618037	0.0366003419539005
YDR082W	-0.113613015356875	5.10485173949599	0.18978106975734	0.239095513700991
YDR083W	-1.08115157774187	6.80830492989552	4.52001442150297e-14	2.69052739624513e-13
YDR084C	0.0734695911962636	5.47770397032016	0.260688124173251	0.315724617753744
YDR085C	2.63160035083569	6.50718769310207	5.19768703845299e-31	7.26709173841381e-30
YDR086C	-0.158546804891991	7.95550823444962	0.0331372473539303	0.0489366571092677
YDR087C	-0.315258135011469	6.98106432949211	0.0572333871615164	0.0807716252617457
YDR088C	-0.233593408833512	5.82190243728805	0.0239446916277537	0.036462889074482
YDR089W	-0.535173988382961	6.89979008149293	3.00183316163459e-06	8.24064884372016e-06
YDR090C	0.458728974668387	5.58277007808938	4.25246884431417e-13	2.32840097377202e-12
YDR091C	-0.396957701390903	8.54521172736742	0.000719849572330166	0.00141939508981599
YDR092W	-0.105304466064461	6.84766811003497	0.165467914539371	0.210940013191412
YDR093W	-0.350791737146369	6.55093174748748	0.000451134058390281	0.000917158868730192
YDR096W	1.93050129825707	6.91806826857361	6.93363320105497e-65	2.22914453501297e-63
YDR097C	-0.533551715838078	6.99979412661835	0.200190129071062	0.250164842231391
YDR098C	0.12270796381821	7.69749773284849	0.0823332498929519	0.112292989645287
YDR099W	0.0382771885441248	9.37636451426069	0.555163098006274	0.612523498846342
YDR100W	0.540218189692958	5.63800203864019	2.75214484345777e-12	1.40457511026045e-11
YDR101C	-0.647284107577155	7.63420823223501	0.000861558553559009	0.00167736075906631
YDR102C	0.316692445391646	1.41182543203861	0.103486325920916	0.138380736529482
YDR103W	0.0183521000675796	6.31595488407198	0.760864317538145	0.798728178285198
YDR104C	0.0811747454116177	5.21329736331465	0.367328132076851	0.428395097972072
YDR105C	-0.1505622972445	6.6572407181434	0.0142800409414077	0.0227180751891355
YDR106W	0.190189783900101	2.96712368635876	0.160368111956144	0.204873159600581
YDR107C	0.288791333987875	4.54865247847741	0.000557456566402801	0.00111938172251625
YDR108W	-0.0232651370779813	6.03280956327265	0.776800211798573	0.813043675719537
YDR109C	0.125328408205007	6.01667357377294	0.157074168766635	0.201178078957182
YDR110W	-0.896979262253777	6.313873072133	3.89068415012132e-21	3.46530268304139e-20
YDR111C	-0.387613735737024	5.95897923822092	1.09607145192149e-05	2.81125493555972e-05
YDR112W	-0.607945186645931	3.25202993164084	7.24827725766217e-05	0.000166196197075
YDR113C	-0.709938386811349	6.06899863787737	0.0881118149263464	0.119641475703689
YDR115W	0.0513269011043181	5.29302259836497	0.623006325604307	0.675354134427172
YDR116C	-0.0159860942310094	6.24050967058277	0.892520316486089	0.912742386442206
YDR117C	-0.396912285914854	6.51743839706258	1.28241877798249e-07	4.18334329529612e-07
YDR118W	-0.334366092038504	5.23997712580595	1.06772782555461e-06	3.11459470511126e-06
YDR119W	-0.439991109662876	7.05411263418613	1.19133148455367e-06	3.45503371207752e-06
YDR119W-A	2.57846424890615	3.09327039116385	8.29434000694997e-24	8.48053947649375e-23
YDR120C	-1.03949826852185	7.67143180796816	7.57651252576728e-13	4.06696368793865e-12
YDR121W	-0.80460108424579	5.52009300972206	5.21561499922572e-26	5.83915779801584e-25
YDR122W	0.487969389860729	6.81473664512271	2.98636125191604e-05	7.25414296829059e-05
YDR123C	0.56257514337149	6.43867273945352	3.45337664068631e-05	8.29141388330915e-05
YDR124W	2.20819495313995	5.36935718657268	6.00172079753568e-162	6.80798970467632e-160
YDR125C	1.05358801591309	4.45054272336665	3.62847914068782e-35	5.69567012893347e-34
YDR126W	0.335438717896091	5.35166692432646	2.89900445688102e-06	7.96563747475716e-06
YDR127W	-0.17531434102884	8.78881452783944	0.00910612344041319	0.0150153631716303
YDR128W	0.0317141696976627	6.42452356100324	0.618696789453817	0.671651335896776
YDR129C	0.928534009309353	8.63703051423517	6.40156593186098e-45	1.3002099453496e-43
YDR130C	-0.0461967620025262	5.35389033027882	0.736578575562619	0.776760287016745
YDR131C	-0.115348295615447	5.11549048331617	0.237244021274875	0.290136504455767
YDR132C	0.15609774700425	5.62134389847355	0.0541700989429355	0.0768272316218279
YDR133C	-1.13721840708452	4.81866704455678	3.33858069136767e-08	1.15023192644713e-07
YDR134C	-1.67818089513848	8.92696885485115	5.8544565182649e-16	3.98156024748966e-15
YDR135C	-0.0669151782385544	8.29449029758334	0.438090537952343	0.500057018069012
YDR136C	0.357680895063463	1.27234539764848	0.0762413865016883	0.104720862610955
YDR137W	0.116234398226033	6.58578598164605	0.0462181700031318	0.0663000806630466
YDR138W	-0.17187784555024	6.64439951113386	0.0119098002858698	0.0192116231066942
YDR139C	0.0510987445957455	6.26499685039308	0.496776742608931	0.556790040373769
YDR140W	0.0994857793869613	5.69121503058802	0.248857212249686	0.302921554979775
YDR141C	0.309024956565548	6.64040411902545	4.55717660614344e-07	1.40070274826863e-06
YDR142C	0.565689340226085	5.37986264102345	1.90813888652354e-15	1.25237237836021e-14
YDR143C	-0.699767770141055	6.840627947248	1.19227287347772e-17	9.0049554212915e-17
YDR144C	-0.477124060886469	7.37377642072914	0.00131100300847359	0.00249107145605033
YDR145W	-0.976266182355378	7.49052921485567	9.68247874802507e-33	1.40606430514799e-31
YDR146C	-2.89500913279141	7.40098648895013	3.31763059128556e-21	2.97695449474758e-20
YDR147W	-0.398593376943239	6.36392440182185	3.83704961211941e-05	9.15410407462773e-05
YDR148C	0.198648779430836	7.41247075189485	0.0311389291120019	0.0461215180638963
YDR150W	-0.346954582790043	6.68327547118758	5.63094950997524e-06	1.49199067668449e-05
YDR151C	-0.539584030411518	7.00211827041705	0.00286012146678552	0.00512825835321042
YDR152W	-0.404187899756294	7.43296169697097	2.71884309207892e-06	7.50835308662308e-06
YDR153C	-0.044866843196138	7.6440816615664	0.605640559909005	0.660219591327822
YDR154C	-0.124983399818504	4.82986078274974	0.280337689249442	0.336741296257271
YDR155C	0.0432530527556357	10.0032037923706	0.570505053302774	0.627263419981031
YDR156W	0.31492153683658	6.17389329768385	0.00254564703042158	0.00460976805629353
YDR157W	0.186489678934256	1.16339593413248	0.473937947137129	0.535875297284076
YDR158W	0.544357923251324	9.99914945085486	1.26334591146962e-14	7.90347098829899e-14
YDR159W	-0.0377775553731237	6.43028701848491	0.600436367159069	0.655616316629191
YDR160W	0.0312863467790805	5.71775542379539	0.623682656697691	0.675843571028572
YDR161W	-0.371329542006513	7.00643327274368	0.00257414522072428	0.00465156629606083
YDR162C	0.109923384908614	6.2316805850792	0.155111784189704	0.199046327971931
YDR163W	-0.333259368387	6.13411250506629	0.000245523813128109	0.000519749705819081
YDR164C	-0.215713532494275	7.04967284273107	0.000520464146571908	0.0010496579836264
YDR165W	-0.506861841751345	6.97622733791253	1.08904768840403e-06	3.17524476366878e-06
YDR166C	0.0243695767283246	6.53225297653848	0.685605346318813	0.732579384150744
YDR167W	-0.109329440959295	6.41412166708367	0.153010394679468	0.196601515882232
YDR168W	0.0164830122734536	8.05543858450711	0.828899346140682	0.859093802633926
YDR169C	0.472436428419183	6.86964324572573	2.91057049931945e-12	1.48291100355157e-11
YDR169C-A	0.391818938344461	1.6066582897806	0.020016042316262	0.030966661452745
YDR170C	0.087212898083072	7.41432860961066	0.104045303122478	0.139004524971631
YDR171W	2.65078836789266	7.79460226235758	2.30369288739211e-42	4.38284861993715e-41
YDR172W	-0.488524179659531	8.97278593793048	3.29460077222731e-09	1.26563193882624e-08
YDR173C	-0.145977134373228	4.35222793326664	0.130696842497087	0.170444559022232
YDR174W	-0.391269586559756	7.21028494283876	1.53783518013629e-06	4.39214494203297e-06
YDR175C	-0.190909887257849	6.55745927842083	0.0327265146116326	0.0483657339835632
YDR176W	-0.559874738885279	6.83135793724386	5.20270051913878e-13	2.83835168067717e-12
YDR177W	-0.0693077141891487	7.68399357788963	0.373080541697743	0.434261416589899
YDR178W	0.691881267071942	6.68495617938607	2.24309616462199e-07	7.14274054115859e-07
YDR179C	-1.10466733528831	4.12210388593846	0.00091512008486211	0.00177458261867942
YDR179W-A	-0.578064502471303	5.35524800397983	0.000144524539148996	0.000317225823060885
YDR180W	-1.46678476918381	5.09257780261399	8.5092728422089e-18	6.46747766464727e-17
YDR181C	-0.224258701800147	5.86044994459699	0.00545921164321593	0.0093533144482799
YDR182W	-0.133716908376887	7.18477454637874	0.0428112379313499	0.0618853480267554
YDR182W-A	-0.277652173069108	1.06056778981864	0.250912828187118	0.304868214038187
YDR183C-A	-0.750968086375667	3.32809974320946	3.32610716017561e-06	9.09761430708634e-06
YDR183W	-0.399784676545883	5.33507408736536	2.80220285996887e-05	6.83164784839127e-05
YDR184C	-0.693571245401598	5.96485369340737	1.32183997386428e-08	4.75293177205266e-08
YDR185C	0.394798580751433	3.63524886464702	0.000215652311160273	0.000459915464595799
YDR186C	-0.0834838937683244	8.01998627295332	0.211014879653727	0.26194950577704
YDR187C	0.1195737844901	1.14022053229988	0.68025340633285	0.72783119396211
YDR188W	-0.14910243015818	8.4869198909647	0.0173288045608946	0.02710923055428
YDR189W	-0.088724926878948	7.84780305645881	0.155771357174019	0.199722200752869
YDR190C	-0.405619281720785	7.96307364646577	3.94169644224352e-13	2.16415333431672e-12
YDR191W	0.43400002315799	4.65882181682726	0.121823487162437	0.159948199349327
YDR192C	-0.322921117517103	5.46682484759311	6.92741687428822e-05	0.000159142645197634
YDR194C	-0.462999494466297	8.36574452515822	5.98945241227793e-07	1.80313409627516e-06
YDR195W	-0.367304552381145	6.33456485300148	2.04455799494723e-06	5.72641353337761e-06
YDR196C	0.560434275155559	5.8067368041513	1.81542615145006e-27	2.16984930865164e-26
YDR197W	0.0213358336791043	5.6760554025978	0.762973943403083	0.800383763346595
YDR198C	-0.132742004799884	5.87548697083833	0.134690450788221	0.175234579125468
YDR199W	-0.23275485071291	1.30948795546046	0.326945198490618	0.38708045161985
YDR200C	-0.36906716759035	6.10926757510813	2.75448787601647e-07	8.68834266034156e-07
YDR201W	-0.493339428853399	4.51617780322643	2.37568252965857e-05	5.84633785031e-05
YDR202C	0.60117012950529	4.96662071116631	1.81603861994754e-12	9.43649454029783e-12
YDR204W	0.626806393782579	5.55002048239528	3.40226293680029e-07	1.06367159521806e-06
YDR205W	-0.105033794224566	6.33420719911464	0.247229525220827	0.301306285349201
YDR206W	-0.146057529448733	7.50035369923365	0.0181220098759607	0.0282398971939542
YDR207C	-0.727804399961044	6.46855303026629	7.77611444237011e-10	3.18243703386856e-09
YDR208W	0.134805688797401	7.48423311155466	0.0218053014148602	0.0334339035158565
YDR209C	0.161070726167252	5.57835366788755	0.0343267258630722	0.0505938406199535
YDR210C-D	0.144598797386599	4.72755223136291	0.373668876957636	0.43486203799251
YDR210W-B	0.884047458024159	3.50326727650221	3.62805191073186e-10	1.53477225647936e-09
YDR211W	-0.134086937584556	8.05012892844591	0.0251768619279098	0.0381075765132412
YDR212W	-0.221752821982627	8.32577633575628	0.001349177507518	0.0025563363300341
YDR213W	-0.234189828395555	4.49366487472537	0.0979370776728375	0.131633738200112
YDR214W	-0.173298096629852	8.96393614799554	0.250804186634598	0.304797810803962
YDR215C	-0.871324433028418	0.991089494333153	0.00548676885317043	0.00939249838988058
YDR216W	3.342233023534	5.64464998883147	6.1716043115098e-96	2.87625466052689e-94
YDR217C	-0.62780650466268	6.4154935597333	2.49402263132114e-12	1.27826633073339e-11
YDR218C	0.29774751023217	2.68187094655026	0.105433497754244	0.140796576743339
YDR219C	-0.0471371489116112	6.1132390475402	0.702515868723784	0.747129913809905
YDR220C	-0.300610764945713	2.52692134335653	0.0467134340979617	0.0669306877495104
YDR221W	0.020075777047739	6.62063385833562	0.774777477312622	0.81135032112933
YDR222W	0.54986090015915	5.60830168256153	0.0412478629904002	0.0597835468414382
YDR223W	0.529233030276408	4.58797940283802	6.95159023431069e-11	3.16613337035423e-10
YDR224C	-1.07010137502105	8.96044623349822	0.0176326862200573	0.0275344700142817
YDR225W	-0.853753734167628	7.48323969075531	0.119906595755269	0.157569060913809
YDR226W	0.00343860643811118	9.26095500469732	0.95105125192108	0.96420238221746
YDR227W	-0.577132104660691	6.17119678759167	1.52812187738801e-06	4.366477531776e-06
YDR228C	-0.262031117177748	6.64050938407742	0.00494704989443249	0.00854645516245062
YDR229W	0.362666026520737	6.4041537650894	1.23815185743015e-09	4.95590477155131e-09
YDR230W	0.257549014739184	1.06469562713342	0.263806589044283	0.318987371949764
YDR231C	0.185598333937011	4.21883175266855	0.0542958961725714	0.0769874829692215
YDR232W	0.0182238789911549	7.07421689132772	0.819436677661761	0.851002471256263
YDR233C	0.273809134787623	9.91929850648529	0.00133311464832292	0.00252988802579464
YDR234W	-0.383552310681057	9.60333755560167	0.00262547758130089	0.00473720624813354
YDR235W	0.5052157831413	6.11561213756496	3.01624687479119e-14	1.82799155355289e-13
YDR236C	0.44149264221033	5.46993484273047	4.81577937953003e-11	2.23054434743718e-10
YDR237W	-0.250817268373492	6.72543096236268	0.0094105310993229	0.0154875754090143
YDR238C	-0.130328154189666	8.46473359464377	0.0283287944737965	0.0423032072470106
YDR239C	-0.41332011246513	5.78160633004111	1.97305901650616e-08	6.96537334541105e-08
YDR240C	-0.196103692288197	5.27426119557789	0.0226084105260256	0.0345944932762703
YDR241W	0.533152604795232	3.8438661719903	6.24631637524562e-05	0.000144489626964127
YDR242W	0.160210715701967	5.0101527101573	0.0784245806260092	0.107523051020198
YDR243C	-0.257762788186495	4.90202806032058	0.00860470505104973	0.0142589544561497
YDR244W	0.0540791441299212	6.83785384978758	0.488809690329034	0.549294179113674
YDR245W	-0.412297859478816	7.89539449987403	0.00175562818617743	0.00326572916314935
YDR246W	0.621957977075455	6.31807536865277	1.56281384603356e-15	1.03022333797739e-14
YDR246W-A	0.906401411307604	1.59736764278891	6.24422292581286e-08	2.08789033537191e-07
YDR247W	1.79051324879316	5.34314487912277	7.98312798692595e-32	1.13731197766348e-30
YDR248C	0.189200856480836	6.22088648575153	0.218282424412106	0.269801384779108
YDR249C	2.82492745901114	5.29948194878423	3.48192876524781e-103	1.71584883087458e-101
YDR250C	0.235002632888348	2.58436211109623	0.344490405631761	0.405140124933128
YDR251W	1.50759896915652	7.43977332975989	1.40381672458857e-17	1.05365120452266e-16
YDR252W	-0.207369808116915	3.82630924717973	0.0312049482512341	0.0462079184449309
YDR253C	1.12399526824266	6.39383003661928	2.87441182061537e-09	1.11346416659405e-08
YDR254W	0.054296594429244	5.68694126574712	0.72071640584235	0.762305952133041
YDR255C	0.824407762246028	5.06875561796414	4.48627882505316e-18	3.45345816853004e-17
YDR256C	-0.13690521764163	4.91598223245946	0.205489883562736	0.256042524348014
YDR257C	0.149339675912235	6.31702465126891	0.0195718197239433	0.0303418721455254
YDR258C	0.439261116711679	9.03151320782061	0.00107995052429733	0.00207565938365586
YDR259C	-0.124957909126874	5.69500629214191	0.383880672741201	0.445144462969384
YDR260C	-0.263779225714433	5.856827113978	0.00147299692317203	0.0027760681824797
YDR261C	-0.254297283256451	6.57047709670603	0.0883680305481623	0.119925191795836
YDR261C-D	1.06204242080826	4.57641782983189	1.44424504255806e-27	1.73309405106967e-26
YDR261W-B	3.02484564738496	5.600367834171	1.69941806650474e-59	4.79666733137395e-58
YDR262W	0.650633381744509	6.14380397375314	5.00132129743605e-21	4.42175641767435e-20
YDR263C	-1.67269334699221	3.94057386386692	9.26018957693232e-11	4.16085648254986e-10
YDR264C	-0.336344635601397	8.45052356056453	0.0166002786213865	0.026098555196594
YDR265W	0.180024712765002	5.60871416544126	0.0408317670015731	0.0593091527454597
YDR266C	-0.458473280258681	7.19673383613806	1.426179230781e-13	8.08885805231639e-13
YDR267C	-0.247028609839312	6.24204656717173	0.00766011531893362	0.0128208834346963
YDR268W	-0.328490657891023	5.39605924355546	1.82794234818399e-05	4.56188850032467e-05
YDR270W	-1.44874840239958	7.15281635741276	3.36241024135505e-06	9.18437545253365e-06
YDR272W	0.441418905216143	7.2878810927542	4.76068524852395e-12	2.38709255330492e-11
YDR273W	-0.62747984289001	3.31671674830244	5.16166496309326e-07	1.57282968870333e-06
YDR274C	0.511933030113663	2.35718523918752	0.0108762984029602	0.0176964292283076
YDR275W	0.599259660169888	4.48814156378339	5.47734232770337e-05	0.000127783399589261
YDR276C	-0.166796439370596	8.02781932100834	0.0519893208877704	0.0738912050064482
YDR277C	2.01145168074042	6.09832175023671	4.50800327791045e-32	6.46828537155075e-31
YDR279W	-0.463174564207225	5.57739664224519	0.00164069912583616	0.00307020027470277
YDR280W	-0.240909166338363	6.65777865330342	0.00705420171233588	0.0118595807311419
YDR281C	0.612121301238913	3.11944735971264	0.0251081766158655	0.0380131850452238
YDR282C	-0.111472519285136	5.17988006943715	0.13120783965828	0.171036758895398
YDR283C	0.108176929603824	6.16885179041649	0.172853837255292	0.21905507368862
YDR284C	0.402367369566593	6.48497166753221	4.8273892842315e-10	2.01543502616665e-09
YDR285W	0.297711721148548	4.36656591093965	0.00353899659573951	0.00625777868634881
YDR286C	0.00462604674705247	3.43835334747912	0.981003424555483	0.986747965271468
YDR287W	0.24906210332442	5.72569307770216	0.00140619762927057	0.00265516964421315
YDR288W	0.196591938718826	5.46132208938677	0.00301537332267964	0.00538734752331351
YDR289C	-0.169587114395312	5.78835551978284	0.0405925277392723	0.0589759006207117
YDR291W	-0.165180413654679	5.92340414780235	0.00375388032386036	0.00660472007815292
YDR292C	-0.216122001381021	8.15648378748969	0.000113498692038477	0.000252817390342839
YDR293C	0.449204324884237	8.79792370674722	1.83147771700341e-06	5.17670147373038e-06
YDR294C	0.359723009749122	7.62366983936386	1.96502177967372e-07	6.2972872811292e-07
YDR295C	-0.452970817608444	6.28695848661928	1.58525000492426e-06	4.5189772544356e-06
YDR296W	-0.494237517842303	6.45491404778789	7.18570511611805e-10	2.95488776731202e-09
YDR297W	-0.833043698516146	6.63598022793495	0.000994947347299812	0.00191964809113173
YDR298C	-0.197793183016881	8.51242762704239	0.0437458439230308	0.063114954083336
YDR299W	-1.111146131861	7.07472119592341	3.29024475141875e-10	1.3959739905102e-09
YDR300C	-0.258172269165933	7.21704197516123	0.00104894047129392	0.00201799363629409
YDR301W	-0.0777007997760666	6.4084513513913	0.264283124603323	0.31943509149883
YDR302W	0.130813083148541	5.92977186602138	0.321310650622522	0.381009789258896
YDR303C	-0.483331528004642	6.71658297893298	1.79108913459783e-07	5.76138463199687e-07
YDR304C	0.69306618562171	7.90130668257888	1.8391189626016e-23	1.85828289128754e-22
YDR305C	-0.0878363744170721	5.65210910512955	0.342345723206811	0.403248920046894
YDR306C	0.588562804683947	6.04863616917902	2.99957071775431e-21	2.70366104274947e-20
YDR307W	-0.674179835028672	6.47217337877794	1.59794631152704e-06	4.54869944360821e-06
YDR308C	-0.330587818416619	5.89064522823351	2.00396894708407e-05	4.96819023087398e-05
YDR309C	-0.197010763390977	8.02836009335256	0.551693149395671	0.609477988637775
YDR310C	-0.192437800791564	7.34065594847123	0.114367013181526	0.151314807052671
YDR311W	0.238747835048787	6.03558836616027	0.0024194002575311	0.004402371170786
YDR312W	-0.820681277732886	6.9876477460116	3.3691154332303e-34	5.19362102168733e-33
YDR313C	0.48326784926565	4.82605294134004	1.53760820441388e-09	6.07764663046432e-09
YDR314C	0.408230655037292	4.38403877215384	1.45998840388108e-05	3.68645539022807e-05
YDR315C	-0.0356501267668126	4.64781615871455	0.826719823535756	0.857233456208515
YDR316W	-0.503259568331372	6.63033097077533	1.52331717487715e-06	4.35481828595409e-06
YDR317W	0.207994700284829	4.60743968766958	0.0740257892748895	0.102050686796752
YDR318W	0.0160942527693992	5.13874809328755	0.87164966336735	0.894564318225419
YDR319C	0.767499917862545	5.45936868053114	1.97872478795454e-39	3.48859044726765e-38
YDR320C	0.271226071297997	6.24812906038524	0.00059349597631048	0.00118659720970356
YDR320C-A	0.275599717117429	5.58477448726434	0.0636029647908768	0.0887400845492577
YDR321W	-0.0477958506205293	7.26203879091499	0.661116027104321	0.710643582147537
YDR322C-A	0.227651287923157	7.05813550540486	0.0235967696384264	0.0359604002702711
YDR322W	-0.325730354055359	6.6358314478158	6.61572973180287e-05	0.000152623804036683
YDR323C	0.0065090493806446	4.60190018371638	0.95615181393406	0.967609404738507
YDR324C	-1.02681141033759	7.88044550735883	3.01836865216147e-17	2.22929144186667e-16
YDR325W	-0.658138486320094	6.35556143605015	5.57626200397141e-05	0.00012978895535376
YDR326C	-0.148257997155457	6.68715528550018	0.157960760786862	0.202184392985015
YDR327W	0.181344768647487	3.99488674477235	0.0638282724465641	0.088951222519412
YDR328C	-0.000356448380992002	7.19205247768574	0.999303203891021	1
YDR329C	0.319904516215008	6.72608248798452	6.30858403456513e-09	2.35572715626122e-08
YDR330W	0.563648369432737	6.89394112173821	1.33615733312964e-09	5.31281606268215e-09
YDR331W	-0.106833877758505	6.37087727787184	0.229789892476353	0.282168470908463
YDR332W	0.128951059887757	5.33612384392942	0.133055679618973	0.173407922364896
YDR333C	0.104847068841124	7.07996230405004	0.116023080777235	0.153168810196033
YDR334W	-0.0594392844493115	7.18151559609111	0.499126134512926	0.558586327321811
YDR335W	0.472749247897404	7.5749678199746	7.24738620732935e-10	2.97618072940328e-09
YDR336W	-0.064228452027857	4.44545768549141	0.395767237682648	0.456864944882504
YDR337W	-0.292116726369389	6.33767046627218	0.00538374576841162	0.00923718023963775
YDR338C	0.421021684613708	5.37095453390132	2.617477114972e-10	1.12795033810127e-09
YDR339C	-0.598870936125933	6.71426673245597	1.48033251953886e-08	5.29117663939812e-08
YDR340W	0.492025763361508	0.732614832745426	0.0733090370671284	0.101108954082949
YDR341C	0.248239393976186	9.33026555147461	0.00206346981008255	0.00379259568884632
YDR342C	3.48240367691128	5.04842032230126	1.46912376498158e-21	1.34230578648469e-20
YDR343C	3.63142789155962	2.77852772983913	5.62902926033543e-24	5.77503821043286e-23
YDR344C	-0.603413163312182	2.76807701493033	0.000185555221402296	0.000399984937637363
YDR345C	-1.64013917862179	9.80642244290741	5.3576702595126e-17	3.92330250915831e-16
YDR346C	-0.376228271803702	8.53704580145655	0.00310099569866334	0.00553046162573836
YDR347W	-0.317557453163825	7.01346879940348	0.000149766038887117	0.000326821570159473
YDR348C	0.116427111232811	7.46346120881996	0.118144427737631	0.155457277206968
YDR349C	0.204931200566234	7.5278739829886	0.000141337501959808	0.000310684117653517
YDR350C	0.470677465858603	6.18630379821342	8.70432743272286e-11	3.9287099493641e-10
YDR351W	0.294429430913227	6.64663921635252	0.000186060931910297	0.000400931298438963
YDR352W	-0.195538692773037	5.8757030796514	0.0699724813943349	0.0968849742383099
YDR353W	-0.0638632571310842	8.76640089539959	0.570201114144875	0.627043917731661
YDR354W	0.249772116698553	8.01415949431553	0.000117671912778175	0.000261435158766589
YDR356W	-1.13937744873953	5.63668701660095	2.85749195686776e-05	6.96079483172163e-05
YDR357C	-0.162202072692832	5.97408654886257	0.0925855758828723	0.125281224894852
YDR358W	1.14467606434035	5.94408953242039	9.71770434862656e-14	5.58535741337886e-13
YDR359C	-0.586825685227409	6.27940701794214	1.74599082798705e-11	8.39080484241257e-11
YDR360W	-0.253132071459627	1.48740463715704	0.25338332608385	0.307435026521918
YDR361C	-0.35348215031952	6.9022609286083	0.0171969301034959	0.0269379738880191
YDR362C	-0.365200802367253	6.15189085486226	4.16864561523026e-07	1.28720582633612e-06
YDR363W	0.215134585655035	5.23489765558985	0.00276315354829029	0.00496179185553203
YDR363W-A	-0.374235435576684	7.8778468011633	0.000121187012649728	0.000268748181501352
YDR364C	-0.0785023336546242	5.83745384983427	0.160106174778633	0.204582002713952
YDR365C	-0.0654428498803933	8.09248579717718	0.503235337203293	0.562560588930122
YDR365W-B	1.03584106288567	3.56949804711518	3.10502510257598e-20	2.62921280516716e-19
YDR366C	1.60694034610751	0.592804668132058	1.49355263329578e-12	7.8148289219967e-12
YDR367W	0.155361378206664	5.18227260715742	0.0145599045304378	0.0231143770892506
YDR368W	1.01236833494403	7.5627423896595	1.45855510240437e-24	1.54653144191447e-23
YDR369C	0.162217625981915	5.31664016763938	0.111788571609562	0.148360461924214
YDR370C	-0.0746065270723533	6.00447375503324	0.332078688017091	0.392308326264247
YDR371W	0.0335829426938134	6.14001350229978	0.635420997727608	0.68695397200834
YDR372C	0.114595168315631	7.81708952008967	0.0308027140622445	0.0457023487024221
YDR373W	0.10101238574029	6.26746455565532	0.13063917392068	0.170443297224637
YDR374C	1.34573113766781	1.98727399856715	1.54582609740363e-11	7.47667457569638e-11
YDR374W-A	0.329395965305327	5.11590673370132	0.00171545020737224	0.00319791834006882
YDR375C	-0.310652681793011	6.31562417145279	0.000318487294356319	0.000663230209099476
YDR376W	-0.039736131967047	6.31406295385057	0.554980344319702	0.612523498846342
YDR377W	0.209697804030627	7.5140997007893	0.00571233179033507	0.00974256417687785
YDR378C	0.0745842649775564	5.81087575886018	0.290994307748339	0.348220099160632
YDR379C-A	1.53330208355279	3.57108356831206	3.32628205794028e-10	1.41026852837355e-09
YDR379W	0.243852650453245	6.6588455192471	0.0316585173351548	0.046868014336112
YDR380W	1.1305859093951	5.35462788749437	4.89293074589992e-11	2.26279228033464e-10
YDR381C-A	0.0774521314398788	5.35379756520264	0.372657716209637	0.433853251326944
YDR381W	-0.608196640189086	8.0836420332333	1.54571210755364e-05	3.88658351761292e-05
YDR382W	0.209314615525406	10.0760393002875	0.0203732984928903	0.0314707786585962
YDR383C	0.811291797730108	4.17984893073239	1.06065826721009e-07	3.48642837751071e-07
YDR384C	0.43263596967384	5.53531781422095	0.0397121652071235	0.057850626902163
YDR385W	0.0353432849775938	9.67610455776848	0.716139131838069	0.758846291577239
YDR386W	-0.166960824177559	5.4061595157419	0.140012854581691	0.181569732904471
YDR387C	0.398588033968088	5.61220581951377	1.10083285064547e-09	4.44771982397889e-09
YDR388W	0.11259745490386	8.17116566582173	0.118695410988063	0.156113938057369
YDR389W	0.0457833201626815	7.1928053078206	0.533489316297849	0.592087459771584
YDR390C	-0.0777267458614009	7.18151681026893	0.25010719582003	0.304161813765852
YDR391C	1.84214557133832	4.75801792305448	7.8316113285565e-74	2.76962631219304e-72
YDR392W	-0.0425018351101602	6.00500304533829	0.512957389778466	0.57215210154882
YDR393W	-0.471446467435891	5.93759005650685	3.04285602207179e-10	1.29742201451742e-09
YDR394W	0.132852453048213	8.87457591871732	0.0787754751255958	0.107930238497289
YDR395W	-0.241756699047612	8.03367081828534	0.00411622628839223	0.0071959152212312
YDR396W	-0.669935896417966	2.94377589966595	4.28926911306058e-05	0.000101884970002846
YDR397C	-0.372956759805298	3.46223067903583	0.0119236047113928	0.0192287316322139
YDR398W	-0.62611891515829	7.6042669426787	2.46039271737001e-06	6.8322776059254e-06
YDR399W	-1.36334099925337	9.12058314943336	1.24493638638651e-51	2.95832314425127e-50
YDR400W	-0.339603489642617	6.13220506315374	0.0438619924090129	0.0632673460563785
YDR402C	0.390753217019472	2.72903400327576	0.00628594823134058	0.0106423882756462
YDR403W	-0.243341618161786	4.30698987533997	0.010504011011695	0.0171324238204857
YDR404C	-0.324131969184472	6.53973708629257	1.7803508008774e-05	4.45050686689187e-05
YDR405W	0.124880540293928	6.71298650135329	0.158596779668562	0.202825747578684
YDR406W	0.481545360664644	5.69059518972182	2.29483627499838e-09	8.95880239304563e-09
YDR407C	-0.0309201601549248	7.00976229233398	0.773601048678278	0.810541914369781
YDR408C	-0.216646555048805	7.63436016417452	0.0200039504548006	0.0309559202404791
YDR409W	-0.218900150474014	6.43484901262378	0.00170864705723838	0.00318721256845087
YDR410C	0.628117007531949	5.39073727433795	7.25909234486593e-13	3.91054329546003e-12
YDR411C	0.195929184316812	6.67739174628132	0.0100625606770815	0.0164749767948296
YDR412W	-0.94380814880005	4.56625067914433	7.11321501252176e-09	2.64142363528603e-08
YDR414C	-0.312025785368618	5.93449957261742	0.000241206879036942	0.000512208522939497
YDR415C	0.110733816424076	5.89220258300818	0.0716028076820105	0.0989600183412063
YDR416W	0.0817854795585543	5.74870954154547	0.30010410349614	0.358336816329453
YDR417C	-0.144179445158359	0.899149126770546	0.801341754759777	0.834806208562776
YDR418W	-0.00475777875118105	8.38591117408401	0.966815377180427	0.976069529405328
YDR419W	-0.475283326217981	6.04034345197494	2.81642009327357e-09	1.09240758714585e-08
YDR420W	0.0769011750763132	6.91518029661764	0.310384934731694	0.36943857208611
YDR421W	0.260361593863061	5.74785115271892	0.00257770784870368	0.00465660444303081
YDR422C	0.331311615358111	6.47607913040143	1.34963083753428e-09	5.36284242911837e-09
YDR423C	0.0770875181861311	5.76340615872428	0.484608810609105	0.545787203595101
YDR424C	0.230577718505367	5.59641558076217	0.00169220484729557	0.00316025020681977
YDR425W	0.82226287924375	5.8984397525235	1.16902138194601e-23	1.18919738549229e-22
YDR427W	0.0607088243081236	8.46766017782013	0.46215048603652	0.524532513130367
YDR428C	-0.0607525355795193	5.21479769645668	0.524781179925105	0.583523342818683
YDR429C	-0.300784817736394	8.39609388992294	0.000167846457444457	0.000364425027864238
YDR430C	-0.271776356245384	7.37259542193968	0.00664721223741258	0.0112161212380927
YDR432W	0.434623343691323	8.41933542577502	8.10574162233971e-07	2.38763932550252e-06
YDR433W	0.582857195224679	3.70393930281113	4.34304362489968e-07	1.33830744607365e-06
YDR434W	0.158946784540258	7.07203018649928	0.00527043929116386	0.00905569620419466
YDR435C	1.28768027354382	5.2840345975129	8.98773939953591e-24	9.17390310186925e-23
YDR436W	1.23289518983289	6.24146637875092	3.95712826710643e-30	5.34612475097615e-29
YDR437W	0.0313492347134454	3.63067844806945	0.74554395572026	0.78497552745888
YDR438W	0.164405609573671	4.83291565365063	0.0233986601545682	0.0356946827833708
YDR439W	-0.0464904093297524	5.39183212898896	0.57266030186656	0.629402876567049
YDR440W	-1.0448704341518	5.92580773717428	1.19084167176089e-08	4.29990398235824e-08
YDR441C	-0.671942493038959	6.23040387876263	2.76814098773166e-14	1.67932024402046e-13
YDR443C	0.151624498316288	6.09316698909336	0.0934454982834677	0.126245918130384
YDR444W	-0.352948634551286	5.28598434254969	0.00255949260805381	0.00462787054424647
YDR447C	-0.00180853234923569	9.33219214861999	0.995330521467886	0.998986159443227
YDR448W	-0.345162149495924	5.40043349348203	0.00158415624973318	0.00296881152537278
YDR449C	-0.681117487889995	6.46838801760687	6.54736256873063e-06	1.72341259908969e-05
YDR450W	-0.106195951728772	9.84547987913184	0.207309710837859	0.258096082327026
YDR451C	-2.66757437946514	5.89982913283832	3.70195238480883e-11	1.73064834661514e-10
YDR452W	-0.502711982706503	8.15526449747951	1.01525533005316e-09	4.1102458210637e-09
YDR453C	2.87431326737827	4.84433311587335	3.51991502502032e-70	1.17565161835679e-68
YDR454C	-0.0337382516062495	7.69005566075605	0.629736196253203	0.681420808472689
YDR456W	-0.285441758969256	6.69327162405035	1.48724536370683e-05	3.75055332491841e-05
YDR457W	-0.264504092767993	6.84240108011124	0.00205561902432863	0.0037804776917295
YDR458C	-0.195923212407954	6.62257394520436	0.00358672672820176	0.00633844829216608
YDR459C	0.144702497007426	5.5110643941544	0.0205537022521967	0.0317168526540571
YDR460W	0.2435595679883	6.29165624811098	0.00546418924324381	0.00935650974946789
YDR461C-A	-0.482094958302267	3.78873815291594	0.000200444896518932	0.00043007663021835
YDR461W	4.53769111391373	8.28661149311041	9.88623686694322e-46	2.05661093578071e-44
YDR462W	-0.0260891465474018	6.08456852203739	0.762870659801247	0.800383763346595
YDR463W	-0.0885334024114698	7.91211733834998	0.178726493191073	0.226068520316586
YDR464W	-0.675791005162324	6.77892285654753	2.75776923411139e-06	7.61235474539838e-06
YDR465C	-0.312710502758285	7.33979935731521	0.0581742645988132	0.081983984708876
YDR466W	0.00953483995526514	6.53822163126146	0.88668581571501	0.907671568887901
YDR467C	0.114063314744294	2.17756792060568	0.460889973643724	0.523299437496897
YDR468C	-0.113258028867256	6.93926643805127	0.101669961310293	0.136192407885833
YDR469W	-0.152959807917593	6.18897080602723	0.0558795286639894	0.0790093429745777
YDR470C	-0.141528977927416	6.15621383318099	0.172085018820591	0.218264796023079
YDR471W	-0.451565736167619	9.40957937853864	1.9635286250558e-06	5.51880976803902e-06
YDR472W	-0.234363299839188	6.2911103223068	0.000449951442225344	0.000915124516461018
YDR473C	0.252852333101411	6.09068480781707	1.20716469449659e-05	3.0791150374686e-05
YDR475C	1.01909846605101	6.42240885546782	1.45112568367027e-12	7.59944913782722e-12
YDR476C	0.405036017734551	6.62882911391367	0.00966747376830084	0.0158686759646805
YDR477W	0.402107553693021	7.48181187255974	5.64237986569995e-13	3.0698631450306e-12
YDR478W	-0.465503697628065	4.08904740888684	1.35311517612951e-06	3.89417349875089e-06
YDR479C	0.626030425136016	6.21645183076972	4.73272537097802e-26	5.31834484678876e-25
YDR480W	0.869367918043842	6.2497102912934	1.61036039421191e-10	7.11350969140487e-10
YDR481C	0.366084443637643	7.70571346792754	4.59318031766578e-07	1.41032686771229e-06
YDR482C	0.592178163377699	5.26495433928043	9.39274007110089e-17	6.75468340998308e-16
YDR483W	0.564076007571078	8.5194583005861	4.46011080045819e-25	4.85764241528164e-24
YDR484W	0.0187518404285105	6.01993448681112	0.822161644619797	0.853537525030948
YDR485C	-0.297368684938356	6.50875838494163	0.000192484633102522	0.000414031346766498
YDR486C	-0.0700273917600056	6.87905790706271	0.427428634496964	0.489653382354373
YDR487C	0.2597185646294	7.88387766981996	5.71199543927267e-05	0.000132686134917287
YDR488C	-0.902068229046769	4.90294456202876	0.00030813177769349	0.000643895810738012
YDR489W	-0.329877553149349	5.03667578831693	0.00801309656388438	0.013359605252932
YDR490C	0.425700649774804	6.48535830422232	3.18099389704885e-05	7.67729237617732e-05
YDR491C	-0.574938016353844	2.94904949505588	0.000185253502033978	0.000399477781287042
YDR492W	-0.474774654682958	6.16837700424615	4.94437837911141e-05	0.000116115635996944
YDR493W	-0.0380983323488604	5.15568594926096	0.764190374942672	0.801380173409269
YDR494W	-0.313953011183796	7.24792767278095	0.00496034466634305	0.00856696125655112
YDR495C	-0.323847939889644	5.67846014839677	0.000246444486847555	0.000521331546420655
YDR496C	-0.741331456809581	7.74879779643456	3.87172479571977e-06	1.04897744352714e-05
YDR497C	-0.361145196413699	9.7442806110282	0.000222510732333518	0.000474037747267579
YDR498C	-0.00996364840836749	6.14119352535672	0.909126617935937	0.926698749920457
YDR499W	-0.390463650896539	5.67163328000566	0.000180087864943731	0.000389036379461629
YDR500C	-0.0553245513919877	9.29354595760064	0.478918710372189	0.540434651167168
YDR501W	-0.643489444406355	5.24310553148441	0.0299755187277857	0.0445740337846767
YDR502C	0.159593354400404	10.6334414770513	0.169344938698473	0.215198007071489
YDR503C	0.459098727998097	4.90455690596489	0.0102865572157211	0.0168279678859634
YDR504C	-0.257903291030597	3.68451148756438	0.147384018304575	0.190226002156957
YDR505C	0.977762297895541	7.12593330897889	3.43392805043246e-45	7.02203246231291e-44
YDR506C	0.185521590413082	4.97160769640805	0.0745040848482013	0.102662974583403
YDR507C	-2.03007224108429	7.87714000299917	2.76867398356818e-08	9.62710699202538e-08
YDR508C	1.55107843375271	7.96216840795398	4.17132213975168e-24	4.31634917455888e-23
YDR510C-A	-0.147734251404402	1.26672421609643	0.530139856670365	0.588913676700339
YDR510W	-0.23198763156212	7.60732727855408	0.000316414240647938	0.000659141515861194
YDR511W	0.356938864681286	4.97968421706726	0.00454902793351837	0.00790617691490648
YDR512C	0.349477567394749	5.76555823706364	0.00825869157715437	0.0137385870951445
YDR513W	1.13405802223531	6.41015991375402	6.45096210672263e-20	5.35679339580338e-19
YDR514C	-0.711197305761739	6.16391019516749	1.7905433427088e-10	7.85747925282139e-10
YDR515W	-1.04358811262157	6.64732628650093	8.57301714403067e-20	7.07009315087962e-19
YDR516C	3.09493942947555	7.63717331562204	7.68586476701642e-54	1.91732028959762e-52
YDR517W	0.722389098292778	6.92385972230849	1.1250548031827e-15	7.51536608526042e-15
YDR518W	-0.0662178430988624	5.79460652750888	0.741844547317508	0.781765016384375
YDR519W	0.165941512311679	6.56217495834131	0.0155896150743042	0.0246255296444343
YDR520C	0.159485473604448	5.34539025732031	0.059053676608983	0.0830481178416856
YDR522C	0.201475232499626	3.21351255292472	0.0855529616675254	0.116472917922365
YDR523C	-0.777280393565604	1.98112639786747	0.00150444998089412	0.00283090869644302
YDR524C	-0.749245385593754	6.51560817048764	3.58040531609414e-20	3.00634032965893e-19
YDR524C-B	-0.563331463796286	10.1158158021621	7.32134940976925e-11	3.32698054811283e-10
YDR524W-C	-0.95319600911773	9.40509795221539	1.034335284818e-24	1.10060597032315e-23
YDR525W-A	0.604336918175093	3.82444314710835	9.80988121340471e-11	4.39470982525999e-10
YDR526C	-0.472848654971651	1.48652142831845	0.085269400342335	0.116113167578283
YDR527W	-0.139139394880937	7.11327777733178	0.171877222793509	0.21809325948387
YDR528W	-0.717413850312407	6.22100924138165	7.46029045806347e-05	0.000170537133969116
YDR529C	0.0545421050264517	8.95547245685804	0.519103008282003	0.577934682553964
YDR530C	0.742936201159672	5.09244640303485	7.31023044188993e-25	7.83406513665637e-24
YDR531W	0.0613961059757312	7.53603396628364	0.314741458202236	0.374031556970121
YDR532C	-0.483127313940943	5.38140888134569	3.89181166201583e-07	1.20481831678883e-06
YDR533C	0.525656165185665	6.49407345458128	3.41355769162787e-07	1.06609396582165e-06
YDR534C	2.46253759773551	4.22898646783313	7.21171682560366e-65	2.30621497635794e-63
YDR535C	2.3686469358939	2.69932096897242	2.75011597283994e-62	8.39273971000696e-61
YDR536W	6.81372684248535	8.27977114718686	3.47471727214166e-145	3.21384619078703e-143
YDR537C	0.870251958506163	1.21390909848421	0.000910832762273407	0.00176756829140985
YDR538W	0.519643389039856	2.81030781758888	2.50089181539314e-05	6.13187666971596e-05
YDR539W	0.686717764748663	4.3609895773867	3.98324418740051e-09	1.51757059915411e-08
YDR540C	0.872640488364996	4.34091861739058	2.39003228955237e-15	1.55675775999879e-14
YDR541C	-0.108238273275313	5.18008070020605	0.364759723488893	0.425482238574936
YEL001C	0.196672885579947	8.53619548994488	0.000329392668087727	0.000684754052746686
YEL002C	0.127539694829231	8.23807468145177	0.0646979510143424	0.090100551655832
YEL003W	-0.419652047330865	6.58110282345925	0.00493071057376183	0.00852312592566307
YEL004W	0.235891161249906	4.91860777484121	0.00455087951140064	0.00790617691490648
YEL005C	0.492595691707364	4.75130810352763	2.13545958123228e-07	6.8144283452062e-07
YEL006W	-0.176844589933428	6.20737338287734	0.00310272151842765	0.00553189850794395
YEL007W	-0.41053966589595	7.82784391016261	0.000146891698140336	0.000321482668081434
YEL008W	-0.789429591399424	1.7638500956025	0.0283921692108625	0.0423662748313987
YEL009C	-0.101611863987784	10.181537349239	0.125464393461286	0.164297959810336
YEL011W	3.0059224847662	6.38576160236108	3.34287043153355e-112	1.98388583751058e-110
YEL012W	0.554850274218925	5.94287135979217	1.74242177824333e-08	6.18750131766032e-08
YEL013W	0.0409283314731583	7.32507300140484	0.514452490478326	0.573606894057066
YEL014C	-0.130178380614127	2.73416202750337	0.344909857070752	0.40547478699831
YEL015W	-0.165372468326542	7.72656891502726	0.00580522590139689	0.00987857857888427
YEL016C	-0.570785704363515	5.88739577568241	4.96163683108157e-08	1.68147466902268e-07
YEL017C-A	-1.70112276383604	7.26754956302908	1.87839710947241e-49	4.27762250838945e-48
YEL017W	-0.588921245711246	6.21333051012748	0.000330552618264415	0.000686927874526672
YEL018W	-0.306842147818938	3.95075433860074	0.00242695095324767	0.00441477432100605
YEL019C	-0.13044143862554	3.67506673113926	0.191333049851775	0.240784051165321
YEL020C	0.27224387527988	5.32236571310274	0.000551424866239315	0.00110838057366458
YEL020W-A	-0.0369952206460968	5.07085022596612	0.668915397012855	0.717487844217892
YEL021W	-0.0807527054848641	7.58765663951826	0.339146565925489	0.399872358176905
YEL022W	-1.04045306937961	7.24020572116871	3.9260373699343e-32	5.64673126029785e-31
YEL023C	-0.830829323033599	5.00803020470556	9.20894903853981e-16	6.17215179706815e-15
YEL024W	0.0253172933630755	8.46135234041537	0.779746560125179	0.815985434198882
YEL025C	-0.0396042738829168	6.65474059433652	0.554190718729523	0.611787477231343
YEL026W	-0.621405278815125	7.41902334595175	9.13149477958181e-05	0.000205921030063188
YEL027W	0.245337253947592	8.90377793694608	0.000764591589807648	0.0015002365006278
YEL028W	-0.0120467385307638	3.2637078350834	0.913971507465139	0.930585000065904
YEL029C	-0.181185255480992	6.29684330217972	0.00348155822575709	0.00615983756717235
YEL030W	0.598691379018644	4.56406429672248	2.04712362068438e-07	6.54644000401834e-07
YEL031W	-0.105890407601804	8.99205687195792	0.182586830013028	0.230563331661064
YEL032W	0.0124376518616854	7.16117698933966	0.930761039387069	0.945545009934954
YEL033W	-0.309575420732098	4.9420635520671	0.00111460593204148	0.00213748352900586
YEL034C-A	-0.224450628767576	8.71508466067116	0.00582004371058265	0.00989819032193009
YEL036C	0.482322100031328	8.15835020556785	1.28158129937344e-06	3.69892787894053e-06
YEL037C	-0.383903501577089	8.45334958818693	1.91880741333877e-06	5.40321787774833e-06
YEL038W	-0.0123476859061568	4.20346647629736	0.908499561892898	0.926530850907566
YEL039C	1.75834591548809	3.95647408258178	2.10685431439486e-11	1.00527048715412e-10
YEL040W	-2.26346788104507	9.91456400164845	1.01557252177768e-80	3.96468961099181e-79
YEL041W	-0.183029005650569	4.91974644563677	0.214223910636806	0.265713668402821
YEL042W	-0.334738995780768	7.84683088410181	0.0750667492708223	0.103350231431144
YEL043W	0.218286263131101	7.27863526540564	0.0304924532152365	0.0452755319165231
YEL044W	-0.5722705919678	6.74855983078515	1.84852704299579e-11	8.86231625397983e-11
YEL045C	0.0404021570026814	3.49049793144379	0.768938875978866	0.80607855664951
YEL046C	0.725607909958171	8.26361741558562	9.8651691034874e-11	4.41618739018364e-10
YEL047C	0.370356125261348	6.17083757928449	0.117183944191414	0.154463905388901
YEL048C	-0.527456469678946	3.82604757278982	0.000144769607102913	0.000317647765657924
YEL049W	-0.683410955849	1.43066957697272	0.00164579619307056	0.00307857085026142
YEL050C	-0.483054652497694	7.16794222076584	7.84772463879746e-07	2.31742434818962e-06
YEL050W-A	-0.491061100739739	2.32583392412891	0.0123414545416027	0.019833420129408
YEL051W	0.134752891667638	7.74067497783259	0.0260224703360348	0.0392589941430969
YEL052W	0.468380183956617	6.46349750134605	1.00089503381519e-08	3.65575998985234e-08
YEL053C	-0.3869514165258	7.04774175433173	8.64215204977955e-06	2.24240906876455e-05
YEL053W-A	-0.0712179582048507	2.01870996855566	0.823716160768388	0.854856129559736
YEL054C	-0.134368161287507	8.37381059777595	0.301333893834814	0.359448287645814
YEL055C	-0.636752343736444	7.63125383917803	5.90382137591322e-12	2.94066065550872e-11
YEL056W	0.183678551013932	6.66003384847024	0.00365634812240055	0.00645389457189433
YEL057C	1.51289557459756	3.24672985430479	1.02344413390401e-45	2.12170556311411e-44
YEL058W	0.569268050396566	7.96592160128653	6.70272472281578e-10	2.76194523876412e-09
YEL059C-A	0.570550631908382	3.80062049934098	3.68814620015074e-06	1.00149661044744e-05
YEL059W	2.2893957663372	1.83409340093416	1.72416614797595e-35	2.74951906674573e-34
YEL060C	1.95089283609534	9.17549398722354	5.57060017949983e-62	1.6914367817754e-60
YEL061C	-1.0262895460213	6.00795453986648	0.00169932428842518	0.00317080621415648
YEL062W	0.0301660441811541	5.7778947835	0.696483915858357	0.741764623939849
YEL063C	-0.175596514174746	8.18038944642233	0.0113566920671317	0.0184232144380993
YEL064C	-0.318406436610163	4.87833262641055	0.0637263892835352	0.0888653279065883
YEL065W	-3.04735056000981	7.35957585260182	1.6891244110887e-06	4.79462509889768e-06
YEL066W	-0.164535860472505	4.77115343968539	0.177565057136954	0.22469398516257
YEL067C	-0.319260217004597	3.42059229875885	0.0264480486285202	0.0398310792471601
YEL068C	-0.320984265179912	5.02154273167102	0.000110244159009354	0.000246023713423993
YEL069C	1.11806390650581	1.34985642695183	2.08719765273701e-08	7.35104410559747e-08
YEL070W	1.57841406076236	2.37447831447208	4.9283615779827e-27	5.79829937511389e-26
YEL071W	-0.228195155724626	11.3051320442939	0.230912661499981	0.283431384429948
YEL072W	0.650256438814508	5.84671235750507	1.43215282203026e-09	5.67200445721074e-09
YEL073C	1.71473954027717	3.87832748708701	4.65617931140986e-52	1.11525697291618e-50
YEL077C	-0.110737891019391	4.06538674161609	0.607191322598731	0.661550241294594
YER001W	-1.7847158810613	8.29890221517746	2.95057363360432e-05	7.17305391017552e-05
YER002W	-0.702733700312142	7.88662358761538	7.79656758057561e-10	3.18863702683133e-09
YER003C	-0.448132742195658	8.11181493105453	0.0981667586924736	0.131854011005172
YER004W	-0.721352243222074	7.72141969280557	1.27754145689025e-06	3.69081174378865e-06
YER005W	0.190686878102254	6.53722195809351	0.00183178629769133	0.00340003063344251
YER006W	-0.0634527944532102	7.74685215447865	0.712439013424133	0.75607826102487
YER007C-A	-0.254357803472916	6.91313206847694	0.000404558489149729	0.000827843988008226
YER007W	0.143845869135764	4.69075193053968	0.0966939901488791	0.130108386028438
YER008C	-0.0331754632572814	7.07513936493563	0.607986002109605	0.661960065298936
YER009W	0.10050459954849	8.19314678860389	0.150795887653639	0.194171102286073
YER010C	0.0247957776855571	6.10559984568732	0.71440056480951	0.757625012459829
YER011W	-0.258485558407004	2.20124544417247	0.0859700973441097	0.116961354431497
YER012W	-0.0368079666300025	8.43648678168227	0.670654463019703	0.718704118852038
YER013W	-0.0409466319405713	6.33763035296914	0.548031118382243	0.605989163824543
YER014W	-0.274682766281145	5.33849634881843	0.032129021616838	0.0475294483170349
YER015W	1.1936721674656	5.21758885837743	2.12354766219712e-41	3.91618667028499e-40
YER016W	-0.215636180983348	6.33214214352428	0.0414940511131218	0.0600969008171738
YER017C	-0.271599145884312	7.78676073238332	8.7160284102263e-06	2.25962754645453e-05
YER018C	0.35696113873974	4.88837728641888	0.0463064895583608	0.0664109292044049
YER019C-A	0.22355926530619	7.39315509942443	0.000180786104628142	0.000390404475942669
YER019W	0.804610576884424	6.49878044686218	8.8857574814454e-12	4.37878475233195e-11
YER020W	1.52780745869239	7.46539806261868	1.70017248573867e-116	1.12323483343526e-114
YER021W	0.0947170277791872	9.01837232656108	0.203189386943645	0.253543917456453
YER022W	-0.0849936326543736	6.32615720206881	0.162046938806682	0.206929948195789
YER023W	-0.0221763162427253	7.77344750824497	0.699774105483515	0.744345704558899
YER024W	1.97542472954799	7.19910147480337	2.00472692113938e-32	2.90419716864818e-31
YER025W	-0.298088150912462	8.81291131988287	1.91066228835722e-06	5.38280303542813e-06
YER026C	-0.149758660777943	8.1408415617692	0.0787933826953764	0.107930238497289
YER027C	0.0669389450404649	7.05081513406208	0.271936482880496	0.328091939610183
YER028C	-0.562318942488237	4.11444553999969	1.06124600536889e-08	3.86913946893739e-08
YER029C	-0.852248658009695	5.93946093177377	8.04607551533206e-26	8.95796407373636e-25
YER030W	-0.583202160004974	7.01836446706483	5.56172544589509e-20	4.65049977478738e-19
YER031C	-0.4794321924775	7.30016348982693	7.1465694169871e-14	4.16733029436726e-13
YER032W	-0.944968907106789	6.77187969053999	7.68339764742843e-06	2.00401677467851e-05
YER033C	-0.441547456194048	5.90697251743299	1.39477316746127e-05	3.52771404407958e-05
YER034W	-0.299623102435724	5.18604300854075	0.000986244780087286	0.00190407951762516
YER035W	0.768045454716872	5.36028221306265	7.8442159219395e-14	4.5389245546391e-13
YER036C	-0.0638680226235152	8.93070325178712	0.503626701021042	0.562893423784812
YER037W	0.974816505793481	3.96100853171018	4.85857763684804e-25	5.27252143551091e-24
YER038C	-0.0385092185983957	4.55194592875207	0.63199886892232	0.683623101828174
YER039C	1.02546805738955	2.57383175658615	1.25741089012247e-18	9.81760294989131e-18
YER039C-A	0.736960285211514	2.17661728008018	1.48305258660144e-07	4.80912197985321e-07
YER040W	-0.016547335468523	6.3688886080713	0.824057926540046	0.855063212695678
YER041W	0.164017508076798	5.43850377043301	0.0153095425222752	0.024208566450268
YER042W	0.811019968867198	7.10951919457987	1.29093058411475e-07	4.20882574387087e-07
YER043C	0.286893209273491	10.3335226686324	3.87681047540735e-06	1.04940948123138e-05
YER044C	0.442963967393116	6.93157718735564	0.000141179680037342	0.000310564301640871
YER044C-A	-0.957753589828751	3.25523682230261	2.71184092532413e-10	1.16371075253738e-09
YER045C	-0.48525315744821	5.58583396736393	7.07253006350489e-07	2.10391146668933e-06
YER046W	0.932009088504874	4.28479346902717	1.06416929472829e-16	7.62548963040106e-16
YER047C	0.00264570094796452	6.50154732552265	0.961491220330592	0.971673426899903
YER048C	0.126061077256489	7.5000242801044	0.0304530590736445	0.0452282092763713
YER048W-A	-0.268080967301989	7.15792719415176	0.00363568459489101	0.00641930566357849
YER049W	-0.497779669720092	8.39367168123258	9.14063705577915e-06	2.36359182706857e-05
YER050C	-0.27684031425369	6.71219455214699	0.000270976101183955	0.00057061587401679
YER051W	-0.220446849774967	5.22621654548755	0.00292324178538336	0.0052351890419198
YER052C	0.431998947761431	10.0184395642079	6.88775872906176e-05	0.000158352602214605
YER053C	0.97735778489346	4.92125077774641	7.98784562127504e-22	7.49187642357341e-21
YER053C-A	-1.80589731766704	6.75888871088113	7.51635051607195e-12	3.71920158869338e-11
YER054C	1.05847211469368	4.77182333595908	3.15618619487992e-29	4.04584038456676e-28
YER055C	-0.412632756004073	10.0026520541797	3.14870444430797e-07	9.87481018214895e-07
YER056C	-0.732845466771163	9.42434239376436	5.03160531318113e-05	0.00011807186238425
YER056C-A	-0.299387717575398	9.67455538932999	0.001250581879965	0.00238077842379658
YER057C	0.234816572478036	7.30162217398494	0.000209899603071277	0.000448282917820433
YER058W	-0.483672495290007	5.36385017869058	2.00246282856126e-05	4.96650434212471e-05
YER059W	0.0991326557507888	5.88754782751542	0.193903672983181	0.243523894291808
YER060W	-0.980439938748205	5.73676635163014	1.53917778869354e-29	2.01163844904903e-28
YER060W-A	-1.20650552945799	5.47245074272269	4.68313886270696e-22	4.42689164191733e-21
YER061C	-0.0187072650401756	6.17813085773203	0.87914031067423	0.901021402620776
YER062C	3.87818545174271	8.79849883990691	9.46192276898144e-180	1.26411288193592e-177
YER063W	0.584357869484931	7.01574851824634	2.13692938356559e-24	2.23429903547762e-23
YER064C	2.00092090048657	5.79412344817152	6.21247573235554e-77	2.30551877178528e-75
YER065C	2.69990382540758	6.51541398608079	1.61636274853344e-297	6.07348302761439e-295
YER066C-A	1.51999458765478	1.93726807672565	2.79726118499387e-21	2.52509523185933e-20
YER066W	0.828866692097056	3.79866168983911	1.07434607627389e-21	9.97421309535961e-21
YER067W	3.78458815539984	1.6465573300101	7.36791209121403e-28	8.89475652457405e-27
YER068W	0.0363170619204934	7.31005494214814	0.614432665318551	0.667889452816876
YER069W	-0.682426457842977	9.85464500729542	2.71316143578862e-14	1.64929489908606e-13
YER070W	-2.90123294281535	8.38272050305914	3.93119937660966e-07	1.21638551992678e-06
YER071C	0.153309864573516	4.68271323010447	0.124611152028909	0.163287324759765
YER072W	0.0166559357393075	7.02739284885515	0.83414225263026	0.863738068000882
YER073W	0.110448695630813	9.24100229008583	0.191444194129864	0.240787132867938
YER074W	-0.00525497001651015	9.36123990389602	0.965829229978988	0.975565411732808
YER074W-A	0.25546435981247	5.91940800360235	0.000278904231959011	0.000585669662080886
YER075C	0.663535302723324	6.85049036690656	3.85470342376325e-15	2.48653186520007e-14
YER076C	-0.0102266156156189	4.83167722058403	0.911946396152834	0.929257920961159
YER076W-A	-0.12075989148925	2.19998042058231	0.489491661251573	0.549854982706364
YER077C	-1.0145076382636	6.62117683411746	2.63362477049465e-17	1.95473482965603e-16
YER078C	0.308488072161764	5.87407574876817	0.000119376207721104	0.00026502576101155
YER079W	2.40530823670287	5.64512940249709	3.13811338335374e-64	9.87766369671345e-63
YER080W	-0.0127294838899936	7.09657906270071	0.883829372487932	0.905055729415337
YER081W	0.324790390570895	8.73920383694978	0.0119411700576449	0.0192518944453101
YER082C	-0.697095419830118	7.18809441445293	2.45105852981253e-11	1.16212648905622e-10
YER083C	0.0568241265784592	6.68549871295702	0.318725253542835	0.378297045555905
YER084W	0.352357645874279	1.51342626428421	0.15850837915401	0.202798973286637
YER086W	0.0761036145911405	9.21730077647639	0.48918275365895	0.549610673705402
YER087C-A	-0.111342101034963	0.82126327923823	0.738560169226961	0.778576843309221
YER087C-B	-0.561158286232986	7.86839686481591	3.08667341102308e-09	1.19031947062673e-08
YER087W	0.0588117198210659	5.44403720069112	0.488292461349447	0.548815531432581
YER088C	0.938836734279068	6.78631277801249	2.01317219782537e-15	1.31986818465934e-14
YER088C-A	0.0514258790867756	3.2568277404999	0.683484900729598	0.731158580638139
YER089C	-0.375326329434754	7.15763304107972	2.67822841449921e-12	1.370341210891e-11
YER090W	0.382152853568894	8.99248274280237	3.12839506705039e-09	1.20563532968634e-08
YER091C	0.348944462794794	12.2097692940558	0.000262506918020641	0.000553751435487752
YER092W	0.353308087001549	6.66546783206197	2.55494503826428e-07	8.08438398423414e-07
YER093C	0.0241587842306485	6.31000948578332	0.716775873792109	0.759206580908767
YER093C-A	-0.184978222576855	4.7993709046254	0.0970080985824876	0.130472637288124
YER094C	-0.0130984666227846	8.27208345706691	0.846378138364301	0.874406256695701
YER095W	0.611176663376279	6.88493382019698	0.0125371639156608	0.0201264164114694
YER096W	0.904293039648985	3.28930166727412	6.32086874259845e-10	2.61175689900357e-09
YER097W	-0.159865483647047	0.6569314213324	0.607699120443551	0.661863607265693
YER098W	0.331908969454062	5.35143269663529	0.000275315913435143	0.000578943431819545
YER099C	-0.0237244974508139	6.29283375350784	0.806611093727682	0.840150016543802
YER100W	-0.0758659096414559	7.43601610637562	0.343258741334079	0.4040868519484
YER101C	-0.284524622978977	5.07500181735664	0.0283516564236434	0.0423163253274439
YER102W	-0.136804276757738	9.35753735078451	0.142024472425386	0.183940355067088
YER103W	2.85114554501669	7.0721784940269	2.27754031409934e-104	1.17030533062951e-102
YER104W	0.00992795670303937	4.66669051534635	0.939584308380356	0.954024803577555
YER105C	-0.263755913261674	7.41933377034909	2.69530570938391e-06	7.45362370046737e-06
YER107C	0.168546494847759	5.94791168580468	0.0192600649109784	0.0298893934550342
YER107W-A	0.0641531396291323	3.46343828120344	0.590565389017908	0.646269662836384
YER109C	-0.980137887034699	5.82719550299413	2.32658659088699e-26	2.66935850847569e-25
YER110C	-0.316292074439998	8.60213627217787	0.0419434583288584	0.060674704396799
YER111C	-1.29612627102183	6.74243715611453	0.000443916540053487	0.000904073929133321
YER112W	-1.01749168762727	7.48413522552618	8.64398459964576e-52	2.06220775448692e-50
YER113C	-0.369819687454351	6.47686107732947	1.75394028432799e-05	4.38630989574869e-05
YER114C	-0.27251597878104	6.77738107539043	0.0185962836327069	0.028919000827686
YER115C	0.109391419281781	3.77832062720809	0.310077482029571	0.36921881995678
YER116C	-0.0387135696733384	4.94045939764911	0.718298804486618	0.76028387545309
YER117W	-0.0184883756430547	9.86173769885364	0.847628193785272	0.875140082609832
YER118C	-0.522830479829118	7.1079498883254	0.0050451323269616	0.00869591042135698
YER119C	0.307349873181285	5.94465351032827	0.000120787596197996	0.000267961265070978
YER120W	-0.0190709314750985	7.65060943851102	0.818552690084076	0.850525194052103
YER121W	2.16284224541672	2.62222637937204	3.498146212758e-82	1.40205700207341e-80
YER122C	-0.411981162518312	8.85015132585825	1.93561429518059e-05	4.81261916568474e-05
YER123W	-0.270995042870038	6.68038910253302	1.14146737555235e-06	3.32163691278835e-06
YER124C	-2.73872966573619	6.27761880187644	0.000207676250618396	0.000444007688021977
YER125W	0.12248317064123	7.99816039199328	0.0601720523285645	0.084435290828098
YER126C	-0.566896599885862	7.38260460601064	0.000175033558806197	0.000378662020706317
YER127W	-0.797549514631945	6.53361111932612	1.68826045141153e-07	5.44518338727795e-07
YER128W	-0.417298374897179	5.53646319992487	4.60883572959719e-07	1.41441145514744e-06
YER129W	-0.409467632979507	7.22987122359433	1.17623965257537e-06	3.41455953224681e-06
YER130C	0.409452993861918	6.58368675728289	2.61309234478604e-05	6.39394024291968e-05
YER131W	-0.369987459533808	10.0171624804148	0.000253333040906787	0.000535338573613919
YER132C	-0.346364293550701	5.8728251611507	4.86363536100461e-05	0.000114477527041633
YER133W	0.0288591533686126	8.3387892358282	0.622905216728142	0.675354134427172
YER133W-A	0.211183380802345	2.40290865610684	0.155532733941981	0.199501343387922
YER134C	0.444290094514827	4.71563791372556	3.02491439554897e-07	9.50145524871493e-07
YER135C	1.66686532424384	0.630411805226722	3.61651756205864e-11	1.6920236251437e-10
YER136W	0.403364955056778	8.51170328518545	4.37096953196052e-12	2.19351158815915e-11
YER137C	-0.27444910553668	2.5555066632094	0.147446195003889	0.190261073844005
YER138C	0.313208236869234	0.308708154058223	0.584975084186727	0.640829119192893
YER139C	0.0371967410670269	5.74883555724738	0.732186624158773	0.7726708766794
YER140W	-0.337955250865389	5.45319625873951	1.80978839980708e-06	5.12021075747772e-06
YER141W	0.0922332207332021	7.33503725011138	0.277501637437551	0.333868289828808
YER142C	0.215852336206211	5.81911763199666	0.119029441693866	0.156484802856664
YER143W	0.317399603916283	7.33012576959449	0.000675392027585286	0.00133743638664122
YER144C	1.10169633965745	6.84804373008725	1.83468308805931e-37	3.06392075705905e-36
YER145C	-1.2701300067671	9.63449955475553	4.55627859798524e-06	1.21960582952303e-05
YER145C-A	-0.36439351622936	2.11313837727641	0.188279341745711	0.237253280774516
YER146W	-0.272716482878062	2.85952100655571	0.0361594969902664	0.0530351051245381
YER147C	0.00788899473365516	5.57723854240669	0.913544505178571	0.930491540164199
YER147C-A	-0.450918675941128	5.50083274844846	1.90071321973264e-10	8.3287812514815e-10
YER148W	-0.353002952783584	6.36558759693153	3.28403698881885e-09	1.26238045887333e-08
YER149C	0.0946340016554872	5.58366230042359	0.406536026947958	0.468127675543215
YER150W	4.94962406088913	6.52938482530876	3.29482194245839e-251	8.61237805133037e-249
YER151C	-0.384128818810099	8.12840939550837	7.24165981759698e-09	2.68580251840796e-08
YER152C	0.0575134451834862	5.74736582701353	0.71780127074747	0.760024874909086
YER153C	-0.0885022955537169	3.59781487935467	0.71434281392583	0.757625012459829
YER154W	-0.399798672105854	6.885832225004	0.00249091663723593	0.00452428725772279
YER155C	0.458903323172858	7.46501590303258	1.719245324254e-08	6.10880785426421e-08
YER156C	-0.748929324065091	7.29191620287646	3.04132660793274e-10	1.29742201451742e-09
YER157W	-0.348969827076063	6.10438002259951	7.25384405794414e-11	3.2987980693162e-10
YER158C	0.548790485997328	5.63733831997245	0.00586934724467061	0.009970758868313
YER158W-A	-0.227400458395876	2.46683581320715	0.193669656586185	0.243331656300134
YER159C	-0.539711992528823	7.10031522123784	1.7338782298053e-12	9.02517395462292e-12
YER160C	1.3809625446182	2.63085398189967	1.66285910277255e-05	4.1671983851057e-05
YER161C	-0.164513901312818	7.22686559268032	0.00567582744256927	0.0096865084185934
YER162C	0.49100127783587	5.36375835674819	1.51798099071938e-12	7.93574062278689e-12
YER163C	-0.00389039819167495	6.11546491925285	0.982495386327465	0.987918090416578
YER164W	-0.341556900275888	7.31413257664363	5.77654445643656e-08	1.94666957803232e-07
YER165C-A	0.00304697277618602	2.30000183865863	1	1
YER165W	0.110384053483682	9.62086014121715	0.103766295556358	0.138693412379907
YER166W	-0.253747043483292	6.80377185590243	0.00464147986457132	0.00805094545464592
YER167W	0.390557223738751	6.83451783486389	5.50202338363335e-05	0.000128259653285784
YER168C	-0.0389371711820546	6.65895171488281	0.691963605225417	0.738127252415758
YER169W	0.611344752124735	6.2903090033537	4.23866621409165e-21	3.76408586102201e-20
YER170W	-0.478635362505467	5.38725160352999	0.002678101597405	0.00482347118142567
YER171W	-0.521688462620018	7.01173889788815	7.79869066689271e-21	6.8247057189751e-20
YER172C	-0.326019821794146	6.36093308227346	5.27644778393665e-07	1.60374135879814e-06
YER173W	-0.235218302327487	5.5291502158522	0.000223903788259473	0.000476667696535394
YER174C	-0.573091617272054	6.12159944998786	2.37815947976987e-07	7.54883568763276e-07
YER175C	0.724182452905407	7.46669561483021	0.000308317915872867	0.000644060913908158
YER175W-A	0.384721315010147	2.50917056256249	0.00316564630271257	0.00563406322436589
YER176W	-0.50198458388207	7.23703646948844	6.14737660149038e-11	2.81477746596802e-10
YER177W	-0.280292554069185	10.2616005479318	0.020229872192795	0.0312733328935673
YER178W	0.207403554900361	8.86969092806945	0.000518978376556266	0.00104701275162962
YER179W	0.600507815614919	3.24179185068543	1.15713274038309e-06	3.36071595902568e-06
YER180C	-0.074576719800846	5.15647115165059	0.276335275813943	0.332664733318668
YER180C-A	0.606737509895579	2.73815749958381	4.73175582768088e-08	1.60640079029186e-07
YER182W	0.374374934753511	5.94783325972536	0.00130343940870883	0.00247748268262963
YER183C	-0.103495858972288	5.07148720948826	0.243494566122613	0.297055483514408
YER184C	2.02798128329718	4.78489628610113	9.14645296199043e-142	8.20723510559499e-140
YER185W	1.97865427990925	3.30187976456302	3.76763862341933e-60	1.08378198105249e-58
YER186C	0.1092445478169	5.68803132988012	0.159461188066924	0.203850884144432
YER187W	0.427043391579848	3.16986079492621	2.36147659197874e-05	5.81375809622285e-05
YER188C-A	0.336105530673495	2.2904804617896	0.0266486250532251	0.0401130530345491
YER188W	0.911253330973278	2.87557852300064	3.81809897941593e-06	1.03491483607974e-05
YER189W	-0.405799293626586	1.43302446854919	0.187514762099327	0.236339360532736
YER190W	-0.746454240301235	1.02245737454969	0.0485924586620394	0.0694904523016606
YFL001W	-0.236193226593946	5.92194994123334	0.0143366051724969	0.0227959984916825
YFL002C	-0.318044902042616	6.8596192931366	0.000603456820891353	0.00120450943134091
YFL003C	1.1210013219013	3.16324373987931	3.23617115628376e-20	2.7287322568833e-19
YFL004W	-0.0914874432696794	7.54787169040461	0.127775681802036	0.166997260650834
YFL005W	0.242547684125854	7.82925377660872	3.5273285218741e-05	8.45884013035439e-05
YFL007W	0.0776433593748405	7.52074976853753	0.372401997905539	0.433723520226288
YFL008W	-0.694278605067631	6.53952147166579	0.0299404499590811	0.044541530046761
YFL009W	0.199892612303204	7.08039816977592	0.00327479313972245	0.00581454706320477
YFL010C	0.0643270375479391	7.44048632386046	0.248122785181962	0.302149925970013
YFL010W-A	0.410912820030446	4.66264857006602	2.18861855304524e-06	6.10012737177005e-06
YFL011W	0.5551164898647	0.699293198145076	0.0693728528376308	0.0961432898247663
YFL013C	-0.135765713116527	6.89957996829906	0.0334041174020241	0.0492702536361553
YFL014W	3.00304228068063	7.32340181075139	1.30612412856699e-16	9.26017264848704e-16
YFL016C	-0.229380558571099	8.32873195120631	0.0972578430129982	0.13077927805729
YFL017C	-0.318427687363687	5.59927561930816	0.0115168889412109	0.0186579187050822
YFL017W-A	0.135874683562439	4.34267846813566	0.118968855857491	0.156439361639378
YFL018C	0.0178707629340666	8.98269899579565	0.794257273229811	0.828862129258397
YFL019C	1.29990013250283	2.1501217253945	1.23386322030838e-16	8.7786812786911e-16
YFL020C	0.187002237238869	1.19969103360837	0.408022252073845	0.46938954830998
YFL021W	-0.764421872948058	6.62864854206965	0.0146694118176011	0.0232820759892866
YFL022C	-0.092839969592171	8.85840196541262	0.16787222527927	0.213487712413934
YFL023W	-1.0742450116583	6.68945754927615	5.09984846629056e-26	5.7202031677871e-25
YFL024C	-0.231969659872492	6.94942094988683	0.0128412213989592	0.0205870461468114
YFL025C	-0.347710747801008	6.33650015086911	0.000576666659659588	0.00115448550045736
YFL026W	1.38484580385941	9.23335378265329	1.92511587886144e-06	5.41844413095269e-06
YFL027C	0.929591503900367	5.66208766514671	1.29817358680631e-11	6.33491850964246e-11
YFL028C	0.252458560917915	6.59739225164348	0.000892475348367196	0.00173362255068937
YFL029C	0.837805764522751	6.04618923625176	1.14903018088439e-22	1.12875317769231e-21
YFL030W	1.25750608370818	4.88193872858041	9.94689092897803e-44	1.95427151192862e-42
YFL031C-A	0.693559115989521	4.96883384238005	4.29660032258122e-15	2.75385513212775e-14
YFL031W	0.922842493393613	8.42621154728987	3.95558535895373e-30	5.34612475097615e-29
YFL033C	0.415656617512655	6.12906715129004	2.81533345597856e-08	9.76675403193485e-08
YFL034C-A	-0.709953689143069	7.2778439139144	1.4312870863435e-12	7.50209063914308e-12
YFL034C-B	0.178252835340676	6.16031174878047	0.0182373790215983	0.02839759717116
YFL034W	-0.134766193181849	6.46188707915466	0.0121165044257472	0.0194927547785903
YFL036W	0.27949366207415	7.04000116954059	0.00201067468692494	0.00370957367373736
YFL037W	-0.285287055805673	8.87953810231745	0.0389416252216609	0.0568107378870724
YFL038C	-0.0346273848206466	8.65958913632884	0.512085328303338	0.571391424231564
YFL039C	0.388197583115763	10.6594125819968	2.29275240731279e-09	8.95648308821606e-09
YFL040W	0.178051673761304	3.44390920333398	0.115119154688407	0.15220944754491
YFL041W	-0.0739786447550246	6.86096506868931	0.490036074474847	0.55026090394897
YFL041W-A	0.8912936361334	0.824668787675741	0.000201243674282679	0.000431636450156071
YFL042C	0.696860100772422	6.00728005873792	3.13452812129916e-14	1.89394804675885e-13
YFL044C	0.367216964795129	6.36594003812864	0.008449734973808	0.0140408531405566
YFL045C	-0.660018701828474	8.87376953711392	0.00201649664972075	0.00371762583812363
YFL046W	0.0666191705733264	6.30314480114644	0.276456853432456	0.332744465032217
YFL047W	0.564835971558815	7.47192301237601	1.41921169157206e-12	7.46482999976486e-12
YFL048C	0.496910587806992	7.28082972998209	1.40137411693049e-14	8.71257620577676e-14
YFL049W	-0.141604903899254	6.43186145769254	0.0585863549441762	0.0825260463740364
YFL050C	0.453413701698564	5.2191550148718	0.000271154973462301	0.000570792612204255
YFL051C	-0.638978644909501	3.12491597099922	0.0587466631849998	0.0826743771227104
YFL052W	0.0954377324776925	3.25872344319308	0.668600470594066	0.717278020915689
YFL053W	1.25988901472293	3.43566457855325	1.48794151805507e-14	9.22216949128563e-14
YFL054C	1.62027535318234	5.48131866918354	1.14305913547377e-47	2.48988098640156e-46
YFL055W	2.36703895603577	5.00823585040026	5.98451484301521e-57	1.56430014070467e-55
YFL056C	0.681126599285138	3.99085217745923	9.02144628718739e-13	4.81677931426027e-12
YFL057C	0.434271326898877	4.05574679124888	5.04264694480939e-05	0.000118284796848201
YFL058W	0.844262187132751	2.19850499542073	0.000544373119351568	0.00109457230553232
YFL059W	0.514101383581859	3.66358564654756	2.621978959689e-06	7.26421083209688e-06
YFL060C	0.34915097149407	2.58071887759895	0.0465165969170652	0.0666804436493552
YFL061W	-0.10728532366128	1.4700610226089	0.709412789654331	0.753265576015867
YFL062W	0.210974693436949	2.90410708639242	0.0760603775682563	0.104543893447727
YFL064C	-0.590168062706499	1.79339460063363	0.0807918657781889	0.110365984335031
YFL065C	-0.677503061575752	1.95152144920877	0.0454424166062125	0.0652807189095698
YFL066C	-0.348664632682553	3.36507379281742	0.145894360035273	0.188505672153892
YFL067W	-0.509486688934187	4.96562514520029	0.0601690950016525	0.084435290828098
YFR001W	-0.620383870583313	6.9199440660733	1.75990884048853e-08	6.24222533865312e-08
YFR002W	-0.112663564813061	7.3751139391141	0.0868627076025027	0.118042178595444
YFR003C	0.467907901708332	6.5996643335528	3.14124745940233e-10	1.33653076616609e-09
YFR004W	0.17220659060441	8.12637190331661	0.0455056598962484	0.0653559549202688
YFR005C	-0.245090172609308	5.4414130089644	0.00157342027719655	0.00295053109997058
YFR006W	-0.296083774866419	7.50511370879279	1.0572549346196e-05	2.72098316221449e-05
YFR007W	-0.00526591986274321	5.43884450716999	0.970087941816287	0.977895490643783
YFR008W	0.587891298659141	4.23274126452906	1.38390344627558e-12	7.28548819527917e-12
YFR009W	0.293851319812614	7.66558923328505	4.25034864155798e-08	1.45105599279083e-07
YFR010W	0.234601843343306	8.31134479581774	0.00225735542064891	0.00412123315789287
YFR011C	-0.0748292061136243	5.74635220971879	0.457845395665524	0.520432315889796
YFR012W	0.661811345175457	2.2360252306391	2.1415012771591e-05	5.29387569008244e-05
YFR012W-A	0.21705511708979	0.920953842903588	0.336842835925256	0.397467935148702
YFR013W	-0.311902254297287	7.05003087678957	4.32586459733895e-06	1.1620687202503e-05
YFR014C	1.0748230628284	6.90420656674085	1.02862614572925e-14	6.46872425536009e-14
YFR015C	2.60577672849818	6.09922984121949	5.20593972067611e-50	1.20377344618095e-48
YFR016C	-0.433284452634719	7.45565258704202	0.00300635279684465	0.00537282788782105
YFR017C	2.80822900478956	4.71331892873568	1.02604966217444e-44	2.05620352299758e-43
YFR018C	0.0493537487982722	6.66807784736937	0.509488966838083	0.569128143558259
YFR019W	-0.339254994792966	6.66315804693516	2.48814954180477e-05	6.10312323350888e-05
YFR020W	0.491257681014446	7.40919712315326	1.68801367233893e-19	1.37697940272749e-18
YFR021W	0.585481789687075	6.22246829060159	2.05448703873209e-19	1.66687936259883e-18
YFR022W	1.93780654633875	5.74737106817879	5.58785579397303e-179	7.30308457247084e-177
YFR023W	0.198391050637126	1.91301727476509	0.30444840735777	0.363019402029931
YFR024C-A	-0.0690138505970615	7.91067406722154	0.547437407729575	0.605444020469132
YFR025C	0.0287055866860636	6.82262753146681	0.71613504528041	0.758846291577239
YFR026C	-0.199617793581037	3.28546336228627	0.305915444333548	0.36462403872587
YFR027W	-0.140509469395917	4.96431311858159	0.522806601663594	0.581734830501855
YFR028C	-0.400884327163132	7.31851962084653	0.00024127986310124	0.000512208522939497
YFR029W	-0.0518066976754515	6.2640380141205	0.485675043768636	0.546202536558802
YFR030W	0.841233080545741	10.503064407394	3.22440485085254e-10	1.36997328362724e-09
YFR031C	-0.536178101534809	6.6351153914812	1.20999004101476e-09	4.85611490425951e-09
YFR031C-A	-0.0995979729168245	10.1601332082805	0.24349777299289	0.297055483514408
YFR032C	0.00151297641850465	0.721342768482029	0.968299971253221	0.976966577064097
YFR032C-A	0.0379259985610209	8.7377851286993	0.668461837873397	0.717257285256981
YFR032C-B	-0.103888779684589	3.26012907306104	0.498561670767343	0.558062328179718
YFR033C	-0.353487862779868	9.3355172632676	6.03029573549181e-05	0.000139653844228724
YFR034C	-0.976788521447626	6.33509072396789	9.19218215263488e-38	1.54367036596762e-36
YFR035C	-0.281027769387924	4.24206129536008	0.0796932579590826	0.109038658818845
YFR036W	-0.686563473637158	4.73143696632613	2.77065132851205e-16	1.93462901126765e-15
YFR036W-A	0.0527850226646102	1.10992746728363	0.848026396361649	0.875250591403646
YFR037C	-0.396640649189854	7.22324926733105	9.3757523257659e-11	4.20649425242572e-10
YFR038W	-0.461994536137193	6.68171232232495	9.10012765766723e-06	2.35514281006868e-05
YFR039C	0.975148340479973	6.74740999414951	9.18768168907875e-45	1.85356853405173e-43
YFR040W	-0.350003688836053	7.09181287897241	0.000298582550639104	0.000625244964974675
YFR041C	-0.260570887327679	6.0157933900277	0.0236296281683076	0.0360013493532351
YFR042W	0.219095544678497	5.75259361266171	0.000871616735532527	0.00169529596053754
YFR043C	0.274864941995106	5.25650718630565	9.45336949684796e-05	0.000212541725561144
YFR044C	0.424281428432135	7.35654628590801	6.69502851356972e-13	3.61315183335558e-12
YFR045W	0.261985288432677	5.21425005794447	0.0310871602033663	0.0460675393499231
YFR046C	-0.292931363079137	4.89739098976311	0.0144835247602315	0.0229991946271821
YFR047C	0.3424016097391	7.05794829752775	9.77136152626288e-05	0.000219281170197434
YFR048W	0.139016373186062	6.23075678673934	0.0140326597957673	0.0223612148219326
YFR049W	0.72208962995833	5.48995549023545	1.34447696145211e-12	7.09657198617213e-12
YFR050C	-0.0291420568944739	8.68670682166897	0.743140483753817	0.782701611023853
YFR051C	-0.179457293053855	8.18467152563383	0.00113796857460456	0.00217742427451389
YFR052C-A	2.49534047108392	3.11973606327344	2.19660577791542e-47	4.73333116015323e-46
YFR052W	-0.0836400174880373	7.61893455065246	0.337700130766419	0.398401331665563
YFR053C	3.96421347377433	8.002543165237	2.66189043694868e-20	2.27967027164323e-19
YFR054C	-0.28655225354503	1.64736702121929	0.167619777937411	0.213231084418052
YFR055W	1.17583133242758	4.69329330668439	2.59624709641776e-36	4.22998307416357e-35
YFR056C	0.158254068792524	2.53997961116456	0.233950172286405	0.286633062112466
YGL001C	0.457410140363816	7.74362630216233	2.43698332900805e-06	6.77039915619056e-06
YGL002W	0.677372202988343	5.81003560873751	1.74949212126338e-19	1.42519602073651e-18
YGL003C	0.814032776211177	6.01127831609743	2.09176549885051e-14	1.28717442979419e-13
YGL004C	0.741942542476812	6.06352702106277	5.38526156330464e-26	6.01787965029507e-25
YGL005C	0.231480645816018	6.25445790984756	0.000738744059258914	0.0014537902730817
YGL006W	1.27832705281118	7.59539680839901	1.18945233821121e-60	3.52265391986494e-59
YGL006W-A	-0.36245351274967	1.62103727430125	0.0650619867713341	0.0905236437096182
YGL007W	-0.599193519105343	1.23842242066156	0.0217556394279497	0.0333745609188145
YGL008C	-0.936283819285823	12.1100643238576	1.09613884684933e-10	4.88871420419746e-10
YGL009C	-0.634488202608034	10.8691979040053	3.56271524226493e-09	1.36166840664315e-08
YGL010W	0.768425089859969	5.35629538982876	1.48930798733953e-13	8.43099775883733e-13
YGL011C	-0.0663045256320666	8.6352901185503	0.381422884649826	0.442769912927038
YGL012W	-0.948621078048253	8.72685482759601	1.32902775133455e-26	1.54249321255277e-25
YGL013C	-0.12955032396486	7.72884367987439	0.170578377146846	0.216582302725837
YGL014W	0.0312120728979537	7.62492485793232	0.697883968982555	0.742860910326332
YGL015C	1.01831762536851	0.855871526928344	0.000181936751425231	0.000392748204512922
YGL016W	-0.538064860511404	6.65266971663488	1.18625959514189e-10	5.27499459023155e-10
YGL017W	0.757684245687545	5.23956555343101	1.64087155833757e-29	2.13989583703372e-28
YGL018C	0.39780546011158	4.97780064594189	9.23665620232385e-07	2.70749766398688e-06
YGL019W	0.0226982880920629	7.13318688004787	0.662705028693191	0.71209698525531
YGL020C	-0.184571587867444	6.30075846682073	0.0399221913738608	0.0581143376609325
YGL021W	-1.51509095773842	7.49396083143146	1.092790616905e-10	4.87739954627532e-10
YGL022W	-0.0850248257049808	8.63597416517104	0.374829038691139	0.435790404295326
YGL023C	-0.415110191265843	7.38597129421613	6.38993437583674e-14	3.74793028951517e-13
YGL025C	-0.155257697471805	5.80146093145216	0.056052981186489	0.0792359564761749
YGL026C	0.528634630568329	9.20287718679276	4.77517793562132e-16	3.26974598507464e-15
YGL027C	-0.0364288971502723	7.42606975715629	0.831801197900605	0.861462325887759
YGL028C	-2.63565889111633	7.23310156732694	0.000103292932943233	0.000231197733750825
YGL029W	-0.806334075731157	6.10617422420218	7.18528369658159e-08	2.39323687445144e-07
YGL030W	0.339200790922844	9.54240390054375	2.75562615872137e-05	6.7235488905166e-05
YGL031C	-0.102271580307901	9.92031874819276	0.230828792253661	0.283386297535024
YGL032C	3.75723282230451	7.86438113021379	5.63234774759478e-29	7.14381321910123e-28
YGL033W	1.36172808701122	1.89201947203647	3.31494281116141e-11	1.55455820442296e-10
YGL034C	-0.303087688595278	1.10011333550525	0.252737799515278	0.30677562097433
YGL035C	0.534079001474922	7.3757461102624	1.7594778067115e-07	5.66879987885826e-07
YGL036W	0.70229261133797	7.36049978439052	9.13518162279983e-16	6.12954374065542e-15
YGL037C	2.22032539327621	8.15572851241101	1.10879013514441e-16	7.91691958727815e-16
YGL038C	-0.331900816852621	6.58168757460852	0.101277631267077	0.135759446862356
YGL039W	-0.166041031060044	5.908532675096	0.197748721489495	0.247680273665592
YGL040C	-0.136973438473804	7.65749661941135	0.118092801822766	0.155423363519805
YGL041W-A	-0.0614011770583839	4.76392159220429	0.569970050732427	0.626904490487258
YGL042C	-0.354000804202978	4.54591756915213	6.04984959325289e-05	0.000140052736829559
YGL043W	-0.391606062744074	6.65847108454028	2.93125634433909e-09	1.13329344965702e-08
YGL044C	-0.199165799416267	6.6840349502698	0.00801075477349892	0.0133594057415466
YGL045W	0.903976783342359	5.40260298256187	3.49065982192705e-09	1.33753007325847e-08
YGL047W	0.407252970778874	5.09757590144821	0.00347014116134616	0.00614506293431903
YGL048C	0.0570242953305324	8.81191188838738	0.467106366352607	0.529357865129476
YGL049C	-0.140339009813048	7.46516014634571	0.0235357706170549	0.0358856335150226
YGL050W	-0.360580134532067	6.32357576414672	6.95149407344595e-05	0.000159634768409309
YGL051W	0.604493693538111	3.13084303691967	1.31145096475172e-07	4.27109599137992e-07
YGL052W	0.625922515570412	3.11009731660795	3.4119010961729e-07	1.06609396582165e-06
YGL053W	2.85063547580362	6.48356322129726	4.06076615235225e-95	1.87794816214936e-93
YGL054C	0.188623001877015	7.20766629486445	0.0263698321737893	0.0397331907340404
YGL055W	0.312733811827156	9.85496952608529	0.19398914248299	0.243580351839544
YGL056C	0.164241204849452	7.6614262925171	0.0447495660742802	0.0643776959173421
YGL057C	-0.0748457012431355	4.62635070903665	0.510341564853628	0.569868775612929
YGL058W	0.268204237407827	6.64123493377255	2.05293687378946e-06	5.73875323594629e-06
YGL059W	0.932909628288544	6.31645588181102	2.25362037551822e-58	6.13066321159075e-57
YGL060W	0.568545640746702	6.02309497094523	1.15374150976011e-08	4.17849033534807e-08
YGL061C	-0.744555520156858	5.73001687938754	5.75127071309166e-05	0.000133449013998869
YGL062W	1.27892472407681	10.0483612651596	4.72560298069332e-08	1.60601046466525e-07
YGL063W	-0.302040363749834	4.46367427868522	0.000503806022385449	0.00101742754671862
YGL064C	-0.597811210565785	5.72160919305472	3.1243704973434e-14	1.88970980181374e-13
YGL065C	-0.178526714097103	6.34630713508798	0.0596180826467029	0.0837830558373019
YGL066W	-0.163899137070945	6.64247770783153	0.0272286851813143	0.0408430277719715
YGL067W	0.189253729868828	6.08522139714505	0.00586835043135524	0.009970758868313
YGL068W	-0.265346791166385	4.92353266811179	0.00174253734624741	0.0032453948344608
YGL070C	-0.428298497780935	6.28181404301849	4.20982647513647e-06	1.13342932236993e-05
YGL071W	-0.565596360619697	7.38827290966342	0.000135514505386011	0.000298539100909015
YGL073W	-0.35732481228728	7.26994922693428	4.37010673480315e-09	1.65551869499915e-08
YGL074C	-0.355116571784332	1.63211561579063	0.101651985341141	0.136192407885833
YGL075C	-0.827059851160523	4.16946679861043	6.3165684910461e-05	0.000146002344360512
YGL076C	-0.145842074719128	10.0799838334708	0.079765557359257	0.109112748769932
YGL077C	-0.689739571354159	8.56957802704319	1.10265284255205e-14	6.91256401399677e-14
YGL078C	-0.623678339298438	8.02629969281197	0.000225519592653165	0.000479937625143655
YGL079W	-0.114421892964591	5.22909473194847	0.111676975345752	0.148245081867667
YGL080W	0.884911059121956	6.69362290591929	1.13615498912503e-35	1.83125034708302e-34
YGL081W	-0.205404474001635	2.62946931812839	0.207955396934984	0.258846345004787
YGL082W	0.300864057082812	6.95647150052416	8.77481251877575e-07	2.58092822225439e-06
YGL083W	-0.726781299498645	6.1941746809021	1.74007164260436e-11	8.36904857226991e-11
YGL084C	0.0882174683857267	6.95530904964317	0.180221625389413	0.227768007534402
YGL085W	0.193764050575107	5.51017327366252	0.0105316489144684	0.0171681868963622
YGL086W	-0.689036151305732	6.44657554308653	1.11506223881641e-21	1.0329359290854e-20
YGL087C	0.152860611738032	6.39947139021609	0.0484543012362304	0.0693258588843925
YGL089C	-0.125581408770333	2.49613843035598	0.371340826385131	0.432655241904536
YGL090W	0.162404000379051	5.24477558369052	0.0118372768555367	0.0191202870648808
YGL091C	0.321806109431223	6.53167624616521	6.73965783337007e-05	0.000155125661922745
YGL092W	-0.1025915171889	7.43924286268103	0.121418128548145	0.159485643179254
YGL093W	-0.200488948335276	6.37262999572843	0.23518476145891	0.287852358691158
YGL094C	-0.525226795737378	6.87981894988444	0.000176648315006952	0.000382017866842372
YGL095C	-0.157014784014017	6.94033648689504	0.123544951095031	0.161996127804433
YGL096W	0.0849337651860393	4.38923121203847	0.66286768717779	0.712144484509091
YGL097W	-0.595569061767309	7.45912138662172	3.78696388779059e-11	1.76764183954946e-10
YGL098W	0.601072080906724	5.92589742045677	1.21952518841963e-12	6.44836009918982e-12
YGL099W	-0.799406241046612	6.96848688256615	7.04450968071325e-16	4.7693234459964e-15
YGL100W	-0.336096886599374	7.27505391425332	5.84550351459034e-07	1.76244569356656e-06
YGL101W	-0.65469182061657	6.00840601957788	9.89446221477207e-06	2.55193079516129e-05
YGL102C	-0.67305165149449	3.76565006173215	7.23180150762525e-06	1.89444839493869e-05
YGL103W	-0.417108876743022	5.07455788038656	2.12783408147968e-05	5.26225359845983e-05
YGL104C	0.274804053885834	4.48403010941255	0.00654310801157722	0.011059085005792
YGL105W	0.0431023151524627	9.23669996114075	0.494091958511425	0.554296717236002
YGL106W	0.45038487707868	7.59896636744428	4.77812809127201e-19	3.81488792625861e-18
YGL107C	-0.23171339102761	6.9791477739	0.0059382775712922	0.0100793124671397
YGL108C	-0.432062732270869	5.02315412105111	7.02917092557864e-07	2.09204829725638e-06
YGL109W	-0.333833332460741	1.9743640877547	0.0418757757785401	0.0605913752059165
YGL110C	0.19266592664346	6.62795643070714	0.0021079576731434	0.00386491050043859
YGL111W	-0.453131608897328	7.20738578954272	0.000575789737580668	0.00115311389151731
YGL112C	-0.163582182456954	7.26090755987547	0.0193580683307548	0.0300259821477032
YGL113W	-0.502810153670405	6.01226050965137	4.86802213793357e-15	3.11015399503259e-14
YGL114W	0.3608305012802	6.86304064051651	1.15823878380144e-08	4.19225259976775e-08
YGL115W	-0.318910441969274	7.01475146123271	8.12011095343676e-08	2.69266999735586e-07
YGL116W	-0.464431883218229	6.12924439049967	0.119774504130771	0.157429890431613
YGL117W	1.50999838317079	6.78466968828647	2.76998018693582e-77	1.03435533440113e-75
YGL119W	-0.320825746125349	6.41112263221538	0.000255136118892651	0.000538959362889184
YGL120C	-0.378741287717035	7.89101160496802	0.0207712722731961	0.032003303153884
YGL121C	1.2678914571243	3.30170491590495	7.15591808087045e-22	6.73261025073445e-21
YGL122C	0.532057574168244	7.84040687309482	1.66064830313339e-08	5.90409083290239e-08
YGL123W	-0.0430824170904266	10.6495200734274	0.602094231697884	0.656710907287315
YGL124C	0.0360002142025486	5.89560104626216	0.626797239089798	0.678607059500786
YGL125W	0.392561530436502	8.93046376757927	0.000469320846594734	0.000950659342900115
YGL126W	0.845019636715791	6.36555745701297	1.8215079096271e-22	1.76343084584189e-21
YGL127C	1.21606158635514	5.88466589037215	3.34848756284548e-47	7.18968115279536e-46
YGL128C	0.641226243233407	4.98847259375133	2.44596768119025e-16	1.71990148530009e-15
YGL129C	-0.178830669417138	6.74915011008469	0.0271879840164407	0.0408125243213087
YGL130W	-0.0476187545234512	6.92547467451899	0.509588401968797	0.569133470673678
YGL131C	-0.344075565203436	5.72851885929589	8.42682049399543e-05	0.000190673860782463
YGL133W	-0.460723431196285	6.90665156346811	1.05336371333194e-08	3.84273218722792e-08
YGL134W	0.058974890446823	5.21772885341551	0.578282656800331	0.634885926348354
YGL135W	-0.0833720176949383	10.0841778194546	0.351084047378098	0.411847276651146
YGL136C	0.551551604456297	5.54632694957152	5.04164763246451e-22	4.75830228671533e-21
YGL137W	-0.111042751037922	8.36523706713445	0.0501497326835259	0.071479419841953
YGL139W	-0.513067784387483	6.96648081307152	0.000134352393178517	0.00029630469104521
YGL140C	0.272583571552258	6.80484176608175	1.69982270302708e-05	4.25628242007448e-05
YGL141W	0.30452737132059	6.91268856195586	0.00215617299817304	0.00394969898385629
YGL142C	-0.0216694617138574	6.31157479161681	0.794951958573143	0.829299180104413
YGL143C	-0.43494634584447	5.61680894682779	4.63561306300147e-05	0.000109721676121121
YGL144C	0.40930330642236	4.67855581126943	6.69721454732686e-07	1.99918837430631e-06
YGL145W	-0.347449459675974	6.8337729777003	0.0001339653449507	0.000295559505997654
YGL146C	0.486340662000992	3.48464288933275	5.87567363755745e-06	1.55477772486775e-05
YGL147C	0.060506981563325	9.38777994004758	0.609289592130645	0.662980293882159
YGL148W	0.204931620226168	9.16244538792461	0.0199196170813169	0.0308412922721806
YGL149W	-0.162151123493868	2.6278824187659	0.203260795835255	0.253580391069008
YGL150C	0.384137891712111	7.56955775995007	2.12272689399539e-06	5.9219647734108e-06
YGL151W	-0.109980973545231	7.14738625652427	0.12820013979916	0.167515592365258
YGL153W	0.288623153812819	4.8011136156449	8.93690237178509e-06	2.31389565284978e-05
YGL154C	0.208922312612605	5.17463631170563	0.000244905504908442	0.000518989036133082
YGL155W	-0.102636936359963	6.47548393092446	0.170269554278185	0.216281546655493
YGL156W	1.87267378396765	5.80290844325915	5.32433095566764e-32	7.62139945368426e-31
YGL157W	0.64122543713934	7.23037357515779	1.94346030845605e-07	6.23483637910232e-07
YGL158W	1.89791114866438	2.60255497854558	7.91667948013385e-47	1.67588299417481e-45
YGL159W	-0.0383874285653515	5.7375364977555	0.583738066892248	0.640057132620134
YGL160W	-0.0397011214731352	7.27871041834402	0.516390494780578	0.575554255584137
YGL161C	0.33323517182209	7.27175768907763	8.45175467004989e-10	3.44955526655397e-09
YGL162W	2.82006282329535	5.53008635375108	1.2503162009652e-107	6.77198288306558e-106
YGL163C	0.349164627870778	6.40752807791968	0.0439170656255895	0.0633315899594733
YGL164C	0.165302321287102	5.90828840290074	0.0563732228261056	0.0796699143466259
YGL165C	1.66761763264445	0.714149676481727	7.44611707545713e-12	3.6935689651525e-11
YGL166W	1.07239788265804	4.35580588095855	1.78324086602657e-22	1.72916840105674e-21
YGL167C	0.608930341342974	7.69871800882403	3.90101814473646e-15	2.51371072734786e-14
YGL168W	0.697026725521074	2.88607431990805	4.75527981729668e-09	1.79803410450237e-08
YGL169W	-0.344240637900676	6.36224927218189	0.000796006722400588	0.00155882489090304
YGL170C	-1.02571106476075	1.1434566797217	0.000642667396733773	0.00127683952054311
YGL171W	-0.69548325685899	6.44573598025025	3.75153196584156e-06	1.01824876653e-05
YGL172W	-0.135513435781421	7.14153234327106	0.0381315420937032	0.0557100440017846
YGL173C	-0.390351006089558	8.58317746717402	2.16344384390238e-11	1.03063584703178e-10
YGL174W	-0.568223049729287	5.04024115707615	2.33569493971781e-10	1.01387711029484e-09
YGL175C	-0.469201902518575	3.99145852182448	0.0047139701820746	0.00816490600248703
YGL176C	0.0607972909845936	5.42657700314799	0.499215624866948	0.558586327321811
YGL177W	0.968119030661872	1.82757465741177	3.47049167666102e-09	1.33065025255651e-08
YGL178W	0.978177376466923	7.2144016204391	2.12953988595024e-48	4.72427815289035e-47
YGL179C	0.803187194407095	5.51040962045451	8.05514439580705e-17	5.84873527869469e-16
YGL180W	0.399140936065926	6.0009591164634	4.76177575115119e-05	0.000112309909046375
YGL181W	-0.3192890437946	7.27873310327794	0.00292572503566767	0.00523807591257714
YGL183C	1.88707899331511	2.38460230141642	9.25476808474782e-29	1.16157966024016e-27
YGL184C	1.9003663120297	7.44030345557248	2.29509473351168e-11	1.09075964726263e-10
YGL185C	0.158410477194285	5.84319305757384	0.0861086418493476	0.117123338189656
YGL186C	0.00830300818850193	7.10806779534365	0.906630484557768	0.924781552962555
YGL187C	-0.308207672801522	8.23187849391729	0.000284189236927465	0.00059655925014243
YGL188C	-0.0197442810336086	4.21286442959702	0.878349939406823	0.900364848374053
YGL188C-A	-0.100117492008993	3.26022876729984	0.565081593469501	0.621869035317342
YGL189C	-0.0161619623240036	10.4945532288847	0.846481106781268	0.874406256695701
YGL190C	0.565885364622012	7.10057091616505	6.56106631761018e-23	6.51985631429296e-22
YGL191W	0.245502225826612	7.85101481518519	7.95605811190331e-05	0.000180770299957531
YGL192W	0.286028613009794	6.14202638620422	0.00012306142426437	0.0002728043077719
YGL193C	0.231859507832445	3.86765474544958	0.0223060456406667	0.0341492096744814
YGL194C	0.39293792088322	4.00540387236491	4.52712645894384e-05	0.000107280584435043
YGL194C-A	1.61859492946337	4.50619431219668	2.98343436256248e-50	6.979146843473e-49
YGL195W	0.0189678070190062	7.39338570950781	0.824846397269889	0.85558601455945
YGL196W	0.51158251405129	6.15353466871659	6.37118315846305e-11	2.91060434260485e-10
YGL197W	0.832851169778613	7.29207670182596	4.34276774233655e-12	2.18117958788031e-11
YGL198W	0.431703213565165	3.33110227195446	1.24545840054856e-05	3.17140868449721e-05
YGL200C	-0.0535885168150642	8.31033918274155	0.754100320031812	0.792660391493348
YGL201C	-1.11437910745628	7.02539967694005	7.94516027123578e-11	3.59415376603984e-10
YGL202W	0.327657742579443	10.0594396015398	5.4341257866891e-07	1.64750197829424e-06
YGL203C	-0.586494162093695	7.29054059592732	6.27114198730516e-13	3.39047712479124e-12
YGL204C	-0.167735082400649	4.68189069755655	0.0600996641805485	0.0843809390596584
YGL205W	0.309679291096887	3.61606298027246	0.00065758681614863	0.00130432594479893
YGL206C	0.449264304099889	7.5774890184713	1.66565288442256e-11	8.03684200734222e-11
YGL207W	-0.204831850255414	8.83883250947662	0.0795981854098413	0.108933369151825
YGL208W	0.337605731556631	4.61532344639054	0.00103069691371707	0.00198607366835481
YGL209W	1.48189703448397	6.61318914068009	5.17190968196481e-30	6.92506035812304e-29
YGL210W	-0.685094079188618	6.27239743207454	7.50497252699004e-19	5.95249272193458e-18
YGL211W	-0.159471176589883	6.04755489658052	0.0183276270582241	0.028530733784061
YGL212W	-0.0602261775769626	4.68047588630903	0.500737630578655	0.560185082813337
YGL213C	-0.395060977844136	6.23343656711258	6.24430220650499e-09	2.3346234369097e-08
YGL215W	-0.151740660303789	8.41631795462154	0.0093008244688076	0.0153280034831336
YGL216W	-0.111378932065534	5.4553870125229	0.421456759940664	0.483591377974146
YGL219C	0.235015086774902	6.79559210827405	0.00113258371792894	0.002169883146013
YGL220W	-0.152295227996767	6.53955702376501	0.0178519837155914	0.027855210510806
YGL221C	-0.000125533968814824	7.5088776836118	0.997456823541719	1
YGL222C	0.125283171522627	3.98772203209478	0.311580509722877	0.370714827716987
YGL223C	0.690518305675574	6.5373208072969	1.37606685011239e-29	1.8063130792305e-28
YGL224C	0.187934484945792	7.14609484518176	0.0394750275446629	0.0575470091170013
YGL225W	-0.981090343674042	8.0599080869436	7.36197812949795e-05	0.0001684178558392
YGL226C-A	-0.0763082601957175	6.10167918261983	0.395624211908798	0.45678754791544
YGL226W	0.184717779450436	4.36785685308168	0.0652464085968644	0.0907592338001733
YGL227W	1.02861119377267	5.99986425773119	5.41178227849078e-18	4.15525351957683e-17
YGL228W	0.15304616664574	7.92518728873269	0.0126740116830155	0.0203298180998637
YGL229C	-0.566295290766237	4.54638117474395	0.00208611731388771	0.00382953810415051
YGL230C	1.01681653005741	1.00622022975352	2.70462168415177e-06	7.47251174867667e-06
YGL231C	-0.0584857479083183	6.74960151246808	0.382554535025925	0.443913890093777
YGL232W	-0.467616608412145	6.48065066269515	7.50749910944994e-11	3.40383227584389e-10
YGL233W	0.128814293108829	6.35731863063961	0.0270976781444135	0.0407074565227921
YGL234W	-0.367194824334536	10.7575140739679	0.000629296356103965	0.00125317313444751
YGL236C	-0.565896099949932	6.35914525662193	8.22183606988028e-08	2.72489958390961e-07
YGL237C	-0.0210772758808362	5.52934722946088	0.847589932863882	0.875140082609832
YGL238W	-0.212999521619162	7.90198637605361	0.0043873790478351	0.00764326943946236
YGL240W	0.718071781541499	3.42601894101038	1.54946125033398e-08	5.5349738781984e-08
YGL241W	-0.501855504638202	6.51831572437167	3.33394061801157e-06	9.11075045249343e-06
YGL242C	-0.196415121104973	6.84248262027306	0.0215746859052028	0.0331138656272861
YGL243W	-0.205680676629169	5.41657985541659	0.0012978212323866	0.00246758420275403
YGL244W	-0.591770223864281	8.09244122478299	8.80148751081263e-15	5.55825030619806e-14
YGL245W	0.188080362569669	8.99033296110246	0.0011954092545879	0.00228079988530068
YGL246C	-0.102321171791848	6.31786986608727	0.224818658965212	0.276850912350936
YGL247W	0.124468097444194	5.06118117752085	0.107206052208293	0.143036570323181
YGL248W	1.01400111645038	6.54969248152314	2.11399349160361e-38	3.62089141638772e-37
YGL249W	0.424167866484505	4.73667230539921	1.71702855125478e-06	4.86923379723761e-06
YGL250W	0.683426873795526	4.70647202118962	8.9089256442481e-11	4.01803908276216e-10
YGL251C	0.0630906831834559	5.41663838667706	0.419196703395568	0.48133828362677
YGL252C	0.0865408974824141	7.54195784385255	0.232802696060432	0.285343488015355
YGL253W	0.635524754222444	10.3487976894468	9.1559781037186e-11	4.11710847865043e-10
YGL254W	-0.478294670762254	4.87969351607993	0.00011055409511538	0.000246623829251824
YGL255W	-0.734761632358535	11.2798865865897	0.00217125339023187	0.00397369113609558
YGL256W	1.34775918321531	7.17171059636499	2.36412528279149e-21	2.14375885371681e-20
YGL257C	0.0948598189708461	6.55014221730987	0.237873369187137	0.290846999298976
YGL258W	-0.343903965913666	2.38965323639972	0.032758675073313	0.0484013650874313
YGL258W-A	1.31383485935738	1.61152458299888	2.91539436867012e-11	1.37577322954825e-10
YGL259W	1.44643845188864	2.55322960998264	7.30187754099045e-15	4.6306843646028e-14
YGL262W	-0.0965733564808941	3.81577179312329	0.648129273523601	0.699184136447854
YGL263W	-0.182564363045272	4.60606165762127	0.148394281448983	0.191283537751134
YGR001C	0.23802633619106	6.58610977111667	0.000328575314084099	0.000683291175466482
YGR002C	0.0993962828186778	6.25627466217534	0.121169900586129	0.159194371137195
YGR003W	0.0514866088431488	6.279072462997	0.470317872593876	0.532295001889002
YGR004W	-0.329296482026084	5.16237535203962	3.06386627423704e-05	7.4304009845555e-05
YGR005C	-0.214982549667356	7.25180974768854	0.000679209206358086	0.00134366757111708
YGR006W	0.0124029729017714	4.44560485220496	0.871940370200886	0.894709934399681
YGR007W	0.0386739513554414	6.77244810908901	0.622880166832514	0.675354134427172
YGR008C	3.24422553105236	6.10983192306238	1.56627260672281e-84	6.67831979547342e-83
YGR009C	-0.117952497087602	7.13618861745925	0.0513871351554053	0.0731217648649223
YGR010W	-0.063925113702475	6.00201682046881	0.519950618637515	0.578771175569105
YGR011W	-0.057022882058218	3.29612026275639	0.685518989270911	0.732579384150744
YGR012W	-0.347348731492535	6.44366556696536	7.36585069395088e-07	2.18468151810719e-06
YGR013W	0.193893931715976	6.70105025885081	0.013631607670119	0.0217671249170665
YGR014W	-0.719260763908283	8.1654441986007	0.00530901105304854	0.00911936412883652
YGR015C	0.111323145320538	4.99232052175357	0.266620883667801	0.322131180187062
YGR016W	0.293990711936914	3.2152023006633	0.00541718190863956	0.00928679808032815
YGR017W	-0.265805093291545	6.61843615109817	0.00139076816763072	0.00262933906408676
YGR018C	0.179159544992699	0.683107140387963	0.478948074088269	0.540434651167168
YGR019W	1.34085444787661	6.40919641338091	1.78614475473747e-67	5.86792473523589e-66
YGR020C	0.16462174016628	7.75005136033077	0.00865576783462866	0.0143277742901397
YGR021W	-0.410062287510988	5.56092937780564	0.0050179344361291	0.00865647685222615
YGR023W	1.72584121941574	6.36444576001406	2.69189027500557e-35	4.25885377192987e-34
YGR024C	0.300793259919354	5.72498428158059	1.67492547312735e-07	5.40797633965716e-07
YGR025W	-0.226269701395506	3.8394833623169	0.0551038008315685	0.0780042501999976
YGR026W	-0.0993847123878419	7.46988560921655	0.341931529247551	0.402839967438032
YGR027C	-0.169929905048967	10.0212532747777	0.00765124191496032	0.0128095979929662
YGR027W-B	0.489905617182447	2.82237500074679	0.000601834984996615	0.00120207040857131
YGR028W	0.626885125710129	6.02793720170652	5.93601459201126e-16	4.0324655058951e-15
YGR029W	0.154166085838214	6.56829252741386	0.0296188786576424	0.0441310281263311
YGR030C	0.641770457780627	4.9265201604169	1.93464746148848e-09	7.60202649573119e-09
YGR031W	0.711405548893476	5.68748608127532	1.40925340140006e-20	1.22257308069512e-19
YGR032W	3.5547845868643	7.65955757167622	1.98467400166539e-174	2.4858041870859e-172
YGR033C	-0.177825640263884	6.63389003111485	0.00921689032164176	0.0151938427786428
YGR034W	-0.132402603502814	9.59607065091436	0.115726502903896	0.152877990652214
YGR035C	-1.14493075787545	4.22811444081732	1.23669328681864e-10	5.4911374005566e-10
YGR035W-A	-0.398545683213276	4.0224439567355	0.000362808894418553	0.000748526792465457
YGR036C	-0.200233044636964	5.3649603033627	0.0163004472911149	0.0256876249316338
YGR037C	0.10032664433593	8.62677640918984	0.136522112809722	0.177425625207965
YGR038C-B	-0.141843246813485	2.43306277219228	0.653474686631261	0.703687948419693
YGR038W	-0.319533815663741	6.25558771852727	6.0799637592996e-06	1.60530268427357e-05
YGR039W	1.52852710577071	2.93586619115319	2.77444117163457e-24	2.89080421557488e-23
YGR040W	0.0816247119189719	5.88031943321241	0.440990413046823	0.502985081244071
YGR041W	-1.09413472569897	5.88388000360856	0.0120365988773873	0.0193931501085128
YGR042W	-0.47642381856382	5.62250532766879	6.64779888577279e-09	2.47777848116962e-08
YGR043C	5.20287193633609	8.27342398649527	2.40007601842303e-22	2.31609262002556e-21
YGR044C	-0.0601793420524513	6.53620805909385	0.9686789364403	0.976966577064097
YGR046W	0.459309299192681	7.04588067841155	6.10381514651492e-08	2.04663338878124e-07
YGR047C	-0.518265653641725	6.23644225659639	1.14107640370957e-13	6.53347746581136e-13
YGR048W	0.0512354616316791	7.02608114726735	0.607044223427793	0.661509855219846
YGR049W	1.11445062768225	7.74605381728072	2.74821961647196e-48	6.07437365229024e-47
YGR050C	0.208506597412819	3.78870985258188	0.283835659031324	0.340670788999066
YGR051C	0.64607311665008	4.10254507252132	0.000271664873537876	0.000571598348627343
YGR052W	5.01578241654225	7.50955523457485	1.90836578221233e-52	4.66385978969939e-51
YGR053C	0.238178772404	2.70049213956496	0.0891770160420231	0.120913897258602
YGR054W	-0.195128486540816	8.67840098190902	0.00103184218607238	0.00198764345487573
YGR055W	3.24005768597978	8.25029895685973	3.57898703206942e-26	4.06746125459382e-25
YGR056W	0.140979087346875	6.73503289735537	0.0115852758447875	0.0187485002365714
YGR057C	0.520750659316704	5.3443809701976	4.60588672017166e-14	2.7335232933536e-13
YGR058W	-0.260575656488201	6.0797063800725	0.0010390064560415	0.00200016228425279
YGR059W	1.16780627150219	2.13696633077001	2.14830324544997e-11	1.02423466388939e-10
YGR060W	-0.390757198365197	10.0408791115055	3.44018359566779e-05	8.26634043851111e-05
YGR061C	-0.111382775917475	9.90557378292041	0.35189260639905	0.412715245741531
YGR062C	0.106770877535084	4.51167238407292	0.431737761316596	0.494002789881995
YGR063C	-0.270051714522208	4.16662577216691	0.00113463509266797	0.00217271983961306
YGR065C	-0.178945757367437	8.92197813037808	0.4499366382743	0.512217206836791
YGR066C	1.16411434947127	3.79591990203279	5.69759702915492e-17	4.16714760818484e-16
YGR067C	4.81571620553529	6.2334491546388	0	0
YGR068C	0.638752172345913	5.5641210693494	6.66294562842727e-16	4.52117710136622e-15
YGR070W	1.36446742343508	5.72772522352407	8.3601155798505e-13	4.4795913427862e-12
YGR071C	-0.17002246189413	5.67683227933582	0.0065809243434353	0.011113628413689
YGR072W	-0.307613892658782	5.94643944553771	0.000134579563787718	0.000296696860099655
YGR074W	-0.0139688800032454	3.28934769037635	0.921553847057227	0.937141699679981
YGR075C	0.11352321231472	4.90114698905921	0.111516004729549	0.148162258659458
YGR076C	-0.437476336850519	5.85601537257824	2.63392340534478e-06	7.29394173787785e-06
YGR077C	0.417605366856462	5.61555324419848	9.27671270062216e-07	2.71791407193667e-06
YGR078C	-0.30420882011731	6.20757965207668	3.25367444445045e-06	8.91572049226805e-06
YGR079W	-1.93954462157331	5.42991105067132	3.15847708858816e-14	1.9065024354008e-13
YGR080W	0.103069115650982	7.22932380925834	0.222378974869236	0.27407593212666
YGR081C	-0.727489368519703	5.73020274365987	4.39967525763755e-09	1.66567050685875e-08
YGR082W	-0.213307914965447	7.00014780364295	0.0107309798650096	0.017478908411931
YGR083C	-0.557389092372619	7.71966741829376	2.73791299384046e-10	1.17406083587509e-09
YGR084C	-0.599496558042992	6.94581617498239	1.31557945671666e-10	5.83279033464645e-10
YGR085C	-0.123015010799224	9.17726189464033	0.209258430779024	0.260252727729312
YGR086C	0.853671843771399	10.4579904196933	5.05851808736525e-05	0.000118610806323088
YGR087C	3.67438947522009	5.62172759417579	1.08694442085074e-320	4.66765060448997e-318
YGR088W	5.70778025008306	7.39597177054787	1.83078104476797e-284	6.11480868952503e-282
YGR089W	-0.645498850845535	7.42794117516114	2.59484816752652e-11	1.22739789009988e-10
YGR090W	-0.619582400025398	8.17207707239418	1.2879636660536e-11	6.29020110504813e-11
YGR091W	-0.469782916898749	5.9402282225448	3.18999598232394e-07	9.98867491965182e-07
YGR092W	0.0568398460277012	7.13032588228056	0.812966948264527	0.846037267260921
YGR093W	-0.624508608764811	6.39767119914971	3.08479384864506e-09	1.19031947062673e-08
YGR094W	0.123221436712205	9.8891516695439	0.0988071205477061	0.132625230795447
YGR095C	-0.144189760082677	5.80587435386942	0.0600328826930978	0.0843068653938108
YGR096W	0.141423346315739	4.25942488006124	0.0941054718220805	0.126966359199809
YGR097W	0.522121917581899	7.7455668477474	7.23858050864698e-07	2.14905412434497e-06
YGR098C	-0.682935984671614	6.20065411425422	4.28096835508709e-05	0.000101727991109816
YGR099W	-0.549312844189209	5.69842437713729	0.00647356480176869	0.0109446208065898
YGR100W	0.306127814339141	6.8268892658506	0.00819479429231219	0.0136473970319615
YGR101W	0.126363736313261	6.29859085802364	0.261368694834854	0.316485114470723
YGR102C	-0.225041075559798	5.79251529313097	0.000396125988617882	0.000811417186906544
YGR103W	-0.613468466311962	8.76107397615662	0.000703260960708833	0.00138941994603401
YGR104C	-0.18416806894632	5.92172712899615	0.0165783540976509	0.0260709036973783
YGR105W	-0.114223306308543	5.92523698519831	0.164208097041242	0.209511689179106
YGR106C	-0.118368766365944	8.14159188125786	0.0788844447979129	0.10803036039295
YGR108W	-2.64522575962352	6.97747956720085	4.17821829258891e-19	3.35373142523959e-18
YGR109C	-2.93261640927422	5.54613956757382	5.14626002334029e-05	0.000120527133854
YGR109W-B	2.85791092546524	7.65022995645793	2.55145975349409e-116	1.66732348239201e-114
YGR110W	1.13918158381201	5.56000071279513	2.18078318698204e-36	3.56273601090653e-35
YGR111W	0.444948233466191	6.25565721908859	1.65206135864636e-17	1.23688578931282e-16
YGR112W	0.282220770038826	5.5989006745976	0.000782162695146542	0.0015332122997134
YGR113W	-0.228658541622885	6.10444496845923	0.0625972963630205	0.0874587370984149
YGR116W	-0.490817237632537	8.01372355741941	8.67863578745209e-17	6.25611011440791e-16
YGR117C	0.122878438652241	6.68654990849827	0.117331041378106	0.154590011125394
YGR118W	-0.0689892624563593	9.66680153845076	0.476697849226738	0.538299674972041
YGR119C	-0.38395682458437	7.90288299064988	3.47366650624129e-07	1.08317858068063e-06
YGR120C	-0.138793185627017	5.38615449214196	0.156461754008364	0.200479127258799
YGR121C	2.45065890510453	7.20520414605863	3.8376172713819e-50	8.90801352723861e-49
YGR121W-A	0.461840888293304	1.41612711358877	0.07599600420718	0.104527105306238
YGR122C-A	2.77981906997822	4.01915523143814	2.80363095915526e-124	2.05554016176115e-122
YGR122W	1.0369723765029	6.12536708858978	8.14477823691901e-33	1.1856272823331e-31
YGR123C	-0.562610829330366	6.42059830011463	3.03506396645064e-06	8.32807145883215e-06
YGR124W	0.375944515567236	10.2049354928081	6.18495661523705e-08	2.0703763458132e-07
YGR125W	0.121391239038659	6.88579382355275	0.096830447551786	0.130262844189156
YGR126W	0.977498478967758	3.00787232665514	1.07506488452978e-21	9.97421309535961e-21
YGR127W	1.04787588172932	4.88096029107588	4.35025603788259e-22	4.13171236962878e-21
YGR128C	-0.580944456653784	7.74005765997207	1.72838251145713e-07	5.57160088948003e-07
YGR129W	-0.427095676542284	4.91261801882904	4.11752899400894e-06	1.10957347879793e-05
YGR130C	0.816451748984045	7.85844243392968	4.03176158114315e-10	1.69384700390165e-09
YGR131W	0.981598407726857	2.38378117904737	3.17444279349349e-14	1.91421766042957e-13
YGR132C	0.0742599145515055	8.23890275501978	0.391840437621952	0.453114966528789
YGR133W	0.159254431432318	4.8518810593024	0.0619664227373237	0.0866377054643698
YGR134W	0.0732373501281769	6.06611201132435	0.245925467809031	0.299838554546318
YGR135W	-0.0486660643697138	8.32441051904996	0.572169384856452	0.628978303484547
YGR136W	0.648722161413277	6.84799488871838	8.60360545073044e-16	5.7922593471211e-15
YGR137W	0.972339854102874	3.70225204972726	1.04230981497229e-23	1.06209603518871e-22
YGR138C	-0.397507408770217	6.72516796585297	0.148050315581285	0.190922028587449
YGR139W	0.362335335989237	0.930372192417315	0.304296585870292	0.362910349980598
YGR140W	-0.75736684429282	6.52851160440363	0.000647230577826528	0.00128548075120353
YGR141W	0.238559026105508	6.09986038115633	7.69748577108276e-05	0.000175292744150566
YGR142W	1.32813143252617	7.58378262302681	0.000801971578355014	0.00156897270714948
YGR143W	0.266608043235035	6.31571416975141	0.115889722522197	0.153059976230986
YGR144W	2.17699454586019	4.20772723910913	1.02134515949148e-44	2.05362110329859e-43
YGR145W	-0.601087122862067	7.4073829381347	0.00207953146855999	0.00381978099266198
YGR146C	1.26190106064469	7.06847712253261	6.37446897543799e-08	2.12907263779629e-07
YGR146C-A	0.0673657394495354	1.13803090221545	0.830911110065741	0.860837083183739
YGR147C	0.0472116561222673	6.69636991206847	0.574368464281985	0.630934260417193
YGR148C	-0.461129317699118	9.69003871492416	5.0370803944054e-10	2.09715563235217e-09
YGR149W	1.26544909374238	7.09571533494852	3.69206326804687e-15	2.38930940446693e-14
YGR150C	-0.440129637948276	6.95499790631918	1.289180843419e-08	4.64105103630841e-08
YGR152C	-0.70752344418484	6.28598443887642	0.00212875865628887	0.00390066962560461
YGR153W	-0.204275114724126	4.62690849258291	0.359391402928947	0.419790385546693
YGR154C	1.4893716920331	4.19467573226135	1.06137195223579e-52	2.60447680687411e-51
YGR155W	0.403131932949516	9.37660192382372	9.1747442411773e-06	2.37139133181247e-05
YGR156W	-0.774485073689085	6.51605897764306	7.3611620943776e-20	6.09577224674905e-19
YGR157W	-0.0422033333395817	8.16136095347181	0.72624798565125	0.767616541795942
YGR158C	-0.739709843840316	6.51404903916518	1.47046978521525e-22	1.43747387783969e-21
YGR159C	-0.605416124607133	8.06048941834161	0.00716155705439577	0.0120266148075495
YGR160W	-0.774186048590449	1.71573867707906	0.0011642076145668	0.002223481838313
YGR161C	3.38913336769404	8.07095832773977	6.25871843589446e-161	6.96803985862916e-159
YGR161C-D	0.22534861982195	3.62536477079857	0.214899603605241	0.26640062035943
YGR161W-C	2.3771285298344	5.43079455696497	7.83520752321726e-142	7.1371617620579e-140
YGR162W	-0.478681558178655	9.26203442976513	2.02030179536711e-08	7.1237855681801e-08
YGR163W	-0.165135721805909	6.4892042993104	0.0278352955787584	0.0416905323915036
YGR165W	-0.175280060184725	6.87920612781196	0.0350295030379069	0.0515538242996075
YGR166W	0.0029244688002539	6.66235822413342	0.967956671431946	0.976966577064097
YGR167W	-0.0744800060993324	8.12904602475069	0.224829130803378	0.276850912350936
YGR168C	-0.143451600063373	5.35398227357545	0.0167628419554562	0.0263265950460299
YGR169C	-0.396831734868389	5.90406899960688	2.90397633639895e-07	9.13590043664601e-07
YGR169C-A	-0.188249224695678	7.29015006577205	0.0255756116931349	0.0386624534823049
YGR170W	-0.0471070854839492	7.05992700326288	0.392145150664116	0.453380124190897
YGR171C	-0.196116780268596	5.96946150878382	0.0200799467900867	0.0310575354005663
YGR172C	-0.272069395127857	6.09688684458705	0.016692643578195	0.0262369080240806
YGR173W	-0.705695195621962	6.45238794423601	3.66817072033777e-12	1.85475545590166e-11
YGR174C	0.546457953132672	5.44908222052211	7.42665741667675e-08	2.46952789762503e-07
YGR174W-A	2.63434523310819	2.15943511780864	3.79827426687258e-47	8.12641455246902e-46
YGR175C	0.629464028092076	9.05734504914651	2.24187245429102e-12	1.15197753805108e-11
YGR177C	-1.17948026727542	5.62698114147618	3.54046001120866e-17	2.61168657513944e-16
YGR178C	0.0192330278312893	8.62452869659314	0.71809013328041	0.760196844740593
YGR179C	-0.462282061130092	5.59775630099497	1.03837238288948e-05	2.67582287438129e-05
YGR180C	0.451093661426426	8.85210291571653	3.72498245507925e-12	1.88031859949089e-11
YGR181W	-0.0257158690264549	5.88941514154251	0.7425049067899	0.782186700476762
YGR182C	0.232127248794663	6.4482949366829	0.0117859306536772	0.0190424657591796
YGR183C	0.184505832854875	7.85410500507763	0.0617925151010759	0.0864951340599927
YGR184C	0.0230179828796794	7.24639376038948	0.712664022353663	0.75618356907699
YGR185C	-0.214970257593297	8.96901665356308	0.000824020262693473	0.00161001294095325
YGR186W	-0.225339058834188	7.74731561293331	0.000153220947408851	0.000333997221110228
YGR187C	-0.441109141945892	7.14130406668471	6.87692140804221e-05	0.000158163930777161
YGR188C	-1.38013714087396	5.03740601190367	2.16180970184712e-07	6.8948540729469e-07
YGR189C	0.0641077246063566	9.7354653681157	0.818050505872017	0.850297310045396
YGR190C	-0.155413547660819	4.81668593909467	0.189964695252716	0.239276712310775
YGR191W	0.224065334981365	7.20080916506082	0.0365683983424679	0.0536086834515769
YGR192C	0.0957100484329227	13.324516022833	0.219070182505826	0.270497009082979
YGR193C	-0.23983563502241	7.62726043212217	0.000101898649902664	0.000228161893189876
YGR194C	0.943606750675744	5.88646006751446	3.98596472968093e-39	6.98647812094511e-38
YGR195W	-0.170270858289136	5.99810002212483	0.0499025617961281	0.0712115360831527
YGR196C	-0.41382875901575	6.44276841450893	3.65209452640415e-07	1.13528398618106e-06
YGR197C	2.14512123628947	5.79333196158423	2.28054356380428e-43	4.45150256675043e-42
YGR198W	-0.0638280200112245	6.78202173025191	0.425488165579695	0.487616250755838
YGR199W	0.103987376551385	6.92179664020956	0.238538442136689	0.291541596691558
YGR200C	-0.265963027542401	7.63886944125989	0.00465202969365552	0.00806691736898096
YGR201C	0.564020394049191	3.96027314499804	3.05501382939162e-07	9.5909885860587e-07
YGR202C	0.0516529312025568	7.1964005655185	0.35915820868377	0.419599524019981
YGR203W	-0.126459486536687	5.6467500953763	0.195434389159266	0.245190222793303
YGR204W	0.0784595292261622	10.515769060798	0.345580161454712	0.40602461025322
YGR205W	0.828784777732511	4.20345411075896	3.41919641509548e-07	1.06674669681131e-06
YGR206W	0.35971098488054	4.06913579190467	4.8074274516541e-05	0.000113297741432162
YGR207C	-0.239457753450384	7.29060962245389	0.0029988152600704	0.00536095074146394
YGR208W	-0.813325462885936	7.78216279045097	1.30615875015253e-16	9.26017264848704e-16
YGR209C	0.321883924263469	6.48055901410499	0.00152408345090452	0.00286695547773404
YGR210C	-0.405788282049172	7.50288532036287	6.97816744108294e-06	1.83279784428967e-05
YGR211W	-0.24884318982211	8.66836293967377	0.212622617443002	0.263836362449396
YGR212W	-0.1880518780414	4.6507167207623	0.0586883090856677	0.0826309400990712
YGR213C	0.397174701525505	3.65377417407574	0.000110015361289987	0.000245604289667807
YGR214W	-0.327024351350223	10.3329225423225	1.3917635036435e-06	4.00156967188176e-06
YGR215W	-0.390762210086498	6.24131332519104	1.31547602773757e-05	3.33838829833612e-05
YGR216C	-0.131045156233772	6.08117715328515	0.0135766699350213	0.0216851593117291
YGR217W	-0.569798925116797	5.95149436716438	1.55803982975436e-11	7.52969088141739e-11
YGR218W	-0.00272407454087433	8.34930825250084	0.968362138069948	0.976966577064097
YGR220C	-0.225593528834924	6.08601163767912	0.00962276012312248	0.0158022490740815
YGR221C	-1.33819904003295	5.54330583241712	0.00200182629810234	0.003697382397601
YGR222W	-0.230820546247466	6.11333645409982	0.1387334525583	0.180104840591773
YGR223C	0.924867125679126	6.12084291975705	4.6026081453498e-34	7.0409364299855e-33
YGR224W	-0.210449189097654	4.10268805982522	0.0938104526437531	0.126625155207509
YGR225W	-0.649171106703815	1.08708867016471	0.0157970800488323	0.0249466890605673
YGR227W	-0.00825315375236248	6.67287183583725	0.952981881014512	0.96556058123383
YGR229C	-0.429500508057967	8.02417883227425	2.16421436870335e-07	6.8988636185814e-07
YGR230W	0.167689827380679	4.30241093005413	0.2852872072336	0.342208038684837
YGR231C	-0.0813659655762378	7.99918503998088	0.36157036342962	0.422089519405607
YGR232W	0.152121918319515	5.75485196674471	0.187034241495492	0.235783153673915
YGR233C	0.0160495626268283	6.30726898536635	0.856909997460569	0.882901246782792
YGR234W	0.0267542922776525	9.98726664549286	0.888185996695025	0.908897738234977
YGR235C	0.0336210252565232	6.8951982065672	0.619170768625925	0.671923224003441
YGR236C	1.98734267932728	1.50681693164327	2.14293081950234e-25	2.35096716913286e-24
YGR237C	0.367291760049296	6.61917023485838	6.65557231059056e-05	0.000153307665637051
YGR238C	-1.36646862986008	6.02070140115252	9.06113861786213e-22	8.47209414783625e-21
YGR239C	-0.860867394800441	7.01117428566697	1.11726237993556e-08	4.05614820541824e-08
YGR240C	-0.0257965353903397	10.2869253516403	0.74693191691903	0.786023925173676
YGR240C-A	0.324275545161653	4.05614633565725	0.0116130214469115	0.0187883436326243
YGR241C	1.33153770173055	7.40427816840082	2.22000231270716e-82	8.95748584160769e-81
YGR242W	0.667556690966078	2.84281197095608	1.86091417184988e-07	5.97320662101522e-07
YGR243W	4.16665706229662	7.0394106757456	2.0593158161361e-146	1.96517566454131e-144
YGR244C	0.439198366535612	7.92301448808844	9.1155743897083e-06	2.35812535417067e-05
YGR245C	-0.920838591074998	7.54585635343516	5.21221428560674e-07	1.5866244194971e-06
YGR246C	-0.519054704455532	6.40796990493318	9.19556547303799e-13	4.90538949635354e-12
YGR247W	-0.051866731414417	4.4834907181809	0.482039619081958	0.543413123930383
YGR248W	2.12294829166568	3.92764348049767	3.75823109115424e-11	1.75559326495876e-10
YGR249W	2.37335583325304	4.97022214427539	6.86432504333123e-16	4.65257296059835e-15
YGR250C	1.78453594360799	8.02933101296293	8.614545776377e-79	3.29876746545086e-77
YGR251W	-0.42669394735093	5.11591271943224	8.8762582637905e-06	2.29918417414513e-05
YGR252W	-0.586578808038144	6.39700796447058	1.50466834092559e-09	5.95135925371359e-09
YGR253C	-0.050524412631548	8.09750015733784	0.498287359797627	0.557963048445397
YGR254W	1.24558791227276	9.73252702172121	3.78261695558658e-15	2.4426523240587e-14
YGR255C	0.316371598563828	6.77647191640502	0.000290633905506679	0.000609236764262956
YGR256W	1.28990246471828	4.04700782388592	4.65634009764885e-42	8.80311844876254e-41
YGR257C	-0.29900108018321	6.64278809933131	0.000118691311349181	0.000263602572527253
YGR258C	0.336930263735956	5.84144434348852	8.33616021284587e-06	2.1676901037902e-05
YGR260W	0.338650403279119	7.2295249415617	3.89544054826199e-05	9.28972176761248e-05
YGR261C	-0.0817396078041529	7.46968429489629	0.287107163747337	0.344116480950756
YGR262C	-0.416153702147528	6.43933678916248	2.0219380126973e-14	1.24548066929674e-13
YGR263C	0.0303821264237703	5.42284212425602	0.699304556136416	0.743977878515685
YGR264C	-0.184089086175148	8.54822589791293	0.0331637289515385	0.0489520279100737
YGR265W	0.0454850138931426	2.06246269294372	0.815888919582373	0.848637402167686
YGR266W	0.0807237972783927	7.19175081986712	0.356913985897701	0.41747489804459
YGR267C	0.376263540519303	8.01552076550677	9.84441096262387e-10	4.00166319860005e-09
YGR268C	1.52279463107912	5.83858507901485	4.52384683798379e-57	1.19286698201572e-55
YGR269W	0.351004321676766	1.79429757565565	0.0369326379446705	0.0540767217056403
YGR270W	0.275122602452938	7.30232496902617	0.00089835680307786	0.00174448355946515
YGR271C-A	-0.922359051360367	6.17454670913633	2.49593417033825e-08	8.70897053515588e-08
YGR271W	0.0391799921340069	6.41503658048917	0.707716792715368	0.75199599819809
YGR274C	-0.483325947984598	6.8483976778144	1.25667975466944e-09	5.02337678528767e-09
YGR275W	-0.365893060893897	6.12095117015838	3.75602449710385e-07	1.16578313250327e-06
YGR276C	-0.202708377298672	6.8221359684698	0.00145542166594383	0.00274380528556108
YGR277C	-0.107104154620507	6.31719003141711	0.172787195585537	0.219016786814305
YGR278W	0.000944028698522268	5.68093103783979	0.983876045743989	0.988644958551372
YGR279C	-0.940644503105889	8.97231860566563	1.96224847313275e-08	6.93127956549592e-08
YGR280C	-1.14044542789135	6.98208293021189	1.68252895436351e-07	5.42961034548225e-07
YGR281W	-0.442349266839752	6.19007412013091	2.72800921356181e-12	1.3946251183617e-11
YGR282C	0.246597305272251	10.1884620037987	0.0135117075011983	0.0216026494608469
YGR283C	-0.190688502970801	5.69122930590836	0.0698509011936606	0.0967595711819762
YGR284C	0.359566781370728	7.90708400200554	1.1074508864959e-05	2.83681070712116e-05
YGR285C	-0.153102343343162	9.78273835203647	0.0708173070144796	0.0979870310175031
YGR286C	0.0259165801129216	8.11199929783253	0.8594328643736	0.884593456705031
YGR287C	1.46310584507192	5.41910174602143	7.15917218967146e-74	2.54680137303579e-72
YGR288W	1.07215992342278	4.97297899845672	1.7389739111717e-23	1.76302043068537e-22
YGR289C	4.78110589204293	6.70108198643626	0	0
YGR292W	4.25883898889824	4.84737716604974	4.932594545793e-121	3.40859292061006e-119
YGR294W	-0.00959019659585265	0.624026657539662	1	1
YGR295C	0.57496984383276	7.38345690879687	6.62059915732969e-11	3.01995767328271e-10
YHL001W	-0.0470477128328668	8.12294616813488	0.597435039249381	0.65257620929638
YHL002W	0.452780454705881	6.49902214586562	9.05734446632921e-08	2.99520104134055e-07
YHL003C	-0.279000206922333	7.14225705740273	0.0128574148525847	0.0206020197477983
YHL004W	-0.244279253010358	7.59195440273914	0.0125854807060841	0.0201985878283443
YHL005C	-0.0533283053992087	1.01574250478086	0.924654917003368	0.939977233855977
YHL006C	0.399654309672246	3.32146378879428	0.000370963629999805	0.000764040199917378
YHL006W-A	-0.295634279787331	3.81951000150202	0.00314675119065167	0.00560209302878231
YHL007C	-0.107345726788099	7.71391939349792	0.151979117694795	0.195485334955308
YHL008C	1.34492891508688	3.94026030790487	1.68573286258844e-21	1.53787950984548e-20
YHL009C	-0.129748805356759	5.55454125512109	0.151509694428036	0.194964957812789
YHL010C	0.130712108006708	4.92838758418507	0.251816388627576	0.305780676313672
YHL011C	0.0834706035776368	7.99878549849995	0.354285136423113	0.415197317773052
YHL012W	-0.558598964290971	3.63704913293691	4.69386672748439e-05	0.000110838675434549
YHL013C	-0.826929253146133	6.06216344728716	3.87230303730772e-11	1.80607337938666e-10
YHL014C	-0.371227976264873	5.25893136839961	1.97167401886609e-05	4.89418009967917e-05
YHL015W	-0.0827374148030383	11.358243904397	0.206699357407772	0.257395297983676
YHL015W-A	0.29245435003358	1.34424639924893	0.1415094573817	0.183312832962461
YHL016C	1.49669494944805	4.18665704402535	3.77627295213887e-40	6.77700089201758e-39
YHL017W	0.182727500270067	5.89708110564118	0.00976217726179052	0.016009331614262
YHL018W	0.294720761741692	2.52676634375692	0.0545128739779289	0.0772404898315598
YHL019C	0.362446299779464	5.40692770863346	2.19427364146256e-08	7.7146041710368e-08
YHL019W-A	0.990977445363267	0.662931890752018	1.87372256403058e-05	4.67226049562498e-05
YHL020C	-0.725794350815317	7.42021771869083	5.21967119312377e-25	5.63387131293718e-24
YHL021C	3.72263221160842	8.11171635117281	3.57467212973749e-59	9.94950409443601e-58
YHL022C	0.486299864522404	2.88467302169565	0.000183944980542362	0.000396940855355592
YHL023C	-0.385185544878851	6.79980765744001	9.44077710903725e-11	4.23250946901804e-10
YHL024W	0.901643832065021	5.80107623540043	3.53237890625718e-07	1.09977534875288e-06
YHL025W	-0.024555496465031	6.55351610366598	0.67033317255259	0.718623936053169
YHL026C	0.368039872501266	4.77241767593723	0.0350254366487685	0.0515538242996075
YHL027W	0.578382623871666	8.07717687467915	2.99339184503863e-17	2.21356356363742e-16
YHL028W	-2.46075108808447	5.11298887031437	1.84495444641898e-12	9.56195356195766e-12
YHL029C	0.235445448682861	7.2831341958254	0.00051147670346805	0.00103257150478506
YHL030W	-0.313602845793575	7.28757915003155	0.00494260753670221	0.00854123498437876
YHL031C	0.0170231720685003	4.68819018051775	0.797777847396823	0.831814155142161
YHL032C	1.14494043855185	5.97249640272153	1.50392324238096e-48	3.34873575303493e-47
YHL033C	-0.453302360897672	9.73054034503132	3.68514701609347e-07	1.14437519941911e-06
YHL034C	0.0774322763865805	8.53104112632216	0.211859869511441	0.26294416505012
YHL034W-A	0.0959780090514612	2.05547532824176	0.559914970076056	0.617313185420365
YHL035C	-0.47857211032114	7.09387491886977	0.133301559583456	0.173690718729028
YHL036W	1.3972047797426	6.86468409069712	2.70853029745366e-18	2.09571224559735e-17
YHL038C	0.00937823623913258	6.32146197095747	0.872494825518093	0.895126090616856
YHL039W	-0.239396110050047	6.94064859018227	0.00896501479416966	0.0148192655877228
YHL040C	-1.69756222761996	7.00102931523954	5.08838269451721e-06	1.35479879359776e-05
YHL042W	-0.0840721485779943	4.52038443838314	0.695210953543212	0.74067131892642
YHL043W	0.072417907423141	4.47977488577015	0.726878030441958	0.768012428649745
YHL044W	-0.130643047864038	3.04671995909709	0.358241528119425	0.418609925569288
YHL048W	1.59111831380077	0.599193183120558	2.35923454863527e-11	1.12035688044196e-10
YHR001W	0.137574986121424	7.18568526070856	0.0504873460853748	0.0719094822708537
YHR001W-A	0.621532525567667	7.29581403569081	5.70258407686349e-09	2.14408602064436e-08
YHR002W	0.878042219639628	5.03176877400948	1.00223300178453e-33	1.52542400170344e-32
YHR003C	-0.194242670999155	6.33211011447962	0.00854959828180339	0.0141832739708063
YHR004C	0.728162089100724	6.03105956869275	4.84279734631687e-17	3.55493255751612e-16
YHR005C	1.29624019904572	7.41963745275313	1.07061748651706e-10	4.78554076501158e-10
YHR005C-A	-0.395543528883225	7.71645303342801	2.98399397118226e-07	9.37782109500666e-07
YHR006W	0.362009491212879	7.10572435739256	2.43447919788689e-07	7.71538689388295e-07
YHR007C	0.10741868292884	9.75685757493327	0.402180101673389	0.463555746023853
YHR007C-A	-0.0128577659487339	2.47697355466607	0.960779398545964	0.971117307340003
YHR008C	0.526097895626407	8.10463528124635	3.48393272143463e-10	1.47502841699049e-09
YHR009C	0.286615320389392	7.83373369580584	6.23639865374602e-07	1.8718536548338e-06
YHR010W	-0.129931054491536	10.0115119677862	0.192281538978332	0.241739149380538
YHR011W	-0.508923353789543	5.03665082672557	3.64594874644679e-05	8.72936832482599e-05
YHR012W	0.100783362735081	7.04611215261414	0.151451318840387	0.194931562592252
YHR013C	-0.0829524737830068	6.41948957871137	0.250283709211204	0.304288303291761
YHR014W	-0.16475128671941	2.79009858412246	0.338046979424217	0.398732281792896
YHR015W	-0.693526775724724	4.46693227006778	2.26235275784583e-14	1.38930181615619e-13
YHR016C	0.695332962240389	6.28952479495196	0.000339561935680149	0.000704189843845828
YHR017W	0.0852427317138197	6.17214049483225	0.296423373960092	0.354152886376803
YHR018C	0.447662299060035	10.2412335459646	2.05111442380244e-12	1.06030093859847e-11
YHR019C	0.168058724064488	9.8814033029831	0.0103999160108109	0.0169856818954076
YHR020W	-0.0482929315389248	8.91879384440026	0.656209311933245	0.706111432620858
YHR021C	-0.0478248889799169	9.35622393618247	0.561251736570145	0.618560117371167
YHR021W-A	2.29177706495072	1.7808694317414	8.95977295979214e-41	1.62247454922501e-39
YHR022C	2.35278307665476	2.82942078751836	2.5775075418621e-65	8.33116953853492e-64
YHR023W	-0.763951632136354	6.45194460938925	2.56565110357144e-06	7.11471145510678e-06
YHR024C	0.353627847109423	7.61756969900173	4.63712134099479e-06	1.23885770800697e-05
YHR025W	0.292712387846969	8.4513013698088	8.2231484562071e-05	0.000186556862334781
YHR026W	0.0791136119915237	7.57881755306584	0.269263606129867	0.325062811255575
YHR027C	-0.167553131448702	9.55768359330228	0.00443961248539273	0.00772978576952826
YHR028C	0.440089282066188	7.50012404546553	1.47346277205479e-09	5.83176970743475e-09
YHR029C	0.206137809948964	6.32010743172852	0.0352795773759269	0.0518457147846669
YHR030C	1.10562388144064	8.15887364241676	2.53446508443058e-13	1.41346976693846e-12
YHR031C	0.113331937145073	5.74646727748853	0.550871221519346	0.60879371025263
YHR032W	0.346930698434725	6.90591791796301	0.0019100032699328	0.00353647664269665
YHR032W-A	0.455720625112671	2.22549046168407	0.0135272243177524	0.0216176694838722
YHR033W	2.79664117206349	5.50303686042967	8.55446736843327e-65	2.72113533433973e-63
YHR034C	0.355709633353021	4.83145758893232	1.81405727552726e-05	4.53099806417527e-05
YHR035W	-0.43728735957352	4.16914329907149	5.58859565922049e-07	1.69177427508729e-06
YHR036W	-0.416984373153095	5.6564491974634	3.6832453652685e-07	1.14437519941911e-06
YHR037W	0.346274420164471	8.07555614293354	0.000120469505535789	0.000267354251488064
YHR038W	-0.220611411180458	5.2788330333	0.0616993561084199	0.0863848460465348
YHR039C	-0.193125999884058	8.66904998246995	0.243133023833914	0.29685534916521
YHR039C-A	0.0411141659981353	7.31576727405855	0.491677069950047	0.551794389497794
YHR040W	-0.805334965359888	5.83428766546484	4.23605221696871e-14	2.5290115122558e-13
YHR041C	-0.30824887348715	5.02470221422167	6.47736429036374e-05	0.000149546521173836
YHR042W	-0.312185685909458	8.08515800715391	0.0025064599622251	0.00454857662226982
YHR043C	1.00108622751224	6.39058711354745	5.21396037326184e-25	5.63387131293718e-24
YHR044C	0.922197765497422	4.01434165141028	2.58041431323975e-26	2.94372881426895e-25
YHR045W	-0.0332735424022565	6.56043856010031	0.713670794371712	0.757118195828963
YHR046C	-0.330955105149696	6.38828301772542	0.00027882244983004	0.000585669662080886
YHR047C	0.0913106549857306	7.15855989488901	0.319977303702812	0.379578443145483
YHR048W	0.28758717255529	4.67201410253168	0.00383766513840713	0.00674423934875875
YHR049C-A	0.0403510894883164	2.93878179582336	0.781367729567461	0.817255182699996
YHR049W	0.867012774362916	7.34043050438289	1.30401806316028e-09	5.19533240273003e-09
YHR050W	0.050710956781276	6.68357603250175	0.642823903549447	0.694083568272139
YHR050W-A	-0.475904596161861	6.31099890388437	5.34379284037471e-07	1.62256982607741e-06
YHR051W	0.0162721325637518	7.20849682484919	0.854141789037792	0.880353237732763
YHR052W	-0.609797550259172	7.67353478163776	4.68151666896922e-05	0.000110590484140837
YHR054C	0.943869245465975	1.19212893430997	0.000112031071976829	0.000249733335085168
YHR056C	-0.282245388447839	6.13362711825443	4.4168004044663e-06	1.18438019766509e-05
YHR057C	0.262496396376232	6.33207832698018	0.000305189691055086	0.000638413508219615
YHR058C	0.274769838205884	5.13152845890788	0.000392496628629687	0.000804531105121608
YHR059W	-0.225355903967219	5.9185425946993	0.0263431638418587	0.0397029583898858
YHR060W	-0.319449186509548	5.61404275017749	7.48083979301173e-06	1.95478711828026e-05
YHR061C	-0.377661740253045	4.70272555716895	0.088191916406298	0.119713208723112
YHR062C	-0.947905507413131	5.90673943037605	3.95310943656326e-09	1.50704463745202e-08
YHR063C	-0.139012970399161	7.49242150043831	0.0206746879387478	0.031879000740639
YHR063W-A	0.124817793597649	2.21470141911788	0.436213855180819	0.498225662382265
YHR064C	-0.0651142925567364	8.84434766607934	0.39997924372379	0.461284330187497
YHR065C	-0.388594848556648	7.3126801952973	2.86543352359105e-05	6.97731322147809e-05
YHR066W	-0.780422405270885	7.13778383396912	3.61609658694045e-07	1.12467525507946e-06
YHR067W	-0.223091024898803	5.59659813557202	0.0578315803018102	0.0815392731647474
YHR068W	-0.267896284492285	7.98799266885025	0.000954400470443845	0.00184496965540463
YHR069C	-0.199635577492513	6.60172662390695	0.0412020870272203	0.0597460075271704
YHR070C-A	-0.402451485708472	3.20432898127621	0.00140523300023834	0.00265418184022396
YHR070W	-0.240279113232587	5.60425870224878	0.00788693899976322	0.0131821732739996
YHR071C-A	-0.125985771113559	0.90737367913899	0.726398964011533	0.767641162179177
YHR071W	1.66216197243519	7.693485744605	4.30946719122372e-33	6.38140806739827e-32
YHR072W	-0.195263121323633	8.47998756090895	0.000379138965620102	0.000780076475464769
YHR072W-A	0.0376278477561204	7.52708334771732	0.740475226307068	0.780458811458291
YHR073W	0.278472149345381	7.58988508632806	2.22306628034815e-08	7.81034497098449e-08
YHR074W	0.299344377208269	7.56285019823115	9.3295786501349e-09	3.41606016765227e-08
YHR075C	0.484937658534358	4.60703872650654	0.000676993376060743	0.00134016601148409
YHR076W	-0.0837770828805194	6.55292978500184	0.17360144891586	0.219909800017309
YHR077C	-0.348919447395761	7.58775885265735	5.9079496451343e-09	2.21714065334254e-08
YHR078W	-0.033686816172405	6.25925899404341	0.671864214780828	0.719623669920245
YHR079C	0.478216002008578	6.22711656273281	4.41769717957055e-15	2.82845531880491e-14
YHR080C	-0.196716330237217	6.36649426422214	0.118382436783405	0.155736369790335
YHR081W	-0.971195685838596	6.40864445427942	3.91644928117414e-22	3.73148860196813e-21
YHR082C	0.292431822248011	7.58623064179246	2.69827764003184e-06	7.45841157327422e-06
YHR083W	-0.381085842671935	6.66744511434717	3.54906429451002e-06	9.67224593771272e-06
YHR084W	1.12753045830425	7.32838418384319	2.47796222418084e-16	1.7403631882915e-15
YHR085W	-0.616390694392816	5.45786469692804	1.18484743290303e-05	3.02475701342378e-05
YHR086W	0.300608513922796	6.4511493865608	0.0241931092849338	0.0368038899344692
YHR086W-A	-1.85382154541694	0.576920921838412	1.09143668367397e-06	3.18066764044979e-06
YHR087W	6.61648958322346	7.71699845150294	3.38266051863831e-114	2.11839114979724e-112
YHR088W	-1.13633311546651	7.13708261486019	3.3644397477595e-13	1.86081064981878e-12
YHR089C	-0.348375651619322	8.05708402383666	0.0164067816089697	0.025828114960232
YHR090C	-0.13439191046352	5.47078032954845	0.105909753084705	0.14140116267938
YHR091C	-0.570319730989043	6.70901893170153	2.01134595922056e-10	8.78794469973403e-10
YHR092C	0.0291545073583365	10.1262649236712	0.863922569105884	0.88848798434193
YHR093W	-0.585099867374099	1.57180875840593	0.0163222055803558	0.0257151729426361
YHR094C	1.17998281063784	8.30986642734009	0.000152488975700578	0.000332522205989072
YHR095W	-1.32245244576398	0.749087150407946	0.000448738489616213	0.000912966429635423
YHR096C	2.24128491674699	5.92424969128347	2.34597464259704e-104	1.19525419926215e-102
YHR097C	3.84735674349736	7.61591985917292	9.54142999067579e-126	7.35424065435164e-124
YHR098C	0.162807028145345	7.53111648874669	0.0698658181139319	0.0967595711819762
YHR099W	-0.883331752681268	6.94812619484944	2.2189029307845e-22	2.14470167522129e-21
YHR100C	-0.171778805085817	5.6249750815774	0.0281067484081217	0.0420447303880637
YHR101C	-0.223140680784248	5.26223529473439	0.00252460941059708	0.00457304964643255
YHR102W	0.0404490486339367	6.80181718235821	0.552425022463859	0.610062313565893
YHR103W	0.230349742464282	7.09560357493223	0.12269168354707	0.161017769370221
YHR104W	1.63320740962869	7.80621961958457	6.20230427547867e-50	1.42866870897233e-48
YHR105W	0.924197585866617	4.20015365203682	1.45496588020424e-14	9.02709481092665e-14
YHR106W	0.963599377023349	5.91771800752254	1.63346551759355e-47	3.54526884179509e-46
YHR107C	-0.260253656107366	7.34156102656234	0.0149032903704517	0.0236158623371523
YHR108W	-0.013057534954897	8.30891415916926	0.86702086893289	0.890726155848349
YHR109W	-0.37376465715487	5.15020740330717	0.00169261571290081	0.00316025020681977
YHR110W	0.129927686578481	6.24124236870366	0.584474196025079	0.640561126910882
YHR111W	-0.0161335041021305	6.25137255147462	0.818442291382362	0.850525194052103
YHR112C	0.627127315718037	7.59304564726347	2.44119503480618e-05	5.99283975061444e-05
YHR113W	0.820857095134572	6.63797697645917	6.97253082740911e-10	2.86918927682297e-09
YHR114W	-0.12779082538205	7.045737414193	0.0113630079687795	0.0184284877011876
YHR115C	-0.0600582155839542	6.85662671841837	0.307063018773387	0.365846783366152
YHR116W	-0.380797064564993	5.22937026412891	0.00476015796074291	0.00824015826662436
YHR117W	-0.396404881261927	7.3287360171924	5.91099815631093e-12	2.94179808905143e-11
YHR118C	-0.125441783806574	5.3708329766857	0.117787373114286	0.155157249597521
YHR119W	-0.431902347731492	6.73548026605962	2.51648190456051e-07	7.97106913077861e-07
YHR120W	-0.895153876701917	5.68911880098192	6.55607994188641e-15	4.16650661845889e-14
YHR121W	-0.400179229783447	7.29182122032674	8.91028735199356e-12	4.3872766224558e-11
YHR122W	0.295244196611129	6.23286618291446	0.00271935816543978	0.0048904520761663
YHR123W	-0.0831359651005949	6.85755916132666	0.455147935764215	0.51765974078972
YHR124W	0.584991484811821	4.42631644733872	1.00542479785295e-09	4.0814408404402e-09
YHR127W	-1.24111804146569	5.72900690374251	7.6124283082477e-19	6.02183144594542e-18
YHR128W	-0.315838095484859	7.1606089713907	0.000365878761962012	0.00075382560552283
YHR129C	-0.268803201423091	5.23208381622701	0.00188199883177923	0.00348802981287316
YHR130C	-0.139114333732828	1.66306915031983	0.481175264730896	0.542540452280973
YHR131C	0.211509763586983	6.04649850644372	0.00347150333027975	0.00614566490625496
YHR131W-A	0.228464207175333	1.13529768851187	0.289452436802385	0.346651005987238
YHR132C	0.519856744102042	7.47415433655447	6.86315504217151e-23	6.8087934180751e-22
YHR132W-A	0.120631978957307	5.89074798534712	0.0412244345085979	0.0597639981349627
YHR133C	-0.191284421490299	6.34862372090628	0.0324221728326807	0.0479395236276627
YHR134W	0.0734308284041926	4.85881016973462	0.328879096422894	0.388987040663867
YHR135C	-0.339365897718263	8.09638640238906	0.0001005746357732	0.000225449183545294
YHR137W	0.881711301761348	4.01702928636431	0.00107620355542997	0.00206911921178286
YHR138C	1.98088110556726	6.19877567525027	4.91045616043885e-58	1.32384136486809e-56
YHR139C	0.326534862600938	2.49619704328081	0.0800785042672165	0.109491009245964
YHR139C-A	0.21476422901033	0.752575509651336	0.400712887605673	0.462041787549925
YHR140W	-0.444210521769138	2.41596576147192	0.00609321236326451	0.0103277115105572
YHR141C	0.0388702589986981	9.67984927474105	0.652576382725536	0.703224451146428
YHR142W	0.169973255586322	7.04523513515019	0.0232558268742386	0.0354948035460579
YHR143W	-2.8231234802783	7.76630886173296	0.000130862380666311	0.000289229737987913
YHR143W-A	-0.632965300543412	6.59874709923711	1.86173347543392e-11	8.91851924646112e-11
YHR144C	-0.705610332598195	5.96523138615514	1.01871333649427e-18	7.97461533724423e-18
YHR146W	-0.557129173718483	7.79978621727476	0.00035808601185623	0.000739798317278232
YHR147C	-0.0735448897537563	6.37000938619613	0.349879326294684	0.410514150992123
YHR148W	-0.722548681830358	6.07070582665477	6.92253177281822e-07	2.06235188395358e-06
YHR149C	-2.14835481342688	7.08322172269197	5.36806297145744e-15	3.41872823987311e-14
YHR150W	0.332128345459878	5.27940545682455	4.29649358365459e-06	1.15521106551571e-05
YHR151C	0.0148635869503337	5.59099562849984	0.861170859837445	0.88607893365441
YHR152W	-0.427977120051291	6.80773512218683	0.198914440886629	0.248727610498572
YHR153C	-2.25869529870057	2.45711137372358	0.000202134160309309	0.000433082883741827
YHR154W	-2.15636376468702	6.8340028420844	1.64163984465937e-07	5.30620362693124e-07
YHR155W	-0.322257409876687	6.59017407468268	0.00252225968206046	0.00457154814849186
YHR156C	0.122333338647915	4.96083585188172	0.194163566783374	0.243748457611536
YHR157W	-0.614969266743191	2.14190308198037	0.00063970752227209	0.00127264117270013
YHR158C	-0.897509020902956	6.89304356105839	6.76275809470946e-11	3.08246411413141e-10
YHR159W	0.0206641194235157	5.01431680006863	0.900200820792921	0.919158854382989
YHR160C	0.0263580638693553	3.31373723485609	0.892550314353581	0.912742386442206
YHR161C	1.11275440243781	8.22673879060377	1.15110291769723e-17	8.70494432854808e-17
YHR162W	0.685185131574356	9.33421545816598	4.72760133675011e-09	1.78869346988934e-08
YHR163W	-0.085816006686825	7.84745062438272	0.33145828923553	0.391806377287457
YHR164C	-0.114501099976477	5.74394919398892	0.159466185650576	0.203850884144432
YHR165C	-0.297811842222514	6.54003517742148	9.59174476360913e-07	2.80611043887193e-06
YHR166C	-0.130832719669374	5.34749044863196	0.0725317611062528	0.100174809963426
YHR167W	-0.497549895487111	4.70591838852447	7.60752093200137e-05	0.00017350688863123
YHR168W	-0.607886503908614	5.29810576679228	5.08542366036066e-11	2.34639808488782e-10
YHR169W	-0.617455312625777	6.64413356883818	0.000277340846033658	0.000582997610613411
YHR170W	-0.280043628221362	8.21938959420334	0.0638105565282213	0.0889471518311307
YHR171W	0.815784368579331	4.94169306992296	2.81203528182625e-16	1.9612478090881e-15
YHR172W	-1.7112143894987	5.88740560852432	4.58354140845748e-10	1.91762358717094e-09
YHR173C	-1.33408676592316	2.6958403060746	6.68537518068003e-07	1.99664558302277e-06
YHR174W	0.302110361859447	12.9540074012801	0.000937017426741172	0.00181369889554666
YHR175W	-0.327216500154281	6.24982273120605	0.00140173895070872	0.00264841438455715
YHR175W-A	-0.425504813583359	3.02687149576471	0.00123377885256868	0.00235102328419744
YHR176W	0.387221692575311	5.67688638224408	0.0242311128385423	0.036824431341081
YHR177W	-0.94762204152146	5.80185373401811	9.12642772003525e-20	7.51617581545917e-19
YHR178W	-0.909445610389325	5.22399221343699	9.53798628706131e-14	5.49256451703186e-13
YHR179W	0.550881184803015	8.96749192207645	1.10780699127722e-07	3.63148071513557e-07
YHR180W	0.574075309586715	4.07821532463769	2.33227471801842e-07	7.41101247607121e-07
YHR181W	-0.0260943171219698	5.94096609392612	0.709682450249724	0.753418839996705
YHR182W	-0.407741387174835	5.60331899410723	1.19384635760997e-06	3.460657811934e-06
YHR183W	-0.388951945970585	9.84464271142107	3.75582820628101e-05	8.97457836890358e-05
YHR184W	-0.774598307048632	3.24321906465023	5.68195253026949e-09	2.13766574543055e-08
YHR186C	-0.220064398143692	6.68897814498457	0.000244057737030411	0.000517557359797825
YHR187W	-0.292259354631845	6.4030204134852	0.000928113601070819	0.00179762209073382
YHR188C	0.276252877511675	7.15544533824015	0.00400028869924972	0.00700545751817341
YHR189W	0.346643397591093	3.5177337367252	0.0174845913067867	0.0273174020104993
YHR190W	0.116479668177424	8.74638727557	0.110152143433961	0.146471964730428
YHR191C	-0.234622383285717	4.77543002436819	0.00319966245578667	0.00569291822556658
YHR192W	0.044811804647066	5.75577206021971	0.507747197743821	0.567287893112034
YHR193C	0.0079445170363639	9.48600849146035	0.895353187655496	0.914519769654237
YHR194W	0.0763797634934625	5.46258661495192	0.407910465604661	0.469350759658416
YHR195W	0.993547568903209	5.96133525719454	5.63153144359276e-43	1.09215377544773e-41
YHR196W	-0.741009038673399	7.69520858764005	1.18720571360812e-09	4.77743022102544e-09
YHR197W	-0.46367158543127	6.85436954243784	0.000186929023748956	0.000402513356296104
YHR198C	0.203952797326445	5.91212794317835	0.0123024229501986	0.0197759804215491
YHR199C	0.508743198215496	6.32836189295386	5.63093858368854e-08	1.90186532388402e-07
YHR199C-A	0.0577770277922848	4.22646128041234	0.498493378282686	0.558062328179718
YHR200W	-0.149172400446355	7.9270990308322	0.0931757366827028	0.125909761505149
YHR201C	-0.205828860938847	7.59671887100582	0.00137538787993609	0.00260189802837501
YHR202W	0.0944570325838059	5.12002905717042	0.313651611231252	0.372883821776209
YHR203C	0.0136639119092521	10.2457382089102	0.864450306683576	0.88884474838065
YHR204W	-0.329437477617492	6.51037906125527	0.00225860501860775	0.00412226271155731
YHR205W	-0.194191445929505	8.37452650499663	0.0640379037273586	0.0892226830148041
YHR206W	0.064205858111223	7.37986187345672	0.362645580161768	0.423098239459063
YHR207C	0.0223102521646172	6.19605180374626	0.819727631297642	0.851157602653096
YHR208W	-0.142721453208179	10.8352455417099	0.110170696026447	0.146471964730428
YHR209W	0.350089204052981	5.35202019425366	0.0593347087656654	0.0834043182368905
YHR210C	0.570879437028383	3.36170694059144	5.71485460235705e-10	2.37113222010839e-09
YHR211W	-0.425585761222828	5.2677695315858	3.18881080424755e-05	7.68998417775222e-05
YHR213W-B	-0.850596394505267	1.66988209531799	0.00157161514521835	0.00294898572192657
YHR214C-B	-0.886943946477095	1.9011568083369	0.00174962249998675	0.00325556498604776
YHR214W	-0.0579046914930689	3.08307302661704	0.693335297532193	0.739250604376881
YHR214W-A	-0.318026840308182	3.92293091426479	0.0210644525369979	0.0323866596254947
YHR215W	-0.630196140531394	3.21008490669906	0.000104659649005204	0.00023408251853396
YHR216W	0.11958971387998	8.28260044280452	0.221641871925818	0.273391656548629
YHR219W	-1.12606234022088	1.25770696662989	0.00514939534033265	0.00886799335035231
YIL001W	-0.220862722999001	5.38318798880865	0.00991035770465538	0.0162390489289692
YIL002C	-0.370590369850433	6.90164977266092	5.64317803762714e-05	0.000131194069459452
YIL002W-A	0.0671839526364592	6.17418030514489	0.349663189678349	0.410340639536645
YIL003W	-0.0433181205786581	5.57209907307506	0.690730984647755	0.737255390544927
YIL004C	-0.651775325278203	5.46264986480924	1.77090877361724e-08	6.27753746874223e-08
YIL005W	0.0436665457756813	7.09369737747808	0.470925712010084	0.532682103594473
YIL006W	0.339272485696363	4.78148411808496	3.71909178145517e-05	8.89032993642485e-05
YIL007C	0.797173695693826	5.27621053229563	7.91602134686303e-23	7.8403822631533e-22
YIL008W	-0.599752228874518	6.66846561127053	8.07530301558001e-09	2.97844918586914e-08
YIL009C-A	0.650339783808876	5.30853340745802	1.38259499581655e-13	7.87136469209197e-13
YIL009W	-1.79945828063706	7.06053626404333	3.02666857135658e-20	2.56647834287669e-19
YIL010W	0.491210722431318	6.25196268802772	4.02147053839714e-08	1.377611445974e-07
YIL011W	-1.28579205679774	6.9005472476055	1.17218865475476e-10	5.21628289591831e-10
YIL013C	-0.862059732301299	5.82864431454253	3.74126458386192e-17	2.75643170075709e-16
YIL014C-A	0.373095524855662	5.4130487327714	1.34356006871599e-08	4.82525874141011e-08
YIL014W	-0.0715854697730305	6.62333069030102	0.268653497975324	0.324391409887055
YIL016W	-0.864809277758723	5.4599094563674	3.77481190381831e-21	3.37209051497113e-20
YIL017C	1.02679029986465	5.94427912723537	6.32662112801774e-29	8.00750446771424e-28
YIL018W	0.139154259260467	10.6981564727256	0.140274675846585	0.181830821731279
YIL019W	-0.814930318946707	6.28861000264056	0.00168106564063515	0.00314258912670973
YIL020C	-0.811835221305401	6.18665080547464	1.81437730288184e-17	1.35672093842359e-16
YIL020C-A	-0.742592693865188	1.95350085163054	0.000129795838949874	0.000286992491271291
YIL021W	-0.674714852135332	6.44177792886961	7.32642933486298e-14	4.26393931860564e-13
YIL022W	-0.358994527421384	8.54393762569336	3.16791690180831e-07	9.92988342735742e-07
YIL023C	0.286517413633372	6.45547929442021	1.4599220886698e-05	3.68645539022807e-05
YIL024C	-0.00740888296445906	3.93093436641608	0.968205119520536	0.976966577064097
YIL026C	-0.770218436965627	6.82636210998982	0.0247020625516997	0.0374549306584662
YIL027C	-0.0234340050006764	5.61127286045507	0.773490291905002	0.810541914369781
YIL028W	0.217115263110025	1.45059255677814	0.273313315881926	0.329554684131998
YIL029C	0.998451948316309	2.96186019377737	1.16758235108195e-21	1.0799238607238e-20
YIL030C	-0.195709469883782	7.97355180597455	0.00270459469226968	0.00486827044608543
YIL031W	0.280223773568209	6.04571249666956	2.86648682801452e-06	7.88349442361542e-06
YIL033C	0.546792291012738	7.78628867501051	1.16339821441599e-12	6.15699829671561e-12
YIL034C	0.560456470303786	7.47378061168224	1.68237786757503e-14	1.04058186624085e-13
YIL035C	-0.324654107721922	7.70815121736656	1.26002530320584e-08	4.54153004968435e-08
YIL036W	0.477697142311828	6.60694533067306	1.59282933532564e-11	7.69163852528334e-11
YIL037C	3.55220065044188	5.72852363852994	8.11214915275762e-209	1.28342738700997e-206
YIL038C	-0.391476617338044	7.5776575576743	6.11449059008862e-06	1.61300208107121e-05
YIL039W	0.220605123640803	7.71861930154605	0.000145790371319401	0.000319421177978222
YIL040W	-0.402383576700143	5.83003161376038	9.00229397976e-09	3.30413866949433e-08
YIL041W	0.318396781156474	7.77369391800417	5.14661551172955e-07	1.56983523371477e-06
YIL042C	0.89984251682316	5.25769513745983	6.55016799115148e-37	1.07889342363843e-35
YIL043C	0.310654242327939	8.39671564402312	1.44766326478388e-08	5.18365190463413e-08
YIL044C	0.0111532234234191	6.78729557342073	0.859696072694635	0.884712904662811
YIL045W	0.78617025125094	4.97591954553278	1.83531830509039e-12	9.52021885263453e-12
YIL046W	1.34187907838855	7.6062150540688	4.72777052347839e-93	2.15328457478425e-91
YIL047C	1.18141778045467	6.63912591198873	7.66079807687989e-31	1.06121470134106e-29
YIL048W	0.280194538737168	7.14634191218805	3.50433332555656e-05	8.41039998133576e-05
YIL049W	0.122340275048895	5.09488449748306	0.233670543736193	0.286348819596819
YIL050W	-0.133317473085461	6.75084617096334	0.151227691326394	0.194685413330681
YIL051C	-0.0650393887055654	7.98658918251339	0.419209456598431	0.48133828362677
YIL052C	-0.0383400373220516	9.24646067789759	0.715742378550499	0.758846291577239
YIL053W	0.955202746804365	10.4510327928918	1.03077748946744e-29	1.36498552129477e-28
YIL055C	2.37469604196169	6.12992600597991	1.45041032770034e-229	2.81286028714015e-227
YIL056W	0.834267508509986	6.98394907324838	2.08133039025717e-21	1.89303453951983e-20
YIL058W	0.487007451741895	1.43551890717488	0.0211085535188491	0.0324315419768262
YIL061C	-0.015172063972925	5.24869011080531	0.836896067011148	0.866440357305153
YIL062C	0.347320301428727	6.60975752836007	4.15919872991139e-06	1.12030030305678e-05
YIL063C	-0.62127485355649	6.64112222361143	8.94058889030769e-19	7.02625103379475e-18
YIL064W	-0.535409133768099	6.215041793637	0.000250272672319418	0.000529057421232188
YIL065C	0.146532460836709	5.59441851604306	0.111826689555051	0.14837829565327
YIL066C	0.0458217161020908	3.58772761675594	0.746909112287791	0.786023925173676
YIL067C	0.332559661317718	5.63337184067786	3.79554022057058e-06	1.02926422219532e-05
YIL068C	-0.2656799212653	6.41519090267821	3.13978436072858e-05	7.58697089095669e-05
YIL069C	-0.302528968599219	9.2395424653578	0.00314211736885711	0.0055971584063908
YIL070C	-0.730741631567826	7.31338747457928	1.91244134309088e-11	9.14620229049175e-11
YIL071C	0.358481559980531	4.04879073096156	3.88111829227667e-06	1.05010275306784e-05
YIL071W-A	0.0927907212307448	2.66687338407562	0.459245533034426	0.521727918481287
YIL072W	0.0339677382518233	3.39645014705463	0.808438687573839	0.841616171375571
YIL073C	0.959416593228312	5.00554264840215	3.87812097808434e-33	5.75685514080076e-32
YIL074C	0.342039890504427	9.75489298643768	0.0347298622002808	0.0511629334839715
YIL075C	-0.0180226710304547	9.53353668269757	0.774337267156193	0.811030601070215
YIL076W	-0.157750561883945	7.58450067686297	0.0297162944244081	0.044265203686705
YIL077C	0.370859553726518	5.53021831060142	2.51590796336855e-06	6.98321268502851e-06
YIL078W	0.116800074639997	9.43594017387808	0.224946201688692	0.276899378491486
YIL079C	1.63755273144653	6.84657062474851	5.11287485226638e-30	6.86129544906819e-29
YIL083C	1.83152459511217	6.68825589384101	1.93185196788451e-83	7.90088029314398e-82
YIL084C	0.356689911350042	4.69608330107214	8.89367678068835e-09	3.26626663442262e-08
YIL085C	-0.0477513879892195	6.90025583881574	0.531937163851162	0.590582867788215
YIL087C	0.929560134491413	4.98327262098349	3.05489677648274e-35	4.82048278745781e-34
YIL088C	0.252313970200895	7.17938241333783	0.0023400164316095	0.00426308448085949
YIL089W	0.202220052928599	4.12517486359107	0.00768059663575268	0.0128515855758823
YIL090W	-0.0190939602577492	6.53025289957602	0.78717097780873	0.822895482278923
YIL091C	-0.857816326836405	7.13704201119654	7.71474544940722e-10	3.15947204644661e-09
YIL092W	-0.606708023873069	4.97522488183747	7.39558920392459e-11	3.35817842099658e-10
YIL093C	-0.70506950862677	6.59303024464615	5.09366594587368e-11	2.34839874743808e-10
YIL094C	-0.424971741752532	10.294901940607	0.00462219139162766	0.00801980220677214
YIL095W	0.226639587459087	6.4839311749319	0.000557886995635379	0.00111987199257426
YIL096C	-0.992966831930506	5.96785378904838	3.86154286898407e-07	1.19606366451995e-06
YIL097W	1.06782230700649	5.34814038498891	1.34198094332871e-20	1.16589442648731e-19
YIL098C	-0.357823408579596	5.18656368066791	0.00041485631880912	0.00084833883968722
YIL099W	0.693902587562286	2.79289828960791	1.49796018233687e-05	3.77440763462248e-05
YIL101C	1.56329780589112	5.01745806111471	1.03148117396659e-70	3.48385663926244e-69
YIL102C-A	0.561425714859095	3.81816505665253	4.76481912909505e-08	1.616596648088e-07
YIL103W	-0.354777847177885	6.48902559347395	0.00276227903190085	0.00496170347767789
YIL104C	-0.453979541589773	5.81925032364373	9.39750561781412e-05	0.000211510285985268
YIL105C	1.47908144732182	6.9390827622575	3.63672169899093e-123	2.63421335594379e-121
YIL106W	0.152797545838792	6.58782883342306	0.343524424153942	0.404272665558246
YIL107C	0.441059435022553	5.91762010768722	1.53398947513225e-05	3.86033684574931e-05
YIL108W	1.9163275618118	7.58631566469936	3.38468671311407e-35	5.32689437676486e-34
YIL109C	0.356803651505808	8.79102511225616	5.61550904867759e-12	2.8016962988091e-11
YIL110W	-0.262594811396217	6.41131417440029	0.00255641629267435	0.00462648246585135
YIL111W	2.09891628620176	4.27564634333736	2.68204255140159e-62	8.22675500970732e-61
YIL112W	-0.224755456555411	6.77589950519961	0.000116523661567103	0.000259075537478337
YIL113W	0.499331502282439	2.85828504919895	0.000555889996249673	0.00111698217160863
YIL114C	-0.415379065461683	5.12993403197056	1.0192003739218e-07	3.35565862432524e-07
YIL115C	-0.261273333621065	7.3231533667252	0.000305299614667331	0.000638421315958258
YIL116W	0.16929455866205	9.40070091997324	0.0228168642246407	0.0348779526362928
YIL117C	2.05672155489781	7.01853655356235	3.36486406794915e-31	4.74872365645781e-30
YIL118W	-0.89516801109397	7.27821412803717	2.98834193623036e-20	2.53755815262951e-19
YIL119C	-3.57357020476631	6.27747221168814	8.47049441136633e-71	2.89344388642809e-69
YIL120W	0.00491511779455218	4.77903460864457	0.969767029382381	0.977735935040563
YIL121W	-0.00262616470680527	4.19330159596834	1	1
YIL122W	0.642854969203588	5.52911374392788	0.000113846531337843	0.000253404422955614
YIL123W	-0.683548012731336	8.478772683341	0.00544174722625729	0.00932605026347173
YIL124W	0.149836019174326	6.24954097286187	0.217228824144651	0.268664820151747
YIL125W	0.329346518348276	8.12355736792759	8.96717321874219e-07	2.62978758005259e-06
YIL126W	-0.524216635453263	7.72162573938058	6.30678901735809e-11	2.88557196136658e-10
YIL127C	-1.40192101548618	6.49095631073456	3.02425593169943e-18	2.33699571482995e-17
YIL128W	-0.287693464058029	6.9100343106217	0.000148496283913905	0.000324642194611216
YIL129C	0.0189776228844052	6.33026217845683	0.735263122255922	0.775781307652265
YIL130W	-0.675175008968295	6.87339428108158	1.52954304632497e-20	1.32501625281062e-19
YIL131C	-1.22761492702321	7.00861825041035	8.64751934277076e-05	0.000195446940935104
YIL132C	-0.438910188285893	3.51922027326402	0.0744259410619229	0.102578807350821
YIL133C	-0.507136749265713	9.52648515734931	1.32138439546649e-06	3.81015011297101e-06
YIL134W	-0.494839029620593	5.78145001532679	5.77508412092464e-14	3.4005686322232e-13
YIL135C	0.258831506926834	7.24049708520137	3.67867147840604e-05	8.80070550265704e-05
YIL136W	2.06715163182937	6.7410214010009	1.12914057767304e-39	2.00247585633343e-38
YIL137C	0.192383401547587	7.4469857647398	0.00155480669504525	0.00292109307831626
YIL138C	-0.604532241816211	7.64406346752462	4.1656517517695e-15	2.67563016363656e-14
YIL139C	0.1852640001653	4.9070170909954	0.0205022778766886	0.0316456212053021
YIL140W	-0.195942804542945	7.06796359632716	0.75721690470333	0.795454836812235
YIL141W	-0.00757726857311946	2.63387669598705	1	1
YIL142W	-0.316787174446736	8.59270885078578	4.63213715244712e-07	1.4208371714547e-06
YIL143C	-0.171368395970622	7.16393880058659	0.0178725029134068	0.0278799915711992
YIL144W	-0.161275111738718	6.36042541631645	0.0822594560900025	0.112217801228295
YIL145C	0.114741133165523	6.78665629229389	0.0779046554341368	0.10683457766196
YIL146C	0.351677991644168	4.97276713777364	1.68623678173639e-05	4.22402313824967e-05
YIL147C	-0.181381615235267	6.57059286865196	0.0398945072127739	0.058088103018454
YIL148W	0.0231765514565066	10.0220813683941	0.736171003611716	0.776466679598884
YIL149C	-0.768010722608087	7.04196209885271	7.47003432547786e-21	6.57538014125518e-20
YIL150C	-0.13032001843888	4.19425776979094	0.108809510736722	0.144982885316749
YIL151C	0.119358174426518	6.41402657007105	0.0471463946164682	0.0675188481262999
YIL152W	0.646585942805412	4.80382912008036	1.05039020855654e-14	6.59868958604169e-14
YIL153W	0.956259139797835	6.22753642408671	1.03335525864716e-55	2.66632266737628e-54
YIL154C	0.492837281849541	6.5178690587423	1.58630851619351e-07	5.13287771762938e-07
YIL155C	1.94992832880735	6.98326270070466	1.06191866208717e-39	1.89443768441189e-38
YIL156W	0.0274508533808175	6.03215447695302	0.80739342104202	0.840673579373853
YIL156W-B	0.268154084444608	4.65096958524221	0.000738223409338846	0.00145324136769651
YIL157C	0.255754537663596	6.05452973520323	0.00751626644929813	0.0125871292181561
YIL158W	-2.45759501746686	5.8811232004623	3.29812217220113e-23	3.31577098650054e-22
YIL159W	-0.532944317735815	5.20838225188646	0.000759082012634047	0.00149137289541042
YIL160C	1.26794306613615	3.84575521454807	2.62954693081331e-29	3.39245410902352e-28
YIL161W	-0.392782452909767	5.51634384762569	5.76023228674117e-08	1.94372947976841e-07
YIL162W	2.4243008696898	7.74276630378198	2.04729189280713e-155	2.19791408206366e-153
YIL163C	0.856330622692648	2.47737285132864	1.04890685104837e-08	3.82879659289788e-08
YIL164C	1.77745700035548	5.77821750000919	1.05117381503601e-104	5.44798015172113e-103
YIL165C	1.78860408279645	5.21501304817559	1.08640427930179e-169	1.30629250543248e-167
YIL166C	0.187243890669326	4.5109772635296	0.139639777716493	0.181164079333525
YIL167W	0.252954113300774	3.12240576262812	0.102074170259793	0.13667481327436
YIL168W	0.632790546459273	3.90716028765499	2.75278283619567e-05	6.71933837239479e-05
YIL169C	-1.66649773208652	7.87293755849665	1.03110325959099e-09	4.17159676760502e-09
YIL170W	-0.0949119875066445	3.30732239394936	0.460712270069766	0.523196480479681
YIL171W	0.0168808820257272	1.57797898151463	0.979515762912667	0.985581383536561
YIL173W	-0.228911462988747	0.820024114502216	0.507282954543648	0.566874558125727
YIR001C	-0.00495262957901549	6.83763325998601	0.962661148399845	0.972528789141298
YIR002C	-0.238627218499189	6.56428567905308	0.000422628721187361	0.000863058380359515
YIR003W	0.119384689803888	7.22515973798264	0.0297650504432232	0.0443268474770022
YIR004W	-0.662071510787572	7.37645019754682	3.55652986534268e-25	3.89469172139165e-24
YIR005W	0.66646945068415	5.37659020961307	1.24977486475775e-09	4.99909945903098e-09
YIR006C	0.0531409098768638	8.169207614018	0.452325255215519	0.514838969018497
YIR007W	0.383206471592547	5.56822552388152	2.28426802294808e-09	8.92914132247325e-09
YIR008C	-0.453573125325045	6.01216201323626	2.95059253490753e-05	7.17305391017552e-05
YIR009W	-0.140128314469831	4.73323086908909	0.214444033677693	0.265931833842881
YIR010W	-0.683941793146674	6.16117599778069	3.08185210714326e-05	7.46197940722726e-05
YIR011C	0.31363231603115	6.78383353463815	1.00343859025282e-06	2.93113999998046e-06
YIR012W	-0.306542160534399	7.58190902068135	5.88214909438506e-05	0.000136433180383654
YIR014W	0.842169038007905	3.32870253494668	3.02773173557787e-15	1.96573684603609e-14
YIR015W	0.114984212841719	4.56744882592131	0.316664860904126	0.376168572170639
YIR016W	1.06920094959231	4.8317842973415	4.61333750843317e-37	7.61961129140116e-36
YIR017C	1.06808755241841	2.32342956773604	1.71484343383146e-05	4.29210604670887e-05
YIR018C-A	0.129222082315661	3.83620591615879	0.357574311221257	0.417922415102076
YIR018W	0.356583798509931	5.63185962912821	0.00360909141742618	0.00637609685617579
YIR019C	-1.00944344068408	4.30459702607109	5.23643521985968e-11	2.41237153576984e-10
YIR021W	-0.630326477680516	4.05176044049287	1.35863229022789e-05	3.44064756901857e-05
YIR022W	0.114313831249485	6.49808119912692	0.0727533086718935	0.100434647930063
YIR023W	-0.588960972239652	6.4032027009833	1.37422305420257e-16	9.73124735202102e-16
YIR024C	0.518938209704558	5.36074254821291	2.25257084133929e-10	9.79917214047165e-10
YIR025W	0.57383683949729	5.20506293631453	3.98905411828012e-16	2.75340911126292e-15
YIR026C	-0.34492555079344	6.61733834917226	0.0618477463677708	0.0865242793102796
YIR027C	0.0770236991781977	3.86614625161238	0.453761624275038	0.516376090316398
YIR028W	-0.209684389942919	4.14670811588035	0.023015730692916	0.0351729976933937
YIR029W	0.307847935093696	4.00572417409156	0.0103273376201022	0.016885491915163
YIR030C	-1.27133921884598	4.82968822037296	7.27179734129598e-16	4.91766542360759e-15
YIR031C	0.281930558565991	5.30361057679924	0.000210361126333682	0.000448949624252076
YIR032C	-0.276645888108064	2.98791839476954	0.138979870521907	0.18038579049605
YIR033W	-0.255205462499685	6.56493175942582	5.6287483361733e-05	0.00013090922629429
YIR034C	-0.25574034163026	9.89636413612019	0.08996215378913	0.121895981199065
YIR035C	-0.0535590973713122	6.43186194473517	0.620770257679444	0.673415876789754
YIR036C	0.805900286584683	4.65360017506892	6.09957327753941e-13	3.30663972448755e-12
YIR037W	0.59987264367936	6.91564405307011	1.39570103678591e-13	7.93846228302449e-13
YIR038C	0.629215002452554	5.29945980348668	3.78689277774074e-08	1.30021698342532e-07
YIR039C	1.12254548536246	4.98448065071707	1.2026598306853e-20	1.04636626658177e-19
YIR042C	0.262407461940578	5.07093442475005	0.000845711980039029	0.00164971460869391
YIR043C	0.127887489368708	3.72848741421827	0.264152726988634	0.319341684024868
YIR044C	0.718169651614728	1.67077540899202	3.11853037147271e-05	7.54471009790499e-05
YJL001W	0.101729300979343	8.03092591829662	0.147832675542295	0.190682266758266
YJL002C	-0.136901716025597	8.7651829155454	0.137753684496306	0.178948822642997
YJL003W	0.38386277960329	4.60613878122039	2.28311133367155e-06	6.35760321354023e-06
YJL004C	0.33383767159088	5.53823846094818	5.18644772361725e-07	1.57958073527796e-06
YJL005W	0.434506305087419	6.63845401715328	6.81718243117864e-07	2.03298118929792e-06
YJL006C	0.0456894426085263	5.53883982905345	0.674359873025538	0.721910889713237
YJL008C	-0.262602500483737	8.59850046786978	4.24182885397703e-05	0.000100837782009134
YJL009W	-0.14165740325048	2.87957211416265	0.28073270176258	0.337081087077418
YJL010C	-0.687300820775455	6.95041280083892	6.15387643683103e-09	2.30224674164456e-08
YJL011C	-0.508510839309811	5.15567652460237	0.0108190850252212	0.0176128727786704
YJL012C	-0.0737264804534284	7.66483749080688	0.241914199020006	0.295487233748126
YJL013C	-0.536987924922826	6.28527237846788	2.24864948725952e-07	7.15663351900701e-07
YJL014W	-0.21895637434492	9.09651041428246	0.00276502413901115	0.0049636682961287
YJL016W	1.10154618789588	6.00081641854744	9.44931920839037e-28	1.13846306775236e-26
YJL019W	-0.636424364876369	6.03281229445901	0.000203004380123865	0.000434482852725055
YJL020C	0.65112777779445	7.81716055488021	3.24380856927775e-11	1.52238697256033e-10
YJL023C	0.631212453758259	4.2585097953403	4.07776139784029e-15	2.62197877260062e-14
YJL024C	-0.0970182013372735	6.40689561608791	0.133600115370205	0.173966621963542
YJL025W	-0.60341609674451	5.55824143541741	2.3513897126804e-07	7.46780504629401e-07
YJL026W	0.507405512438053	7.5922639961193	2.77919780630122e-08	9.65253449536852e-08
YJL029C	-0.123203987571729	7.04586850033232	0.102958204626252	0.137761136430909
YJL030W	0.19364930774966	5.57191218162007	0.0158421468648686	0.0250112885902285
YJL031C	0.54687946632601	6.1263041201678	8.85378476597996e-13	4.73146257893969e-12
YJL033W	-0.843715293858202	7.29723944290681	2.46224926055623e-05	6.04205818549552e-05
YJL034W	0.137888063692016	9.72155440579184	0.375010825683156	0.43591745630455
YJL035C	-0.404432342922087	4.52682565389608	0.00588347703430134	0.00999193896333888
YJL036W	0.249724523264953	6.91620231852731	0.000390614063003303	0.000800945343375122
YJL037W	1.06219143940402	2.18896355853428	2.64965391994579e-14	1.61682315352022e-13
YJL038C	-0.574582902412485	2.32748486996626	0.000296567057288904	0.000621240818265118
YJL039C	-0.187703452853549	7.0085192183793	0.0117617723168932	0.0190136529091588
YJL041W	-0.337125768332613	7.59331043740792	4.85612575709541e-11	2.2475002349236e-10
YJL042W	0.896239229715906	7.15989778275803	3.33393607006682e-10	1.41251752313191e-09
YJL043W	-0.436287573599832	0.844126902804537	0.113420004282938	0.150194067345599
YJL044C	-0.112258009107487	6.64753944238859	0.206704008427344	0.257395297983676
YJL045W	0.326687121363891	4.05292318557175	0.000800625269424352	0.00156684867180313
YJL046W	-0.17490814161177	6.39058881914862	0.0554175366067379	0.0783852216334811
YJL047C	0.219495906976983	5.87873928400409	0.0163792901611016	0.0257915904789269
YJL048C	1.28856164943203	7.08006930662917	1.11188716624432e-25	1.23333314454997e-24
YJL049W	-0.384079709266158	6.00147197602162	5.59114427615526e-09	2.10481899738544e-08
YJL050W	-0.958879557462038	7.58026447832365	1.07996542319934e-08	3.93023736336223e-08
YJL051W	-1.87124868521496	6.67893218924751	2.28664094769608e-14	1.40278422219886e-13
YJL052W	4.0467670795794	7.16217914986827	1.18954999012138e-55	3.056228436158e-54
YJL053W	0.16730575170489	6.38142950875398	0.0188065321703919	0.0292081817123214
YJL054W	-0.123649552755782	7.34764010441576	0.0466943295371152	0.0669192632126666
YJL055W	-0.341518598238983	7.940119030598	2.43115265697284e-05	5.97062490756564e-05
YJL056C	-0.821582341428644	7.31488547734998	3.77469350554393e-06	1.02407298534883e-05
YJL057C	1.63118521410226	6.09906745535041	9.19730742320826e-82	3.66186835949192e-80
YJL058C	0.318059326195039	5.37718341950658	6.79356752230373e-05	0.000156306651144623
YJL059W	-0.243767505697423	4.54728451936408	0.0115467039324835	0.0187011810458219
YJL060W	1.17542279937236	8.46133699279853	1.82970782627145e-14	1.13054506182364e-13
YJL061W	-0.202567546029551	6.88193783160338	0.0118652156989898	0.0191551226590566
YJL062W	-0.116631373512671	6.52821527150254	0.0949260609844999	0.127958627497492
YJL062W-A	0.140114444095665	5.36981622169146	0.180571040181024	0.228161642195947
YJL063C	-0.330347727754771	6.88738391697862	0.00421724183978817	0.00736822375495683
YJL065C	0.137136463540801	4.34310068352114	0.0887634942840396	0.120380358140231
YJL066C	1.02002272985395	5.14794576074224	1.65326401514129e-10	7.29766759106418e-10
YJL067W	0.894739110145694	1.43662730069099	0.000535642132413411	0.00107773778449445
YJL068C	0.380882044313915	6.82619610261571	1.09971368710029e-05	2.81819210863042e-05
YJL069C	-0.622624678157027	7.24487944504845	4.18720758518187e-07	1.29227371674093e-06
YJL070C	0.928909989997052	5.88068718932004	5.95922315547962e-13	3.23347018147504e-12
YJL071W	0.0877661182762726	6.94587315855592	0.22784037969252	0.280003344789744
YJL072C	0.00724287732259126	5.94482921900495	0.888399900423513	0.90896191309499
YJL073W	-0.361059398466618	6.3512357468206	0.0731032442019778	0.100871403291781
YJL074C	-1.73431867749843	6.1320334373603	1.59501626970437e-05	4.00385712461906e-05
YJL075C	-1.25902002107931	1.04710517699593	5.42350623240829e-06	1.43956377347632e-05
YJL076W	-0.778587476933891	7.92218969266695	6.00228258950664e-36	9.72660995366951e-35
YJL077C	0.231679682506656	4.79202667968531	0.274250341707645	0.330485679363873
YJL077W-B	0.225509326597101	1.98962373044467	0.272863355741683	0.329144160256621
YJL078C	-1.2806113685868	7.53314276574406	0.00243976834838885	0.00443674752284143
YJL079C	-0.668301532866166	6.86828617715549	0.0534193774521936	0.0758340725484269
YJL080C	-0.169454283665633	8.56467519183193	0.0520057055658915	0.0738970224207374
YJL081C	-0.206392415052011	7.24416742736238	0.000759359980154646	0.00149143162387773
YJL082W	1.38465496834445	6.92840258963814	7.65000964436968e-21	6.7239558453144e-20
YJL083W	0.727390988115092	4.74133872739017	5.90481703907973e-14	3.47016227164685e-13
YJL084C	0.186244118811707	6.19076489698127	0.0458784004882036	0.0658441021091144
YJL085W	0.0187286086223854	6.48247595340301	0.841528434744015	0.870650680715029
YJL086C	-0.864450354089124	0.623535095106555	0.0144023794656188	0.0228945281193285
YJL087C	-0.452678039968752	5.93852149453577	3.49755663575445e-07	1.09006275241865e-06
YJL088W	-1.08827931637798	9.87354880675089	1.9137160864621e-11	9.14620229049175e-11
YJL089W	0.739299058076763	4.45655629597729	3.1622658283679e-09	1.21712817926683e-08
YJL090C	-0.462299336175025	6.25474010244407	4.5878048628378e-05	0.000108675661289917
YJL091C	-0.200727308871942	6.09337862003426	0.145218520829613	0.187714920862861
YJL092W	-1.40702881609466	6.17273518176535	7.22467300659008e-11	3.28801923661011e-10
YJL093C	0.216022891008655	6.36231824582446	0.000927205055304026	0.00179644111907438
YJL094C	1.29279451621205	6.95212799863817	1.77773071035452e-60	5.21352050275677e-59
YJL095W	-0.56641146551929	5.81135660266804	1.00062431161753e-08	3.65575998985234e-08
YJL096W	-0.237446673406393	6.51101798803852	0.00847760949303496	0.0140755007655692
YJL097W	-0.194838949176553	6.56568980071583	0.108629676894684	0.144775353023906
YJL098W	-1.24769236300464	6.99175275197821	1.58815066475624e-13	8.97364830499485e-13
YJL099W	-0.159267520213256	6.13171078008318	0.14885653121307	0.191838256302889
YJL100W	0.276961253654326	6.34797244649305	4.14228193394875e-05	9.85636431763917e-05
YJL101C	0.817891376526895	8.27638421798557	1.69012697977620e-12	8.81270026228495e-12
YJL102W	-0.406288343272749	6.50719609614795	0.00899091835993089	0.0148489110988593
YJL103C	1.22066425117915	5.85327700578723	1.56458087770242e-19	1.27802448868844e-18
YJL104W	-0.526926932559116	7.11122328195207	4.57351424337302e-11	2.12160244067582e-10
YJL105W	-0.379958849611089	4.89640012398653	0.00056669986725169	0.00113604521571096
YJL106W	1.8869510437351	4.82335817050326	1.92388397467087e-25	2.11838653035188e-24
YJL107C	4.29917731519325	8.52699963545737	2.13687483159625e-90	9.58723245340047e-89
YJL108C	4.29183596722254	8.051386448296	3.00528909039775e-84	1.26348237842456e-82
YJL109C	-0.441707839798516	7.56203370338499	0.000736512710857685	0.00145034864647114
YJL110C	0.121404296368915	6.64182457559539	0.128453143672529	0.167773256519497
YJL111W	-0.251313213876352	8.95776197856768	0.000688496661681191	0.0013611449950764
YJL112W	-0.592505927160902	6.81114765311899	2.35936427611693e-10	1.0226746956031e-09
YJL115W	-0.837683540729195	6.97265168106218	0.024977789218612	0.0378348371837478
YJL116C	0.639600679502224	5.00022421292703	1.27559283061448e-09	5.0922072361582e-09
YJL117W	0.114671163857787	7.24279602804474	0.0601805091813706	0.084435290828098
YJL118W	-0.611386988022863	3.98220501731934	0.000171284616924705	0.00037135345003654
YJL119C	-0.114268768624197	0.946378501580598	0.685966127719883	0.732769786754076
YJL121C	-0.052454841888875	7.47271045574155	0.371898595432	0.433221150113773
YJL122W	-1.51180921709124	7.09810298621948	3.33852017636458e-15	2.16517619205004e-14
YJL123C	-0.0499967447247703	7.69225108290517	0.623509406309645	0.675777636692552
YJL124C	-0.485066170842338	7.09628397903931	4.23324748672993e-14	2.5290115122558e-13
YJL125C	-0.488655468971058	6.81822252953471	0.00271815165691127	0.00488974499142745
YJL126W	0.0535130793781306	4.71304918044393	0.543654505837765	0.601924657292199
YJL127C	-0.291909844074591	5.72422751478241	6.59726153711739e-06	1.73578714928445e-05
YJL127C-B	0.659937852999956	5.47423515771711	1.64081750199928e-22	1.59879980907936e-21
YJL127W-A	0.318215038744729	3.34948691782209	0.00517494008997501	0.00890688228483532
YJL128C	-0.13774201429114	7.38200553818901	0.0714495403517801	0.0987708982742934
YJL129C	0.456775408865365	7.02634998038486	3.86604509764598e-10	1.62763747388289e-09
YJL130C	-0.369975460894529	9.38127376574991	0.000998248038542101	0.00192416390115906
YJL131C	-0.194966288879054	5.57738708032258	0.0140837492980258	0.0224295366303923
YJL132W	0.131830502357268	4.96902971394178	0.467919178656597	0.530079159993115
YJL133C-A	-0.0746610360435516	7.71109981014717	0.545807019665657	0.603863047889204
YJL133W	-0.148451333066942	6.39755519433439	0.0113029296407592	0.0183409481782037
YJL134W	-0.31426687648448	6.2279477861711	0.0352446617051586	0.051807067523573
YJL136C	-0.0621112606843841	9.56346428728239	0.522370234253632	0.581356876773943
YJL137C	-0.0648258406383525	5.45042467002098	0.708583480720313	0.752650863266877
YJL138C	-0.195033166733718	8.53681415950076	0.0411974186012422	0.0597460075271704
YJL139C	0.837025444944292	6.47458642132756	2.42222614608915e-56	6.30407947631514e-55
YJL140W	-0.373935434699516	7.74899995430974	1.02442641027693e-11	5.03585574700318e-11
YJL141C	1.40829933474353	7.01295108577404	7.57968172980474e-31	1.05240292285418e-29
YJL142C	-0.375473176835328	2.33125441241826	0.021401934551573	0.0328609140359216
YJL143W	-0.308303968844575	7.53960303749333	1.30726879548407e-07	4.25978319699199e-07
YJL144W	2.76343104286999	4.51875005561129	3.64477021877625e-50	8.49316223072978e-49
YJL145W	-0.217550922589592	7.11447266415852	0.0208479446086434	0.0320967587675196
YJL146W	0.0813591410491912	5.85592273494403	0.29358069151282	0.350971440564567
YJL147C	-0.120509477927797	4.78398498133097	0.153839025097857	0.197497377511919
YJL148W	-0.881600242869727	7.39818345290367	1.71805822974238e-09	6.76865404797586e-09
YJL149W	-0.169139778020236	6.92503748792913	0.299916217206981	0.358183611014774
YJL151C	0.560767011790118	6.64603379117028	3.20764962821779e-22	3.08550233037526e-21
YJL152W	0.218323689655074	0.883557192870313	0.421661860778261	0.483692254722172
YJL153C	0.74098112674981	4.21130826676803	9.63882882692217e-15	6.07428080790944e-14
YJL154C	0.59510003515056	7.15163509529205	1.70236298046364e-15	1.1197599823356e-14
YJL155C	0.772018183789016	6.14125166586322	2.15810580850195e-08	7.5918853836827e-08
YJL156C	0.0981516541927808	6.77192557552741	0.260361878318166	0.315456592593473
YJL156W-A	0.565225122216053	3.02903418412428	1.67154966622956e-06	4.74922334280344e-06
YJL157C	0.330349246539968	7.11546178257602	0.292960088649039	0.350432959203745
YJL158C	-0.738087610497095	8.91767505568165	0.00080694255067872	0.00157818432487979
YJL159W	-0.299860648491545	10.9047987812521	0.501213940440361	0.560613620451619
YJL160C	-0.0798415766291278	2.57454815489032	0.799106726058058	0.832766447748491
YJL161W	1.02717613577901	2.90560610878315	2.53536591508902e-11	1.20020628988309e-10
YJL162C	-0.379091188851723	5.18804441011526	6.77109378257306e-06	1.77996571144859e-05
YJL163C	1.74031319524359	4.86046219786106	8.9250086889255e-31	1.2306686293078e-29
YJL164C	1.63445312428005	4.43352958482452	9.89520601229483e-19	7.75619016244022e-18
YJL165C	1.67404775750386	6.96512645825495	1.33129681612743e-125	1.01313372893141e-123
YJL166W	0.46484176376832	7.54945846859322	1.06829064955821e-05	2.74703309886398e-05
YJL167W	0.143950842505843	9.54331628334658	0.0303776372715828	0.0451273425442935
YJL168C	-0.764367264670666	6.5547028023967	1.16551069403084e-26	1.36059228980843e-25
YJL169W	0.538175773872094	1.00284968372079	0.0416433893368387	0.0602841456039186
YJL170C	4.96934988667475	5.52081610479001	8.42129249789261e-214	1.53420637870698e-211
YJL171C	2.37946972923157	7.08511132350138	1.1105303346827e-190	1.51738826638918e-188
YJL172W	0.493855877970775	6.51162161140467	0.00219286406120404	0.00400957990753001
YJL173C	-0.780330021179035	5.89970410795594	7.33720903511113e-05	0.000167979058336208
YJL174W	0.146462131487945	8.02187534069052	0.0251986738625259	0.0381309910046579
YJL176C	-0.512221561733457	6.71887605328174	2.71920828830906e-09	1.05606461429677e-08
YJL177W	-0.29351176140876	9.39374446255718	3.34280643212744e-05	8.0452170816454e-05
YJL178C	-0.0883475608901273	6.92892782344274	0.221194164956698	0.272951420303708
YJL179W	-0.466648927268547	6.23216213542585	5.3293751576478e-13	2.90482352201075e-12
YJL180C	-0.345285853281994	5.97983257516155	0.000364577604127235	0.000751917857980425
YJL181W	-0.711295188320044	4.82488662020894	0.0281492576922531	0.0420978450860263
YJL183W	-0.628914096979304	7.14082017653812	9.78067744108413e-07	2.85896900089317e-06
YJL184W	-0.334033699466257	5.89626250270472	3.58492885616091e-06	9.75230420056081e-06
YJL185C	0.832418432495312	4.31816872322837	2.20728324158814e-19	1.78843488523287e-18
YJL186W	0.163438176592181	6.7881237153057	0.214910680097012	0.26640062035943
YJL187C	-1.18327478959566	6.61606840259029	0.00966848969704334	0.0158686759646805
YJL188C	0.347623881848823	5.7830565764963	0.000296269982301096	0.000620834832204318
YJL189W	-0.16612379219096	3.15954886822553	0.38844655652556	0.449536226724093
YJL190C	-0.301638858218864	9.53226466598523	0.00258841699521107	0.00467314203459728
YJL191W	-0.547370547420501	8.07538575855096	0.000168777159308104	0.000366181263717187
YJL192C	0.0592856680535221	7.68429738297569	0.270722522585088	0.326739325278368
YJL193W	-0.413406497764142	5.20251868457967	0.000986603061833008	0.00190415974566294
YJL194W	-1.70868690264401	5.04641235773418	2.49311678271336e-13	1.39170084472356e-12
YJL196C	-0.99509588566663	7.55762212541765	1.18396903779307e-09	4.76759668801873e-09
YJL197W	-0.220791297959369	6.59376931399428	0.00019224312393942	0.000413659864396491
YJL198W	0.0487299794331802	6.63149159214731	0.703617308972741	0.748168953226764
YJL199C	0.683693165061607	3.63134545029868	1.23696237005019e-06	3.57873809852827e-06
YJL200C	-0.688248574802905	10.2011195056192	9.69308927496825e-08	3.20191498467632e-07
YJL201W	-0.22309613927761	6.5413384696664	0.0261803826718533	0.0394774167602664
YJL202C	-0.312002610890094	1.26329847242862	0.209647866742182	0.260683138542709
YJL203W	-0.131224586926809	5.20819632426554	0.133668136829602	0.174017505114675
YJL204C	-0.2723910486056	5.5927638478058	0.0011642582879257	0.002223481838313
YJL205C	-0.081170916337407	4.5188986476174	0.353197374422559	0.414011903815379
YJL206C	1.44910081950848	5.52464880784905	2.24740277077674e-109	1.25105420906572e-107
YJL207C	-0.213974398513683	6.46473722929036	8.35507902531459e-05	0.000189222318412265
YJL208C	-0.734384949782592	6.76889232509279	3.69482394049761e-14	2.22355170473189e-13
YJL209W	-0.279389689785332	5.89199418460862	1.33981736309442e-06	3.85774999373739e-06
YJL210W	0.466468245411378	4.77485921134011	8.61021788594391e-08	2.84890643534919e-07
YJL211C	-0.0592070705489673	2.07990865228005	0.691281116698195	0.737660999927147
YJL212C	2.28931209681283	6.15579778298318	3.07502855585075e-94	1.41122684563166e-92
YJL213W	2.61249001001455	7.43306769097292	3.04378238829521e-79	1.18059482054392e-77
YJL214W	0.578149794650381	3.90399406641018	1.09997500432759e-07	3.60974330022786e-07
YJL215C	-0.054400412863358	1.52700510746928	0.819025986193289	0.850869920337662
YJL216C	0.752760311122485	3.341653658343	6.08668885760142e-08	2.04202976628905e-07
YJL217W	0.203903878203156	6.51534514261686	0.368698593331794	0.429660000602974
YJL218W	0.00511329297739269	4.07555696979511	0.971693653684938	0.979294127270126
YJL219W	0.534911137732813	3.50717031035281	4.41102002626069e-06	1.18335798294865e-05
YJL222W	0.0586792106132184	1.14319806609999	0.841703934489375	0.870668281856525
YJL225C	-0.428818991116476	1.90162351169632	0.167271693613207	0.212878370449323
YJR001W	-0.305936795497917	7.75633100095509	0.000915332784518444	0.00177458261867942
YJR002W	-0.375677223425525	7.44984877187905	0.00395996902725734	0.00694293782206798
YJR003C	-1.0645307798928	6.54694013187629	1.96405353256676e-20	1.68925462629347e-19
YJR004C	-0.210819301639837	5.75911975843159	0.0164749101183472	0.0259285758197652
YJR005C-A	-1.7145751255687	1.25555790725576	0.00423863020368411	0.00740129096269209
YJR005W	0.0199445214501551	6.7187257661759	0.728938417016823	0.769918791831542
YJR006W	-0.707118274000504	6.86441451768303	1.10706871988783e-07	3.63104044951752e-07
YJR007W	-0.06098402615938	8.19714009963665	0.518091615915225	0.577104719494675
YJR008W	1.97098964782528	5.27521920359165	6.94509539532942e-50	1.59366082124887e-48
YJR009C	0.183721128624754	12.0808167079884	0.19854601564814	0.248523557375936
YJR010C-A	-0.150676444297321	4.67958599651153	0.0815081032432386	0.111243295504733
YJR010W	0.0947790636016588	10.7170823883655	0.64914664012336	0.699907242779809
YJR011C	0.187644077741804	4.28454313297962	0.0400902343893802	0.058308463297911
YJR012C	0.0154279309288775	4.70371289520334	0.8252683267919	0.855876001496101
YJR013W	-0.232958500141612	5.80255151781918	0.00453332328243152	0.00788153255464959
YJR014W	-0.357063381040019	7.60575361438601	5.61519548475794e-07	1.69811646148716e-06
YJR015W	-0.0566903955577672	7.45058355755929	0.386718003559522	0.447916067397456
YJR016C	-0.246396112900794	10.1542091029119	0.000308818250637956	0.000644658098206734
YJR017C	0.157009709180547	5.36274849498146	0.0821486332270815	0.112092052419704
YJR019C	0.958512680571384	5.24639642217485	3.73382195147486e-33	5.55637068620467e-32
YJR021C	0.188720144856744	4.77042672066665	0.034442626518378	0.050752223193257
YJR024C	-0.422426993660812	6.3869351013252	2.35318913524431e-14	1.44066935652635e-13
YJR025C	1.28499441642358	8.08583466291229	5.78724568932028e-31	8.07260349981288e-30
YJR027W	0.825885676686045	5.69087274991776	2.54817852841924e-16	1.78550691292034e-15
YJR030C	-1.14260635411714	5.86314080903647	0.0169329180837275	0.0265728800624823
YJR031C	-0.925569710989345	6.2050200088229	3.45861600084217e-20	2.90813977581302e-19
YJR032W	-0.253200776757761	6.61635051018562	2.93395823457637e-06	8.05799767303477e-06
YJR033C	0.618267065846245	6.08982073619892	2.77372398713031e-08	9.63909168244359e-08
YJR034W	0.315282726055281	4.38020636793731	0.000184511722509699	0.000398020981603269
YJR035W	0.457949292041167	5.95015585096467	9.87099747512908e-05	0.000221351871766043
YJR036C	0.925929678014703	4.05013635701005	3.64111690557861e-13	2.00829310425125e-12
YJR039W	0.799552683529858	5.35648920565827	7.43662516525592e-11	3.3742634334731e-10
YJR040W	0.278882573111881	6.13083847265793	0.0018820972576448	0.00348802981287316
YJR041C	-0.713699334573519	6.63664057808496	2.84766575059022e-13	1.58520060116189e-12
YJR042W	-0.308693661934953	7.7884482864676	1.64635308102727e-08	5.86019817829245e-08
YJR043C	-0.77679060612755	6.46141452173271	4.94277103252954e-07	1.51072391700903e-06
YJR044C	0.194175515770304	6.92434194205256	0.00188592571944966	0.00349404789686637
YJR045C	-0.201642115372014	10.2502152707735	0.117986470829405	0.155351437281293
YJR046W	0.0605460458469616	6.4851038615915	0.677860244424964	0.725399748928958
YJR048W	-0.472510730534696	9.02347263072711	1.38185160615763e-05	3.49650330648976e-05
YJR049C	-0.0346355672893821	5.9413968948125	0.543958278213261	0.602150095492198
YJR050W	-0.205476997715943	4.89556538314933	0.00840890808610884	0.0139807398821035
YJR051W	0.456579234860368	6.1501258182496	3.36145337821187e-13	1.86081064981878e-12
YJR052W	0.251664776630526	5.89789041851929	0.00033925818481961	0.000703802693973601
YJR053W	-0.798150658481378	4.42315270181248	0.000424108058060308	0.00086578527845792
YJR054W	0.00760746476402774	5.89148950548759	0.949758350388905	0.963054006162607
YJR055W	-0.0476253453369034	4.13551109343297	0.693869357681889	0.739635208933248
YJR056C	-0.215874427529924	5.07003723608416	0.00858268988816603	0.0142303175972571
YJR057W	-0.394643956892006	5.89699014061281	0.00380521303521695	0.00669307804790061
YJR058C	0.153753885138885	5.29250013126753	0.0243164001178132	0.0369379005163249
YJR059W	0.452539461251664	7.64351058928929	7.91102955101624e-05	0.000179883168156996
YJR060W	-0.271032318024061	6.22200233785144	0.008181318834073	0.0136287306263361
YJR061W	-0.170083875534477	5.62075278129614	0.022035573545703	0.0337695305013424
YJR062C	0.344256187879917	6.23415859339139	6.28649498793491e-05	0.000145363107182556
YJR063W	-0.843396556532456	6.20089956665107	7.53827643588973e-13	4.05005522185604e-12
YJR064W	-0.473319620887851	8.56361606661343	2.18691591640413e-13	1.22418421689214e-12
YJR065C	0.489668935853219	8.16823634477538	1.98772912334642e-10	8.69107453786086e-10
YJR066W	0.276499185516767	6.08424560516301	3.78365259798715e-05	9.03747295156883e-05
YJR067C	-0.622339038084298	4.91890158942787	3.05134246000846e-11	1.43767013084411e-10
YJR068W	-0.330318130425555	6.64911474314785	2.63450088435262e-07	8.32734979848998e-07
YJR069C	-0.504618736672418	6.65223584716191	3.70942436645269e-14	2.23010592911136e-13
YJR070C	-0.388100455101037	7.89485436806536	0.0331639403988241	0.0489520279100737
YJR071W	-0.323870649277318	3.73904256072672	0.0414540471993544	0.0600534293403659
YJR072C	-0.265962271975416	7.54314678787751	0.00114079803404669	0.00218214374186724
YJR073C	0.428471372383654	7.45314055892189	0.0177903155014067	0.0277661933526627
YJR074W	-0.0438000501215936	6.53180968285354	0.662049144111602	0.711519387629415
YJR075W	-0.170755017624159	7.72180276575783	0.045179100029828	0.0649490075034256
YJR076C	-0.420293157886194	7.86946079710764	0.000387023469459473	0.000794667041799983
YJR077C	-0.0430469023445249	8.93907712967898	0.695058537694354	0.740640185859351
YJR078W	0.938061185073008	6.77184797967406	2.18608844724399e-28	2.70984819481048e-27
YJR079W	0.751050770186931	1.54528520060328	6.17326257662004e-06	1.6264255941292e-05
YJR080C	-0.243011437684562	6.6489118528886	0.0015646881837549	0.00293782178661288
YJR082C	0.0026177908765197	6.0087826045952	0.974245378529991	0.981263731901877
YJR083C	-0.217098351583943	5.46586240106086	0.0375445007893327	0.0548790514820005
YJR084W	0.0720040433305511	5.60960532519013	0.344096851115739	0.404756460361538
YJR085C	0.32840158219724	6.14789176941261	7.78679005526669e-05	0.000177125167658961
YJR086W	0.702539148003856	5.09615596177943	5.68348685806928e-18	4.35275452110988e-17
YJR087W	-0.084461436305032	3.27991764610409	0.502767110646862	0.562141690386635
YJR088C	0.0965768644357696	6.19416357187609	0.23431586730887	0.28702261496759
YJR089W	-0.243209403995171	6.39796152484888	0.000616105202442564	0.00122853216487054
YJR090C	0.388728918742823	6.99723464955659	9.05598275328119e-09	3.3218162484885e-08
YJR091C	0.637654744541377	7.73349889779048	3.48061586872342e-19	2.80126674735812e-18
YJR092W	-1.86417140867254	7.43230409875858	2.58118994297501e-21	2.3370653519828e-20
YJR093C	0.093958966717626	6.15006846168035	0.181796745255746	0.229613872369232
YJR094C	1.58146889851234	4.5228190515576	5.54275868858444e-24	5.69625046765294e-23
YJR094W-A	0.0600596830449803	8.44278519415926	0.590654264484267	0.646269662836384
YJR095W	1.25139541191443	3.16710864408655	3.6618268080473e-23	3.67527592153261e-22
YJR096W	2.03587894790814	5.49290118935248	1.09921502700168e-171	1.34866953925186e-169
YJR097W	-0.545124506356569	5.81801151657478	6.40483088868794e-08	2.13802572475247e-07
YJR098C	-0.754043743855349	5.27761087626551	8.63915306320835e-14	4.98450942572059e-13
YJR099W	-0.0347079593212227	5.78276351981356	0.676373095539127	0.723937164034402
YJR100C	-0.00758945823459161	5.96268661892943	0.921011629570579	0.936748759427901
YJR101W	-0.263773659679985	6.13550913376929	0.00334485277065588	0.00593193358618973
YJR102C	0.153557944484783	5.62220871681225	0.076159349382153	0.104632086034164
YJR103W	0.70340681918302	6.58289819470028	1.24549100963657e-42	2.39996536856893e-41
YJR104C	0.705752622372187	9.82921131559834	9.51361852364854e-13	5.06606506325731e-12
YJR105W	-0.0287793369215834	9.34474378540889	0.618923499945077	0.671776147620474
YJR106W	1.09412930566777	5.71074387295619	3.07457889222698e-72	1.06232001724532e-70
YJR107W	0.605280129794343	5.4380340633058	5.62762138838393e-16	3.84032460691988e-15
YJR108W	0.0732266840117857	1.76090788679156	0.715829133379628	0.758846291577239
YJR109C	0.405542855408712	10.2727258613435	4.58728100500469e-08	1.56076589711874e-07
YJR110W	0.434227665220091	5.96045088132319	3.96544354040921e-06	1.07195353259623e-05
YJR111C	0.127356994294938	6.21408677093356	0.125676591866625	0.164539997888099
YJR112W	-0.915597972010959	4.64702466658276	5.16401110975447e-06	1.37371835362141e-05
YJR112W-A	0.295503050605292	5.17567622795448	1.73694447492487e-05	4.3456138923214e-05
YJR113C	-0.160313695729628	5.9672701867561	0.0693203741106761	0.0960927113565563
YJR115W	1.91495632568463	4.19240978980974	5.63121278393027e-47	1.19628449671338e-45
YJR116W	0.402139101618409	5.23830037394278	3.87644688418081e-06	1.04940948123138e-05
YJR117W	0.0479379877570743	8.21489844094049	0.516998393675155	0.576018225125098
YJR118C	-0.699053473344213	6.59894415921851	6.69276904341173e-10	2.75973439567842e-09
YJR119C	-0.0147107527696344	5.23904178124345	0.883034624399977	0.904550036103708
YJR120W	0.259650618900395	3.5911458057077	0.0745548934400762	0.1026859150886
YJR121W	-0.160482318624457	10.5193918331495	0.0626408466660457	0.0874992495716233
YJR122W	-0.331771308592967	6.36255802596133	9.12217710534043e-05	0.000205788100402652
YJR123W	-0.0726523210108343	11.6215446410966	0.412899475217037	0.47472779594661
YJR124C	-0.884655438898257	6.0461216283417	4.77769479720888e-11	2.21461072635465e-10
YJR125C	-0.0184258540144406	7.61212628242525	0.848421361145521	0.875452479774868
YJR126C	0.470775276038433	7.17723790403864	4.8293542538028e-17	3.54939826086338e-16
YJR127C	-0.241349707472601	6.35971401588754	0.0361277636506429	0.0530014922078246
YJR128W	-0.299431462975637	1.31694566168472	0.198915893426004	0.248727610498572
YJR129C	-0.310449148968898	3.93140886258566	0.0010888715439653	0.00209013273381844
YJR130C	0.537074126824843	7.32170810105791	6.81694370933897e-20	5.65289180421322e-19
YJR131W	0.0641546084564698	5.55818517018773	0.35610181421158	0.417001189528637
YJR132W	-0.333659813018014	6.94259427878083	0.00021325693893891	0.000454968316856183
YJR133W	-0.0953300622735676	6.27315807270236	0.202997180717631	0.253356663997176
YJR134C	-0.576559350559087	6.77941098134632	2.27626668984951e-15	1.48749079775818e-14
YJR135C	-0.404667375824926	4.12083456804241	0.000387452732056053	0.000795276826603274
YJR135W-A	0.336195510152102	5.31397790141421	0.000249754285125701	0.000528147295876086
YJR136C	0.104069140976272	4.94117503190462	0.126026713780841	0.164926557085419
YJR137C	0.492141173296548	10.7364029189352	0.00467144866274994	0.00809592083034091
YJR138W	-0.154597348796664	6.00383134197125	0.0203649921459324	0.0314660325832293
YJR139C	0.307671308230591	9.01852705314438	0.000153726302606764	0.000334977358199299
YJR140C	-0.41308145766725	5.80380602348726	1.10646349717739e-08	4.0218008131986e-08
YJR141W	-0.365716637015982	4.66814496652661	0.0017112367922176	0.00319105322419734
YJR142W	0.247865649894112	6.19199410403912	0.0095395895112503	0.0156761050507489
YJR143C	-0.415944914831851	8.09959235691366	0.0219275989087018	0.033612627393961
YJR144W	-0.578278200766839	6.38669867326024	1.66480922378249e-10	7.34323775009562e-10
YJR145C	-0.0670260726539073	10.6019663076746	0.431800509120074	0.494002789881995
YJR146W	-0.214565477799906	2.12066614098678	0.332795379246391	0.393077764249372
YJR147W	-0.679930940131931	5.94445172975141	0.00627813051829546	0.0106321466692936
YJR148W	1.22487724054721	6.37662582465472	3.71599089175222e-33	5.5435576280929e-32
YJR149W	0.607669608776633	5.24324771012187	3.98974907924339e-09	1.51908622320527e-08
YJR151C	0.294500497917429	4.4859393660764	0.0753467531576957	0.103681547261173
YJR152W	1.79764446539939	4.92064723127474	1.95128814404933e-53	4.84758029835726e-52
YJR153W	0.928334705844974	4.58009559634157	3.2641662826167e-12	1.65604790642123e-11
YJR154W	0.920283072512985	5.60404529862848	2.78981467186201e-06	7.69021816012582e-06
YJR155W	0.974580129673159	5.58741372033697	1.647357743427e-07	5.32182415555245e-07
YJR156C	0.784868532822536	2.72052314303189	1.90937005923327e-10	8.36062111879855e-10
YJR159W	2.67823395161773	1.57037417297932	3.68166892057601e-36	5.98221447310891e-35
YJR160C	0.131222923191696	1.62119515421712	0.546565237167139	0.604590654250017
YJR161C	1.22592736596609	4.29472340577841	1.07657453810642e-34	1.68113405794696e-33
YKL001C	0.215936933071641	9.90871386838463	0.215210890796033	0.266680136872986
YKL002W	0.0884924936003789	6.84776576643313	0.140452138073801	0.182021611144576
YKL003C	-0.0619355110565866	5.93327688910978	0.533778770544122	0.592299366650288
YKL004W	-0.529199554432713	7.25728581655528	0.000586110905706231	0.00117300225203258
YKL005C	-0.220432711055939	5.80511432901392	0.00181093448917931	0.00336548319905595
YKL006C-A	-0.0280693586864942	4.90630175861144	0.718699592251443	0.760574185639091
YKL006W	-0.118848212157809	9.42270184488976	0.172393270020262	0.218563546891989
YKL007W	0.327883498497946	7.33862475607599	1.47068718094453e-05	3.71035305574423e-05
YKL008C	-0.310908824020854	5.86863450856916	0.137816027857934	0.17899113404232
YKL009W	-0.663049020822542	8.19277039152593	0.000326361210647205	0.000678921660349826
YKL010C	0.149392264472248	7.26344545496382	0.0648779901434057	0.0903094412461577
YKL011C	-0.0629586512582262	4.96536327878813	0.439438149545215	0.501500029435427
YKL012W	0.0510790227545871	6.60757382302245	0.331564614348254	0.391855015030805
YKL013C	0.214477249160861	6.96617029115084	0.000621334877915442	0.00123813897448712
YKL014C	-0.668043573033407	7.14018173151797	3.63014994796016e-10	1.53477225647936e-09
YKL015W	-0.286828007179027	7.41615467293942	0.000843845155467882	0.00164714190736133
YKL016C	-0.212908252364374	8.5608348225606	0.0243596464554118	0.0369839997034823
YKL017C	0.124112071954406	5.91356237689697	0.0275626449893806	0.0413130445465361
YKL018C-A	-0.282167122160304	5.12469468578226	0.00174594451835875	0.00324972707256124
YKL018W	-0.115204170034671	5.99786080026512	0.127103321445657	0.166223659605074
YKL019W	0.887542580665054	6.42107153525229	2.08589836379914e-55	5.33634934602572e-54
YKL020C	0.781993744905879	7.20541495184363	7.29774226266451e-62	2.19370132415695e-60
YKL021C	-0.111248727563651	7.3939153812052	0.361014233865284	0.421522154592753
YKL022C	0.121068876216637	6.40689618512801	0.0444985886346322	0.0641086783780035
YKL023C-A	-0.041498627131355	6.2102950180445	0.537305774939474	0.595553524877603
YKL023W	0.528736088057355	5.85224723045799	1.07836265903349e-16	7.71799560251112e-16
YKL024C	0.0241613325939303	6.16286976252379	0.761516925509853	0.799273700447842
YKL025C	-0.240774975387653	7.1573551275549	0.000495375887942722	0.00100073919298106
YKL026C	2.27416261749903	3.63891039030454	2.18517874462092e-84	9.25161592440914e-83
YKL027W	-0.19836136491557	6.75063193942164	0.00793056159855424	0.0132330103609515
YKL028W	-0.283090515051699	7.37257848089416	1.2665055606793e-05	3.22363735427772e-05
YKL029C	-1.04649174959766	9.71296457590738	6.87287564206194e-07	2.04857354288926e-06
YKL030W	-0.441847404782255	2.36338819111321	0.156512525693599	0.20050144991901
YKL031W	0.205412254181104	1.28153777856442	0.361744021059697	0.422128310289383
YKL032C	-0.991915969385541	7.64195969509907	2.47897868573253e-09	9.66512312491828e-09
YKL033W	-0.327973705824676	5.9619439951747	0.000127425359540493	0.000282062320161062
YKL033W-A	0.215115826805533	7.05150088320742	3.56239075279994e-05	8.5395108476209e-05
YKL034W	0.674267796709077	6.49962928165975	4.50752188244229e-19	3.60841831654368e-18
YKL035W	1.46065841190466	8.61206969809128	4.78471647943326e-57	1.25614478053942e-55
YKL036C	0.510311492400679	3.1070312293003	5.91147162469333e-05	0.000137060421934656
YKL037W	1.13647282588914	1.27039706943271	4.43195808382771e-07	1.36430783409996e-06
YKL038W	0.35323752001631	5.93068035173795	0.00250655927305055	0.00454857662226982
YKL039W	-0.00239016828839355	7.95188637206281	0.983841528418042	0.988644958551372
YKL040C	0.101588901597809	6.90807493248224	0.0948503240220632	0.12788520924437
YKL041W	-0.192020993497238	6.42967046602961	0.000618785784730433	0.00123346821545072
YKL042W	-1.06649665515249	5.90181836506795	5.96490559549553e-06	1.57630823912612e-05
YKL043W	0.523781654327786	8.20030862879629	0.000242104524600591	0.000513777762759884
YKL044W	0.626708267805577	5.48126744205041	5.93005322501006e-07	1.78614629202207e-06
YKL045W	-0.964771279151806	6.34831794001371	0.00566992515593044	0.00968122409470429
YKL046C	-0.000372261622605161	7.40825853980396	0.99762393482232	1
YKL047W	-0.384047662246365	6.14829374169487	0.00013679960312714	0.000301259785348119
YKL048C	-0.305630613024067	5.43615145171794	0.0396004564439132	0.0577158652462561
YKL049C	-0.285128090296567	5.6011262717497	0.0412782598237399	0.0598131834322305
YKL050C	-0.891386012453745	3.77711266160598	2.93531018267242e-10	1.25512694297486e-09
YKL051W	0.127490007861735	6.11382470859392	0.0568622597783118	0.0803044176150366
YKL052C	-0.00801897496710837	5.59906790613131	0.962603333030978	0.972528789141298
YKL053C-A	0.292825822867271	5.38894713060563	0.018604386223832	0.0289241194666869
YKL054C	-1.05633838065805	9.41433918398252	1.8522743879511e-35	2.94599831226508e-34
YKL055C	0.741041916604968	2.30680928893647	4.55826661892294e-08	1.55177230537739e-07
YKL056C	0.310106267437274	10.1816133732697	0.000659934863159606	0.00130855158222808
YKL057C	-0.173759886310004	7.38749562925404	0.0227334502574679	0.034759283557451
YKL058W	-0.225704555629336	6.27965284258786	0.00183857451397406	0.00341157715370743
YKL059C	-0.206282903770406	6.42241123763133	0.0118850844093516	0.0191768994817557
YKL060C	0.145519752350773	13.3810921427555	0.0504774239446028	0.0719094822708537
YKL061W	0.654576790115996	4.80306524047267	4.10994292792886e-16	2.83035244933658e-15
YKL062W	-0.712284792082373	6.90042502080045	5.24399046974045e-07	1.59468238260392e-06
YKL063C	-0.551142499312492	6.52426968258468	7.28899726359787e-14	4.24626468495643e-13
YKL064W	0.472849534725875	7.18033960401112	6.1077571518745e-10	2.52717384701098e-09
YKL065C	0.759763136377921	7.57572792363354	1.88579612045004e-16	1.32912148606631e-15
YKL065W-A	0.635998990531548	1.80424265566906	0.000111338186809509	0.000248280852781442
YKL066W	-0.248268848190157	5.08895100765887	0.273667804087212	0.329915949102129
YKL067W	0.0450577423342506	7.32510224987166	0.807371939814771	0.840673579373853
YKL068W	-0.467727516801471	8.21615944117955	2.40843990470886e-08	8.41344608199284e-08
YKL068W-A	1.09218920126306	6.53599568963022	1.2883868317266e-09	5.13986836917073e-09
YKL069W	0.102228211935564	5.31349174969634	0.512877612757419	0.57215210154882
YKL070W	0.278093844819939	4.92326410090166	3.29711703643201e-05	7.93843316901452e-05
YKL071W	-0.0804289233553525	4.31057492801628	0.476904559232085	0.538431964338646
YKL072W	0.162100236985873	5.56649708270833	0.0539047506349459	0.0764689383712352
YKL073W	-0.0465612582677044	7.06437117918598	0.55788353524764	0.615299177015008
YKL074C	-0.181613304956388	6.21915025862483	0.0245663336601715	0.037277334165813
YKL075C	0.00192407316041859	5.68739368689443	0.979249112349453	0.98547801530715
YKL076C	0.00699666233711365	1.54163120299028	1	1
YKL077W	0.2013826709507	7.60938745000116	0.00408883663929886	0.00715011223835507
YKL078W	-1.05711633124954	5.38295722394961	0.000130903878420677	0.000289229737987913
YKL079W	-0.174456214114859	6.13256515970039	0.0599862967246661	0.0842611252123114
YKL080W	0.078688545056001	8.53062173365467	0.167892532317545	0.213487712413934
YKL081W	-0.189067853535362	10.2653486554995	0.0454215553653426	0.0652663458069885
YKL082C	-0.919819413974957	6.82311897526069	2.16826999401723e-13	1.21487783821357e-12
YKL084W	-0.0434960203010606	5.30022501868599	0.652949792034937	0.703500743676352
YKL085W	-0.228989326055558	7.4820307691749	0.0262478690073479	0.0395692548826919
YKL086W	0.375328878005151	1.54825017014938	0.0533371546637929	0.0757352323662549
YKL087C	-0.366903484680616	7.06164687708389	4.29488447355492e-05	0.000101978062618532
YKL088W	-0.22917045404606	6.76432108302826	0.00424468105620556	0.00740970456152956
YKL089W	-0.442382292414437	5.50618475674765	0.0201484447966388	0.0311554655651729
YKL090W	-0.0292736325846308	5.19593526011538	0.717490919962566	0.75983008821824
YKL091C	0.832606948666121	5.558751009058	1.24992874677641e-15	8.29422916735077e-15
YKL092C	-0.669039625633534	6.00454007069693	3.51503983732252e-06	9.58386371972018e-06
YKL093W	0.616453259615166	4.82652205307884	5.86250346346939e-13	3.18386366959151e-12
YKL094W	0.595451849914474	7.59000333202272	1.45721500008652e-15	9.62722701156061e-15
YKL095W	0.112296400833496	4.99912031075276	0.216958701569025	0.268487481280602
YKL096W	3.54521432494793	7.63076183330178	2.39511487808489e-35	3.79932207046078e-34
YKL096W-A	-0.111224437368432	9.24601109148673	0.587957160082392	0.643861283500062
YKL098W	0.316010986669461	5.50534121761493	7.32033914117761e-08	2.43687037191361e-07
YKL099C	-0.679523939385587	6.23499262561173	6.09840990825731e-06	1.60946621459363e-05
YKL100C	0.726783022960241	7.17807631529061	5.41397798497065e-29	6.88136060161597e-28
YKL101W	-1.58992914004053	7.81542827272456	0.000744646732671029	0.00146396865821394
YKL102C	1.09550718586952	1.28168433298595	1.39690135718828e-06	4.01250404176586e-06
YKL103C	0.833894327796826	6.94120982419194	0.0010569790250046	0.0020328080288956
YKL104C	0.36928614806599	9.14229452283132	0.0695080199470267	0.0963084157459148
YKL105C	0.295330696113246	6.74613126855333	6.12339950709241e-06	1.61464376476489e-05
YKL106W	-0.740612549584069	7.18613588824919	4.07791383557676e-25	4.44944064963475e-24
YKL107W	0.602483751376014	2.69003792311421	1.59030008917246e-06	4.53122470905441e-06
YKL108W	-0.474173858275331	5.72084537388627	0.0534488476444448	0.0758579962319174
YKL109W	0.0434686528181755	7.66911935688158	0.747564058022825	0.786551473019466
YKL110C	-0.466122185712241	6.69283706867371	7.490032864018e-07	2.21823042258503e-06
YKL112W	-1.04769051098129	7.50211327657481	1.32090163064824e-14	8.24637653526189e-14
YKL113C	-1.38591063059534	6.96573574928421	0.000148497344507792	0.000324642194611216
YKL114C	-0.230170410134399	6.86501976230884	0.000631811721461719	0.00125776558590326
YKL115C	-0.406641269282098	2.49928180376796	0.0137451136379809	0.0219308978746128
YKL116C	-0.163434261549326	6.61920618452522	0.418041295384061	0.480180410364726
YKL117W	-0.100018073544395	9.3340473238033	0.317578491397851	0.377179354066354
YKL119C	0.0977909339903609	4.65877439542183	0.250129076390281	0.304161813765852
YKL120W	-1.30288324231536	8.92820251430815	4.31978028195441e-31	6.05373404548017e-30
YKL121W	0.406530621957479	5.69139585554535	0.000364786589736272	0.000752090870197005
YKL122C	-0.842793511167071	7.39795833993298	4.82389123895735e-27	5.68651649580619e-26
YKL124W	0.854877329451545	5.74126224862712	1.65982109061152e-33	2.50096350795901e-32
YKL125W	-0.495094876011457	6.51816117153527	3.91317173450832e-05	9.32830629177796e-05
YKL126W	0.573296318486085	7.97515965485751	2.03554349533113e-17	1.52020962657525e-16
YKL127W	0.437577077843363	7.64888056286042	0.0047598787409154	0.00824015826662436
YKL128C	0.221413458654018	6.84691703122789	0.117059911848568	0.154368104854922
YKL129C	0.582282789982472	6.61843124412597	0.000223233058728346	0.000475408129321578
YKL130C	-0.411698101044755	5.74143347104173	0.00206285656920875	0.00379259568884632
YKL131W	-0.568794941415522	1.26689785672614	0.0230974730365354	0.0352799816808056
YKL132C	-0.0816384149799965	3.26484765495853	0.617224809004537	0.670416540512245
YKL133C	1.02349978821525	4.81244385033896	1.17739147611009e-22	1.15472717037094e-21
YKL134C	0.258555451077218	6.28485297351069	0.0259414645484421	0.0391564360696043
YKL135C	0.364535269064994	6.99148744858865	2.23253978047516e-10	9.71906528618151e-10
YKL136W	0.19346798892776	1.49648957684289	0.330425387562182	0.390662228126615
YKL137W	0.209549523290217	5.56340591114981	0.0272146383520488	0.0408325362651946
YKL138C	-0.294486998775316	6.13779996851646	0.0014098611898448	0.0026612513260116
YKL138C-A	0.139369549607699	5.45935208303502	0.0170319307244533	0.0267073467698
YKL139W	-0.252087224816246	6.24039711562017	0.00108482508174551	0.00208369597171055
YKL140W	-0.0486915499273402	6.2569971336141	0.463152306364693	0.52537201242727
YKL141W	0.333237605488887	7.56697606734048	0.000428717750437565	0.000874601668011755
YKL142W	1.1147174360841	7.11931945650823	1.63351116243547e-20	1.40899126378221e-19
YKL143W	-0.603805944651135	7.05260922253451	0.000662715668683796	0.00131363224534355
YKL144C	-1.22702335607178	6.18381687423093	2.07676980956918e-37	3.449044225174e-36
YKL145W	-0.128301690226222	9.26173473019291	0.127559288476632	0.166750694133836
YKL146W	0.227673103518346	6.92453417691961	3.41163434936436e-05	8.20101787620094e-05
YKL148C	0.849665651362835	7.76273055503786	1.79635070406952e-07	5.77521948281601e-07
YKL149C	-0.0866378168883856	5.3488347753574	0.247732925971087	0.301858603757231
YKL150W	0.0270216942709552	8.7187227781385	0.798209709866892	0.831975862642121
YKL151C	1.31862050770112	6.45971895122056	4.14199880760291e-39	7.21788313950977e-38
YKL152C	0.305929541241919	11.2568523400428	0.00861846636277329	0.0142778230292072
YKL153W	0.691530739920535	4.64503593331163	3.27656488792731e-07	1.0249067693142e-06
YKL154W	-0.490951475005107	6.17346353736719	0.000600295472746567	0.00119939394554748
YKL155C	-0.561699297254792	6.7709854429165	1.4466947644484e-08	5.18327111076505e-08
YKL156W	-0.743687547725147	7.54718385640168	7.01691515046335e-12	3.48642098219716e-11
YKL157W	0.24454432042938	7.98180045618954	0.00187800502214059	0.00348259290348834
YKL159C	1.49514332973565	4.69343452154072	1.1736130639686e-58	3.22180901396313e-57
YKL160W	-0.136898757291182	7.31126030562084	0.0496786333245025	0.0709256574559271
YKL161C	-0.0454762501053357	6.77146802361491	0.941737661677193	0.956049784195083
YKL162C	0.211346346224773	4.66911778765323	0.0179466054394101	0.0279810663645574
YKL162C-A	0.136831807070543	1.42490975662145	0.532591192022824	0.591199823936709
YKL163W	0.829608855452834	4.51384251640121	0.00841869323924443	0.0139931389976051
YKL164C	-1.01370448100965	10.2445455739419	0.0443322623084206	0.0638843626553751
YKL165C	-1.02668289068004	6.94232958856883	1.96892107406459e-06	5.53138013891417e-06
YKL165C-A	-0.00783892803884204	1.19157326113165	1	1
YKL166C	-0.794835484540051	6.42973774310533	2.27656775482176e-21	2.06748116948466e-20
YKL167C	-0.052145758370931	5.75962717947595	0.516333694940056	0.575554255584137
YKL168C	0.543176890156018	5.46458985633604	1.15954116096589e-15	7.73713813510205e-15
YKL169C	0.109839320997725	2.11028558882876	0.579580418290025	0.636078399919611
YKL170W	-0.0222225788749694	3.7734672831813	0.894298724251177	0.913753217232848
YKL171W	0.517781336401483	6.26566529965008	3.12068890162422e-11	1.46919198720163e-10
YKL172W	-1.18947019348552	8.2587983934706	1.59989090351595e-18	1.24592540310077e-17
YKL173W	0.283789808296277	6.41703889409462	6.01743612817097e-06	1.58949147638681e-05
YKL174C	0.739178484592426	6.0660754451512	1.89815465665034e-37	3.16113733955175e-36
YKL175W	-0.715339437309624	8.7984877822956	0.00227332120791274	0.0041466040964719
YKL176C	-0.304225292563453	7.02350304203956	4.73209547506135e-08	1.60640079029186e-07
YKL178C	0.327283530237417	3.56548019487167	0.00219882776667361	0.0040192619438254
YKL179C	0.300351764091553	7.02370452407876	3.19226312356612e-05	7.6952228944986e-05
YKL180W	-0.14196797567053	10.0552536048734	0.0946463198036048	0.127638778523838
YKL181W	0.0423512894531062	8.70153654357053	0.670886146872528	0.718704118852038
YKL182W	-0.418243632609891	9.17149829122213	0.0467593155879247	0.066980463501216
YKL183C-A	-1.70517472156789	2.47075506340599	3.46490187581911e-16	2.40179713039896e-15
YKL183W	-1.13117733329274	5.90531394594554	1.28871489291749e-16	9.15810157945623e-16
YKL184W	0.695111344307456	5.99775005167034	3.66386291417605e-27	4.33605193701307e-26
YKL185W	-1.35515671775122	7.74561186372608	0.00675416753062481	0.0113838113804644
YKL186C	-0.534289440721199	6.59281113654704	1.90536800400378e-08	6.73431654325144e-08
YKL187C	0.318494295963935	5.11288767901081	3.07922373959246e-05	7.46162560355899e-05
YKL188C	1.10946691011111	4.88483062410124	6.00831468268941e-25	6.46189407376185e-24
YKL189W	1.45354769791019	5.83051949388494	1.09476037740166e-57	2.93825865577623e-56
YKL190W	-0.107733126951312	7.20237343407231	0.143200581800535	0.185303895347571
YKL191W	-0.217842399841816	7.0949017917149	0.108021441029964	0.144028588039952
YKL192C	0.0439065485935396	7.56206093080836	0.585665205907782	0.641468248846345
YKL193C	0.89858723258575	6.13054860165987	1.8931292029423e-42	3.61317230732988e-41
YKL194C	-0.278031410662875	5.97604580759594	0.0141150999600878	0.0224735119067924
YKL195W	-0.490424137348727	8.24893401740546	8.36862822218545e-09	3.07531741270042e-08
YKL196C	-0.132168978254767	8.15264587686061	0.0952983606907951	0.128374130511553
YKL197C	0.18455121071234	5.79728275641512	0.0254144008058579	0.0384380824263693
YKL198C	1.41049368691034	6.14350499856771	1.95300292670877e-25	2.14651802474829e-24
YKL201C	0.868529167575466	7.14585046264541	3.43078880399719e-22	3.28437934548266e-21
YKL202W	0.802388675007759	2.35803458701172	3.28583252093456e-10	1.39508651948154e-09
YKL203C	-0.644826567806417	6.39147267549977	4.59173389146859e-14	2.72781661615703e-13
YKL204W	0.0984511754204311	7.35744905920177	0.0869654464496629	0.118155087922118
YKL205W	-0.278761647911021	7.12090941846209	0.000389639315101641	0.00079921922974789
YKL206C	0.357556555140466	5.9200745770068	8.2878364130801e-06	2.15605679426385e-05
YKL207W	0.0171166427864695	7.37690465822424	0.749129588276351	0.78806073223402
YKL208W	0.277157606885506	4.97470399191398	0.00204671046386298	0.00376572688392491
YKL209C	0.943635870837824	8.22730986149519	0.00343354120196591	0.00608383427828443
YKL210W	-0.0959261484969706	9.11705373308614	0.208624233486373	0.259571376597698
YKL211C	0.111392110879125	8.77217732179604	0.126664643861987	0.165689259986568
YKL212W	-0.2917549605587	7.83674517856011	0.000453770066986475	0.000921633557520813
YKL213C	0.451774230187998	7.65690505780926	9.37021989523153e-11	4.20649425242572e-10
YKL214C	-0.24276865649489	5.82048494688205	0.00156568669419195	0.00293877877161474
YKL215C	-0.0908627113378306	6.65694381307068	0.238373990671751	0.291399843822401
YKL216W	0.589288288765683	8.17255176334023	3.97828533037757e-10	1.67371948259132e-09
YKL217W	3.98132763724903	6.06039513123711	0	0
YKL218C	1.53041851576767	8.16602513174299	3.52346414628234e-15	2.28265802235447e-14
YKL219W	0.522016133780465	5.46187456507634	4.87207842600629e-12	2.43887889235219e-11
YKL220C	-0.380765628695029	4.40129982621707	0.113083138309963	0.149846997469583
YKL221W	-0.076298537360656	2.30256766969143	0.816606021846648	0.849089485185411
YKL222C	-0.131191789116709	5.66895539741177	0.14491506313581	0.187441772713531
YKR001C	-0.290581368354968	8.5026103433719	1.09664872868734e-06	3.19430821553695e-06
YKR002W	0.0302065825020977	6.97612373779225	0.640790255785463	0.692260739942893
YKR003W	0.21915948140339	6.41230497163962	0.0575863330814345	0.0812315895085838
YKR004C	-0.909603221904591	5.09006477702918	3.74107699419391e-13	2.05588253099577e-12
YKR005C	-0.337606459114999	3.09225962071813	0.00488239142663984	0.00844202969714085
YKR006C	-0.0357386616632869	7.00181786192129	0.719615024038542	0.761289416458102
YKR007W	-0.22104165508043	5.51310265430353	0.000712255806511892	0.00140534358672448
YKR008W	-0.224098529334426	7.04159651398588	0.0089887473660969	0.0148489110988593
YKR009C	0.858341078245504	5.21294195009184	1.02315052874169e-22	1.01170739782813e-21
YKR010C	-0.803726094446358	5.5463989011402	8.94603878058398e-05	0.000202117944941266
YKR011C	0.214071558351826	7.12065836371884	0.0436959460098015	0.0630732358729716
YKR013W	0.641579825644598	8.37872433455094	0.124394907003104	0.163039498779739
YKR014C	0.146533498330223	7.49474674599316	0.0259767231080627	0.0391998140877694
YKR015C	0.0327252182903998	4.53653998744434	0.657944138616952	0.707740232844
YKR016W	-0.0951319315301741	7.74610564732648	0.20979015783277	0.260806126735032
YKR017C	0.506819499369288	5.00814212858322	2.31781627476619e-09	9.04264207910079e-09
YKR018C	0.370017451690005	7.69574379109689	5.30813556325512e-07	1.61255740304648e-06
YKR019C	0.657699339392866	5.13970362483985	3.11662121575511e-19	2.51505057035164e-18
YKR020W	0.147169942749712	5.25214105422709	0.0509277166556918	0.0725023520090029
YKR021W	0.168211568396816	6.71898174360692	0.017243730238717	0.0269972151549913
YKR022C	0.00244237325271762	5.33728647705939	0.983781593790817	0.988644958551372
YKR023W	-0.260032077669278	5.91772653217332	0.0117771097236406	0.0190333289404644
YKR024C	-1.01727360510806	6.68958950744664	9.84400443762899e-13	5.2373588211527e-12
YKR025W	-0.199738290614808	6.33210811082537	0.0644135785771291	0.0897253091764829
YKR026C	-0.197024155023608	6.99317405481192	0.00601499946931832	0.0102008961380936
YKR027W	0.129901070832428	5.91937881701684	0.113839407916848	0.15071625641843
YKR028W	-0.2231044134047	7.58358791066035	0.00889202069027836	0.0147107397880995
YKR029C	-0.156742165804641	6.18473848333451	0.0676853858155075	0.0939562547963129
YKR030W	-0.0130217599792058	5.8471215197635	0.880132243682848	0.901884276294747
YKR031C	0.0473987414841376	6.52106778680096	0.468412557358008	0.53053811131054
YKR036C	-0.202641462676704	6.35883453010953	0.00272785244238491	0.00490279488299495
YKR037C	-0.636705410992595	5.65958647268232	4.63850415955369e-06	1.23885770800697e-05
YKR038C	-0.135356522703144	7.30962929459418	0.0141250582325131	0.0224834127863036
YKR039W	0.978921334208461	5.88375182947342	0.00250947140118058	0.00455248704402464
YKR041W	-1.96710186842148	2.1808385113091	1.0461550200814e-12	5.55117738811066e-12
YKR042W	1.1070632244014	10.4684292553923	1.82685719596219e-06	5.1660703020342e-06
YKR043C	-0.340526802965982	8.30328629965355	0.00021033355609505	0.000448949624252076
YKR044W	-0.333120582624803	5.87790475692816	0.00433844268618446	0.00756239995051928
YKR045C	-0.2329431992038	3.84577677922221	0.0270348791801894	0.0406232675909269
YKR046C	0.261067459360731	8.64895119082466	0.00738928852432892	0.0123952452150412
YKR047W	0.348560934889689	2.01141144784699	0.0244603324814849	0.0371258568237029
YKR048C	0.331664476338092	8.50571616752018	1.43647949576751e-06	4.11831889773689e-06
YKR049C	1.42430449261494	4.68379085580687	3.89172025355368e-59	1.07820378637625e-57
YKR050W	0.146349644675728	5.49316346271709	0.0433635674993417	0.0626536332146221
YKR051W	0.0839369513862256	5.54962646855408	0.195408193592424	0.245190222793303
YKR052C	0.0685548813812976	5.8406267666316	0.737387711025415	0.77747718672129
YKR053C	-0.135952078177076	4.61100874381879	0.0910075862214364	0.123173707420818
YKR054C	-0.512008452023006	5.91004032935342	1.42754158875555e-12	7.48898781116784e-12
YKR055W	-0.424823650585996	5.59218396914063	5.2686667584544e-06	1.3990823565295e-05
YKR056W	-0.346552123747683	7.07741497222691	0.015336552405506	0.0242448995692616
YKR057W	-0.0894411455926302	7.94547135354261	0.328670253340151	0.388816521660958
YKR058W	0.924030778234874	5.52324388747095	1.61473223608459e-13	9.11527718623526e-13
YKR059W	-0.0523872478764392	9.84019034664224	0.429553444661269	0.491712739775999
YKR060W	-0.949815114582432	6.0994427604236	2.12687264332903e-13	1.19279462049385e-12
YKR061W	1.45351754595643	6.11617044377741	6.75198529125313e-48	1.47610674803687e-46
YKR062W	0.35976818336414	6.31171523617689	1.94448676855234e-05	4.83268063354142e-05
YKR063C	-0.60409297599328	5.83883727074099	7.59835313872916e-17	5.53712716000481e-16
YKR064W	-0.0796250333732181	6.14133995544473	0.201249903769184	0.251436912190426
YKR065C	-0.0366372422367165	6.68020239216883	0.658974773298602	0.708722063876779
YKR066C	0.423366396050532	7.28160328199255	0.000146648643201885	0.000321184569373308
YKR067W	1.20709318287527	6.53757728469511	2.99007553759112e-29	3.84932208393958e-28
YKR068C	-0.0958624021160658	6.95432910761943	0.147474485048746	0.190261073844005
YKR069W	1.42976452788501	8.73162159200061	7.45609390482251e-12	3.69546880097221e-11
YKR070W	0.210991067258803	5.66717603536252	0.00715405736249395	0.0120173771621441
YKR071C	-0.264999601396361	8.81251689139583	0.00204174592821418	0.00375841289663921
YKR072C	0.475308901633079	7.0785355913434	2.51448722856331e-09	9.79086607391363e-09
YKR073C	0.132989926018737	1.69221899195375	0.435845417359636	0.497967056093906
YKR074W	0.434375118326609	6.54445613528821	6.21417158590032e-07	1.86611386485678e-06
YKR075C	2.76472699364413	5.80048260529828	7.06046563570348e-130	5.81472868518484e-128
YKR076W	1.46576385673184	4.84573639164138	1.05944548759785e-25	1.17733572484996e-24
YKR077W	-1.16176706907897	6.22546784658521	0.0135043236267654	0.0215982957286814
YKR078W	-0.216211001032665	5.45981408252813	0.0280900029856265	0.0420406019291975
YKR079C	-0.726580998796367	6.59123496730134	3.46766451960462e-16	2.40179713039896e-15
YKR080W	-0.18964601116897	8.64826949176352	0.19605534172096	0.245866648816523
YKR081C	-0.654470890172716	7.48124752291576	0.000236493628592559	0.000502758025140901
YKR082W	-0.448702106035031	7.33358781861597	1.00972853516633e-09	4.09458549266107e-09
YKR083C	-0.578714560409119	4.96247381962939	0.000835225074105979	0.00163137529094384
YKR084C	0.0662699256927707	7.22062368036762	0.307750366272701	0.366593065589752
YKR085C	-0.423935814615778	6.12531463723197	5.71557322869515e-06	1.51307909515259e-05
YKR086W	-0.520496258145941	6.16053832732033	4.59390283600114e-13	2.5130613148352e-12
YKR087C	0.000673281684378574	5.78399041514965	0.998866567474383	1
YKR088C	0.580467757602357	5.87868310571014	2.2637177704433e-19	1.83169195638023e-18
YKR089C	0.602377618287259	6.84837443504594	6.28323612262899e-21	5.53882926235271e-20
YKR090W	-0.570709709791785	6.63351576932477	1.12141337799323e-05	2.86833651221383e-05
YKR091W	0.79497688286629	6.20618937693145	0.0261712941060748	0.0394736126858308
YKR092C	-1.35339889028212	7.87896245874658	7.7505288176511e-16	5.23552575862005e-15
YKR093W	-0.00779036138587972	5.08558583295255	0.939399848314219	0.953998629740724
YKR094C	-0.347118711483035	9.9875407015305	1.22958971139356e-06	3.55912053196826e-06
YKR095W	-0.605519283173654	7.17238209938841	1.02958841764333e-15	6.89296833727363e-15
YKR095W-A	-0.499517079176275	5.40025758263257	7.32037091623778e-09	2.71332120520478e-08
YKR096W	0.241105643808332	6.71532078790863	3.99919677045251e-06	1.08010651320577e-05
YKR097W	1.11297105337645	3.74026975253782	4.29588841080854e-30	5.79078052147554e-29
YKR098C	0.657674676170607	5.48854199201257	0.000232868409565112	0.00049540158467992
YKR099W	-0.117059245252335	6.15698695196965	0.22822078356931	0.280356222071658
YKR100C	-0.00200349056724617	6.87380412576846	0.98538913807848	0.989999916130986
YKR101W	-0.0059651342886676	5.498472807655	0.947125707669322	0.960870697689498
YKR102W	-1.11251966288074	4.37642156114627	1.67497344480599e-15	1.10295075029284e-14
YKR103W	-0.690870167249278	3.72923015344831	5.22895942235622e-07	1.59091619672093e-06
YKR104W	-1.21015963927225	2.1732776082025	7.54824053436337e-10	3.09549946061341e-09
YKR105C	-0.712532562672125	3.85270979692242	4.22506969515331e-10	1.77382115972498e-09
YKR106W	0.403072821122307	4.27184174502871	1.06744550024316e-05	2.74603438059985e-05
YLL001W	0.0679513217736818	7.35992060738808	0.470235428574738	0.532295001889002
YLL002W	-1.11007550268784	5.43962550172539	1.31240525094014e-07	4.2718897502177e-07
YLL003W	-0.329580929643243	6.37507115575174	1.22997262468191e-05	3.13596073773862e-05
YLL004W	-0.254099451688895	5.39038531572547	0.0553125287763458	0.0782628672636834
YLL005C	0.129306741436989	5.08569351591983	0.139166186618334	0.180588628091825
YLL006W	0.605739068410543	5.26173885876143	1.53280240341005e-15	1.01154863329322e-14
YLL007C	0.105141529845548	4.70068191361283	0.225538294929503	0.277457791920641
YLL008W	-0.696580903526166	7.87881276271137	1.314999995711e-05	3.33838829833612e-05
YLL009C	-0.200349175970915	6.51490830387966	0.102911168086571	0.137734181330468
YLL010C	-0.000931414631756075	5.50777805671588	1	1
YLL011W	-0.582801437614097	6.88373263727152	7.13581463669118e-07	2.12063853661826e-06
YLL012W	-1.0846969402529	7.38707468673901	1.36809903306085e-38	2.35000325336053e-37
YLL013C	0.554439865380604	4.9948403980122	4.72868691109542e-10	1.97697258063322e-09
YLL014W	0.0960434481261173	5.99676493824397	0.293585391649901	0.350971440564567
YLL015W	0.31506875912135	6.91359115729421	3.41919558329095e-07	1.06674669681131e-06
YLL016W	0.975409017865854	5.53751282033753	2.56187344140253e-28	3.16913233121646e-27
YLL017W	0.786337011510102	2.12563439594162	3.49043254115616e-08	1.20024522790307e-07
YLL018C	0.678851508994726	9.14374091519458	8.77903859091107e-31	1.21332367835764e-29
YLL018C-A	1.2477957550269	4.37847412010597	1.57616720032424e-39	2.78703447304391e-38
YLL019C	1.84141664176471	6.96317290165568	5.15792859739101e-49	1.16140324822153e-47
YLL020C	2.15967332653972	2.29581137072618	4.3759659729345e-38	7.38997399698939e-37
YLL021W	-0.903803021377268	7.77976148248315	2.04596411671575e-06	5.72641353337761e-06
YLL022C	-0.508271304819627	6.10438770501077	0.0326345829314742	0.0482417291822039
YLL023C	0.893178331126778	5.30436595651071	7.86107584903533e-33	1.14710650496117e-31
YLL024C	-0.78607002644742	11.341894976505	1.1776903859805e-05	3.00776321177348e-05
YLL025W	-0.247463500530513	2.00862701097214	0.130527079385557	0.170334013732574
YLL026W	1.44711101636069	9.26280934523018	8.06956225877075e-14	4.66034661860996e-13
YLL027W	-0.0398512254006877	7.48287491291811	0.642970973888066	0.694117704258404
YLL028W	-2.7387982604188	7.50363039809612	1.92421557381783e-33	2.8920960074482e-32
YLL029W	-0.0816072402276049	7.87246287662896	0.396222294160364	0.457302444325611
YLL031C	-0.862554478737454	7.76073876386375	4.79424040368456e-08	1.62566121302603e-07
YLL032C	-1.00512176609514	5.8772078843914	3.32801825721807e-09	1.27765298610441e-08
YLL033W	-0.693514215202678	3.96829534568442	4.45687138720187e-10	1.86983327144855e-09
YLL034C	-1.0442421976639	6.81827518739006	2.66485429882468e-09	1.03629392267361e-08
YLL035W	-0.745070614465641	6.38434255370513	1.71873404415958e-11	8.27304169214364e-11
YLL036C	-0.667601980838216	6.61276855298265	2.67226769947131e-14	1.62772780235274e-13
YLL038C	-0.15999087779724	4.67809458286057	0.0613252351886112	0.0859210706021744
YLL039C	1.27973940440096	8.09763222118897	8.08820568344403e-19	6.38140322426056e-18
YLL040C	0.256568875380298	6.52995624601922	0.0103101195622432	0.0168619256823195
YLL041C	0.278000599606471	7.6383383120921	0.0446416054021778	0.0642614947595429
YLL042C	-0.373208444542581	3.41668411104139	0.00115274122499603	0.0022028862824781
YLL043W	0.625319663476054	7.6050233540841	4.27887167861188e-15	2.74541905355546e-14
YLL045C	-0.0176047023708059	9.42301153994371	0.848658857639377	0.875452479774868
YLL048C	-0.324141777610608	7.6692019889082	8.82867353802499e-07	2.59296459748931e-06
YLL049W	0.225579113071355	4.8638994075135	0.00990428548005381	0.0162335235294666
YLL050C	0.246381259888433	8.03118241808564	0.000198095442815376	0.000425339215073586
YLL051C	-0.651789041345918	7.02279081719667	0.000194963990209573	0.00041921441671672
YLL052C	-1.11159938350166	5.47168222301957	1.64024006741834e-05	4.11394379863123e-05
YLL053C	-0.936240099792407	4.93604162863339	0.000923941425899568	0.00179069498791367
YLL054C	-0.428375903191325	5.6392546518679	1.06897023314402e-08	3.89493881312839e-08
YLL055W	3.60599150325928	7.18168374980973	3.68437943509254e-72	1.26574223793008e-70
YLL056C	1.75484883960209	3.52730371979818	7.60045522810406e-49	1.69865936176065e-47
YLL057C	1.42388899831183	3.95315342798386	3.57256986409852e-44	7.08854456203311e-43
YLL058W	0.902784970190194	6.00938775474459	3.89244891655197e-24	4.03472463557076e-23
YLL059C	0.435631196220877	2.16443272660738	0.00290946385745983	0.00521362048019328
YLL060C	0.822826327485451	3.93475587546706	1.08625452422855e-16	7.7652344823568e-16
YLL061W	2.58164815764184	8.1416803564933	3.46369388879805e-34	5.32576154973244e-33
YLL062C	1.26712597823522	7.44178526621583	1.70881592214968e-11	8.23189208650951e-11
YLL066C	-0.818817942897591	0.444064318125773	0.354455115025022	0.415315562566836
YLL067C	-0.0483815325894893	1.11565882365361	0.975979477626236	0.982516513645166
YLR001C	0.402103797055723	6.41984096031709	3.04762455488771e-05	7.39399468280263e-05
YLR002C	-0.704974819635394	6.78118353733724	1.16735825530802e-09	4.71017304088042e-09
YLR003C	-0.865247875747783	6.73000665840494	2.19341818817886e-09	8.58517587716883e-09
YLR004C	-0.00932696422274023	3.34942492662802	0.946051080714536	0.959942463671863
YLR005W	0.133281571400605	6.61871552793538	0.0210325121003121	0.0323560549506336
YLR006C	0.827719142934947	6.77326450008677	7.12029805005946e-31	9.90908145299941e-30
YLR007W	-0.156726744090241	6.10972407664734	0.0162734674460292	0.0256562442047938
YLR008C	-0.389116294029184	6.98487394393959	2.09249458221445e-07	6.68441946241938e-07
YLR009W	-0.607458396237657	7.62921929757237	8.35637484006261e-05	0.000189222318412265
YLR010C	0.849727267795234	2.69692706437683	1.33410396123817e-11	6.49443968822986e-11
YLR011W	-0.05919137165149	4.88754068610977	0.472142369012038	0.533957848476368
YLR014C	-0.612617768514152	5.17651260217375	2.96725050433517e-12	1.51050889348544e-11
YLR015W	-0.432568254740626	5.7551521898489	2.35433272022239e-08	8.23879412920663e-08
YLR016C	0.140484328429101	4.72879059273933	0.0290216070234499	0.0432840241689359
YLR017W	-0.166927428864433	7.13707491172407	0.117933471382274	0.155315669211442
YLR018C	-0.129451154690222	6.80396830993552	0.0805173544820129	0.110040994577372
YLR019W	-0.0257006692197926	6.71690830849006	0.78874538563663	0.824397993471388
YLR020C	-0.595230916285082	7.0087258656984	2.89576111813055e-20	2.46590875951854e-19
YLR021W	-0.201955295667924	5.0808384391248	0.015884603092817	0.0250717337343176
YLR022C	-0.144620331101646	6.27029941913266	0.0400119838722557	0.05821863330147
YLR023C	0.815668943830408	6.93366200991061	1.80191764043567e-29	2.33472604618518e-28
YLR024C	-0.510070981972772	5.32934448796297	9.29974585518226e-12	4.5752923143499e-11
YLR025W	-0.0652855909524305	7.48702445855097	0.383002869325009	0.44434836942917
YLR026C	0.126120503608089	6.55832197602271	0.113964594931572	0.150848776910747
YLR027C	-0.273680969088223	9.86170431913307	0.00174376846519722	0.00324668194882802
YLR028C	0.101843376139925	8.92450724733374	0.17972014414567	0.227181982044527
YLR029C	-0.0260441485081025	11.087900295907	0.793610655969815	0.82833900161433
YLR030W	0.0842632661776521	3.47993958102545	0.564036527884532	0.621060001033297
YLR031W	0.330249898234861	2.89895053610523	0.0188298132730525	0.029236786517973
YLR032W	-0.390270190076787	6.26451003361263	0.161211566600692	0.205906934013886
YLR033W	-0.437831683247461	6.85868628581201	8.81989373482326e-07	2.59165205932343e-06
YLR034C	-1.05212801019501	7.7758674251	2.6770788976977e-08	9.31939683437091e-08
YLR035C	-0.0560602070222185	5.4472739645485	0.402566061311043	0.463911665823652
YLR036C	-0.281588072526124	2.94082191072561	0.0280169984512768	0.0419417815460847
YLR037C	1.05028762440741	2.40131195051782	3.16987289243178e-11	1.49117964235523e-10
YLR038C	-0.26446756366411	7.01360364286045	0.00591757054467026	0.0100470020091945
YLR039C	-0.0591201098987204	6.58816356787911	0.412162906518407	0.473971574978704
YLR040C	1.51286581720944	4.28319111797488	1.86973621517183e-60	5.45672530369565e-59
YLR041W	0.949111551576685	2.05976873025821	4.13975068472083e-12	2.08443727944235e-11
YLR042C	3.76509818442733	6.37867610561727	1.60523288124996e-41	2.97859879076381e-40
YLR043C	0.0525212298584583	7.78825145467212	0.386961461337692	0.448076330038945
YLR044C	0.186619923392376	13.3866845214864	0.0554250793685842	0.0783852216334811
YLR045C	-1.25430661141866	7.05188018846417	3.62762994649638e-06	9.85508867525361e-06
YLR046C	-0.10046042919415	4.82773208648328	0.470811150308766	0.532652735351205
YLR047C	-0.18726907631519	6.08037564620838	0.17152201194442	0.217688481277149
YLR048W	-0.263272205091445	10.9188413520821	0.00216361361000478	0.00396091504974078
YLR049C	-1.77042893723516	6.56163523400686	0.00201282983545889	0.00371200397876651
YLR050C	0.17124767645837	5.75562534653528	0.41952686707972	0.481610755181072
YLR051C	-0.594467637131148	6.01418711202183	7.7703470952261e-07	2.29672206177479e-06
YLR052W	-0.366081815372319	6.35288389093729	6.38949897940809e-09	2.38298187743185e-08
YLR053C	2.07175045499912	3.88312245931103	1.2037575686588e-17	9.0802892130197e-17
YLR054C	2.42751415976598	4.08214156172612	3.66453391515311e-213	5.95437240483797e-211
YLR055C	-0.307835399724493	6.61990274290948	6.0620627866055e-08	2.03490348816707e-07
YLR056W	-0.563579049768393	10.2027673521962	0.000352350857610224	0.000728951602186051
YLR057W	-0.655693458222511	6.67024361289741	5.76035894595794e-23	5.73365529521509e-22
YLR058C	-0.350060516518058	11.4974347105363	0.0174030829028385	0.0272112703281834
YLR059C	-0.432527135474008	5.61841992716868	0.000278083170679927	0.00058435373020892
YLR060W	-0.131700773552042	9.20672477474147	0.0207513813454072	0.03198085225547
YLR061W	-0.756811510855943	2.64036905182101	0.000310943164764617	0.000648868554864588
YLR062C	-0.393398523084055	1.27631994784061	0.0906843640912803	0.122763881314293
YLR063W	-0.701685667105274	4.96276745548642	0.000458786142414106	0.000930259311924108
YLR064W	0.484869419177289	6.52871064006344	2.12196437539975e-12	1.09504290342518e-11
YLR065C	0.116082820830801	6.11680740320152	0.0989811007213166	0.132829102128695
YLR066W	0.369743970814434	6.43229230508484	6.01757379750042e-08	2.02222770657197e-07
YLR067C	-0.818855712012596	5.84818877150629	3.2025971554791e-28	3.95359632417666e-27
YLR068W	-1.32717306484865	5.50552595471344	2.1163728247479e-15	1.38601671267804e-14
YLR069C	-0.348696276967047	7.58584348560581	0.00342385085714966	0.00606845263949992
YLR070C	0.587543370412096	4.65152362946489	0.00010435782856046	0.000233494330221616
YLR071C	-0.0722396915118406	6.49909805216889	0.231199200276565	0.283667263686267
YLR072W	-0.0373205830019642	6.51719030789874	0.690502230804692	0.737222413709432
YLR073C	-1.5224082882239	4.89651142993923	3.64754943752528e-13	2.00999699527058e-12
YLR074C	-0.0508367802955293	6.59389702535072	0.813944072575665	0.846907539689321
YLR075W	0.217140043941527	10.1340480237677	0.00248872169809996	0.00452166662102658
YLR077W	-0.213489087500279	6.05742127184616	0.00263669330146877	0.00475458912070493
YLR078C	-0.103266449110867	5.83137940775919	0.0930449565196234	0.125761303641182
YLR079W	-1.02792012242381	7.13510423111534	0.00402111394006264	0.00703824138447558
YLR080W	1.23137316843128	4.50764477338306	2.31518399815492e-17	1.72263443031032e-16
YLR081W	0.463820447115249	3.69183109001268	2.39217687597288e-05	5.88211344717749e-05
YLR082C	0.106847350557097	4.87636622267457	0.23634339309863	0.289152722692097
YLR083C	-0.429974710893511	7.81859071540431	0.00154181183000364	0.00289939716045727
YLR084C	-0.680708662970368	7.16009233036978	5.44833988835753e-10	2.26367791353182e-09
YLR085C	0.0304226819183398	5.96181887932612	0.729685804330513	0.770572818484989
YLR086W	-0.696407590910628	6.49609259610914	6.18211342921042e-21	5.45768956481836e-20
YLR087C	0.222339466943685	5.31468231188996	0.00940977673640859	0.0154875754090143
YLR088W	-0.439877694089811	6.04629419947878	2.39892213501205e-05	5.89628776602307e-05
YLR089C	1.68750222205417	8.15768231568921	1.64349506810316e-87	7.21218419666875e-86
YLR090W	0.203503688837432	6.82274093431454	0.0258166287082696	0.0389973798477681
YLR091W	-0.472292539988915	4.98743657761863	2.14246272482556e-05	5.29407558637536e-05
YLR092W	1.01256794341998	9.4641032634237	5.53816548782083e-10	2.29940959342395e-09
YLR093C	0.606766845782466	7.21092591249313	4.29189461411766e-12	2.15923601841635e-11
YLR094C	2.21763127394151	5.20070926374752	5.44128620528869e-99	2.59627084652346e-97
YLR095C	-0.187991493306057	7.22034620222755	0.0110990836985701	0.0180296382587959
YLR096W	-0.283418277625593	7.04178278742726	0.000202314639694441	0.000433315145651222
YLR097C	0.489983480199991	5.43563949138342	1.23691796052509e-13	7.06877450444564e-13
YLR098C	0.00753647217470323	5.12222478701786	0.913621350896419	0.930491540164199
YLR099C	0.675316359489313	5.81334042583084	8.9716390238456e-16	6.02653562138098e-15
YLR099W-A	0.26120006510864	4.85913713928966	0.00324483325583212	0.00576475695451026
YLR100W	-0.111637630516275	7.1643385241437	0.326580518186402	0.386801039270419
YLR101C	1.67331491866935	2.09039502340888	6.17883202305611e-20	5.13791675278193e-19
YLR102C	0.768010222123235	4.46309818913993	6.56777420850715e-14	3.84473793004333e-13
YLR103C	-0.966890110490314	6.427547221712	0.00257929107234827	0.00465806486240847
YLR104W	0.0778592642301179	5.64165101112921	0.226606773685956	0.278658196645524
YLR105C	-0.206949315592041	6.35348472168141	0.00290549700972007	0.0052080644074052
YLR106C	-0.604772715749223	7.53590278100738	2.42835178948034e-05	5.96618347296927e-05
YLR107W	0.72968244698431	5.96898810840586	6.22822589029232e-27	7.31329961961669e-26
YLR108C	0.542423160794302	7.67208245985741	0.00579285416649415	0.00986031688815483
YLR109W	-0.303152919881375	10.2376142889432	0.0684926865988909	0.0949672582639603
YLR110C	-0.338989085000092	12.0734345213873	0.00020367744425589	0.000435768254400857
YLR111W	0.865848021805508	0.765234153651318	0.000359110073946071	0.000741659142756366
YLR112W	-1.12836718504992	3.90125826449301	7.96661019916456e-14	4.60531351128628e-13
YLR113W	-0.476441938024664	8.44357193221715	3.62528407693318e-18	2.79425741929773e-17
YLR114C	-0.101978162729395	7.57001942130576	0.117169598667838	0.154463905388901
YLR115W	-0.18818968016087	6.66753108230322	0.00460049531215659	0.00798756427971849
YLR116W	0.670647121748443	6.00575141744217	5.77061949503914e-30	7.67543460269365e-29
YLR117C	-0.105238962227048	6.38469235793751	0.109711761292109	0.145990949289101
YLR118C	0.356593025452066	5.58976789337966	5.71397876415265e-05	0.000132686134917287
YLR119W	0.302653066402701	4.82401864175405	5.72023634806621e-05	0.000132780158009938
YLR120C	2.69663270893768	8.39220290049164	1.01606145614702e-81	4.01879044365517e-80
YLR120W-A	1.45634871348429	1.70896511224839	1.76241967700319e-06	4.99089359309617e-06
YLR121C	1.46503659942529	7.09684992915925	3.85759942010295e-07	1.19545812957005e-06
YLR122C	0.388632559726665	1.08498637755026	0.134027526361348	0.1744098459923
YLR123C	0.310154905391372	0.803433459058208	0.218735575995311	0.270139335021324
YLR124W	0.116513689130089	1.98050535914231	0.527660321342949	0.586484350510965
YLR125W	0.427637899838316	2.66204897185944	0.00124785589068487	0.00237634134139925
YLR126C	-0.552177547688928	5.45550771229026	7.72134005803059e-05	0.000175769392006361
YLR127C	0.0624008457769332	5.60214731279298	0.334870964130791	0.395296335431831
YLR128W	0.281938986705624	4.72513722028684	0.0028091134392382	0.00503830250498212
YLR129W	-0.67976155116772	7.67672646809114	6.02124736054166e-11	2.76123105504016e-10
YLR130C	-0.573967785615656	8.54467999999848	0.000777963777499708	0.00152547887486244
YLR131C	-2.1097132951341	6.49105472207776	5.70165698221866e-30	7.60052367563162e-29
YLR132C	-0.461881671575436	6.03776128759779	1.87359589718845e-05	4.67226049562498e-05
YLR133W	0.0558405325842995	7.03937170160933	0.573116705047508	0.629789367710769
YLR134W	0.479345845866029	4.19804036193223	2.6011872121507e-07	8.22637428692795e-07
YLR135W	-0.138641726489236	5.51285843265458	0.261574291004345	0.316606530605621
YLR136C	-1.22403420210878	6.70783691367042	0.0499841139709093	0.0712940671869767
YLR137W	-0.768913889810335	5.72132186750191	1.49798219312849e-07	4.85491587336305e-07
YLR138W	0.540316128193186	7.48904932074048	2.23093918626199e-23	2.24663423581358e-22
YLR139C	-0.370866624056527	5.93309471750877	7.84809709400212e-07	2.31742434818962e-06
YLR140W	-0.558817141294949	1.53046760781203	0.0057419692399961	0.0097847843171362
YLR141W	-0.753720628081359	5.267500791445	2.97790658525677e-17	2.20482443233543e-16
YLR142W	2.32527670338493	5.99699424936373	1.79210403881408e-29	2.32702580590718e-28
YLR143W	-0.254822618856885	6.61955910949681	0.000452453520400625	0.00091928035304108
YLR144C	0.106848546681826	6.11936687584761	0.164973079004949	0.210398419808602
YLR145W	-0.314873811030311	4.80193047142781	1.86758559105671e-06	5.27132609081359e-06
YLR146C	0.000214353936248078	5.53180187905796	0.99472654283373	0.998546664804873
YLR146W-A	0.210560823228818	3.641393868068	0.061893665109238	0.0865561094758639
YLR147C	-0.440046985211115	5.39907918731346	6.50977679064211e-07	1.94904273233767e-06
YLR148W	0.0455442423634363	6.25237906696531	0.49634755076099	0.556516500405646
YLR149C	2.66862784580046	6.13314148690359	4.12438742120544e-39	7.20808638845556e-38
YLR149C-A	-0.616458318704784	3.35642197828453	1.87989480051554e-06	5.30357932458913e-06
YLR150W	0.00310362900190055	10.7775037578853	0.959469285545002	0.97028248018445
YLR151C	-0.142705462064031	4.72113947448707	0.274754156262517	0.33096012571634
YLR152C	1.47637943223825	5.87028380092743	4.41422522190376e-22	4.1792633124544e-21
YLR153C	0.0149566023540806	9.98751285125716	0.857348216686284	0.882901246782792
YLR154C	-0.420091825907789	5.3972003557173	0.00312735340490442	0.00557250997933769
YLR163C	-0.266464679947585	7.25296659322367	0.000135437527082666	0.000298478890330273
YLR164W	1.03110486545606	2.98239263053785	4.2549441168688e-19	3.41076320408203e-18
YLR165C	0.0110908350314472	4.39691603036616	0.900946755700305	0.919608131624827
YLR166C	-0.06005488345354	6.56658129204612	0.311068139393045	0.370178474669633
YLR167W	0.0452445905748429	11.47718814664	0.484690266133441	0.545787203595101
YLR168C	-0.858417015663047	7.34871379183491	1.13008322782045e-11	5.52812072063185e-11
YLR169W	-0.393663258467003	4.43586650406372	1.15370696749694e-05	2.9490162791631e-05
YLR170C	-0.510187971113189	3.0975865870421	0.000947777591956661	0.00183352464888061
YLR172C	-0.0675832613847479	7.73795210355392	0.393502996970058	0.454600310873172
YLR173W	0.182405214378814	5.49616433158156	0.0282377438604469	0.042219675724697
YLR174W	0.519758084999115	3.89334569215423	1.27928808483072e-06	3.69408259654289e-06
YLR175W	-0.482342144139362	8.97295640112308	1.82415875958376e-05	4.55433657085447e-05
YLR176C	-0.330868313405163	4.87027095030267	7.35314720114696e-06	1.9237215393079e-05
YLR177W	0.823942302773687	6.23631909554908	1.01002499760751e-09	4.09458549266107e-09
YLR178C	1.85103079220145	5.31649675001	1.38333743592621e-57	3.69627762879484e-56
YLR179C	-0.0194878213802507	8.22868568668333	0.790521030264858	0.826110278802769
YLR180W	0.0120734390381766	10.3382733818068	0.875446937572493	0.897848343344563
YLR181C	-0.315181027629173	6.44893871917255	8.79955038636563e-07	2.58693872483277e-06
YLR182W	-0.469718009853165	6.99336812953527	7.41822962557622e-06	1.93990415436991e-05
YLR183C	-1.85156481122272	6.89217938985965	0.000891366227583598	0.00173202771823936
YLR185W	-0.123801316072498	8.6644477408369	0.243286740568956	0.296982717624479
YLR186W	-0.57082875215588	6.93187076596845	8.2755809318276e-07	2.43647368081036e-06
YLR187W	0.497835583828632	5.5042548021165	9.78193485501873e-07	2.85896900089317e-06
YLR188W	-0.203358969750567	7.19351068959582	0.0165294537770642	0.0260009227179099
YLR189C	0.257291260568488	6.86785795083604	0.00131624537545288	0.00249945268389852
YLR190W	-1.60104010909151	7.6349847616335	4.90079901302211e-09	1.85072887351061e-08
YLR191W	-0.232960817289167	6.06545087359259	0.0003068015289892	0.000641338940293141
YLR192C	-0.165050179536089	8.69863029342431	0.0309562427690065	0.0459074818764843
YLR193C	0.282278579638311	5.67643086955915	6.6520433914891e-05	0.000153285108737572
YLR194C	2.01977432889516	8.73754674774665	1.23791887220064e-07	4.04037364802945e-07
YLR195C	-0.0304280765132027	7.4266743837501	0.652410685089848	0.703171932370055
YLR196W	-0.861107198010385	8.01152358791368	2.8971192911225e-10	1.23967837567462e-09
YLR197W	-0.201702613422853	8.67268131010869	0.144064121869464	0.186381213832411
YLR199C	-0.00480254984797875	6.81434932584247	0.966803197820855	0.976069529405328
YLR200W	-0.459085357582303	6.23610120500599	1.31100586783956e-09	5.21971342877579e-09
YLR201C	0.268546445756794	5.57296078617692	7.62789830585446e-05	0.000173839744559504
YLR202C	-0.0946703123098575	1.56918275630446	0.716183276515178	0.758846291577239
YLR203C	-0.0175003985346834	7.3257238641946	0.844907950787505	0.873231322010397
YLR204W	-0.34275192078572	5.98175200019714	0.000586633067065439	0.00117365657211229
YLR205C	0.269922361742182	7.98856727377702	0.348547183765212	0.409190718374625
YLR206W	0.177581588976351	7.81348389983981	0.0396246695184423	0.0577371578150448
YLR207W	0.295644806594687	6.46710148702053	0.000171620487303322	0.000371813466546873
YLR208W	-0.0482878184258083	8.03451071148768	0.429270965359165	0.491576579759867
YLR209C	0.464823045234205	6.27225719656623	2.78027736794398e-06	7.66744382388954e-06
YLR210W	0.335353306751327	5.64403890827571	0.0299019421581305	0.0445086596322557
YLR211C	0.252182468897517	5.66019226577279	0.0134181507835419	0.0214718984590508
YLR212C	-0.947549573277286	6.60697009757944	3.10327966399787e-07	9.73743076198079e-07
YLR213C	0.516512179511971	3.40067153692263	2.82479217212886e-06	7.77593889140967e-06
YLR214W	-1.55708406830976	7.19689975737761	4.0026567094102e-06	1.08055555172762e-05
YLR215C	-0.598328792169411	5.94299019166565	1.09547527573679e-12	5.80264084381461e-12
YLR216C	0.457702433057369	7.86767313482332	7.55951477817149e-06	1.97341740540022e-05
YLR218C	0.640125389227566	3.81238567844893	0.000201318285108131	0.000431642485759659
YLR219W	0.466259765827898	6.67628080090178	3.50977471246907e-09	1.34314230244201e-08
YLR220W	0.446020401664445	6.81215655231446	0.000244564299102968	0.000518448718690777
YLR221C	-0.784741378729244	7.08657568971326	3.50361229221098e-09	1.34163803189633e-08
YLR222C	-0.431624090997884	7.1837523383225	0.00113615433531958	0.00217464497419335
YLR223C	-0.302617802133305	6.78609706292421	0.00825691968266161	0.0137385870951445
YLR224W	0.69682861975909	6.60926495219591	5.20357828714496e-24	5.36602275511415e-23
YLR225C	0.817887998463012	7.05875311377803	6.84674268263352e-14	4.00414562334559e-13
YLR226W	0.100207810924625	5.74567676175547	0.19099807281537	0.240427222312815
YLR227C	-0.23282941439846	5.02343803555728	0.00110789429578933	0.00212529052529849
YLR227W-B	0.595608577206761	6.5467942402294	3.40140504318383e-05	8.17969884784847e-05
YLR228C	0.278893421943842	6.25513590871317	0.0199119302516656	0.0308373324763044
YLR229C	0.239429236749083	6.25389503490293	0.000670757912919251	0.00132913532382022
YLR230W	0.158032799889995	5.07907016500225	0.043946990613382	0.0633595461792932
YLR231C	0.710545468516248	6.44490802967431	2.55401648017136e-31	3.6128816655977e-30
YLR233C	-0.372239999787021	5.24475356360725	0.0207895483347123	0.0320232550828313
YLR234W	-0.748071863832056	4.5948055508931	1.61004763785369e-05	4.03990250366293e-05
YLR236C	-0.592870947866445	1.67057766251416	0.00899630913631088	0.0148505794968427
YLR237W	-0.421800106007894	5.86149995464124	1.12159717623912e-07	3.67268094964573e-07
YLR238W	-0.341264869316252	5.70679962072546	8.62185208945495e-05	0.000194940108167744
YLR239C	-0.0634249328137812	6.00507650468005	0.502270298637169	0.561690668788442
YLR240W	0.32342700147838	6.14266301512956	1.60277144423468e-08	5.71183279356188e-08
YLR241W	0.736795134556607	7.149096196774	4.0119321853736e-26	4.53378501850866e-25
YLR242C	-0.304777334767357	4.5346161269575	0.000704505204794017	0.00139142092352879
YLR243W	-0.231993924544322	5.95278518456752	0.00389250797763251	0.00683263006175961
YLR244C	0.183671690393295	8.16273556930276	0.0241031419335222	0.0366763070879108
YLR245C	0.409790694712659	3.89925185605131	0.000380951661921362	0.000783269969723402
YLR246W	0.420603946605067	4.56393007866645	2.02503293242808e-06	5.68370587757126e-06
YLR247C	0.19543073530319	7.20674156808347	0.0264549179212761	0.0398314466673458
YLR248W	1.17345660355973	7.80865061873819	6.42931736067813e-87	2.8009460849563e-85
YLR249W	-0.118467012626795	12.0750826347206	0.250670353601404	0.30469675815844
YLR250W	0.600321341058612	7.31589070087386	2.03494190242181e-13	1.14337109508037e-12
YLR251W	1.96694283887244	4.57828983303146	3.89204270908073e-106	2.05254041815731e-104
YLR252W	1.86891095681995	2.96672720833539	8.92714487126487e-56	2.31336185198467e-54
YLR253W	-0.609093591795797	7.13635979856261	6.36105750703309e-18	4.86548062751691e-17
YLR254C	0.042700650738598	4.82276401686789	0.857134048766677	0.882901246782792
YLR256W	0.0993946383550201	6.40845828003261	0.170080750791729	0.216087378224825
YLR256W-A	0.469091756261034	3.61567664908127	0.000142990202391908	0.000314202155255903
YLR257W	2.25653393659694	8.04900502622458	1.51334712705142e-59	4.31196347290669e-58
YLR258W	1.7026900342471	6.40325791157651	1.57000179710382e-17	1.17691406536012e-16
YLR259C	0.00179662335097421	9.9882971269815	0.974818697918178	0.981676718908557
YLR260W	-0.14393189650051	6.97956811409433	0.108921152445301	0.145067339056524
YLR261C	-0.254630657814075	1.89894798784933	0.227952742640017	0.280084179184913
YLR262C	-0.337643042967276	5.60776031022499	0.00210511207746113	0.00386087059478227
YLR262C-A	0.397946082478082	6.79485067990432	4.85254030371782e-06	1.29315036817161e-05
YLR263W	-0.613207024719024	4.70869230904602	3.6971063934937e-15	2.39000039114883e-14
YLR264C-A	-1.51308764463155	8.21022487665408	2.77307589829617e-75	1.01040801821555e-73
YLR264W	-1.35263825047322	7.66978811543485	7.10692190137534e-44	1.40548731812726e-42
YLR265C	-0.607471706165214	4.98680049506829	2.34368659919112e-14	1.43631435620153e-13
YLR266C	0.523700900917474	5.99535260820891	2.50650098898406e-09	9.76609458572402e-09
YLR267W	3.74122071502789	5.68183909713802	1.04060900222065e-244	2.31708937827799e-242
YLR268W	-0.328794534357201	7.04508444313378	1.91433682922813e-05	4.76562857860022e-05
YLR269C	-0.00534331475242198	3.20733391566242	1	1
YLR270W	1.10296724046181	6.72309621916333	7.30565497232192e-29	9.20788211605857e-28
YLR271W	0.707370200757494	4.50986406692843	3.14824437669011e-16	2.1881208315215e-15
YLR272C	-0.787092277458732	6.42839138634732	2.71225148744879e-09	1.05404369376484e-08
YLR273C	0.0422630023793366	5.74644655182909	0.861908365053096	0.886686018257908
YLR274W	-0.03324756201285	7.09208646109416	0.956478528906308	0.967609404738507
YLR275W	0.183069539737351	5.53040817078829	0.0450535933849564	0.0647840716169236
YLR276C	-0.632212035180161	7.74018659509462	7.16426219867285e-06	1.87921223117021e-05
YLR277C	-0.170877340199371	6.36262296028082	0.0149496770362883	0.0236706500769464
YLR278C	-0.502728811105359	6.46405425367426	2.99450190761e-09	1.15700163679636e-08
YLR279W	0.184458983578492	1.94448430961872	0.289138923578877	0.346344532487788
YLR281C	0.505605719210922	1.94074964055243	0.0137194439024416	0.0218957517232489
YLR283W	0.279426628197812	4.53669829994181	0.00111820435580868	0.002143700442322
YLR284C	0.140959250190881	4.29202219944214	0.14064158912593	0.182227852117477
YLR285C-A	-0.483631739408214	2.65602199965802	0.0978743771579025	0.131578880919792
YLR285W	-0.363258908310439	7.00924050748343	1.7763583116185e-12	9.23829253412666e-12
YLR286C	-1.31688835323327	8.45643455782427	0.0631628497926043	0.0881874252097393
YLR287C	-0.390812244944905	6.87869411128724	4.51635780966258e-05	0.000107067599178594
YLR287C-A	-0.0172892897095688	10.0987618656666	0.765989684112916	0.803126958647864
YLR288C	-0.28721967489952	5.4355819899094	0.103000051273608	0.137761136430909
YLR289W	-0.276817695995883	5.39198664921639	0.00056752386978212	0.00113731783504337
YLR290C	0.342725510779137	5.04826223161638	1.00055656751907e-05	2.57947945279787e-05
YLR291C	0.183763564843916	6.72783463076007	0.0023393203218775	0.00426308448085949
YLR292C	-0.0502576936814526	7.46600203178624	0.479462566381819	0.540913670311034
YLR293C	0.254098055172516	9.29154345836165	0.00567624237503402	0.0096865084185934
YLR294C	-0.514766933947365	6.87406610271134	1.11986106342042e-06	3.26034126551263e-06
YLR295C	-0.411978707135102	8.14682099045523	0.000443273312151633	0.000903069858575269
YLR297W	-0.744679461239542	3.49061228722918	0.00957481993814163	0.0157278189803572
YLR298C	-0.569871823149203	5.72216683485223	1.44309861125088e-13	8.17710542020764e-13
YLR299W	-0.0259034456319548	6.09930737279088	0.796736685244128	0.831016820209524
YLR300W	-0.772161855696504	10.6343445394053	0.000206053568845812	0.000440695146176101
YLR301W	-0.155061049390762	7.32010781483966	0.0499473226857318	0.0712584964372615
YLR303W	0.0223719043287776	11.639461135576	0.846679747852889	0.874461199809581
YLR304C	-1.4846378005006	10.2271256387644	9.09711169228245e-11	4.0937002615271e-10
YLR305C	-0.343265913423786	6.87847289834309	2.87448218760912e-08	9.96045355153084e-08
YLR306W	-0.286903134780544	4.27826023503683	0.000485485303702745	0.000982078615700169
YLR307W	0.6971032619581	1.56939298370177	9.62739740370937e-05	0.000216131117218449
YLR309C	-0.472844683451091	7.24570456487846	7.95990545258467e-09	2.94130003570615e-08
YLR310C	-0.191401956739529	7.55905997591369	0.0181380441331653	0.0282575592973801
YLR312C	1.12858932620255	3.50418017403881	4.27245379401291e-14	2.5482135128577e-13
YLR312W-A	-0.693783322542335	6.43703101364725	1.75127540067149e-15	1.15067406653956e-14
YLR313C	-0.67152099605733	5.31690666919521	0.0283118679995345	0.0422884348852674
YLR314C	-0.328032556879579	8.44053536137051	0.00017135145081778	0.000371364427655549
YLR315W	-0.0247257962828594	3.02390330338298	0.875806461352308	0.898050211515665
YLR316C	-0.285918390006667	4.82458887889053	0.0004366527286478	0.000889883459196804
YLR318W	-0.393840672472696	4.98288250353819	6.74698796729944e-07	2.01304673247664e-06
YLR319C	-0.40977942970871	6.06896598919612	1.07082053234592e-08	3.8993174079126e-08
YLR320W	-0.178294361601442	5.29666494701774	0.0108157360630869	0.0176121899272152
YLR321C	-0.717156206065738	6.26602283030464	7.67140219037337e-19	6.06050853725686e-18
YLR323C	-0.227700767408388	5.38933290305405	0.0142740746284776	0.0227145941414524
YLR324W	0.463116299258627	6.59235325604363	7.87866766595679e-08	2.61693646451559e-07
YLR325C	-0.344979677241413	9.93428133083796	4.61016365563372e-08	1.56766424760576e-07
YLR326W	-0.953755862286304	5.63171199468021	2.91465437980001e-11	1.37577322954825e-10
YLR327C	3.48921304423484	8.31770336641756	1.48615180443591e-122	1.06366007717484e-120
YLR328W	0.971856099758848	7.15747999989645	1.77133197838639e-41	3.27669164740276e-40
YLR329W	0.378828780603766	2.6191687872107	0.0161600982991902	0.0254931805234141
YLR330W	0.0434974972768862	8.59813076255451	0.388872077240036	0.449942057037547
YLR332W	1.23345720005421	7.3697432222131	4.47336482867997e-86	1.92099066785886e-84
YLR333C	0.05785967250723	8.58558499652719	0.582773746658813	0.639116337999413
YLR335W	-0.476387579667054	8.2390333219063	2.65981334335788e-07	8.39852826694726e-07
YLR336C	-0.487923902389894	6.79610662686113	7.56590897453539e-05	0.000172688856320831
YLR337C	0.531826000797829	6.59629839198328	7.4816453079888e-06	1.95478711828026e-05
YLR340W	0.0771427534551005	10.3877494759814	0.326348653606385	0.386602582360904
YLR341W	-0.541338951564623	3.08306287004984	0.0148552150181341	0.0235458878695023
YLR342W	-0.652979935105211	9.70388068346129	7.94981060871968e-05	0.000180696640376645
YLR342W-A	-0.438533141481743	2.00040899473548	0.0352932421281599	0.051853121132575
YLR343W	-1.36368074424821	2.08870789883259	3.52303676018624e-07	1.09743507783625e-06
YLR344W	-0.141411992416696	9.56531437557858	0.122870551315422	0.161217318749087
YLR345W	0.924626190313329	6.74374668287533	1.68835919508531e-10	7.43075803869172e-10
YLR346C	2.15877897846973	1.13132461707404	3.32743062089228e-21	2.98129849371154e-20
YLR347C	0.287389506319964	7.56400681733363	7.19810962831369e-07	2.13809461884496e-06
YLR348C	-0.673964879614144	6.35724173125106	0.00226326159946399	0.0041295079623604
YLR350W	2.15000311925758	7.45402524478682	7.18431405783747e-203	1.05346575891997e-200
YLR351C	0.0903250251916499	7.40554923290843	0.123292676703776	0.16170060478689
YLR352W	-0.178563475206092	6.52618584550737	0.0937715328163425	0.126625155207509
YLR353W	-0.427919126816027	6.02254984575169	3.20515317045092e-05	7.72319874178393e-05
YLR354C	-0.215627795564326	9.79952470775486	0.0352105901867935	0.051782306311889
YLR355C	-1.59745863470987	11.8504465044014	1.61203184109371e-43	3.15685193115811e-42
YLR356W	-0.020841490620206	6.06470245915418	0.849509064625237	0.876179189659791
YLR357W	-0.354422901227111	6.52344712077349	2.05453094220645e-07	6.56663478178904e-07
YLR358C	-0.408208288193403	3.25168701620863	0.00021903896706519	0.000466806901806424
YLR359W	0.195139279059818	10.3490946058663	0.089714319506422	0.121587576391481
YLR360W	-0.00621679364584297	5.41523704150311	0.95303334814397	0.96556058123383
YLR361C	0.0770502941029577	5.73676211725787	0.290254811825698	0.347404325840354
YLR361C-A	0.201371409532346	4.59023761950736	0.0509407726381517	0.0725037701469148
YLR362W	0.435867248413715	6.34610266227569	2.03584716080567e-06	5.70606672762875e-06
YLR363C	0.304502464099336	5.1517495583168	0.000162088381159669	0.000352432313754767
YLR363W-A	-0.843270877341906	5.41383126585472	7.2337389213285e-10	2.97260686227115e-09
YLR364W	0.928258158225701	5.64160803136566	1.42933470215393e-06	4.09979018575831e-06
YLR367W	-0.428043559314024	8.60138697132216	0.0222395758287701	0.0340647974223097
YLR368W	0.144838440280328	6.10655252339331	0.00506556684478429	0.0087286293696885
YLR369W	-0.167752575772353	7.18950595367775	0.0369967326830972	0.0541441959325171
YLR370C	0.239997838244777	7.08121399807338	0.00536025832634261	0.00920213394002621
YLR371W	0.0908564895730684	6.06718668464522	0.342792630515517	0.403696237935218
YLR372W	-0.411416860048745	8.97779692415207	0.034982824434643	0.051510345457035
YLR373C	-0.610292804307461	6.5853381912218	7.18874752770574e-06	1.88399085163762e-05
YLR375W	0.307669085940584	6.4806102729972	9.08597940851881e-05	0.000205048454219276
YLR376C	-0.725859408422995	4.63336944448797	7.79982296140888e-06	2.03350111205508e-05
YLR377C	0.190958376765589	2.80509485811331	0.221426207503868	0.273181686745999
YLR378C	-0.14710301193378	8.25818588649458	0.159658620388296	0.204053491873817
YLR379W	-0.0855867035090318	5.48547329155374	0.511384233887724	0.57082102007668
YLR380W	-0.275234024691408	7.0557870442204	0.00449271628155319	0.00781319360274741
YLR381W	-0.641740308909797	5.7301771233844	5.44433151246594e-05	0.000127111926419205
YLR382C	-0.266648166495307	6.74547248791813	0.0400943425272062	0.058308463297911
YLR383W	-0.661180767910419	5.87486570083492	0.0103869552937517	0.016969123702727
YLR384C	-0.187468348546849	7.41855868847793	0.00303292734847532	0.0054171001839078
YLR385C	-0.535762123626207	2.10279134205818	0.00858260164026733	0.0142303175972571
YLR386W	-0.503637562249592	6.28447247932419	0.00203435805286051	0.0037459603717603
YLR387C	0.192595892205399	7.82029745609467	0.0375310452884502	0.0548727247748449
YLR388W	-0.349921735766987	8.58925565097344	0.000218268715687645	0.00046533032578515
YLR389C	-0.0671034808100811	7.50598174217572	0.254999357836689	0.309261691898517
YLR390W	0.00327854485869258	5.21712660563523	0.955781082475864	0.967609404738507
YLR390W-A	-0.206469705319157	9.86455284868509	0.00666398962993542	0.0112412754363557
YLR392C	1.86453812673889	6.21556603958968	1.92770104082144e-100	9.42222655074674e-99
YLR393W	0.254390617430172	5.09523947082598	0.00503306814232083	0.00867760415016715
YLR394W	0.103820371328581	5.73612891726658	0.278994652001236	0.335463169566287
YLR395C	0.0163331785158808	7.27868937368975	0.845099993149404	0.873279676661089
YLR396C	0.225164368139078	6.12044253851389	0.00210463736127214	0.00386087059478227
YLR397C	-0.380852768475622	6.74966613313443	5.89328650125675e-06	1.55875224133548e-05
YLR398C	-0.195164495078946	7.33570791073687	0.000849943038418993	0.00165689284921368
YLR399C	-0.473253193013525	7.8693964145425	3.73291127403906e-08	1.28241500454416e-07
YLR400W	-0.775332730729671	2.24001135657305	3.18505388945727e-05	7.68400641389131e-05
YLR401C	-0.528250014395616	7.26483225832773	4.88116531215429e-05	0.000114810508046446
YLR402W	-0.260840194192748	3.45491455201836	0.0108220616470135	0.0176129492749987
YLR403W	0.358092906548189	7.37450958109794	6.35326960811986e-10	2.62334181895718e-09
YLR404W	0.124968388751786	4.99565101498811	0.153131856616641	0.196715538884454
YLR405W	-0.532933091853232	5.61565198583816	1.47740306472768e-08	5.28384724874645e-08
YLR406C	-0.383576664896525	9.2401577826169	7.35970118081178e-05	0.0001684178558392
YLR407W	0.0244662744509444	5.91631589257258	0.844102963013216	0.872698108777843
YLR408C	0.362185717710286	3.61990249469022	0.00192508090195211	0.00356000811520643
YLR409C	-0.647082320767828	7.6318030082168	3.29574684025593e-06	9.02278233315967e-06
YLR410W	-0.2186458269676	7.69599178089361	0.000346996637869091	0.000718616530096099
YLR411W	-3.17761627143542	5.66365261676824	1.39768222268419e-13	7.94221694024325e-13
YLR412W	-0.19729603468814	6.51320921665042	6.21104555045323e-05	0.000143729044839587
YLR413W	-2.40722317006656	7.31804774390528	3.53304488324467e-27	4.18948044143333e-26
YLR414C	3.9819333705822	8.77109546871725	5.73930142847558e-152	5.75078003133253e-150
YLR415C	2.54259946725379	2.35364861228007	1.66471180992613e-51	3.93376779662012e-50
YLR417W	2.41967588261665	6.6479692645976	9.20620477459668e-278	2.91303700551975e-275
YLR418C	-0.209480747649508	6.51599792462453	0.00536436433675782	0.00920655392309107
YLR419W	-0.7920924513455	6.84131546459749	1.40955838351527e-21	1.28984246601123e-20
YLR420W	0.00327106138357737	7.90513193874681	0.956220644553646	0.967609404738507
YLR421C	0.111335680483958	7.26059488627323	0.16659295058302	0.212149294409048
YLR422W	0.324937575726746	6.12363164985685	2.8846435920019e-06	7.92980213768425e-06
YLR423C	-0.213014481040044	4.49303732048783	0.0121145601973776	0.0194927547785903
YLR424W	-0.522500401493768	5.32324148708272	2.83604428429606e-06	7.80334015431941e-06
YLR425W	0.154627506356253	5.87810866645777	0.0770596996556901	0.105796509324049
YLR426W	-0.0756355777611123	5.31236739152642	0.444171503116504	0.506325194678882
YLR427W	0.114795876692414	6.89207619013104	0.0455796765172045	0.0654466241274024
YLR429W	-0.160126136484311	8.4636710961639	0.012399562080949	0.0199214770792799
YLR430W	-0.530412388508458	7.16867050594763	5.6547685388645e-12	2.81894431638917e-11
YLR431C	-0.0390937048337627	5.47945901859996	0.633583260594222	0.685090388973464
YLR432W	-0.282004098124062	8.56182906139493	4.90148224777223e-05	0.000115231321485281
YLR433C	-0.0236257265457286	6.10533468160552	0.780298366486563	0.816420776073306
YLR434C	0.104613919735514	1.93083427315128	0.597373251437573	0.65257620929638
YLR435W	-0.616161226624563	6.50186066447915	9.97634094959789e-10	4.05255147222855e-09
YLR436C	-0.107000520452601	6.88015866535882	0.347834152260854	0.40843338347505
YLR437C	0.0173190490269153	5.22497575190626	0.909066524461693	0.926698749920457
YLR438C-A	-0.520134873425083	6.37015817218923	2.07735568554096e-17	1.54951146172112e-16
YLR438W	2.43388848810428	4.07111008293185	7.13207322655772e-81	2.80248524431798e-79
YLR439W	-0.100352703079041	6.27137908828625	0.32264929247298	0.382446282797231
YLR440C	-0.266881044957966	6.16699184815431	7.40148335134076e-05	0.000169257200107496
YLR441C	-0.0171528313092331	10.8526949796795	0.838082010126125	0.867518774944605
YLR442C	-0.361627268658556	6.32336434639181	5.78393949824405e-07	1.74563475218089e-06
YLR443W	-0.0301516540634182	5.97824820583686	0.746178046870706	0.785505588826245
YLR446W	0.0703812846154461	4.96075378104674	0.496185264698349	0.55643831586765
YLR447C	0.0855165402261408	8.22142326596818	0.149656391065616	0.192786420202803
YLR448W	-0.187922968004754	9.23146255270621	0.04473891651009	0.0643776959173421
YLR449W	-0.409868539697452	8.22810797437946	0.000129134725977119	0.000285635751499057
YLR450W	0.263736300159573	6.13069067471188	4.65035091891626e-05	0.000110026211516915
YLR451W	-0.464776506201257	6.40719144428166	1.40021012469277e-11	6.79902458072297e-11
YLR452C	2.89429631964334	7.86642835643497	3.78550976442554e-31	5.32985590251203e-30
YLR453C	-0.000478534350861496	4.19070030383915	1	1
YLR454W	0.411280268582386	6.07441462679111	0.00503044941393335	0.00867557713039796
YLR455W	-0.216000477701797	5.94117617597999	0.166657769147697	0.212186892866573
YLR456W	0.722635826060421	4.10898156961528	1.37570148887382e-10	6.09036623793034e-10
YLR457C	-0.141626367127422	4.31363193563807	0.431053985728231	0.493336486236079
YLR459W	-0.0589748837396603	6.72560444073588	0.498018471272189	0.557771032384368
YLR460C	1.5339248777548	4.07838151356504	4.31987601172091e-27	5.1023761458676e-26
YLR461W	0.367403863507852	1.93187754436778	0.0386601214299785	0.0564274459910248
YLR466C-B	-0.203452098240781	1.22735054522351	0.386748553868961	0.447916067397456
YLR467W	-0.831758303238769	1.94716393986233	0.0636706397922967	0.0888138947636399
YML001W	-0.422309935656591	6.75344903500544	5.57991218156653e-12	2.78624850793837e-11
YML002W	0.372788061498724	5.74419059996368	1.09387076445192e-05	2.80680795385614e-05
YML003W	0.664328988393061	3.89569435997844	8.08499760557759e-12	3.99400210392214e-11
YML004C	1.04378575181165	8.01514946785789	6.66711136302688e-37	1.09515501405786e-35
YML005W	0.353731670196748	5.59201474657113	1.08005764953765e-05	2.7725476468917e-05
YML006C	0.298783964336253	6.27157288478888	4.19597599248583e-05	9.97872138719335e-05
YML007C-A	0.256873878881791	0.637887655036043	0.449596669978558	0.511927117407403
YML007W	-0.444641407362568	8.38777305926181	4.2118286213749e-08	1.43954028832893e-07
YML008C	0.300850560758812	9.49753111418393	6.02595260708664e-05	0.00013960704074684
YML009C	-0.0976748662831309	5.9333917651754	0.186774937193111	0.235505646477555
YML009C-A	0.506948210785115	1.13491823678354	0.0450525334209476	0.0647840716169236
YML010W	-0.324160903558128	8.18766112945319	4.55711395730868e-08	1.55177230537739e-07
YML011C	0.00352869934148169	4.92129388376868	0.960655957658054	0.971117307340003
YML012W	0.0358533219697308	8.01269912377824	0.780560101179406	0.816552519277987
YML013W	0.30382468908313	6.06347985192465	5.12426612197101e-08	1.73463332912667e-07
YML014W	-0.48572985122888	5.88520044101065	1.58456920570207e-08	5.65366769417261e-08
YML015C	-0.553218498700378	6.22255920834462	7.51252517256326e-12	3.71920158869338e-11
YML016C	-0.175432542446094	7.97601415255922	0.0551170832517423	0.0780046856189912
YML017W	-0.374672353254016	6.43570075346448	1.64970151182396e-06	4.6915825397756e-06
YML018C	0.329350173804312	7.99368563870036	0.0330209933567962	0.0487769562803584
YML019W	-0.25058986804443	5.97594214513853	0.00272735168684453	0.00490279488299495
YML020W	0.169362677319273	6.25728092966549	0.242932994918368	0.296671372222066
YML021C	-0.576847137192894	5.91308259508081	0.00297367374614384	0.00531916886694934
YML022W	-0.0963682148407919	7.08524588006863	0.487248782495941	0.547744891616604
YML023C	-0.340091305992397	5.54485112965826	2.2806315963182e-05	5.62393648772149e-05
YML024W	-0.142583475262168	9.72462576642784	0.0760298959513748	0.104543893447727
YML025C	-0.42409020134635	6.97403239858118	5.10102504503291e-07	1.5567189122202e-06
YML026C	-0.208073490324792	10.1476845075384	0.0411255457266938	0.0596637984818733
YML027W	-1.93845452351917	7.12959717570758	2.17029113115742e-05	5.35843543347778e-05
YML028W	0.0455542582594547	9.73753883958145	0.670823160800786	0.718704118852038
YML029W	0.344098903696157	6.47469268492117	0.00014946158790625	0.000326275623272467
YML030W	-0.282327736871593	6.171625098697	0.00324000081163217	0.00575787315386715
YML031W	-0.512043803706294	7.38117524247559	3.82465509552003e-08	1.31243301565448e-07
YML032C	-0.225715026976304	7.51219700814451	0.00639065651874447	0.010810530948422
YML034C-A	0.0584695560070258	1.14493166897792	0.842375445870073	0.871063154552955
YML034W	-0.134725805442855	6.9215030015954	0.383911184380615	0.445144462969384
YML035C	0.070933243715394	7.4224771426178	0.261870924060829	0.316901770421438
YML036W	-0.586334267935191	5.44196489830224	6.88028114259856e-10	2.83316782392483e-09
YML037C	-0.343249287153605	4.08043918662316	4.91121577626517e-05	0.000115381904051998
YML038C	0.00568782347803539	7.02617334444133	0.951899312906992	0.964899455268393
YML041C	0.284527516617754	5.18709958848388	0.00266486319649136	0.00480106608849447
YML042W	1.50712931498873	4.9539448019841	4.09360461111862e-55	1.04282842890022e-53
YML043C	-0.862202191618372	5.55401292736553	5.45515836494616e-07	1.65304496421655e-06
YML046W	0.275197853560967	6.47808461900344	4.69529529820722e-06	1.25346870927273e-05
YML047C	6.99552088473405	3.63782209864247	2.04950864206728e-213	3.42267943225235e-211
YML048W	0.370832627716403	8.8659346394479	5.99911296797475e-07	1.80513849666988e-06
YML049C	0.172154487507834	7.22744636432729	0.00890193569332727	0.0147230914410684
YML050W	0.125238793418563	4.51729502855212	0.231107154207853	0.283612208838051
YML051W	-0.299153824064511	6.36985002694933	6.54346362144298e-07	1.95815347397288e-06
YML052W	-2.0819475086071	8.24581675524442	8.64354891583708e-19	6.81061809724935e-18
YML053C	-0.679523079801627	5.98616806128322	2.14843232779755e-12	1.10680164136409e-11
YML054C	3.81127862052986	7.9407811249882	1.11177685011345e-63	3.44536207365054e-62
YML054C-A	-0.118712903547693	1.44311750096207	0.580635656874024	0.637120198782009
YML055W	-0.327545289477049	6.23313414025727	1.51899018904589e-06	4.34451427999234e-06
YML056C	0.108193787404405	7.92003112914407	0.448659085341531	0.51095632147628
YML057C-A	0.494181089629623	1.67238608623717	0.0124103219802135	0.0199334372816039
YML057W	0.857561533561125	7.12295243468147	3.73812055447917e-25	4.08610559518705e-24
YML058W	-0.299092067589567	8.83938743235062	0.196902278645757	0.246825792163947
YML058W-A	-0.921155494441346	1.5391305267442	0.000455972884209141	0.000924868076877651
YML059C	-0.619949165766263	7.37396542401583	3.99621486528149e-08	1.36974023774643e-07
YML060W	-1.22707832929601	5.81085424137186	1.19437164595051e-05	3.04777688262073e-05
YML061C	-1.15045418401642	6.33520515574559	5.68171210943036e-07	1.71736818511289e-06
YML062C	0.178487119675945	6.26400194204479	0.00738931451275912	0.0123952452150412
YML063W	-0.289786095984161	11.3526387598671	0.00168383022607967	0.00314677877500497
YML064C	-0.260716768207089	6.36624702661517	0.0155263230143495	0.0245319984132114
YML065W	-0.724605714230713	6.57450207578533	1.88370344794872e-06	5.30934136383858e-06
YML066C	-0.074996844712165	3.35588801667634	0.616342746297326	0.669579434539126
YML067C	0.294621719288092	6.511386705089	6.3600757801306e-09	2.37348079392583e-08
YML068W	0.331765791685273	5.18645066560175	4.82207610754893e-05	0.000113598438709186
YML069W	-0.312427214279731	8.12407699316815	0.00193524808192212	0.00357770955366414
YML070W	0.948909955665057	8.01846123063305	1.51022482618582e-34	2.34007001418277e-33
YML071C	-0.351457900339497	6.5712514718719	0.000143655632507428	0.000315433770136837
YML072C	0.138626144121439	7.98976024903487	0.172051590850332	0.218264796023079
YML073C	-0.108717881484941	9.47508507395031	0.327231105399846	0.387342666994266
YML074C	-0.106121947657658	8.98359229201557	0.0718258861985276	0.0992455131752581
YML075C	-0.266393780729006	9.0342289001965	0.00399706489393215	0.00700185144006996
YML076C	0.110011904523434	6.58233095248925	0.0905675956142974	0.122638234480678
YML077W	-0.335905512860204	5.97389942270978	0.000116944461526563	0.000259915010239444
YML078W	0.395417932359115	6.80628811087689	8.32614219538745e-08	2.75794858835644e-07
YML079W	0.284115670697329	6.23803099302241	0.00520095664653484	0.00894653830013376
YML080W	-1.09503016151046	6.62928130796547	2.73925750829928e-12	1.39918573830886e-11
YML081C-A	-0.303402085931017	7.08565467730869	0.000311825329876455	0.000650349775581114
YML081W	-0.118401472593376	6.82315583950602	0.21658459895649	0.268143865100168
YML082W	-0.625520435507015	6.33194443554804	3.09402096462753e-13	1.71440129394845e-12
YML083C	0.117737702184355	3.44050113090929	0.49221689064841	0.55229711582274
YML085C	-0.221197099221983	8.4855712910513	0.323313947430556	0.383158575192688
YML086C	-0.112619467241293	7.35532568200662	0.0630678069046384	0.08807518121038
YML087C	-0.213327967344468	4.23306217796965	0.0234632685647927	0.0357841630166245
YML088W	0.124234154394871	7.17496458583299	0.0486724258205665	0.069571712799155
YML089C	1.95343472043643	0.473497665083405	1.29643999996854e-14	8.10207617443957e-14
YML090W	0.108811473187838	3.89236664567413	0.402168466245122	0.463555746023853
YML091C	0.298682642992992	8.38527196024605	0.017320276661467	0.0271029420324673
YML092C	-0.0740409330105108	8.13749609945084	0.341392873220975	0.402284193219228
YML093W	-1.31860464244422	7.72748725874478	3.95848775358233e-22	3.76557410989509e-21
YML094W	-0.207744842233477	5.16925165068106	0.00280267228850408	0.00502975098462285
YML095C	0.15611700274664	4.22473995782201	0.079341827327496	0.108631989499637
YML096W	-0.378691489637935	6.38993638525281	0.000521953190272542	0.00105230804155551
YML097C	-0.719053845688953	6.68760477389624	4.8472286822014e-21	4.29183193481514e-20
YML098W	-0.375794640919069	5.97848569614853	1.71309010165358e-12	8.92469470636163e-12
YML099C	-0.306524386881376	6.5492977397279	2.89390316939533e-07	9.1089768871229e-07
YML099W-A	-0.16919683142495	0.751855000709881	0.632290248901952	0.683815250296553
YML100W	3.60702062755058	7.49108669405664	4.69743864050837e-28	5.74004087535291e-27
YML101C	0.02606943238111	4.5535618379276	0.822603525056563	0.853848824696142
YML102W	-0.877516136352706	5.84053872081921	1.15603011815439e-06	3.36044427569603e-06
YML103C	-0.173654999224567	7.40891909111894	0.0209501912334154	0.0322376630906817
YML104C	-0.680443528622598	6.1556184699238	1.30266341674297e-11	6.35167271813361e-11
YML105C	-0.0771782355939991	6.93367055549667	0.204155078464706	0.254537605087062
YML106W	-0.195395016660628	8.07454200646707	0.0175605011008792	0.0274288731147014
YML107C	0.0301345883552416	4.77850257294874	0.686122749215616	0.732806887241835
YML108W	0.410354884448311	5.59924213355294	0.000265876432954456	0.000560466029075101
YML109W	-0.520198518063526	6.59062733352389	2.15900343133228e-06	6.02037505991173e-06
YML110C	-0.124099530430284	7.85816119976641	0.397498554853226	0.458687391895892
YML111W	-0.636251208941737	6.6464588296377	1.54599004922529e-09	6.10676227065862e-09
YML112W	-0.43117523405764	5.93814615587496	3.41057942453776e-06	9.30326837582623e-06
YML113W	-0.633834110380399	6.1917944864372	4.57170713708284e-10	1.91400440864499e-09
YML114C	-0.306425275972339	6.67792861158676	1.15286709100728e-06	3.35318672043336e-06
YML115C	0.470728233595675	7.66877560503646	7.48467431854514e-14	4.34342297327156e-13
YML116W	0.102890012621443	8.09943790360253	0.281469638781009	0.337898456140461
YML116W-A	1.65950878061728	1.19334415495598	4.55630811713897e-17	3.352818164044e-16
YML117W	1.1566173419977	7.65315558716904	9.05721545352197e-44	1.78531079693685e-42
YML118W	2.84487115322689	4.1937743672025	7.62966325349686e-110	4.28687247476852e-108
YML119W	-1.17162712915473	5.86080527083354	1.39493713705137e-06	4.00877727913616e-06
YML120C	0.43623919480217	8.27918655294605	0.000346253748125694	0.000717572400459039
YML121W	-0.00024176473166602	5.94437935540487	1	1
YML122C	-0.206985424682426	2.6241088198908	0.152185462738546	0.195708877429762
YML123C	0.552232060301943	5.43669063693062	2.44473447937e-10	1.05815289344654e-09
YML124C	0.0592994664889057	8.41424687274786	0.552225280722715	0.609953773232585
YML125C	-0.278365512762212	7.40576816255212	0.10901453215005	0.145127406396391
YML126C	-0.0784705229356099	9.59181371225128	0.263093430457143	0.318253059136488
YML127W	0.311288978587738	7.12714753431817	7.65394638659323e-07	2.26454358642709e-06
YML128C	4.10151039612368	7.12843829901754	9.10471830203765e-250	2.28073193466043e-247
YML129C	-0.0263400412519192	5.60963313346635	0.794810112071736	0.829295104785713
YML130C	0.407671622259978	7.43881439251757	7.10027800569674e-05	0.000162926989962782
YML131W	2.13327002065194	8.02687013809636	1.13522560967471e-34	1.76812859206331e-33
YML132W	0.683455879158471	1.09463390698082	0.00113478714178061	0.00217271983961306
YMR001C	-1.9536962263317	6.91585912333638	4.58860737944495e-19	3.66844515494987e-18
YMR001C-A	-2.36344614997699	1.85628908965155	6.56687635203051e-08	2.1909023656164e-07
YMR002W	-0.247573725579172	9.02404216213332	0.0230805990397168	0.0352631668174784
YMR003W	-1.04019194594659	5.4409156819237	0.00064991557045391	0.0012903871894217
YMR004W	0.214330327436656	7.15173962791363	0.00661532085321252	0.0111685787614473
YMR005W	-0.536046922497019	7.56340913684103	1.5366119611839e-22	1.4996933621165e-21
YMR006C	-1.0121259949853	5.46944837716447	1.51850466707028e-23	1.54210305040988e-22
YMR007W	0.549940925076609	1.7977271936104	0.00129045966870334	0.0024551403570394
YMR008C	1.40910027817501	7.46037740599152	1.72076103960435e-24	1.81177151840654e-23
YMR009W	0.70853333753518	6.87251755642729	8.81411904902255e-17	6.34616571529623e-16
YMR010W	-0.29182025650938	7.08774355320069	0.000101752972950536	0.000227920593658206
YMR011W	1.94397610857144	10.7042748457831	3.64048846562542e-52	8.78980588567872e-51
YMR012W	-0.147670232773815	9.06911033483447	0.0264478718929275	0.0398310792471601
YMR013C	-0.344908193837973	6.1796185495452	0.00848909500583148	0.0140906789550135
YMR014W	-1.01590250370295	7.175541544648	8.21166718505918e-17	5.94801724296094e-16
YMR015C	-0.200048109993737	8.74089056108307	0.0373677041500375	0.0546604957056023
YMR016C	-0.0334948451412728	7.59738812098843	0.665720617046772	0.714694203355477
YMR017W	-0.0431901948265739	2.58945860506405	0.797701983462195	0.831814155142161
YMR018W	-0.689080851071757	2.97521741647472	6.32982817311085e-07	1.89800134547344e-06
YMR019W	0.301687554662103	6.90257949661233	6.58518292875822e-07	1.96867825796591e-06
YMR020W	1.57315197936822	5.68906681809192	1.00991917807467e-108	5.57030651246323e-107
YMR021C	0.66518929871677	5.9169953969726	1.04108931650366e-22	1.02775516762233e-21
YMR022W	0.184454488350868	6.31373954073004	0.0268775469920544	0.0404171617099127
YMR023C	0.339800582008033	4.56791372247056	0.000202718858007102	0.000434026272912642
YMR024W	-0.570696916205343	7.18708153675413	6.55520955866742e-11	2.99240090104089e-10
YMR025W	0.180660625078353	3.7941048636615	0.165082154292091	0.210492876268091
YMR026C	0.0017786471191436	6.21412747177136	0.980228976116103	0.986133969948128
YMR027W	0.0608976319813363	7.94858510964432	0.487239576269235	0.547744891616604
YMR028W	0.0241665612456187	6.0064534651178	0.783890519938416	0.819608661890392
YMR029C	0.173575293344741	6.66747083732349	0.145011098172223	0.187525644700237
YMR030W	0.689320183825357	4.8072332249951	3.8306638372551e-12	1.93204286825316e-11
YMR030W-A	-0.1032480875297	0.652812052599026	0.85177131350544	0.87821113647654
YMR031C	0.0792700562745005	7.69046096400533	0.754059326863091	0.792660391493348
YMR032W	-2.38053023690014	6.49886852112818	1.24834790487456e-08	4.50214013443662e-08
YMR033W	-0.437215696011358	7.4200641555735	1.40085499487715e-09	5.55536954432812e-09
YMR034C	2.58683605288813	4.50219645677862	5.72457071320528e-99	2.70993063998347e-97
YMR035W	1.2355918105229	4.35458607127455	2.41619084301972e-41	4.4422444490014e-40
YMR036C	0.939598407372164	5.35249317514527	1.17487312204674e-19	9.62307521763621e-19
YMR037C	1.11516077774957	7.93310942232559	1.03789375600036e-70	3.48593143076769e-69
YMR038C	-0.15429950824686	7.34622131677037	0.0786622063486203	0.107824255487439
YMR039C	1.01768935054415	7.76279570655732	2.09245027215741e-45	4.3081544644556e-44
YMR040W	2.94535294364185	3.7769738079909	1.68484171005307e-29	2.19248232918595e-28
YMR041C	-0.0872092363777247	6.08668748564254	0.225283421076876	0.277200967563279
YMR042W	0.329035667414895	5.3771054529701	7.59588618127067e-05	0.000173307277881591
YMR043W	-0.327357832306621	7.06262267828916	0.000124408883731067	0.000275689719495456
YMR044W	-0.319468787870966	6.68365113333243	2.54366420819506e-06	7.0569954866953e-06
YMR047C	-0.200725640492546	8.022613748099	0.000594451849977884	0.00118811320547442
YMR048W	-0.808153679033906	5.76236112513704	0.000299876501820777	0.00062773590840756
YMR049C	-0.437309588802101	7.90984757443714	0.0144731083122721	0.0229887258053843
YMR050C	-0.0566119657202071	2.48392007661225	0.865732675994617	0.88995902774448
YMR052C-A	-0.480785243135305	1.10413499811621	0.0927672486668088	0.125451197942383
YMR052W	-0.0703022942423112	3.85143581551592	0.573718410207433	0.630335358583166
YMR053C	1.432432562715	4.85185754995766	1.96161271873159e-36	3.21341026294668e-35
YMR054W	0.0127035561474102	8.12217324671791	0.881401750049879	0.903031240848649
YMR055C	0.0270382885132574	4.37101652410563	0.791656477929033	0.827009338889548
YMR056C	-0.414852477130992	3.75110879269552	0.00455144349675504	0.00790617691490648
YMR058W	-1.55913014835865	10.2881288079233	2.72900562373578e-05	6.66400560921995e-05
YMR059W	0.201825670206458	3.57096526634254	0.0866937479367886	0.117839207007907
YMR060C	-0.252664038252666	5.55035184480894	0.0109876026504216	0.0178630251850553
YMR061W	-0.520940037201226	7.12501854336113	8.33899738011939e-18	6.34608256319972e-17
YMR062C	0.446942987435824	9.27313551244914	4.00281490410269e-07	1.2372711158594e-06
YMR063W	0.192917406014795	3.9161206377065	0.0730851973983486	0.100869652607638
YMR064W	0.0797552429683263	6.46199483074327	0.128282058783103	0.16758620977923
YMR065W	2.4912428981887	5.08667598089826	2.84687174328815e-107	1.52816008220075e-105
YMR066W	-0.164725782332785	5.74698236001527	0.0302832316211209	0.0449982176238702
YMR067C	-0.135170146124905	6.85904169315518	0.157336935356996	0.201428802250055
YMR068W	0.870432710943592	5.559926134355	2.60868488638563e-16	1.8236527368547e-15
YMR069W	-0.914338338912679	3.35103912628478	3.55658860819122e-06	9.68836008719784e-06
YMR070W	0.629616026639495	7.39356411510021	9.66424572354682e-15	6.08392097277105e-14
YMR071C	0.991995936592562	6.36174676001303	2.55885905472544e-52	6.20316961169732e-51
YMR072W	0.292088982847646	7.84297435901205	0.000652156045995903	0.00129398090710474
YMR073C	0.10172272362112	5.87500726442212	0.152317689373029	0.195837029193894
YMR074C	0.104340533033806	6.46566959831228	0.0927737900951155	0.125451197942383
YMR075W	-0.161085873503963	6.03418977004094	0.108087656502066	0.144084920374816
YMR076C	-1.51558341751901	6.7770863630676	0.000268644426505218	0.000565904096758714
YMR077C	0.325685135639718	5.29762379442906	9.54754652861793e-05	0.000214578877495518
YMR078C	-0.908210379152683	6.50439421504072	0.000256856368686671	0.000542212250191105
YMR079W	-0.0329390208850455	7.27493465989611	0.672915339524795	0.720621129537418
YMR080C	-0.0301208872005838	7.41293091889252	0.612022294980318	0.665727888080635
YMR081C	2.12099630663674	3.84566841229981	2.57646684080344e-27	3.06727101919015e-26
YMR083W	0.061400591515337	9.64732151388775	0.66019200443859	0.709904190786049
YMR084W	3.74733792641368	4.41679561086023	1.89374880074842e-195	2.647725067465e-193
YMR085W	3.72399850754479	5.40177436793332	1.87378410665618e-203	2.81629751230423e-201
YMR086C-A	-0.0985991063943614	2.71128521163112	0.485313346565092	0.546181924288531
YMR086W	-0.0635390696260018	6.92971971170596	0.35993133476983	0.420339390954977
YMR087W	-0.238404343469914	4.20567528371801	0.00790458458321541	0.01320799402843
YMR088C	1.47470136035473	6.72578123770673	9.27625621872853e-87	4.01214765374071e-85
YMR089C	-0.260515886360097	7.63155142725098	0.00331132126006927	0.00587593371178761
YMR090W	2.22708186835908	4.94904549974307	3.79626095323812e-108	2.07482916826069e-106
YMR091C	-0.42733332261014	7.21339159298613	1.33914063937984e-06	3.85764902920535e-06
YMR092C	0.311008529489666	7.80867885827191	0.000324657319869691	0.000675610871255306
YMR093W	-0.388925076785263	6.96353524738044	0.000126304949392685	0.000279685213903802
YMR094W	-0.241657810543966	4.62180522924407	0.192475107367363	0.241931914173654
YMR095C	0.971037823972217	4.82697621698636	2.19706981262651e-12	1.12992161792221e-11
YMR096W	1.97804190572384	7.46695525543462	2.11567971434064e-30	2.87770733995835e-29
YMR097C	0.254183162446401	5.84231008570333	0.00134614041889401	0.00255138593896306
YMR098C	-0.452636788746454	6.46220176425373	1.4090905913592e-11	6.83181664133187e-11
YMR099C	0.0823972410817738	7.54037822990541	0.27998867892095	0.33638927611366
YMR100W	-0.317125815842679	6.0994359987259	4.31969152053094e-06	1.16092916501708e-05
YMR101C	-0.339177617112773	1.25574034102499	0.164275762527222	0.209553550671262
YMR102C	-0.0827197463202941	6.27619545838063	0.322055635268639	0.381817881923695
YMR103C	1.30946255762068	3.84648713758873	6.34932494658884e-13	3.42966231616281e-12
YMR104C	1.47143611038629	6.66954818858326	5.22824378658602e-16	3.57184109601763e-15
YMR105C	2.80144752229562	5.73592901491886	1.93177503251084e-75	7.08160457039948e-74
YMR105W-A	0.211678192529934	1.61876775294662	0.331789034609832	0.39204317532907
YMR106C	-0.0125391940363675	5.05118458676842	0.920285533866133	0.936168634450625
YMR107W	5.94380012360088	4.23356207467474	1.34860673686339e-266	3.68537441001032e-264
YMR108W	-0.0926035262562894	10.2335951433188	0.476133617439243	0.53776353711154
YMR109W	0.0718036390146854	7.25998447370012	0.420084761900736	0.482159142525244
YMR110C	0.976115616183603	7.68481541839847	4.29424006657681e-34	6.58596206129076e-33
YMR111C	0.323109276611926	5.46285328552082	2.9208711519844e-05	7.10654689021862e-05
YMR112C	-0.0518301066034666	4.90926554252717	0.560755586545685	0.618126620152669
YMR113W	-0.0483792156373737	5.99940059726095	0.618459500813219	0.67151499347825
YMR114C	0.687888412314262	5.47047609468217	1.20361140527943e-15	8.00454841652645e-15
YMR115W	-0.0822986729627583	6.6745632836911	0.340450715862778	0.401331314464122
YMR116C	-0.167795351795583	10.4570930438181	0.0794673204733687	0.108779037041415
YMR117C	-0.774219132675566	5.02054492074562	8.0215270943948e-08	2.6629166698786e-07
YMR118C	-0.238642271994046	4.01558716363863	0.0218054450574972	0.0334339035158565
YMR119W	0.228646699505316	6.18212658622196	0.00460588086506183	0.00799380939975512
YMR119W-A	-0.833470744479182	3.34578858528494	4.35152506272819e-08	1.48391200664333e-07
YMR120C	-0.987236310481555	11.272766441133	1.68237705012123e-10	7.40985408448998e-10
YMR121C	-0.132961851497586	6.19334695157985	0.0338512494621299	0.0499175157631407
YMR122C	-0.941122074672342	2.69304907115254	5.48912490965744e-07	1.66249969555972e-06
YMR122W-A	0.598714075009761	9.34324721536817	0.00656354528634333	0.0110873937233763
YMR123W	-0.51994887505769	6.68787614919805	2.38008877974412e-07	7.55097295188477e-07
YMR124W	0.111787073494012	7.1794533444958	0.34723886658437	0.407814039051618
YMR125W	-0.351919105130597	8.12370076120255	5.92652349800579e-11	2.71986711984816e-10
YMR126C	0.216052612779282	4.81645744264474	0.0703241434691552	0.0973494705357037
YMR127C	-0.6468505219246	4.99526959467013	6.24010945684018e-07	1.87203283705205e-06
YMR128W	-0.80618201764278	6.94429864929496	2.08183686734873e-09	8.1643856793872e-09
YMR129W	-0.244240019634234	7.19503208018583	0.00688372790247135	0.0115859384517519
YMR130W	-0.333389546663025	6.76187031156029	2.04557732187006e-05	5.06716557852609e-05
YMR131C	-0.286546099353362	8.27922185344185	0.0745479082501234	0.1026859150886
YMR132C	-0.874650070614726	5.05690398165088	1.22954964749235e-09	4.92475181926982e-09
YMR133W	-0.162314600723277	4.35531447541324	0.0830430073885902	0.113209650888935
YMR134W	-0.339485839923687	6.17080734714792	0.00240594664715227	0.00437921624059323
YMR135C	0.558916186458294	6.40013562636921	3.84385147421311e-21	3.42866989064825e-20
YMR136W	-0.301922030801768	6.65334436825625	0.153773623795624	0.197455580149358
YMR137C	-0.528720246407504	4.8203226497678	3.67398974590572e-12	1.85613666826766e-11
YMR138W	-0.599242881130106	4.47054608875473	2.44397355760313e-08	8.53261848333917e-08
YMR139W	0.656682950021206	6.27116361292447	2.68213578086236e-17	1.98828610536924e-16
YMR140W	1.16311102819531	6.1749450884984	6.96925397786031e-55	1.7604686939032e-53
YMR141C	1.34382688811035	3.19265610211641	1.30922761814146e-34	2.0338698812058e-33
YMR141W-A	-0.181995399041986	3.87230722720804	0.357279890803754	0.417729813985252
YMR142C	0.0517642016080469	10.2286189944606	0.540928347949605	0.599237373847987
YMR143W	-0.0907705258641078	9.76382134311363	0.296052912968607	0.35378058293923
YMR144W	-1.29649813045599	6.06186511440966	1.1194065127957e-07	3.66750515254917e-07
YMR145C	-0.356222245295437	9.55661977094652	0.0106835313013304	0.0174110572468415
YMR146C	-0.0997295145873415	8.99729089147353	0.215224887576136	0.266680136872986
YMR147W	-1.04100224687289	4.95110332584651	6.08902301330002e-20	5.07025018780605e-19
YMR148W	-0.453858929214414	5.44442414714047	2.1752417186687e-09	8.5195786401539e-09
YMR149W	0.213706861808174	7.4003014618175	0.000974122067700787	0.00188188363464561
YMR150C	0.395453930532628	5.52895717633169	7.30117000556673e-05	0.000167217653613208
YMR151W	-0.139481297985133	1.65304487367916	0.673255058978967	0.720856529756287
YMR152W	0.214937508632425	6.63566900431188	0.0481462038204822	0.0689014466481169
YMR153C-A	-0.454969048984468	0.6968650618711	0.166337787016286	0.211907797048627
YMR153W	-0.240462587134519	6.51237681350892	0.00445384071131475	0.00775231336318017
YMR154C	0.140773593871487	4.7294895493469	0.0664679718801	0.0923729650816369
YMR155W	0.202470564030955	5.55407256016381	0.0114789706505208	0.0186015017657495
YMR156C	0.596765160445319	4.58299716221988	4.50823317635072e-10	1.888745495207e-09
YMR157C	-0.157389501318745	5.20596917210997	0.155025239101769	0.198977740708761
YMR158C-A	0.652207191172102	1.78509398274586	5.32061925840105e-05	0.000124416814397149
YMR158W	-0.435011605087135	5.86549636601829	1.74250719838325e-06	4.9391576033381e-06
YMR160W	0.159030653051025	5.89724350330959	0.0490391743954102	0.070079276554601
YMR161W	0.340185218969025	6.44202447275083	5.22281070731078e-09	1.9698580911137e-08
YMR162C	-0.285263325664259	6.51169114581383	0.0210685671648885	0.0323866596254947
YMR163C	-0.179314642103234	5.14656850029573	0.0678069205144758	0.0941032331793694
YMR164C	2.59574173473338	6.80151931612234	5.69898765735829e-160	6.22951159927965e-158
YMR165C	0.801813193290397	6.63014600596954	4.40271135646168e-52	1.0587640270019e-50
YMR166C	0.148369871136279	5.89887686627031	0.0894986475461092	0.121322631126766
YMR167W	0.0274262086576265	5.73710905638371	0.653204782326771	0.703649373113877
YMR168C	-0.058744664397699	5.52983368094529	0.392435757101645	0.453628873619514
YMR169C	3.60396069957688	5.21172409919863	2.46880573904844e-149	2.43319018084578e-147
YMR170C	0.487930339837882	4.35616161713196	2.81594491984691e-10	1.20580205542162e-09
YMR171C	0.35661333849281	6.67967985790633	1.13164876487106e-08	4.10094778445138e-08
YMR172W	-0.462111920219345	6.36164520026007	1.37088758787628e-07	4.452607335663e-07
YMR173W	1.71656039606874	5.50854704373428	2.94719892598577e-13	1.63757485610226e-12
YMR173W-A	1.64998882674564	2.30021524733304	2.92819530287843e-09	1.13283849169274e-08
YMR174C	1.43615743615308	3.74901029333911	2.19286770440557e-45	4.49949509859599e-44
YMR175W	1.56638677688886	0.67575117803938	3.37141157581618e-12	1.70757593882113e-11
YMR176W	-0.0898570871891823	6.02476280409108	0.0985076436765583	0.132252781103946
YMR177W	-1.15160833143265	5.76778717412565	4.77906227958041e-28	5.82793558313132e-27
YMR178W	-0.0102297758565968	6.49085580688619	0.891784323391352	0.91226941504659
YMR179W	-2.30966355446721	6.18289869534437	2.05045428523059e-06	5.73631045267859e-06
YMR180C	0.051594631219549	5.08779041296563	0.497233190599908	0.557197752448583
YMR181C	0.483863560496976	5.29233793317986	1.67179047991447e-10	7.36862490120661e-10
YMR182C	-0.417173408527896	4.66190723291354	0.000125427351381962	0.000277844228632409
YMR183C	-0.836932703823403	7.50085179777357	1.69115418977516e-34	2.61368097401754e-33
YMR184W	-0.113291995439684	5.53665312770359	0.216996119684372	0.268487481280602
YMR185W	-0.362709645413946	5.95051957302787	0.00224060006722901	0.00409312901980578
YMR186W	-0.57237411551287	11.6739015539468	1.88649195336393e-05	4.70020291074346e-05
YMR187C	-0.360307041275385	5.14916145676175	3.64386162405571e-05	8.72784704534779e-05
YMR188C	-0.446649006791192	7.08295438448865	1.31647364388152e-08	4.7364689090459e-08
YMR189W	-0.422345162320338	8.18823836314197	0.208883166718814	0.259839767910927
YMR190C	-0.342554450911057	6.19224365740786	0.00408826130852475	0.00715011223835507
YMR191W	0.346944781126931	7.42603272265293	0.00972150273803424	0.0159513303660103
YMR192W	-0.175456009579867	6.07306321337095	0.0137026489612266	0.0218747545286497
YMR193C-A	-0.45973763040402	4.49084466550351	0.000429473996431744	0.000875847241027016
YMR193W	-0.337448634230554	6.08252250502161	7.04457297291448e-05	0.000161710472367934
YMR194C-A	0.458401348413771	1.96153559744735	0.0306071328858651	0.0454345883727954
YMR194C-B	1.81775498917571	2.63947006833266	8.95021410308784e-46	1.86835719401959e-44
YMR194W	-0.257291130813477	7.26375875265555	0.0367206276862639	0.0537924984526849
YMR195W	1.91039891576664	5.89006102803432	5.85325866778116e-28	7.09471594973797e-27
YMR196W	2.00668387789672	6.49757851015192	2.16480818354555e-65	7.03504151323017e-64
YMR197C	0.401073690208083	6.59829217471682	8.51518568469953e-06	2.21137349185372e-05
YMR198W	1.114386378594	6.12424397308019	1.07383040591072e-11	5.26579804268782e-11
YMR199W	-1.98446293351213	7.16175491174558	0.000635582671095896	0.00126485369699719
YMR200W	0.104801998572122	8.25360579515573	0.113275963567219	0.150069434324839
YMR201C	-0.0695508251735526	5.63572116584717	0.287440516575586	0.344447356119678
YMR202W	0.179780858710834	8.93206516992829	0.0193046560481581	0.0299508624932971
YMR203W	-0.0754239511624547	8.07586568955465	0.243543991723639	0.297055483514408
YMR204C	-0.194309805174798	4.58304068270594	0.0403147160537222	0.0585864329018559
YMR205C	-0.198147024881319	9.84208524425452	0.0616282358751473	0.0863053701563908
YMR206W	1.87001425362167	2.67681563839435	2.3536611002085e-26	2.69527819703876e-25
YMR207C	-0.532817608802648	5.98798852166605	5.37370546615359e-14	3.17043348994263e-13
YMR208W	0.0684931607838155	7.71955394214592	0.357278490741188	0.417729813985252
YMR209C	-0.750804285928576	6.06171193495058	1.02949666977216e-19	8.45537428780086e-19
YMR210W	0.361714384670329	6.40977689396362	1.1339200808616e-07	3.71101117372889e-07
YMR211W	-0.165391767038316	5.70314674430378	0.0926639859071441	0.125359109647559
YMR212C	-0.391562774743959	6.9294052058392	7.01520666732205e-09	2.60825123586519e-08
YMR213W	-0.17507533201673	5.33812486532844	0.0111178495604755	0.0180552435325712
YMR214W	-0.0680175199695369	7.13028888978199	0.432196679646626	0.494267916689275
YMR215W	-1.0053584861076	7.15855840828816	0.0333276592569306	0.0491695429331698
YMR216C	0.0900877339536374	6.9322948158573	0.260469484653492	0.315523381369494
YMR217W	0.0816002981176429	9.84518444824067	0.559795980453503	0.617295200749534
YMR218C	-0.178808187170339	6.2085644054655	0.0120053161337041	0.0193501234841364
YMR219W	-0.439799678040695	6.52425944046791	6.10533274640173e-07	1.83526302356836e-06
YMR220W	0.0164533904305187	7.73534746115556	0.800020457472795	0.833574175099904
YMR221C	-0.0824244067051636	7.13840576132171	0.222286349424917	0.274017948071068
YMR222C	0.31514268552369	4.83236254968159	2.99844641488181e-05	7.28055728847715e-05
YMR223W	-0.107488326423259	5.72882827387234	0.219177127243449	0.270573488498483
YMR224C	0.0443251265441215	5.67294406041297	0.530373801541643	0.589064713627999
YMR225C	-0.307493717257943	6.09609389107035	0.00138876312778367	0.00262637430771797
YMR226C	0.860067965103243	8.63560996380572	8.27863397828594e-38	1.39414978928446e-36
YMR227C	-0.40811929925526	6.14447202132354	4.23321796505551e-07	1.30580330456202e-06
YMR228W	-0.371420752083959	5.24736296876556	2.3477148343802e-08	8.22042025876166e-08
YMR229C	-0.701022003464431	7.90028454671682	4.45215324403791e-08	1.51736651378435e-07
YMR230W	-0.216463692248298	9.39039271229701	0.0057369036483369	0.00977892393926892
YMR231W	-0.0972838434201992	6.22444171138746	0.222111791626501	0.273858919454168
YMR232W	5.37113041091185	5.8982026730267	3.81434455245279e-248	9.17273577973846e-246
YMR233W	-1.57576861333866	4.26806573219412	3.85130129237246e-29	4.9263879510092e-28
YMR234W	-0.209051481599692	5.32424609379603	0.00321792139264886	0.00572201816403578
YMR235C	-0.29503659162325	7.9898802237656	1.63427061159228e-08	5.82063679910709e-08
YMR236W	0.551159966951504	6.35788405991933	7.09424563852021e-25	7.61617942478277e-24
YMR237W	0.0465123390336197	7.47955953333587	0.445550421966061	0.507704536933275
YMR238W	0.649891890654797	7.25710229945465	3.08037500071038e-10	1.31248862539127e-09
YMR239C	-0.61291667375882	5.7873250304925	6.21667406838267e-08	2.07983553139213e-07
YMR240C	-0.0826342712979087	6.06398899155303	0.395446406926108	0.456669957441368
YMR241W	-0.823747433054602	9.27231058330547	6.96652878111261e-14	4.070240139169e-13
YMR242C	-0.321189112593805	10.1206501912404	0.000159891441663778	0.000347907110851478
YMR242W-A	-0.441897322582427	0.686066006982641	0.177916754121687	0.225091651047892
YMR243C	-0.569205809215557	8.53913090079118	2.03018106749844e-06	5.69296688843357e-06
YMR244C-A	0.649106931289491	1.42657923705949	0.00119989745195891	0.00228863689123634
YMR244W	-0.0509310803615689	0.782430448754876	0.96853482876145	0.976966577064097
YMR245W	-0.44154994566568	2.94930464915602	0.00515570562796415	0.00887631793680426
YMR246W	-0.0637012748011469	8.07392134453093	0.648327294064862	0.699272280573726
YMR247C	0.374283483569262	6.97875238112404	3.52733070638697e-05	8.45884013035439e-05
YMR250W	2.56192174517069	5.14889286954474	4.30714820398691e-60	1.23307500011282e-58
YMR251W	2.42418419909233	4.05109449136945	2.41745372255246e-58	6.54672602702044e-57
YMR251W-A	1.51478907799706	8.2461327291481	6.45583959886042e-07	1.93482092065547e-06
YMR252C	-0.316429002569901	4.40223877738698	0.00382143711099962	0.00671768418459934
YMR253C	-0.260247530122793	5.4307434027949	0.073276999060019	0.101087957399916
YMR254C	-0.49990958322408	2.35445771760983	0.0180019889852801	0.02806013942948
YMR255W	0.417087628853277	6.38538478398249	3.36096778994724e-12	1.70372161493784e-11
YMR256C	0.404400902777606	6.7482933368036	3.49173137658428e-08	1.20024522790307e-07
YMR257C	-0.0325154932049236	5.8025312378139	0.663876031729543	0.713100357827052
YMR258C	0.32226038457051	6.32879596354869	0.00681756292162052	0.0114842219906928
YMR259C	-0.494164668165405	6.65388581400784	1.77699557877297e-07	5.72217322955708e-07
YMR260C	-0.187774050375425	8.57299052024462	0.00864721762098725	0.0143175632986437
YMR261C	1.21179384992767	7.52234478020596	1.54892842936984e-24	1.63946438686117e-23
YMR262W	0.966212163700974	5.04745635198191	1.57523650220871e-09	6.21412194965797e-09
YMR263W	-0.615508124594326	5.20551882658153	1.80510004110486e-08	6.39120226567868e-08
YMR264W	-0.276292773225726	6.56290341921134	9.78828309439817e-06	2.52562909714686e-05
YMR265C	-0.140494799552819	5.75042927485157	0.0943118795848062	0.127216293485271
YMR266W	-0.0396650883672122	8.23964806781526	0.743254074739717	0.782701611023853
YMR267W	0.0552558607557425	6.07263446480865	0.393363827319851	0.45452687485046
YMR268C	-0.441104879073223	4.96873996285335	1.85544669587813e-06	5.23952350193485e-06
YMR269W	-0.776076518669095	5.54480533601204	1.93000109525595e-19	1.57011726450322e-18
YMR270C	-0.572031012143109	5.69431226391981	5.06182141783686e-09	1.91033712266385e-08
YMR271C	1.2108781593524	4.1836473663582	9.93448573266663e-43	1.92045428375536e-41
YMR272C	0.115357831608695	7.52882019296094	0.406673164582098	0.468195914490152
YMR273C	-0.276679347822377	5.79482532910712	0.011566993918892	0.0187289974253646
YMR274C	-1.43803177604141	4.62807933608311	1.79278719643702e-30	2.44404458616312e-29
YMR275C	0.291179101008452	6.85197457677587	0.000133597923544096	0.000294894181662428
YMR276W	0.0519555749636951	8.9991609208265	0.54511053489399	0.603314531624202
YMR277W	-0.630509921587845	7.23586115824222	2.70742449202713e-10	1.16264543186194e-09
YMR278W	0.808724612017445	5.31179601493588	2.94343116816157e-27	3.49721505592635e-26
YMR279C	-0.192466277473743	3.84028655549322	0.196826033841991	0.246781671628373
YMR280C	1.97805618350362	4.96898407594746	1.29277392888402e-83	5.36010817962118e-82
YMR281W	0.35080634683186	5.36833837330487	1.82943241279715e-07	5.87529255648315e-07
YMR282C	-0.499972102603793	6.21391006517907	2.43837868543432e-11	1.15702704473805e-10
YMR283C	-0.108405510872845	5.27594647876585	0.248109724100104	0.302149925970013
YMR284W	0.404942319079839	5.77159740603085	5.33291571627818e-05	0.000124607420467409
YMR285C	-0.121567031431056	6.50961494221592	0.152619256806047	0.196140866164591
YMR286W	-0.123780594414823	5.61924628618976	0.148270874099292	0.191165450372066
YMR287C	-0.468678601810416	6.24063038479102	1.01123662888398e-09	4.09673491431975e-09
YMR288W	0.0261415861512618	5.75457377256893	0.692341465408947	0.738399306375482
YMR289W	0.121311331796874	6.68438569593324	0.112362286131144	0.148990309708963
YMR290C	-0.613769843171395	8.37922976416613	0.00135980074877082	0.00257484160680635
YMR291W	1.56890639620536	5.69496020993892	1.62922980725323e-20	1.4073174714377e-19
YMR292W	-0.763219529583715	5.20078462693379	2.72993888289314e-07	8.61542916742968e-07
YMR293C	-0.158545894071679	5.35359851426832	0.0585207210287848	0.0824529118408845
YMR294W	-0.506254035942058	5.51547490508551	1.2021310142822e-09	4.83102383547099e-09
YMR294W-A	0.343417974889213	4.32992671036068	0.0684473686504464	0.0949263161076087
YMR295C	0.58981187244629	7.28748131377353	4.80031433051016e-05	0.000113174469627557
YMR296C	0.105980676926239	8.31854646787591	0.130690829368897	0.170444559022232
YMR297W	0.534005599722096	8.65391869405556	0.000395451554395574	0.000810311774037556
YMR298W	0.593905819386096	6.25245124876256	8.30183330901354e-13	4.45233022781351e-12
YMR299C	-0.459806356535237	5.99259819297257	1.39832789848925e-06	4.01468353663674e-06
YMR300C	-0.998598254753969	9.11734624474956	8.12682755117769e-17	5.89366552927386e-16
YMR301C	-0.163616477664136	7.14058149567746	0.106447480152424	0.142055993490871
YMR302C	0.0888946162875696	7.4850279303735	0.111992113288984	0.148565001123869
YMR303C	-0.0794320275367057	4.19222237444306	0.458277607813379	0.520726701601594
YMR304C-A	1.22420267206307	4.38397952819068	7.53320483921943e-05	0.000172073052786426
YMR304W	0.758484639978479	7.01648747901425	2.37772635970288e-12	1.22074217545122e-11
YMR305C	1.02425334240223	9.80120724961358	0.00271359001519637	0.0048830000512902
YMR306W	-0.933192766543604	5.00625632048878	0.00136094036581881	0.00257618812320614
YMR307W	-1.49018796791062	10.4015577101498	7.00621301073109e-09	2.60651934532892e-08
YMR308C	-0.0614522157949654	8.41156906546716	0.387361196440173	0.44836648305705
YMR309C	-0.430559391476388	8.75822943207816	7.7097894929823e-09	2.85063065386283e-08
YMR310C	-0.376446713922236	6.81267471983316	0.00019595990476054	0.000421205201079858
YMR311C	-0.0110573830302364	7.80415592131321	0.86597809585915	0.88995902774448
YMR312W	-0.541726006503515	6.5625686403621	4.03523682607888e-09	1.5354331517966e-08
YMR313C	0.507203377528975	6.27832425453423	1.11406703435995e-13	6.38491040092663e-13
YMR314W	-0.283431074129411	8.32774651682205	0.000353530542663159	0.000731140565012354
YMR315W	0.808636715849846	8.02178561400429	6.26357984516861e-08	2.09319855637319e-07
YMR315W-A	0.730164532522937	1.0936901992916	0.00192404883917355	0.00355919434495735
YMR316W	3.54072494818133	5.88871439675017	5.11185739066755e-202	7.31725872206984e-200
YMR317W	-0.166263942737449	5.08716990289776	0.0369700336939432	0.0541182962181608
YMR318C	0.84718577270784	8.63786364387176	4.06275188912486e-15	2.61512466353519e-14
YMR319C	1.03826883083456	6.282323266759	2.14147030637785e-57	5.69669003625823e-56
YMR320W	-0.141388019370855	2.2329078439386	0.457591164044027	0.520241694068209
YMR321C	0.222216129683289	4.24456357139624	0.0354708254939895	0.0520885693380226
YMR322C	0.85166685936687	2.19242833953876	7.67212878880402e-06	2.00194610582855e-05
YMR323W	1.05464003196226	2.74309695822668	1.09424338288433e-07	3.59346795061124e-07
YNL001W	-0.189375823237829	6.52115296223483	0.0679348730192265	0.0942590483710108
YNL002C	-0.476928617882122	8.04912838501337	0.00181624839947406	0.00337223143225387
YNL003C	0.38767410191447	6.22016345179784	0.000709103237987301	0.00140004225510005
YNL004W	-0.319566053999526	8.01249642667378	2.14429303048622e-08	7.54771059676998e-08
YNL005C	-0.165039811334307	7.31001005316618	0.038448617920724	0.0561460021713366
YNL006W	-0.0977643720688743	6.6977420611709	0.328465703605827	0.388651015563517
YNL007C	-0.497901233485742	9.3385779468515	0.00501742711440123	0.00865647685222615
YNL008C	-0.0305496796337936	6.64787893315956	0.653350906259977	0.70368069660247
YNL009W	1.10127831857305	3.79689952446584	1.7163696432529e-35	2.74436550405224e-34
YNL010W	0.0135501832290458	7.08024605616688	0.866853658629135	0.890706579333167
YNL011C	0.430516450227807	5.00791081156995	5.38321955562142e-12	2.69026732904372e-11
YNL012W	0.750928872392477	4.19940482985259	1.69925350628959e-20	1.46359771917092e-19
YNL014W	0.602497204454574	4.32438092782869	6.00114293683022e-09	2.24790475615098e-08
YNL015W	0.365002233335797	6.88986623394528	0.297498355772925	0.355366603398932
YNL016W	-0.0912073868322953	8.7898404192455	0.0951872500701995	0.128253193057382
YNL020C	0.521068823844204	6.16227618937625	8.34614041910735e-08	2.76305045152387e-07
YNL021W	-0.214516219588549	6.57117153361199	0.000996957621176753	0.00192290959849684
YNL022C	-0.211155939139716	6.37352736119827	0.030692061703176	0.0455494137150071
YNL023C	-0.425209027647053	6.36316360570218	5.71095054202442e-07	1.72533842505783e-06
YNL024C	-0.395673577820595	3.23085830740875	0.0632452180190227	0.0882819249432005
YNL024C-A	0.288504157497382	5.76787489499373	7.63819596347121e-05	0.000174008465829439
YNL025C	0.206524483588951	5.55044879824285	0.0120809817137428	0.0194564323769145
YNL026W	-0.0487956238827001	7.03680723848687	0.442269504556744	0.504252657196121
YNL027W	0.302618908874424	6.81693099646403	2.80663699825187e-06	7.73304382836398e-06
YNL029C	-0.521367404009523	5.51999479946666	3.21369801762496e-10	1.36638985020943e-09
YNL030W	-1.52041036076543	8.82209153356489	0.0026838595884254	0.00483239408374168
YNL031C	-0.683761564644088	9.87568422960265	0.093562574283656	0.126375690090618
YNL032W	-0.127882503901581	6.30531975020522	0.149490768198734	0.192614337421944
YNL034W	2.32637750577889	1.22916196342226	5.44168795573532e-24	5.60195684758232e-23
YNL035C	0.23706167047473	6.39552730476306	4.84351770986261e-05	0.00011405886592908
YNL036W	2.27541078885001	9.83560501528511	4.91146678264522e-29	6.25587675789471e-28
YNL037C	-0.752712890225245	9.20238840604048	1.99733228945373e-09	7.84321471208089e-09
YNL038W	-0.109661324068106	5.62219203223966	0.198766852013618	0.248665252715727
YNL039W	-0.351075192492375	6.91434708723293	4.65396965880763e-05	0.000110026211516915
YNL040W	0.282672223937797	6.47681329988016	0.001488852318639	0.00280419177307571
YNL041C	-0.173670339019706	6.91467851880135	0.0203183322806248	0.031402008655814
YNL042W	1.55892645810476	5.81785127938815	1.72384966667887e-42	3.31111316168478e-41
YNL042W-B	4.91916643398064	1.44123589311024	9.09078216641657e-78	3.43734480405638e-76
YNL043C	-0.121139491665231	4.32013424208741	0.279567671336608	0.335950597656544
YNL044W	0.121829500090637	6.90005249551404	0.223228741548296	0.275066856771542
YNL045W	1.34397776936687	6.99372291622366	2.4984827315826e-59	7.01910195433392e-58
YNL046W	-0.708343415806163	5.35331296187286	0.0144434642125948	0.0229477026548943
YNL047C	-0.291490130792738	6.00913650314555	0.00229942173774153	0.00419294009320658
YNL048W	-0.291471381451262	6.61763580215568	0.000189511005971238	0.000407927020372031
YNL049C	0.0379291781235016	7.03398768199016	0.514085956808273	0.573304539479009
YNL050C	-0.276161471881166	6.11260315082763	0.00305202109129813	0.00544958443744709
YNL051W	0.150187177090624	5.62667707750462	0.0507712891054414	0.0722967764334234
YNL052W	-0.220326428157839	8.51917322573789	0.0271806693074174	0.0408117342348135
YNL053W	-0.421828946222781	5.91868735599127	1.95756269335681e-05	4.8631681456451e-05
YNL054W	-0.23963374541445	6.69928780400239	0.001978113380035	0.0036547073266043
YNL054W-B	0.792808496914772	6.29384583550673	3.75214311637793e-20	3.14614845406752e-19
YNL055C	0.458679772779975	9.37550562962796	5.4837046327832e-06	1.45361694234094e-05
YNL056W	-0.361436689343111	6.07107463863576	0.00526070679348074	0.00904414333497461
YNL058C	-1.5799089396731	6.41942034240258	0.0001740632440573	0.000376834073918794
YNL059C	-0.346901644373169	7.35468115464318	2.79451307219252e-08	9.70012274250659e-08
YNL061W	-0.378653677413047	8.4032616072287	0.00519181988059216	0.00893337753924444
YNL062C	-0.525226451494065	6.64499859237501	0.000624083377510321	0.00124320386533865
YNL063W	-0.0372641737258707	4.74566827528728	0.670173759191672	0.718581173579513
YNL064C	-0.63764445151825	9.73229549042625	0.000256686121786894	0.000542043190791292
YNL065W	-1.8165618748484	6.20381465647361	5.65548863520425e-20	4.72233301039555e-19
YNL066W	-3.10268267064476	7.40795466654587	5.76725079359645e-25	6.21374762922972e-24
YNL067W	-0.320458475956661	8.9826295205158	0.000167345808778824	0.000363469292766724
YNL068C	-0.709278643668912	6.76771554545985	1.75179517127579e-08	6.21711485815232e-08
YNL069C	-0.0869227825911984	10.4919392620456	0.278720346225732	0.335200384378696
YNL070W	-0.262972630118671	6.89592144775651	8.71409434348407e-06	2.25962754645453e-05
YNL071W	0.101708482153021	8.53742006878626	0.1426037088786	0.184571258940396
YNL072W	-1.19581045445169	5.5007638106416	4.28734503839092e-11	1.99500916182711e-10
YNL073W	-0.0256010501848243	6.67907894367991	0.819430303079702	0.851002471256263
YNL074C	0.153956788541634	7.52315068903645	0.0606529997427717	0.0850386740796509
YNL075W	-0.52491658175163	6.87282632489873	0.000148766550906661	0.000325112506016303
YNL076W	-0.0191760574577311	6.74874214418803	0.764008737932303	0.801329471815946
YNL077W	0.451182322710962	5.76518010320279	0.00541729888019142	0.00928679808032815
YNL078W	-1.3875957273946	6.85553641163853	0.00563921083382999	0.00963425278004714
YNL079C	-0.213533758235325	9.35410782746943	0.00372395147722393	0.00655974107268393
YNL080C	-0.511190166012491	6.67306224504082	7.36788716229689e-17	5.3756963130739e-16
YNL081C	-0.326192484256385	6.66777484485074	0.00120498531080308	0.00229688385813194
YNL082W	-0.981918807443019	5.68160199148285	0.0104314361658305	0.0170279104613015
YNL083W	-0.111472386506314	5.66329031283591	0.101449693775254	0.13595977685618
YNL084C	-0.101861643637374	7.46309343988841	0.133513462122428	0.173891450233977
YNL085W	-0.324607917069121	7.82534201349427	5.78085494597823e-07	1.74558010724365e-06
YNL086W	0.274965465585271	4.19255928939222	0.00135435639096854	0.00256534046077596
YNL087W	-0.882503236831214	8.0786695462302	2.674193836293e-11	1.26393501130452e-10
YNL088W	-0.498860707838101	7.22376150958968	0.00630109149226733	0.0106650231000876
YNL089C	-0.592392453216937	1.42842293353379	0.00821463228160461	0.0136766461581299
YNL090W	0.0843546154426208	4.1802447973501	0.414087376547078	0.476002544512626
YNL091W	0.0383621898905214	7.77375592483944	0.550995411168439	0.608819042812838
YNL092W	1.93619748979913	4.12589352281282	1.62782931813558e-28	2.03039623664545e-27
YNL093W	4.1850588946647	3.85639377088944	6.29858300416201e-230	1.26223603403407e-227
YNL094W	0.288099841369957	7.08614755074612	5.27769584263248e-08	1.78355859504814e-07
YNL095C	0.171421019157176	5.86324526230558	0.209936662449823	0.260934301147061
YNL096C	-0.400033251561819	9.08302234101983	1.87665680134911e-05	4.67763710187016e-05
YNL097C	-0.213074105446526	5.74757736039506	0.014943336785164	0.0236668442445748
YNL097C-B	-0.711102739408614	3.670188144196	2.99858015203535e-08	1.03725338745895e-07
YNL098C	0.416024620064538	7.86383772520809	1.80837338736932e-07	5.810764727346e-07
YNL099C	-0.306187503364444	6.60523381312983	0.00012759458123472	0.000282332948981647
YNL100W	0.443122654144734	6.62159854966478	2.40314707550211e-06	6.67948230139561e-06
YNL101W	0.306411529567941	7.41001424933699	1.69607047599178e-06	4.81206970347455e-06
YNL102W	-1.70365366745426	6.26985334171042	0.000455458790737738	0.000924137107632562
YNL103W	0.0865984861812318	7.43291620132892	0.217348858479595	0.268757987901959
YNL103W-A	-0.148213866205043	4.74957545763634	0.0960473443443311	0.129296156336345
YNL104C	0.148767676804398	9.72238906323789	0.0167490114391037	0.0263117472620568
YNL106C	0.91844352238479	6.17188345106116	3.65376598244852e-13	2.01157885407331e-12
YNL107W	0.270488852706776	5.63258099410598	0.0127702775338116	0.0204787699475261
YNL108C	0.161012885618702	5.17649130318136	0.0711514446182841	0.0984267107789056
YNL110C	-0.954357643160752	7.18256304270656	5.42124728953224e-11	2.49178430463821e-10
YNL111C	-1.15989634644348	7.79217117039031	6.99002180422807e-32	9.98195037696417e-31
YNL112W	-0.448625257024582	8.12571848018514	0.24854695212034	0.302605159203621
YNL113W	-0.831386822570865	5.26216791852017	2.06825169305935e-12	1.06824133837395e-11
YNL115C	0.702668436917455	6.43741821582933	2.63884589657163e-08	9.19162313452412e-08
YNL116W	0.0411392311557964	5.6202987844469	0.626656319202985	0.678607059500786
YNL117W	0.781505066361151	2.81579980413257	1.98620943645995e-08	7.00768258920026e-08
YNL118C	0.0117294310551712	8.00298789044855	0.858867300923139	0.884162707731149
YNL119W	-0.380260910640623	6.07133272647445	0.00109276973937464	0.00209694595375689
YNL121C	-0.399092271140946	8.83520132715283	5.86584946472299e-10	2.43042639434284e-09
YNL122C	-0.186358492427352	5.30272812430046	0.111275217474271	0.14787502375228
YNL123W	0.0128613127936018	7.99404770837743	0.854418111995644	0.880487091072646
YNL124W	-0.597914990286595	6.87316030161085	3.84126192362663e-07	1.19100911216314e-06
YNL125C	0.656827168099459	5.83848964392709	1.96624511328232e-19	1.59744130014234e-18
YNL126W	-0.990752021639453	5.76299087488169	0.00165165046030586	0.0030885606741396
YNL127W	0.66287836639539	6.02662503922784	7.90729295366095e-10	3.23172299370562e-09
YNL128W	0.0373304917374755	2.93357864205819	0.754161250722214	0.792660391493348
YNL129W	-0.174211550243807	5.71015668925097	0.00946241427827452	0.0155687013248458
YNL130C	-0.620521169107322	8.00678768052009	5.9203723340439e-09	2.22041662334822e-08
YNL130C-A	0.0261763156328868	1.94098683740623	0.953919719603399	0.966132977468942
YNL131W	-0.208083448183546	8.07596918429228	0.00275738380795529	0.00495439075117369
YNL132W	-0.774028402477146	7.28761368847837	7.47524380097104e-09	2.76731316080283e-08
YNL133C	0.277586424700038	4.71694617906466	0.0225351395307597	0.0344911555139835
YNL134C	0.0410589479400335	6.62174470607078	0.863955548313859	0.88848798434193
YNL135C	0.178712720711764	8.63896799735119	0.0015868701330862	0.00297297078221073
YNL136W	-0.488337033124922	6.52532295240998	1.88247903090034e-13	1.05968763424839e-12
YNL137C	-0.423105912295296	7.64181190333642	1.3143136514422e-05	3.33825672685698e-05
YNL138W	0.206497427214058	8.02139950538171	0.00951597984973021	0.0156458003464589
YNL138W-A	0.301880712644258	4.27076346099367	0.000932132539617993	0.00180482474337629
YNL139C	0.272974034252097	6.3388337246104	3.62095260801077e-05	8.67643167770457e-05
YNL141W	-0.452189113128114	7.26636579653215	0.0544694024025329	0.0771970879877482
YNL142W	-0.00728071402909796	5.9877201191424	0.976894435895782	0.983272953056327
YNL143C	-0.0215787611070517	3.19933497736466	0.902707886531307	0.921249331832663
YNL144C	0.962559818182056	4.42750123350698	1.57440060544571e-08	5.62072235150808e-08
YNL145W	0.667363458019166	8.43361379631477	0.126520276390624	0.165536431264512
YNL146C-A	1.78110227679299	2.54624220961972	4.17644937364398e-08	1.42826016122569e-07
YNL146W	0.191861281183783	4.01347131818564	0.284350948509411	0.341221138211293
YNL147W	-0.676191887915896	5.84737963678553	1.3802933317154e-26	1.59890626402177e-25
YNL148C	-0.360460959562362	5.15222632281723	8.27042090215023e-05	0.000187487822261415
YNL149C	-0.233089125883496	5.6981667735022	0.049088181649257	0.0701201693670819
YNL150W	0.139577729213764	2.8327161327887	0.314008125986755	0.373233857934434
YNL151C	-0.833976556364854	6.67796586232573	1.40119618355219e-11	6.79902458072297e-11
YNL152W	-0.283918993819147	6.17401231288813	0.00120450289632921	0.00229669248738699
YNL153C	-0.277198656010834	6.96462065937607	2.60550896770217e-05	6.3779804209387e-05
YNL154C	-0.385807673622439	8.20873706323493	5.8171883384191e-08	1.95926813952805e-07
YNL155W	-0.70159292140665	7.52357131341482	4.94288191201868e-11	2.28413574596897e-10
YNL156C	0.319191354817976	7.4313422923637	1.50278588928729e-05	3.78498063108302e-05
YNL157W	0.690578798167393	6.75479317740897	1.95689337494214e-26	2.24949196370021e-25
YNL158W	0.11235712869453	5.90525691001826	0.146487311245087	0.189149852922135
YNL159C	0.561128414969196	5.4517145627824	4.37041260477339e-11	2.03051936475252e-10
YNL160W	2.45224227781262	6.11329734550341	4.43943993623118e-33	6.55771815641814e-32
YNL161W	-0.287272390300514	7.50038558481321	3.82566757039202e-05	9.13057301833935e-05
YNL162W	0.0886021231999221	8.85875134037927	0.465443005934613	0.527771284737626
YNL162W-A	-1.02907357090902	3.60400570872361	1.33569299995852e-06	3.84956199221026e-06
YNL163C	-0.501871973492807	7.04065498406989	1.20529580091829e-09	4.84050658324701e-09
YNL164C	-0.188287938279846	6.07419986443445	0.0862465580306481	0.117257871298113
YNL165W	0.0518281314433509	5.42488216654829	0.710431705239425	0.754081110857949
YNL166C	-0.771070571524276	7.17094062548338	0.000155704112239792	0.000338918581747151
YNL167C	0.545885668496666	7.22358906221878	2.69525873198914e-20	2.30496379754178e-19
YNL168C	0.317036783275582	6.44782860572318	5.30188290115262e-09	1.99842758631533e-08
YNL169C	-0.588402499653959	7.48430958444157	3.82820774520029e-09	1.46035437589747e-08
YNL170W	-0.150206854347205	1.67181972763881	0.440744420424427	0.502799896696708
YNL171C	-0.264347423054427	1.79839201498158	0.183198858027941	0.231190498418132
YNL172W	-0.132539538964357	6.09296883414016	0.201419075922908	0.25159598679587
YNL173C	0.843372860848134	6.94841452692008	0.00252335751259374	0.0045721595436147
YNL175C	-0.424220567195336	6.16421724578715	0.0490911165778522	0.0701201693670819
YNL176C	-0.0370996368434995	7.26469160276823	0.64168840636362	0.692981982945587
YNL177C	-0.221035481859419	7.3369250368023	0.0105166562502359	0.017148396359213
YNL178W	0.18607902493486	10.521029421032	0.0514460424536227	0.0731882648441031
YNL179C	0.80517635870025	4.69824179190672	6.60329758899609e-07	1.97311257977358e-06
YNL180C	0.829637200593862	8.09527175861407	5.76135384721774e-08	1.94372947976841e-07
YNL181W	-0.657651778773193	6.56109132031781	2.43740799063543e-10	1.05574184724065e-09
YNL182C	-0.917458397559176	7.09584800029951	1.18870455083871e-08	4.29476668247737e-08
YNL183C	0.0385014738491035	7.40712459755494	0.698010929468609	0.742864526104669
YNL184C	-0.416745710592227	2.58842687579373	0.0168027566753342	0.0263823904758708
YNL185C	-0.424690695147426	5.81133286742326	1.59489890007378e-05	4.00385712461906e-05
YNL186W	-0.690029297274106	7.6141371083022	1.2535135827583e-15	8.30884637215312e-15
YNL187W	0.091006510563555	4.69368370231158	0.225128087162231	0.277066542480928
YNL188W	-1.64913816124566	6.00087936149212	8.52436969245033e-17	6.16708912045865e-16
YNL189W	0.0184918572548086	8.72196490299291	0.755371987904393	0.7936554336388
YNL190W	-0.760240985916166	9.27171823815931	8.29334958985735e-22	7.7662955972309e-21
YNL191W	0.899353761530658	6.60936146677435	1.14269887738831e-09	4.61377142435092e-09
YNL192W	2.31539627848554	9.49214914229623	1.20110755081585e-15	7.99674263068095e-15
YNL193W	1.1918139773585	6.32400772137799	2.08233003526785e-117	1.39099646355893e-115
YNL194C	4.67267554606652	6.02921838412091	9.28860941374213e-177	1.18815148500889e-174
YNL195C	2.77376691692472	4.41703792049263	2.66521752978245e-231	5.52527165139726e-229
YNL196C	1.73123451191435	2.75174812151032	7.99850763749328e-39	1.37785180276818e-37
YNL197C	-0.398045374086227	7.61182322031401	8.50123228111833e-05	0.000192285208706108
YNL198C	-0.30260897893739	2.10814386541596	0.0719679574346627	0.0994189706105681
YNL199C	-0.418226953602467	6.7923232103586	7.15864666568799e-06	1.87855887185143e-05
YNL200C	1.23856004067905	5.150672851562	2.98181238000072e-10	1.27410490608133e-09
YNL201C	0.490329284240488	6.41513834513282	3.68279226959451e-05	8.80705931774152e-05
YNL202W	0.455713136568195	2.18108136996468	0.00086949673434817	0.00169171985983858
YNL203C	-0.276926924947507	1.08356119471178	0.240178194727491	0.293486037947495
YNL204C	-0.192822186054043	2.82962023082571	0.121555260214141	0.159630892181611
YNL206C	-0.284304712041736	6.99820206196718	0.0301939967973327	0.0448878112625035
YNL207W	-0.362475106453535	7.10383753482077	9.44644913315144e-05	0.000212465589930814
YNL208W	1.80324405782389	8.62154712237531	1.38198814609496e-29	1.81013349331654e-28
YNL209W	0.129236787601703	10.6600452448359	0.155719270760293	0.199698006785598
YNL210W	0.981643772802613	3.39047764016952	5.12885503989714e-22	4.83302139496264e-21
YNL211C	-0.448456341063113	3.66754714507558	3.56171699462145e-06	9.69793594731167e-06
YNL212W	-0.260903668789968	6.97552291885324	0.000161315321036335	0.000350878332152839
YNL213C	-0.144179188871395	6.25956483453483	0.021075906468262	0.0323896599404885
YNL214W	-0.0189317884405404	4.66867268583641	0.899462862376926	0.918561360389006
YNL215W	0.0349102137899454	6.81591241229383	0.601516262640165	0.656318651722808
YNL216W	-0.730584017703371	7.58946205987105	3.92456313037774e-06	1.06137982635317e-05
YNL217W	-0.111800819600998	6.04659907900501	0.227187140519269	0.279257634185616
YNL218W	-0.222855775890875	5.52820360667311	0.115917139302326	0.153062561275112
YNL219C	0.187259773862024	7.85355849146807	0.00485742767284291	0.00840128169422657
YNL220W	-0.20101695661634	9.36753517567498	0.0358481520380118	0.0526041225415004
YNL221C	0.0410168417592854	7.6981859216459	0.624330413962073	0.676423580598303
YNL222W	-0.556793765403279	5.58094799046969	3.64752555207383e-09	1.3931971803728e-08
YNL223W	0.578730132157222	4.50575310817537	4.84715801687968e-06	1.29228886906788e-05
YNL224C	0.0570842519207125	6.05447287205261	0.480996602414507	0.542540452280973
YNL225C	-0.517204106576964	5.90595510141558	8.18546839797064e-05	0.000185772125362777
YNL227C	-0.747108298101239	6.01279674414394	1.33189113956729e-11	6.48892182421274e-11
YNL229C	0.15652564561934	7.62572170965648	0.0172164420154069	0.0269615132577823
YNL230C	0.320166197710282	5.09415837519504	6.53488407603247e-06	1.72088143079751e-05
YNL231C	-1.57276569804473	7.56741699139549	2.05544005520368e-24	2.15284069893459e-23
YNL232W	0.040048981100176	6.75890911712539	0.530139826053675	0.588913676700339
YNL233W	-0.60522349361702	6.61766764973491	0.00995172859981196	0.0163023957335339
YNL234W	-1.90999060111148	4.22490305887293	2.4592400752838e-43	4.78477389404731e-42
YNL236W	-0.0948609946208667	6.81124800258385	0.305310662491954	0.36397535254841
YNL237W	0.355314912700564	4.81775889455526	3.38310138450036e-06	9.23669642307729e-06
YNL238W	0.245682400610367	7.58173413774588	0.0544622804964332	0.0771970879877482
YNL239W	0.397540881101664	8.028551409665	3.50300147736928e-11	1.64019041136636e-10
YNL240C	0.121950417771689	6.15976878208677	0.257481151424438	0.312092073057202
YNL241C	0.294536256701989	9.4486404829087	0.00731515423799074	0.0122776960577332
YNL242W	0.685280656151633	5.73120506761282	6.0839469336512e-10	2.51905571385062e-09
YNL243W	0.0238337282374937	8.207289542465	0.690778379065132	0.737255390544927
YNL244C	-0.557311427686513	8.79916008258452	1.05064692028437e-07	3.45540989318909e-07
YNL245C	-0.065853059918569	4.6303583463038	0.393966254996187	0.455048054762166
YNL246W	-0.283600721167781	6.65056295869063	1.00658463744062e-07	3.31593799468112e-07
YNL247W	-0.543501639287065	8.74830078579591	8.84151955370016e-12	4.36055911048772e-11
YNL248C	-0.471490366927005	8.0048805934882	0.000880563876251048	0.00171214425097714
YNL249C	-0.309096215077554	4.67050918092239	5.13400676653948e-05	0.000120287017460777
YNL250W	-0.17035206590555	5.56324944170154	0.0402280928505226	0.0584746842885256
YNL251C	-0.792538529161254	7.58024109158235	5.86935388974471e-07	1.76874965339074e-06
YNL252C	0.00756283746800277	6.47236884270672	0.9140226921805	0.930585000065904
YNL253W	-0.309458579228226	6.33637018312181	0.0550444201505708	0.0779569031673102
YNL254C	-0.819846050828156	5.55585849503283	1.76198300432118e-06	4.99089359309617e-06
YNL255C	-0.00690934223911125	8.42254395613582	0.9735612670769	0.980903358080496
YNL256W	-0.727384352639418	7.67185012724214	2.48776849406228e-18	1.92737940545134e-17
YNL257C	-0.238869330540849	6.44053628325143	0.00485003866729968	0.00839091581807358
YNL258C	0.152114910195766	6.90338616278905	0.0139501518249149	0.0222521392335868
YNL259C	0.327158998369397	5.94933248167119	0.0618240131762595	0.0865190798919162
YNL260C	0.00996408065336365	5.46957048561709	0.915772527638725	0.932208675273284
YNL261W	-0.0314038878497819	6.41519863907771	0.749368851486283	0.788174516293831
YNL262W	-1.37648338833599	6.05089098473901	3.14153214679103e-05	7.58814434170659e-05
YNL263C	-0.421839220556754	7.44642779531246	0.000107330226986073	0.000239877072356978
YNL264C	-0.0276680679822102	6.02966722802371	0.660476359238466	0.710082952743501
YNL265C	0.465107953702404	4.74965633284113	6.46634231522784e-07	1.93700298949426e-06
YNL267W	0.0150691473073952	7.58284056758759	0.865875822658006	0.88995902774448
YNL268W	-0.573692552310115	8.60732551822621	7.41135729746058e-07	2.19709467812293e-06
YNL270C	0.502791386728605	1.510599274163	0.00714155205736772	0.0119997235799035
YNL271C	-0.222390759974027	6.69773868760789	0.00133053421895263	0.00252578835628141
YNL272C	-0.346077876185588	7.02458771063873	0.001888098376492	0.00349699551431605
YNL273W	-1.68859904780348	5.78008330757043	1.19590983883873e-06	3.46496865113179e-06
YNL274C	0.702525546249719	5.90476916806576	0.0037493555007156	0.00659869006741868
YNL275W	0.737759180910299	5.58542806523007	3.05644429277548e-21	2.75079986349793e-20
YNL276C	1.37004812939489	2.44259335133477	4.46643209559277e-14	2.66126756776053e-13
YNL277W	0.977006862256342	8.39420637004905	7.90385094047763e-12	3.90772630379535e-11
YNL277W-A	1.02574188425199	1.03931733197117	3.82268729712221e-07	1.18586150827135e-06
YNL278W	0.452783744167165	6.15227614619916	0.00181427265667241	0.0033706449975014
YNL279W	4.9766813320316	7.53863018874378	0	0
YNL280C	1.2999295785157	7.06021118618514	2.64896781758167e-42	5.02384685151452e-41
YNL281W	-0.409635143396819	7.92864006506433	0.000186565761867049	0.000401875084322716
YNL282W	-0.255733629381434	4.16520616123502	0.0457906984975594	0.0657339253503646
YNL283C	0.215155894041854	7.57267342905291	0.343861033326181	0.404558225510176
YNL284C	-0.295170856475935	7.16117914069888	0.00251328189791878	0.00455802436509434
YNL284C-B	0.459787708262042	5.38220141303049	0.0020053494340418	0.00370225335299065
YNL286W	-0.0714819919310049	5.46501866134317	0.273108310328879	0.329373552998439
YNL287W	0.0944838777271273	8.34282222154912	0.0704838991128127	0.0975481587169037
YNL288W	-0.102869763888148	7.28401991760338	0.122139575836312	0.160328194307403
YNL289W	-0.741840411760501	6.79440592063171	0.228465399869603	0.280599383864362
YNL290W	-0.55662512172109	7.12908384955988	8.71311233144049e-13	4.66042983421888e-12
YNL291C	-0.69513604443702	6.27273618026968	1.08705650330486e-11	5.32631108220767e-11
YNL292W	-0.532730234952196	6.51330655726706	2.19734129697658e-14	1.35075826967518e-13
YNL293W	0.422423094923548	6.32272632539946	0.000742687827456522	0.0014605950993355
YNL294C	0.324732218537961	6.88010966172624	0.000138213702137873	0.000304151089770458
YNL295W	0.344481141508193	6.13834321021705	1.24067764053547e-06	3.58776044968698e-06
YNL297C	0.300270018032205	6.66002793217622	0.000113270370890328	0.000252402323866809
YNL298W	0.4480894448317	7.73817925215406	2.82613476342644e-05	6.88719991800558e-05
YNL299W	-1.03158866770513	6.21511399502826	3.51686308766964e-14	2.11857523878456e-13
YNL300W	-1.36684186817626	7.26996557767093	0.0429874792192401	0.0621251742947287
YNL301C	-0.625723658331825	8.19993614531456	2.02120935033308e-06	5.67562382727813e-06
YNL302C	0.0408026930441148	9.5246185376595	0.615777287539629	0.669206987109228
YNL303W	-1.03382856725863	1.54614351951116	0.000145119467992172	0.000318299249021867
YNL304W	-0.949809117894221	4.99213348204658	9.24944614900724e-06	2.38967212066315e-05
YNL305C	0.83957124661304	6.41414927110002	3.16476169881149e-41	5.78314508609565e-40
YNL306W	-0.466918399293345	7.31459992646691	7.1182451964586e-07	2.11646340856128e-06
YNL307C	-0.639209848420989	8.06161160812957	2.37542126770564e-26	2.71502522080728e-25
YNL308C	-0.986977197597246	7.98704180910559	7.27555700210825e-13	3.91590409101834e-12
YNL309W	-0.809602088939474	5.99334233742904	0.00191636123016503	0.00354715631642616
YNL310C	-0.208068011086169	5.54488762345043	0.116626948164074	0.15389842237981
YNL311C	0.289182003793775	6.78395900084684	9.85201455502004e-08	3.24905713136481e-07
YNL312W	-0.417268180984757	6.59136446285785	0.0842429502398903	0.114767418273787
YNL313C	-0.718460997289678	7.42541072400026	3.8037898112685e-10	1.60254970885398e-09
YNL314W	0.213884910108507	4.67910896034611	0.0122334063125335	0.0196702965367615
YNL315C	-0.145246819903618	6.67101616532407	0.0809096669420909	0.110476701716069
YNL316C	-0.0441420545579176	6.18277293244385	0.576541492864978	0.633205600128653
YNL317W	0.436402284356969	5.7460917776135	3.0276695665043e-08	1.04671359596457e-07
YNL320W	0.401018483918735	5.64125986704674	3.61182289996701e-06	9.81658195054324e-06
YNL321W	-0.147280260089447	7.03850976890837	0.0275303692557164	0.0412749575973483
YNL322C	0.404324780086312	7.56964648311578	5.36985212628117e-07	1.62883708290628e-06
YNL323W	-0.156566552360376	6.38220586474599	0.0174256535425148	0.0272394771444616
YNL325C	-0.0543091491919979	4.94129752451098	0.63736516932104	0.688808088793474
YNL326C	0.538247921533388	5.48553831213375	2.6191262009138e-10	1.12795033810127e-09
YNL327W	-4.17083647319526	9.27047189072442	6.17685908712652e-08	2.06881765079692e-07
YNL328C	-0.698450779475103	2.77377333444643	0.000353847905347761	0.00073154525686064
YNL329C	-0.349602724606246	6.41157503642671	0.00234660978964135	0.00427380128910142
YNL330C	-0.311588531163367	6.97261043228142	3.2145980957645e-07	1.00604704589985e-06
YNL331C	0.127425959065724	4.9358188354733	0.056710459692838	0.0801276812393284
YNL332W	1.02706176592409	2.81716479850945	2.33339481763719e-06	6.49161020066395e-06
YNL333W	0.53534330914615	3.76494340722366	2.28840241917045e-05	5.6407852989146e-05
YNL334C	0.15181225799905	2.72013275423288	0.381074146132902	0.442452253099846
YNL335W	-0.50932879678819	1.31466689926964	0.085167290437152	0.116000396490294
YNL336W	0.559149530827652	5.64023956183919	2.49224920077746e-11	1.18072515327613e-10
YNR001C	0.486455880368724	9.06729909717536	0.00807555187583405	0.0134562688130583
YNR002C	3.55272017389375	5.29365308287311	5.60178139879911e-141	4.95263378964415e-139
YNR003C	-0.545539049619982	6.29287305750556	0.00136686451036087	0.00258658779864324
YNR004W	0.739472749782062	3.74963117867488	4.21003567124256e-13	2.30726840980039e-12
YNR006W	0.743670342715994	7.07136157167874	3.72900803860073e-22	3.56419655454174e-21
YNR007C	0.638351065344446	5.76440656051385	7.93299053162781e-26	8.84844880819043e-25
YNR008W	-0.44481695133695	7.03492343875017	4.90307104935871e-10	2.0456115994965e-09
YNR009W	-1.34928871208765	5.90014256189281	0.00162692429675014	0.00304706195391335
YNR010W	1.49101001901238	4.69109521467851	1.76824832675619e-98	8.30524135973299e-97
YNR011C	-0.599891047866781	6.48415983461886	1.55111692639959e-09	6.12299078234691e-09
YNR012W	-0.238748699783065	6.49017354046889	0.114999370209947	0.152084516872459
YNR013C	-0.0399518173134867	7.49216843300782	0.49664001942192	0.556740592348422
YNR014W	3.34919341804959	5.63254762863302	1.00943211615598e-153	1.04632860040168e-151
YNR015W	-0.0501214864447328	6.84518426828084	0.666066823599587	0.714815020257179
YNR016C	-0.162674304846879	9.11318447413365	0.318223871392472	0.377796586653148
YNR017W	-0.25929058709879	7.77881510826711	4.8651044842211e-05	0.000114477527041633
YNR018W	0.456479307546351	6.4456373248399	1.28632599479432e-13	7.33718394753647e-13
YNR019W	0.911131659148174	7.51324429015007	4.80689387699481e-29	6.13567855382013e-28
YNR020C	-0.729267227389282	5.58043375121012	2.43820186313735e-13	1.36231130122507e-12
YNR021W	-0.118766247800456	7.59061710718274	0.158143786417452	0.202375573423099
YNR022C	-0.411987424577454	6.0556881475041	2.16985932584917e-07	6.91319251033662e-07
YNR023W	-0.377284617702942	6.24157191423482	0.000151620703793516	0.000330748792164955
YNR024W	-1.09910783279031	4.39842026370118	1.37330238350646e-21	1.2605028900215e-20
YNR025C	-0.180052533231087	1.58599452922256	0.345117261931096	0.405639292029277
YNR026C	-0.197078431486697	6.51348146604056	0.00683568414822739	0.0115115218765107
YNR027W	-0.121025438986603	5.56015764010851	0.0618565123878213	0.0865242793102796
YNR028W	-0.67750901409267	6.54761374374266	1.55103837747388e-06	4.4256491340166e-06
YNR029C	-0.34146785475787	6.5045409622923	1.54719103591114e-07	5.00899973500148e-07
YNR030W	-0.242077030736409	7.36560479331287	0.000147335570068457	0.000322336771197803
YNR031C	-0.0456006333612445	6.16533220287109	0.48562820248691	0.546202536558802
YNR032C-A	-0.0103220021766471	4.34765483470895	0.894165628641544	0.913753217232848
YNR032W	0.804973069804298	5.96095084096391	4.54464442384561e-33	6.69666722454897e-32
YNR033W	0.84090353685976	7.25268508361671	3.17379836829119e-44	6.3181707914459e-43
YNR034W	1.11377999299179	5.36314965056423	1.51590124256192e-58	4.14254466831013e-57
YNR034W-A	5.11412286367953	5.60244951543735	1.38198857704608e-213	2.4436809780003e-211
YNR035C	0.0868091991201526	7.92585425506142	0.185475849655593	0.233965759154306
YNR036C	0.131605796739541	6.62302397015356	0.139954127638693	0.181532732548828
YNR037C	0.420395795218739	5.5081290513395	1.64563106416043e-05	4.12574393566826e-05
YNR038W	-0.530206737290148	6.85438486865624	7.50062731146281e-08	2.49274579306326e-07
YNR039C	0.277403038505407	6.36968858376772	0.00045442117000501	0.000922343036485523
YNR040W	-0.319002384488729	5.14764775435202	0.000109157417459678	0.000243870083154063
YNR041C	0.0962135968123032	4.89609497161647	0.3345956292592	0.395048885134783
YNR043W	0.389266443417323	8.55273669626639	1.32076468975835e-07	4.29677343875932e-07
YNR044W	5.67324861673618	9.38867628607065	5.32534834258703e-234	1.14342836555833e-231
YNR045W	-0.482147243618346	5.60931602760309	3.89386608419031e-08	1.33542058745876e-07
YNR046W	-0.238752549244046	6.82752643631008	0.0148430579515672	0.0235328228915671
YNR047W	1.2172959904411	5.74056612369209	4.61473696947278e-75	1.6613053090102e-73
YNR048W	0.361519722884822	5.37525849859355	1.07990215940122e-05	2.7725476468917e-05
YNR049C	-0.281462861454075	5.49118817634707	0.000568276716998467	0.00113844705851209
YNR050C	-0.106972147037666	10.6647819837799	0.474016106280225	0.535875297284076
YNR051C	-0.86508398193532	7.74254839592028	2.58940246716729e-22	2.4947896847131e-21
YNR052C	-0.0593399954256421	7.52120427445533	0.470793634406818	0.532652735351205
YNR053C	-1.00880252387091	7.45018086590942	1.12457007867473e-08	4.07775350602682e-08
YNR054C	-1.09414370437363	6.43169338777984	1.23797907505751e-35	1.99003481263255e-34
YNR055C	-0.0472412404444696	6.41469531937657	0.484929657895167	0.545954513720176
YNR056C	-0.116471658199008	5.59051477695042	0.594645235453632	0.650119504554871
YNR057C	0.0637241075768139	4.68242798109645	0.467465516408415	0.529665036684393
YNR058W	0.625042473943226	4.88439633349844	2.76612814501785e-14	1.67932024402046e-13
YNR059W	1.73805474850244	5.42584394721449	1.03771624731358e-119	7.00983154926882e-118
YNR060W	0.0704660490826593	6.68695107251709	0.798132847219446	0.831975862642121
YNR061C	0.565992891183119	5.82625929453092	2.86427828838904e-08	9.93081953275368e-08
YNR062C	0.336445201003462	4.22648849277491	0.00370339563987315	0.00652927113985846
YNR063W	-0.326355050743368	3.69100438624122	0.0256817294114957	0.0388033569293571
YNR064C	-0.100005667785127	2.99238437886735	0.463145297228068	0.52537201242727
YNR065C	0.521113552306539	6.52566572983641	0.00690967064203431	0.0116263475790401
YNR066C	0.636839641506063	5.0661953695252	0.00103495362481241	0.00199299846008078
YNR067C	-4.09880377310484	7.92586224308857	1.31854194441087e-09	5.24624365969433e-09
YNR068C	0.348226759808039	4.61056136197355	0.0460613124239657	0.0660908377787307
YNR069C	0.490487508822963	5.23139808602439	0.0104788045047909	0.01710058976189
YNR073C	1.35077654316443	1.86824644354478	2.67843076002742e-14	1.6298305394013e-13
YNR075C-A	0.6830559020667	2.24203057449305	0.000133614729016709	0.000294894181662428
YNR075W	0.789384105307461	5.10469270203722	2.29472745839569e-10	9.97534452630142e-10
YOL001W	0.0708741807010311	5.56876376352907	0.385131240725949	0.446386932570736
YOL002C	-0.146313237455478	6.23810954436876	0.252372108194851	0.306393601467578
YOL003C	-0.00280874311661865	5.87724121106217	0.966590190201232	0.976069529405328
YOL004W	-0.000240667977929541	7.65535481287243	0.996930347633509	1
YOL005C	-0.322754897726622	6.47208767881597	1.32797001871464e-08	4.77211939779582e-08
YOL006C	-0.612268998324524	7.31344299547791	0.000561540327290426	0.00112607753424618
YOL007C	-0.955621929895857	6.73435153909139	0.107702252876634	0.143666728265881
YOL008W	0.514640108086391	4.5543667313465	1.26263049816678e-09	5.043810335534e-09
YOL009C	0.0117064717915578	5.05632007978117	0.895326298826078	0.914519769654237
YOL010W	-0.202482445245181	6.90055528513376	0.172334546966571	0.218535181683827
YOL011W	0.197765617999511	7.4106857897886	0.286337289503685	0.343262170388066
YOL012C	-0.956855587603245	6.5021384226352	1.03679540675257e-06	3.02583203174585e-06
YOL013C	0.839100910648503	6.30687683324422	3.3963436177359e-39	5.97041457012521e-38
YOL014W	0.770651861462045	6.10982143992505	2.35007514658326e-15	1.53405556799767e-14
YOL015W	0.0103396446199751	2.81903701949335	0.973728780880038	0.98090774642272
YOL016C	2.94102900562785	7.29383882667575	3.36587417541716e-112	1.98388583751058e-110
YOL017W	-1.17340281638445	5.68877532545954	0.00223123091531732	0.00407725235954034
YOL018C	-0.111537282713638	6.36165482321341	0.185071282979282	0.233504418315098
YOL019W	-0.194450127123471	7.61297271283058	0.684271210913905	0.731869510765771
YOL020W	0.43444621773649	6.94057932856515	3.72254572914398e-10	1.57162534575938e-09
YOL021C	-0.217903501882319	7.95134747338565	0.00847271402110975	0.0140712587555005
YOL022C	-0.265636411067391	7.17417462688799	0.0196811879995612	0.0305035581988558
YOL023W	-0.609779552936258	6.13551763917935	7.3359997348503e-13	3.94490432968873e-12
YOL025W	0.424155728297753	5.66031599775716	3.98944191861534e-07	1.23377185260882e-06
YOL026C	-0.0620472385130776	5.17982192517161	0.374821723438178	0.435790404295326
YOL027C	-0.166687418572826	8.04471007462104	0.0409603555446036	0.0594815597908592
YOL028C	-0.349343412834124	5.56001546353312	2.03022638203619e-06	5.69296688843357e-06
YOL029C	-0.509201789172826	5.2593800318497	3.01114667729554e-12	1.5315578531219e-11
YOL030W	-0.395366858192909	8.94870088260036	1.34819873200026e-05	3.41566404415742e-05
YOL031C	-0.149894318894417	6.64693843234705	0.0437118297065748	0.0630810178098723
YOL032W	1.05467644097175	6.08466667937054	7.85332229343679e-15	4.96991301348863e-14
YOL033W	-0.611356146790063	5.5756560373215	3.20840977089575e-05	7.72794853470564e-05
YOL034W	-0.543207051601778	6.12593514715708	7.62703668936234e-05	0.000173839744559504
YOL035C	0.684396239522006	1.28691593711702	0.000383355284757242	0.000787673264511463
YOL036W	0.677610324540561	7.26790708994368	5.98926110194924e-19	4.75659679589417e-18
YOL037C	0.486583647804476	2.36805195741066	0.000677588596130487	0.00134090277812261
YOL038C-A	0.505442267505427	3.5615798153163	2.21889812767334e-06	6.18165687839301e-06
YOL038W	-0.385874285088837	8.56144867569424	5.94550166457109e-06	1.57187141633251e-05
YOL039W	0.154087541713772	9.2671284522843	0.0772975037519768	0.106074547490729
YOL040C	-0.19568629499207	10.9874839162709	0.00620990732022815	0.0105195725018911
YOL041C	-0.758136091340719	7.6099649458843	1.07191075077531e-10	4.78776183778691e-10
YOL042W	-0.01178488179356	5.94280416448211	0.892912773200743	0.912955981672581
YOL043C	0.430771203586224	5.07682884048873	1.43972168541518e-06	4.12564669814875e-06
YOL044W	0.495048080214283	4.59664598577452	1.3665718332025e-11	6.6417379637942e-11
YOL045W	-0.134781157983693	6.04295160995091	0.216548842495441	0.268143865100168
YOL046C	-0.47689604332086	0.844907930346767	0.0812542414028437	0.110922002569005
YOL047C	0.904759690185599	2.67908128605773	2.6688608991545e-12	1.36671139060621e-11
YOL048C	0.825429681449465	5.61387613655976	1.77591557960319e-08	6.29157599562427e-08
YOL049W	-0.232954492484388	8.47833839966465	0.00181522818997565	0.00337137839917628
YOL051W	-0.315022676989157	7.68672333770758	7.24131556701726e-06	1.89611451171201e-05
YOL052C	-0.0900028697766272	6.82812541147499	0.251808743802236	0.305780676313672
YOL052C-A	3.2173810744425	4.0952116005104	6.85899591498505e-59	1.89157263490322e-57
YOL053W	0.245106604045397	5.66442353264558	0.00388771050519796	0.00682767111257897
YOL054W	-0.095557724915104	6.19838818485603	0.237083774225819	0.289999522003178
YOL055C	0.230872153132764	5.37517183037091	0.00094787002806403	0.00183352464888061
YOL056W	-0.296870688997618	5.14401565175656	0.00740876598781553	0.0124209428663544
YOL057W	-0.132854650235158	7.49349179900479	0.0132436522014618	0.0212039512743511
YOL058W	0.298707922865762	10.5932035049685	0.0154879400832002	0.0244777854311776
YOL059W	0.782547200641574	8.65525769592357	1.35650681263017e-10	6.0098150018663e-10
YOL060C	0.692041313096994	7.75878399600981	1.63242676229933e-18	1.2696183305231e-17
YOL061W	-0.0477901431162058	7.87233402598348	0.427937756714623	0.490143226017967
YOL062C	0.350285160180171	7.02575388903522	1.00386181968725e-06	2.93113999998046e-06
YOL063C	0.20338469981128	6.00854698198974	6.41405665108435e-05	0.000148198726311757
YOL064C	0.73144325866028	9.29739034320768	5.16697103696838e-14	3.05445721477423e-13
YOL065C	0.283539608563087	4.59194962136522	0.000301482175521524	0.000630877424029029
YOL066C	-0.309407331310543	6.43090062796848	9.56509200160967e-05	0.000214892874116881
YOL067C	0.0709214025693808	5.21127815183238	0.407115606720852	0.468615551906139
YOL068C	-0.0919203759117493	7.1281129051675	0.170421492941708	0.216428816131295
YOL069W	-0.83197315111851	5.1648827863303	5.27543679771612e-14	3.11551336226614e-13
YOL070C	-1.40768447064602	7.25292163880254	3.84348838706539e-20	3.21825239318065e-19
YOL071W	0.50827912926318	5.72985124611503	0.000155619776336515	0.00033885769479722
YOL072W	0.359134311386437	5.644052624914	2.10479640359956e-07	6.72014656316544e-07
YOL073C	0.704436129944999	5.5525976496838	3.96549148876693e-28	4.88535549804648e-27
YOL075C	-0.276179614986921	4.94715845471147	0.000311869328509706	0.000650349775581114
YOL076W	-0.67549543029611	6.71620604901239	1.38476967353376e-14	8.61825598062624e-14
YOL077C	-0.696490817951104	8.02384378705458	1.23237739077615e-05	3.14076001413575e-05
YOL077W-A	-0.409630375659792	7.55755963261513	0.000404506737071026	0.000827843988008226
YOL078W	-0.567188745599913	5.45126507520357	5.24077464073464e-11	2.41252198622486e-10
YOL080C	-1.13130378135567	5.19170324270119	3.19092414646264e-09	1.22737274270847e-08
YOL081W	0.996255947692253	6.54537890217076	6.75772049298051e-53	1.66505801654913e-51
YOL082W	0.700193500212826	6.82631432289532	8.27439483620447e-09	3.04254811958784e-08
YOL083W	0.934619909919421	4.21602926866536	8.11796953151406e-08	2.69266999735586e-07
YOL084W	4.83397084852193	6.89262990553848	5.81277610824507e-113	3.52994040027973e-111
YOL085C	0.156705145577012	0.64535154725217	0.656312489269021	0.706111432620858
YOL085W-A	3.06079543412696	1.49542238726265	4.6054378673617e-46	9.64734928870333e-45
YOL086C	0.286858166590487	11.9649301767481	0.0298475954963612	0.0444387677375244
YOL086W-A	0.248387344737086	4.91393329798478	0.00585815610837298	0.0099573747592701
YOL087C	0.565185000374124	6.42592936404093	8.02120556919871e-16	5.41228820224721e-15
YOL088C	-0.280058830036401	6.60375241719433	0.00371213311680238	0.00654275705019522
YOL089C	0.624673502142399	6.00975086210742	2.79404597679489e-24	2.90619453503302e-23
YOL090W	-0.585823019726115	6.88711820150914	0.0268219896173083	0.0403437081759464
YOL091W	0.0920329750617881	3.29733769023082	0.490634707547732	0.550830226288883
YOL092W	-0.125000925858503	6.9497775371049	0.243433081119213	0.297055483514408
YOL093W	-0.690053735859116	6.55397120220448	2.33846122942131e-10	1.01434552029444e-09
YOL094C	-0.379075599653203	5.62793048669426	0.000523301334375561	0.00105431890826604
YOL095C	-0.604745441048735	5.38167191114087	1.44652288737033e-05	3.65552568258529e-05
YOL096C	0.533883079965735	5.10707808009399	1.96267118314027e-12	1.01545431609633e-11
YOL097C	0.0149067491591049	8.4646324281542	0.851022406228389	0.877589486491437
YOL097W-A	0.303672860065088	0.886428302088472	0.210692892311795	0.261631345514638
YOL098C	-0.0211704859855952	8.06716862322036	0.719628701552128	0.761289416458102
YOL100W	-0.00237157739469974	6.26833775650767	0.975138323281281	0.981834131563735
YOL101C	-0.4862185679505	1.47593849952758	0.0177373158133699	0.0276906628589924
YOL102C	-0.472488685128551	5.03589538621987	1.31609838042241e-05	3.33855842324876e-05
YOL103W	-0.641462151589772	7.10179860312049	7.76357847687039e-21	6.80388247856338e-20
YOL104C	-1.27105651815278	0.65450983863643	0.00016623089104007	0.000361308791371259
YOL105C	1.18816207797263	5.65086530534876	1.00438352657194e-28	1.25537500244293e-27
YOL106W	0.144501217056083	1.17646443361338	0.534146573354942	0.592598117551192
YOL107W	0.370210146873779	5.83515753256359	2.11394190839339e-10	9.20943387917466e-10
YOL108C	0.423191452891975	5.48357582400469	3.24262729141867e-11	1.52238697256033e-10
YOL109W	-1.38163785188556	10.3238538056437	5.52401353672955e-55	1.40128140855772e-53
YOL110W	0.844325983744886	5.44941002787535	5.56877095220067e-28	6.76352544740008e-27
YOL111C	0.276917754536422	6.38718424863876	0.00104700828390875	0.00201492119169636
YOL112W	-0.3383129806754	6.6784721219527	1.4889737941681e-06	4.26069036198886e-06
YOL113W	0.199064240200883	6.80627426183461	0.0421381928620725	0.0609417405549146
YOL114C	-1.05991411687441	2.93977753805331	2.971911947878e-13	1.64978159101039e-12
YOL115W	-0.764541638642067	6.49935210264394	2.09810231886125e-13	1.17775827647001e-12
YOL116W	-0.539786660560177	5.73269333666942	9.04430942493383e-18	6.85679549340507e-17
YOL117W	0.288878571866019	4.90115206588611	0.000418232750622184	0.000854952498041676
YOL118C	0.413122481920191	4.80151380180801	0.000149144059839353	0.000325812251974929
YOL119C	0.0305560970023972	8.07940211295664	0.727290612262194	0.768313329980726
YOL120C	0.0355201263077919	10.4817323861517	0.685526506388095	0.732579384150744
YOL121C	-0.319061574010328	8.8435367526738	0.000145764207405552	0.000319421177978222
YOL122C	0.0974717573514151	6.85781319588266	0.273898998204734	0.330128463754382
YOL123W	-1.65714565961716	8.60878340061582	1.80044083667578e-21	1.64003792577194e-20
YOL124C	-1.36762123809843	6.71127395891117	1.37381737371659e-12	7.23872922943396e-12
YOL125W	-0.437236217444168	6.09846341619017	0.000651974789987848	0.00129398090710474
YOL126C	1.68955858341764	5.26245132468434	1.66851428499356e-51	3.93376779662012e-50
YOL127W	-0.0894541082733095	10.3031116856739	0.249628187877188	0.303675569712193
YOL128C	0.00769007135322067	5.37685396183999	0.94449924885671	0.95852962257369
YOL129W	0.717186264402825	7.1080310671526	2.25388557337709e-18	1.74843355705072e-17
YOL130W	0.371079667674989	7.19512999181833	1.17734671167941e-09	4.74410752722291e-09
YOL132W	0.514645070788697	3.60585629331347	7.11549689296815e-05	0.000163213915759346
YOL133W	0.514680673432517	4.66339820155581	1.20177784924714e-09	4.83102383547099e-09
YOL135C	-0.179555494013649	5.70137370516902	0.0323385097021461	0.0478275818768271
YOL136C	1.10374288484416	7.46167180843932	1.10229558766176e-44	2.20166148605399e-43
YOL137W	-0.577291882427735	5.56950318637916	5.79457753959463e-14	3.40870843131535e-13
YOL138C	-0.20494753704607	5.78546333854297	0.00523173723265446	0.00899691196874103
YOL139C	-0.27677256037151	9.29046810359965	7.84583057951227e-06	2.04372328613639e-05
YOL140W	-0.398934332236248	7.01191631726293	0.000271727890947596	0.000571598348627343
YOL141W	-0.714403747228562	3.67568212220001	5.00475255607207e-06	1.33312239109904e-05
YOL142W	-0.281492373281346	6.53257092113768	0.0112381811794065	0.0182408059531835
YOL143C	0.555438008427261	6.59005354999212	3.25014808549519e-16	2.25633837066941e-15
YOL144W	-0.774941249778814	5.9611045841172	7.36123609629246e-09	2.72678690147322e-08
YOL145C	-0.800692527693375	7.68154452854546	2.69917127770156e-32	3.89146707950642e-31
YOL146W	-0.417589686244794	4.95722305133721	0.00133929575976044	0.00254081606427257
YOL147C	-0.349658028536775	6.59319984415168	0.000640687162303415	0.00127416844848433
YOL148C	-0.277653606574899	6.45793813024094	0.000427343492481364	0.000872094051866247
YOL149W	-0.988904235505496	6.01243483850847	1.86029954646163e-14	1.14708932034126e-13
YOL151W	2.63513547370859	7.6945985069906	1.99399056352622e-60	5.79124215841529e-59
YOL152W	0.972429981608518	4.53021098122319	6.1431612547606e-08	2.05867811948833e-07
YOL153C	0.384353995561721	5.28535054803829	0.0712509554351086	0.0985190303762358
YOL154W	-0.436430873000775	9.76710621182843	0.378734569327052	0.440075808039087
YOL155C	-1.41182975906173	8.21716971103221	0.000526596451028431	0.00106060229935776
YOL155W-A	-0.535538380215215	1.52816860021617	0.0663197707947421	0.0921883149174542
YOL156W	0.0708015435306702	3.50949759736728	0.536941243906562	0.59525922153167
YOL157C	0.381814821677983	3.56412604513182	0.000419254403190133	0.000856749650570728
YOL158C	-0.720894817799481	8.72540467020645	0.0181447437916063	0.0282606734909682
YOL159C	0.314271835869709	4.32035853239602	0.0269560745183057	0.0405149800010134
YOL159C-A	-0.00361900025798244	3.72537581089276	1	1
YOL160W	-0.647011861650742	2.4095717496834	0.00169471801680901	0.00316319301988693
YOL162W	2.35441847344463	3.66069005450728	3.44032600310002e-75	1.24597830907454e-73
YOL163W	2.48913797280037	4.48842689263042	1.89123072450491e-111	1.10389117628384e-109
YOL164W	4.16463029451961	8.13514666208914	1.52483604911943e-110	8.73077554981527e-109
YOL164W-A	1.50566755911366	2.02837937650585	8.1244561009207e-27	9.50276849780841e-26
YOL165C	1.04525330113591	1.86379508550853	2.58384419389941e-08	9.00525872099897e-08
YOR001W	-0.172360174426944	7.26919653094722	0.0726022571735515	0.100249143345749
YOR002W	-0.0116084104365837	7.17269266941648	0.872901219652537	0.895390229065186
YOR003W	0.297999386554268	5.01066471166729	0.00907418123844468	0.0149709049411442
YOR004W	-0.679293173548987	5.92617109570299	0.00396466501902064	0.0069491446339219
YOR005C	0.964793796713955	5.73165114834784	1.12399386186686e-41	2.0920901230785e-40
YOR006C	-0.391451279833299	6.28074734008654	7.29692751154799e-06	1.90984450149876e-05
YOR007C	0.0647166585060461	9.48301645531437	0.383153340971871	0.444437176523806
YOR008C	0.0686278799222656	7.68403269807221	0.422102592824018	0.484105453654711
YOR008C-A	-0.116540786512263	1.28225659550228	0.684772355268661	0.732145011537469
YOR008W-B	-0.156740276058319	1.91948794690617	0.368598775471669	0.429660000602974
YOR009W	-0.0529433276665466	3.9691309524226	0.722650635800472	0.764217347833322
YOR010C	0.399780094252845	3.81848189259371	1.90040590016932e-05	4.73290814905466e-05
YOR011W	-0.37647692575842	5.55427193358558	1.97065558338422e-05	4.89367260111769e-05
YOR012W	-0.24913830014833	3.13026750579222	0.0671979664727423	0.0933227476170309
YOR013W	-0.0668853969008323	2.75114740005743	0.664997784162132	0.714050130091576
YOR014W	0.414325317984523	7.67755973707021	5.76671902647778e-08	1.94444838963457e-07
YOR015W	0.294403281150801	4.06625866036684	0.00255027095184088	0.00461675066620516
YOR016C	-0.397041048995175	6.1156708318434	0.00112443846047384	0.0021549646236432
YOR017W	-0.740547590621197	6.20002203807791	4.845626875245e-15	3.09913923127372e-14
YOR018W	0.0843829822945487	6.20695641147405	0.664623573715583	0.713775799424452
YOR019W	1.29565156535066	4.47552147401165	1.28342453838044e-46	2.69788402963049e-45
YOR020C	0.118113889076645	8.82995159074832	0.246649351474125	0.30066015836627
YOR020W-A	0.673741978023922	5.76244211461741	4.99823255686782e-11	2.30793964146615e-10
YOR021C	-0.323517683593673	7.08751574224416	0.00460095394222641	0.00798756427971849
YOR022C	0.274489866754164	5.27550920980931	0.0029358580501632	0.00525465275307567
YOR023C	0.350626264597374	7.65802606761744	0.000172521852095086	0.000373631619162701
YOR025W	-1.07295642690347	6.66571010642782	1.63746268838026e-06	4.6589804460682e-06
YOR026W	-0.77975761501727	5.68455157129114	4.33359135666366e-12	2.17839057159381e-11
YOR027W	-0.0543790142635743	9.75897198367152	0.792877989365199	0.827853850653625
YOR028C	2.67915338095891	5.38953157117029	4.14875396534016e-38	7.04584995469633e-37
YOR030W	0.237285171508084	6.10205343386361	0.00249724604239109	0.00453441353272584
YOR031W	2.71141570823167	3.73725935521022	7.70011055662443e-125	5.78663308330326e-123
YOR032C	1.31322441047739	4.16589140159276	1.65780494823436e-24	1.74854795592719e-23
YOR032W-A	1.47088942996984	0.668092934575842	3.7053701179135e-10	1.56547330631735e-09
YOR033C	-0.586181995787876	5.98162729404788	0.00888942279846758	0.0147104899158786
YOR034C	-0.220360778299313	5.3080269253984	0.0162505548476872	0.0256291541826588
YOR034C-A	0.732632109328703	1.30979354840278	9.86377518337492e-05	0.000221272449262873
YOR035C	0.87627552794625	6.28024464591604	1.21202192994504e-21	1.1193050449815e-20
YOR036W	1.68530007295342	6.51758378467431	3.67527811651446e-63	1.13311651469153e-61
YOR037W	-0.101603224309477	6.02418217654905	0.140239099246156	0.181823908705605
YOR038C	-0.713699863277695	6.32750538825036	6.26562289216161e-13	3.39047712479124e-12
YOR039W	-0.0914979661337424	7.38572500529259	0.191401693366445	0.240784051165321
YOR040W	0.173266045510361	4.62659098536852	0.0929107884448386	0.125608198815015
YOR042W	0.165881045275989	7.37063830928415	0.052542999562835	0.0746428434243298
YOR043W	-0.207943526616211	7.15248005572045	0.000208593684202209	0.000445652178188942
YOR044W	1.48481028848658	4.87055926883824	2.65125651273043e-21	2.39689536158426e-20
YOR045W	-0.00593017565354369	5.89947607238723	0.956235503243681	0.967609404738507
YOR046C	-0.321676327834656	8.0427267280815	1.0045676299723e-07	3.31110778036923e-07
YOR047C	-1.08064392736042	6.0944014334793	9.85746483138562e-29	1.23464747013105e-27
YOR048C	-0.261076244807227	7.73502775814083	0.000346919909304856	0.000718616530096099
YOR049C	0.157823717218973	4.48853606322969	0.0738194316712189	0.101789546607195
YOR050C	0.162790208562967	2.73412784487424	0.234589581661889	0.287240848258916
YOR051C	0.177700507832831	7.62882633383139	0.0365130857829908	0.0535406516408148
YOR052C	1.39135288566088	7.80915689292806	5.04215060403939e-45	1.02757320106728e-43
YOR054C	1.43375802799222	6.02112988340157	5.00347366035558e-53	1.23789644633982e-51
YOR055W	0.447907390663177	1.97150518198073	0.035529629339642	0.0521621810964414
YOR056C	-0.355413232851278	7.38019033072371	0.0267689747283949	0.0402841241719925
YOR057W	-0.0260127906166532	6.63151088548397	0.693385588503199	0.739250604376881
YOR058C	1.37910995305361	6.91490837959987	2.16981176983886e-15	1.41946772146585e-14
YOR059C	0.253218489844376	6.81167665596189	0.0605440706462436	0.0849255605985107
YOR060C	0.400075455618381	4.63304217557166	1.11930198774421e-08	4.06110051316729e-08
YOR061W	-0.0161804420936869	8.08378372956028	0.841542100072361	0.870650680715029
YOR062C	2.28344394463806	5.00480417038683	0	0
YOR063W	-0.101074959775081	11.6069155276578	0.424377226202092	0.486528581984549
YOR064C	0.0489879494877218	5.53632678127815	0.563425069922017	0.620500370099133
YOR065W	-0.200176937828991	8.78071654501315	0.0637370748391898	0.0888653279065883
YOR066W	-0.56409812348056	6.64151825795635	0.179020478648008	0.226392746662142
YOR067C	-0.24874074566667	6.42178613296938	5.23130196657476e-05	0.000122396616997583
YOR069W	0.159509182618628	6.70807751661614	0.0242210031419191	0.0368212601569912
YOR070C	0.406288086853037	6.34820754538201	9.365728802988e-15	5.90836952398362e-14
YOR071C	0.585483065201065	5.56315284918678	1.36932647052347e-15	9.06650962641753e-15
YOR072W	0.718141918358651	1.42884891879495	0.000145629215916474	0.000319300819142904
YOR073W	-0.78357042146831	5.90594059795304	2.2581605725152e-05	5.57080892981591e-05
YOR074C	-0.50713303657414	6.0379108852533	0.198776882529023	0.248665252715727
YOR075W	-0.180849845235982	6.03277368176557	0.047235780965287	0.0676307490267458
YOR076C	-0.141914417097997	6.2443011448611	0.0366821954889322	0.0537492954617257
YOR077W	-0.15918501557123	4.27134261554798	0.0905711512132751	0.122638234480678
YOR078W	-0.591799256251903	6.72105812511991	1.16047077675672e-05	2.96504475557219e-05
YOR079C	-0.0660170392885671	5.20834102658111	0.43698861704966	0.498893954747922
YOR080W	-0.056173432700891	5.50035508565403	0.577194609411793	0.633807121786977
YOR081C	-0.131049055978152	6.53641501029744	0.285391856118699	0.342265278074131
YOR082C	-1.18917989560179	0.987680680616126	0.00037204078029	0.000765996291473794
YOR083W	-0.723797909269655	4.0281661161142	0.0109345307574942	0.0177815523164877
YOR084W	-0.98319831220099	5.01410383866739	0.000257742071442773	0.000543890955954352
YOR085W	-0.300468666342665	7.56953150606937	9.23592504830918e-05	0.000208119870278991
YOR086C	0.410360074727547	7.45948733500675	0.000342187614455474	0.000709390323484933
YOR087W	-0.173842939096946	6.65814006782412	0.00791713852180286	0.0132142800647082
YOR089C	0.406586352659247	7.44267952102673	1.04079221451365e-11	5.11212646540526e-11
YOR090C	0.143858126996526	6.97626118944342	0.0250736165416599	0.0379704238409218
YOR091W	-0.732376165982374	7.71147670110388	5.07322659179048e-13	2.7702305422202e-12
YOR092W	0.792991642354677	6.90770284947088	1.82182440739599e-23	1.84390712748564e-22
YOR093C	-0.263335135814947	6.24048402021241	0.00197608189965578	0.00365207635435922
YOR094W	-0.279703791485871	5.62104788894164	0.00204697196551341	0.00376572688392491
YOR095C	-0.414240823283469	6.61687543161794	0.0174484748116281	0.0272680609741377
YOR096W	0.0354294664451897	9.59969208643644	0.707065480279998	0.751560959185237
YOR097C	0.455390771671756	5.59580246026329	1.18700335737114e-07	3.87840444810613e-07
YOR098C	-0.191981775704612	7.93982532246697	0.014037129863269	0.0223612148219326
YOR099W	-0.0951512687543512	7.62902853948882	0.462324401892779	0.524630861491013
YOR100C	1.0224587996022	3.43609434760491	2.69888175240522e-10	1.15980536779558e-09
YOR101W	-1.27935667934363	6.54596792178316	1.22718656997363e-26	1.42704945042194e-25
YOR103C	0.662319780794014	3.44445063486582	4.27835650103284e-09	1.62383076289201e-08
YOR104W	0.149614729160001	5.49213182148195	0.13501110846072	0.175613756829478
YOR106W	0.182712077456412	5.68733753769127	0.0184654535748532	0.02873041068634
YOR107W	2.45738867216156	4.86794195279134	2.72099672535585e-130	2.27203226567213e-128
YOR108W	-0.3937145409686	8.12931822165279	0.00552659881165919	0.00945798806026047
YOR109W	0.329733907939256	6.94781794724607	2.08071581768392e-06	5.81285478434745e-06
YOR110W	-0.311260604583489	6.08516975750702	0.00014327923440182	0.000314722235010501
YOR111W	0.226959914998404	4.44571464174173	0.0178828474962955	0.0278888921265184
YOR112W	-0.265931198718004	6.75463746354617	0.000913239816094953	0.00177166756191122
YOR113W	0.239443876408636	6.47170790227634	0.0102290055768831	0.0167383727621723
YOR114W	-0.108870332815886	5.22215773498304	0.709311011558238	0.753265576015867
YOR115C	0.071489702299635	6.77778335725314	0.387245583307874	0.448318976862496
YOR116C	-0.321671489393199	7.2530692155153	5.70557388828588e-05	0.000132593390863451
YOR117W	0.0324789906827131	8.77556488469664	0.685666033701969	0.732579384150744
YOR118W	-0.431068822254167	6.83800734389822	1.15055777893219e-11	5.62370192434172e-11
YOR119C	-0.355662038760941	6.24069757659272	0.00321616535560861	0.00572058760885176
YOR120W	2.63820668373703	5.86724562829799	1.09484015439889e-22	1.07727970675059e-21
YOR121C	0.591669085772688	3.18228472151053	9.69927431734243e-08	3.20219863788373e-07
YOR122C	0.352661753087983	8.7301636509404	2.81160456915338e-12	1.43370370396524e-11
YOR123C	-0.493299288636008	7.87504731235071	2.58997449356391e-17	1.92471281276962e-16
YOR124C	0.142160930772976	7.36357799287957	0.0752479749658794	0.103569328181059
YOR125C	-0.0588457803352678	5.27510765484017	0.463942905444256	0.526169543016575
YOR126C	0.231377432716091	5.24482075989355	0.0518528477186116	0.0737321003983663
YOR127W	-0.339531057071988	7.18319547829452	0.0289444565570887	0.04317967067524
YOR128C	0.0759544203593997	9.51745384997573	0.425252864954482	0.487439508885861
YOR129C	-0.157812140561509	6.22391618607359	0.190011393566892	0.239285399690857
YOR130C	1.06061027975428	6.22278072340957	2.80393608535825e-57	7.42610737672853e-56
YOR131C	0.431317670115094	6.13841587439201	5.22564810693778e-12	2.61369354566638e-11
YOR132W	0.605729114815144	6.72736737353643	4.78316906223523e-09	1.8074426399848e-08
YOR133W	0.399766789234375	8.39805817536959	9.11571517868827e-10	3.71298642644132e-09
YOR134W	4.48557122034941	5.60498848360911	1.46548711100408e-120	1.00119414901779e-118
YOR135C	-0.974692736641837	5.25493773885705	2.75636213299681e-08	9.58984325438473e-08
YOR136W	-0.772344733816146	8.70607093977692	3.18387571505714e-06	8.72843629681874e-06
YOR137C	1.9904000020509	6.2835765427306	7.7496763641253e-75	2.77327704173341e-73
YOR138C	-0.0127361947044176	6.82631895209912	0.828942639567433	0.859093802633926
YOR140W	-0.125811413830337	6.32570123305134	0.0956613902858963	0.128834291756006
YOR141C	0.0972903731797429	7.4025673458496	0.115221385920107	0.152311119646368
YOR142W	0.298403027658172	8.00865410845801	2.07930675185543e-05	5.14647681850755e-05
YOR143C	-0.263738088381136	5.78667399712281	0.00368540044816011	0.00650135783284582
YOR144C	-0.91308542165379	6.0847207341909	4.65943757126561e-05	0.000110112180339815
YOR145C	-0.615408823509369	6.92880455753898	0.00140001387605221	0.00264598661516061
YOR147W	0.506187015781141	6.46591127510304	3.72577685701081e-14	2.23546611420649e-13
YOR148C	0.173792875732538	5.11099101730388	0.0401941979219103	0.0584395448383373
YOR149C	-0.185505741096948	6.05390260270045	0.00251807149805924	0.00456533348803744
YOR150W	-0.00348785393189569	6.05624033966667	0.989918900983103	0.993886511808687
YOR151C	-0.289500397263957	8.37752257402122	7.04649075860274e-06	1.84993460439824e-05
YOR152C	0.0139674822691321	4.23771626728954	0.893062895578251	0.912955981672581
YOR153W	-1.16156359575807	9.00083679490263	2.88509632934027e-09	1.11688339549219e-08
YOR154W	-0.154191160722808	6.22809551183191	0.0379689455718617	0.055485974909585
YOR155C	0.50867715174638	6.39367610309444	3.45325545941763e-05	8.29141388330915e-05
YOR156C	-0.485738787806902	5.36722749640172	2.19739580586394e-09	8.59514872144049e-09
YOR157C	-0.101662364318998	7.85219449280302	0.313093148986262	0.372367163542119
YOR158W	-0.455800334691811	7.04815267455082	1.88166816766075e-06	5.30609241274692e-06
YOR159C	-0.456004467491243	6.00816070961936	3.02927595089236e-10	1.29346640744069e-09
YOR160W	0.00467894259159517	6.61410292685	0.937300459707977	0.952027430945152
YOR161C	2.85091932370988	6.49800174984283	8.82785474393844e-84	3.6856293555943e-82
YOR161C-C	0.696335470696464	1.36484065275237	9.36420909782444e-05	0.00021085252844989
YOR162C	0.373060256797748	5.90136730911413	2.93694635935758e-08	1.01710377375909e-07
YOR163W	0.158174055933081	6.08711373741597	0.2209313225364	0.272683044772908
YOR164C	-0.0620268664635131	6.97842636290594	0.453974903214787	0.516521029168679
YOR165W	-0.2869441918947	7.6200081326546	6.54246934096961e-05	0.000150991653274124
YOR166C	-0.425537025927786	6.27217069194914	4.32781150570347e-11	2.01228173026212e-10
YOR167C	-0.146539287890837	9.00232188367932	0.0341331648334449	0.0503208894013416
YOR168W	-0.0912880883044839	8.43611794505319	0.326217401233262	0.386523259009533
YOR170W	-0.0652686892604392	2.35695619340907	0.793618205139478	0.82833900161433
YOR171C	-0.00517398901877318	7.43491219405679	0.959022782202065	0.969994106089975
YOR172W	0.339774805247208	5.87773986366772	5.7720867891326e-09	2.16750691919208e-08
YOR173W	2.21975820257611	4.05997937860976	6.47019689745927e-104	3.24156864562709e-102
YOR174W	0.447376140904005	5.84861592724829	1.913826094717e-11	9.14620229049175e-11
YOR175C	-0.0856441084241213	7.08512227187536	0.338805044178648	0.399548043468425
YOR176W	0.454211508068653	6.83132977778538	0.000458940305915985	0.000930259311924108
YOR177C	0.392808576589155	3.81526324655095	0.0569630076806104	0.0804278069929144
YOR178C	0.214393244640652	4.60153416749993	0.100551071197685	0.134815575388154
YOR179C	-0.179503496604084	4.51116984402256	0.020652914270834	0.0318535968692288
YOR180C	0.723380344930973	4.21448910136334	7.05772547675316e-09	2.62243792127565e-08
YOR181W	0.246843434341623	6.4038327298102	0.00430045198015158	0.00750052721342365
YOR182C	-0.0694103753725502	8.33050673704127	0.510485695492994	0.569923862823376
YOR184W	0.0978797972628079	10.0369785846499	0.318771262938493	0.378297045555905
YOR185C	1.14083819214012	4.46858894295994	1.73815213106606e-26	2.00187176474505e-25
YOR187W	0.0171307438686127	9.25376644574765	0.831362718220414	0.861156557880966
YOR188W	-0.0877870089135464	6.55752612953402	0.593680339151528	0.649182648050016
YOR189W	-0.226544334076841	5.73352495476238	0.000680226543233076	0.00134523749273594
YOR190W	0.105865923262853	3.9186130461685	0.356100329205453	0.417001189528637
YOR191W	-0.0290503470751568	6.72934702110525	0.64726517215296	0.698377281942497
YOR192C	-0.25082172664802	3.18747441414976	0.088002311550118	0.119536804572822
YOR192C-B	0.350478257174378	4.94388606658482	0.115641342939047	0.152799066758144
YOR192C-C	0.152860347782567	2.05991080777577	0.484209935442766	0.54545065240433
YOR193W	1.13206298323218	5.78677290578703	1.22297110716869e-21	1.12768440127273e-20
YOR194C	-0.728309293429455	7.61127303047371	3.87899861968806e-22	3.70167296850232e-21
YOR195W	-0.746988576771406	6.71721414599263	0.00572019408529406	0.00975320670470445
YOR196C	0.351656626603644	6.97919804278778	1.46588893226542e-06	4.19663060037128e-06
YOR197W	0.387548063459658	7.8386557349552	1.35176547091698e-14	8.43030499082247e-14
YOR198C	-0.0271808303944482	9.12529250468999	0.684582774722136	0.73207250829411
YOR199W	-0.276495777009293	2.91724007461332	0.0354393502460154	0.0520550632003529
YOR201C	-0.451767284107537	6.85208574066764	7.9203518625526e-07	2.33531904843875e-06
YOR202W	0.495851928805547	8.05805353495688	5.06080727585217e-13	2.76596121294757e-12
YOR203W	0.38473810855541	1.32045752650383	0.101691237358534	0.136192407885833
YOR204W	-0.330653053003305	7.76336318311647	0.00240349964770383	0.00437608718412944
YOR205C	-0.503350180483684	6.40359987102396	8.10242602710795e-12	3.99932555623752e-11
YOR206W	-0.700231184164462	8.00129547475586	6.95789215154087e-07	2.07185971347517e-06
YOR207C	0.409263353786014	7.63754988254799	1.06009360737149e-09	4.28600051615158e-09
YOR208W	1.45055286845834	6.56144040742915	7.34071375422005e-49	1.64673026456608e-47
YOR209C	0.626830840852829	8.56003244045159	4.4915027160777e-28	5.51079884266513e-27
YOR210W	-0.40656570227461	6.34106959277324	1.78881825629111e-07	5.75716025525812e-07
YOR211C	-0.102199433002527	6.52494135304171	0.108982487756466	0.145116880706948
YOR212W	0.328425647355439	7.59385302802126	2.86974529041976e-07	9.03766824829941e-07
YOR213C	0.819674313846065	5.73101932697238	6.78313457379959e-33	9.94639147748369e-32
YOR215C	0.458686067689616	6.542955828507	0.00037292940231217	0.000767563014960893
YOR216C	-0.365306480648759	7.26825910349978	5.02218368280844e-08	1.70103483386165e-07
YOR217W	-0.399299894787265	7.24216422301211	3.3400292704251e-09	1.28144581836603e-08
YOR219C	1.11151172417703	6.67184931727665	7.68947323311465e-45	1.55653579385472e-43
YOR220W	2.48580716325375	6.90706772513645	3.20060886212341e-166	3.7729530351149e-164
YOR221C	0.617700979737525	6.64237778518709	2.65167603022445e-14	1.61682315352022e-13
YOR222W	-0.257950827168669	8.86476583785623	0.00662474435298983	0.0111813484138616
YOR223W	0.329100869559027	5.58539128401052	4.59624449603439e-05	0.000108832697558719
YOR224C	-0.736138406185501	7.57508026560959	8.61581406841852e-16	5.79399040037272e-15
YOR225W	-3.0389259703434	4.65606423940375	6.38168212948581e-33	9.38060463630042e-32
YOR226C	-2.73313466082397	6.36263681539518	4.5401306820391e-39	7.87989369861942e-38
YOR227W	0.00394531121006642	7.04159949029481	0.960200567535835	0.970858696943397
YOR228C	0.809208260782625	4.4642000356835	2.84319526847729e-09	1.10208187969603e-08
YOR229W	-0.357117579428949	5.21421633010279	0.00154800353807563	0.00291013047870878
YOR230W	0.697392214572552	7.93366367301692	0.000761312712453948	0.00149477858500102
YOR231W	-0.0869719829003352	6.51922517526789	0.135861686648099	0.176681907879813
YOR232W	-0.260590838452129	8.24114431227781	5.16339541845505e-06	1.37371835362141e-05
YOR233W	-0.622457708961718	6.62426169040171	0.000208202830637528	0.00044497526405717
YOR234C	-0.0714739581042128	8.86779160929077	0.523691567129017	0.582611713837833
YOR236W	0.052595301320382	4.98852711014672	0.590693911724206	0.646269662836384
YOR237W	0.0805695839057201	1.35350334270543	0.742124002305126	0.781922450378272
YOR238W	0.569850576358612	5.51290019609841	2.01661890236125e-16	1.41966192517516e-15
YOR239W	0.102171296031788	7.78530855303057	0.0760900734702366	0.1045608049607
YOR241W	0.0434024622278956	7.01387171988321	0.434852848900658	0.497021925397482
YOR242C	-1.01009801052251	2.8547325502564	3.06606303165251e-08	1.05937764059166e-07
YOR243C	-0.389181476057568	7.4244849822163	3.17266356312785e-07	9.93957964644328e-07
YOR244W	-0.0331532115243134	6.10518139441447	0.601134801986216	0.656121424677941
YOR245C	0.818645678129044	6.12402817512698	1.00403436571915e-35	1.62264908782353e-34
YOR246C	-0.222943682322106	6.87231501027256	0.0611226862539135	0.0856572470299599
YOR247W	-0.650746893629236	9.1245906569399	0.0410737827319311	0.0596174750807267
YOR248W	-0.597860014904552	2.34426538287616	0.0587409073276846	0.0826743771227104
YOR249C	-0.0435971915833911	5.4526910158878	0.617721000195551	0.67083429428751
YOR250C	0.406521544689333	5.30748451534437	4.46483332028274e-10	1.87186735854532e-09
YOR251C	0.0309496522809619	6.43302141929237	0.655214766359181	0.70530907347384
YOR252W	-0.622206336764851	6.05682697135273	1.05318718593806e-05	2.71167510143881e-05
YOR253W	-0.358644109222401	5.78456224703011	3.44943761257535e-08	1.18774449752595e-07
YOR254C	-0.0697671147897016	8.19223690510086	0.405723473942501	0.467281518264812
YOR256C	0.543396067367311	6.95513101778972	2.94689179730658e-11	1.38954615571821e-10
YOR257W	0.436544462606704	5.78995797324822	7.61024281801218e-11	3.44523944441937e-10
YOR258W	0.322464495151883	3.74537586975478	0.000308811939027719	0.000644658098206734
YOR259C	-0.192807103965978	9.04776627283191	0.00852863765611269	0.0141524067315897
YOR260W	-0.360381412773829	8.47513464741867	7.98777537750889e-09	2.94797455921322e-08
YOR261C	-0.33343274872987	8.2623286505943	2.24013889544722e-05	5.52861865329586e-05
YOR262W	-0.0499364428862714	6.49906032340802	0.612932829249827	0.666597715168228
YOR264W	-2.52798016068822	5.86252548951978	4.006577437037e-06	1.0811285256493e-05
YOR265W	-0.679132056744383	6.34230707315479	3.46687756225014e-08	1.19306627957916e-07
YOR266W	-0.406201469580081	5.74196216557879	2.84138270131379e-07	8.95303605885666e-07
YOR267C	0.0922033632163781	7.24129092859854	0.167506738405543	0.213132383342671
YOR269W	-0.789061282995651	4.93062396791177	1.83477089461443e-14	1.13250950907823e-13
YOR270C	0.127746628758171	8.744191783779	0.109132764556446	0.145252641247144
YOR271C	-0.51299134677318	8.22199707854171	2.64498979069815e-09	1.02923486224448e-08
YOR272W	-0.449818358038296	7.48811031897748	0.00636079402355563	0.0107630435321183
YOR273C	1.17826118687209	7.76927175284994	2.53105431177046e-07	8.01300606759558e-07
YOR274W	-0.215391973328309	6.36476700322786	0.010428270672605	0.0170273664540199
YOR275C	0.465508691820514	6.63536942613989	4.03427244889376e-13	2.21296039806107e-12
YOR276W	-0.0845279416560249	5.99679213460794	0.168178405779798	0.213806000327373
YOR278W	-0.0720969867619242	5.09247661058708	0.32756956019735	0.387666967698123
YOR279C	-0.245913144073931	5.24747270157074	0.00442720717709578	0.00771041991561409
YOR280C	-0.0402789845089181	5.89939079952998	0.601226368687754	0.656121424677941
YOR281C	-0.36723423982954	6.62581065925038	3.75306007874142e-10	1.58339629427322e-09
YOR283W	-0.420683184144035	6.50889700783396	3.55968619763713e-07	1.10770359317776e-06
YOR284W	-0.342989572504153	4.69655637306632	0.173102461790754	0.219323919975978
YOR285W	0.888117077210088	8.42881026817241	2.07855401143005e-28	2.58187328857799e-27
YOR286W	-0.357443142061519	6.48867784861508	8.73585945765431e-06	2.26379254566456e-05
YOR287C	-1.42573019220488	4.9373136786234	1.40122719531497e-17	1.0530222372792e-16
YOR288C	0.161944794662922	5.87004393931922	0.280697378159274	0.337081087077418
YOR289W	2.36996809559091	4.0206673204162	1.70357719733876e-129	1.34761922505271e-127
YOR290C	-0.344581380197764	7.52623917267068	1.2436761978468e-05	3.16821241587074e-05
YOR291W	-0.182053458504007	6.24716123514727	0.0246110167097045	0.0373307482109951
YOR292C	0.555857680156108	5.18842941147575	2.23103558617933e-11	1.06115395127454e-10
YOR293W	-0.469336384820691	10.4077517247161	1.8385873508821e-11	8.82874373283e-11
YOR294W	-0.785492479783102	6.83937581883854	1.65175873246593e-06	4.69521205654144e-06
YOR295W	-0.430116076300575	5.13862813941403	2.95191812539262e-05	7.17337581643509e-05
YOR296W	0.0582470682758849	5.19670386657908	0.565058313557891	0.621869035317342
YOR297C	-0.0742461354127585	5.31642424978913	0.534346273469629	0.59260095851308
YOR298C-A	-0.0889619668600661	9.42118051219643	0.609386078508451	0.662980293882159
YOR298W	-0.482862170576212	3.26814363333052	0.00556973492733391	0.0095236764457143
YOR299W	0.738291708437448	7.14769264540312	9.07266740316764e-41	1.63798427711243e-39
YOR301W	-0.292105557882835	5.74364355038335	0.0606289696323616	0.0850248111569297
YOR302W	-0.0926406408810495	7.65885294898855	0.435821083364219	0.497967056093906
YOR303W	0.493431484410682	9.61605210594931	6.27043084972824e-10	2.59269809274871e-09
YOR304C-A	-0.160295799439239	4.27563521912775	0.16706395107363	0.212659003568636
YOR304W	-0.160163382129799	6.92760289042362	0.0311057723800942	0.0460837613477393
YOR305W	-0.244091602080376	5.67491582856088	0.00739269192475208	0.0123974515625131
YOR306C	-0.785635000432187	6.42729196362015	1.36205289855441e-12	7.18303686500799e-12
YOR307C	-0.420350078220647	6.17293041024843	0.000198261009311731	0.000425542730447027
YOR308C	-0.59189846096864	5.60013715717985	1.22996788213703e-16	8.76133519835048e-16
YOR309C	-0.265002422645127	4.03914025014149	0.0615158578796242	0.0861680656039843
YOR310C	-0.371284180500269	8.74185089456327	0.00667226029438446	0.0112520698148217
YOR311C	0.0402881087437125	6.91284451148469	0.56484275913269	0.621833852390722
YOR312C	-0.147919960428165	10.3093621388773	0.0762981518381397	0.104774894666719
YOR313C	-3.49812365510753	4.10401097313877	4.65248353673629e-16	3.1893649969052e-15
YOR314W	-5.73190298550366	1.35198192893494	4.82798389364363e-12	2.41881993071546e-11
YOR315W	-3.65348803879677	7.70216227999656	3.09348436756259e-29	3.9739376106381e-28
YOR316C	-1.00612088688738	7.7173203438104	1.35554509906924e-13	7.72467974938795e-13
YOR317W	1.4649944017784	8.52755627006424	5.64207384368951e-42	1.06332752188907e-40
YOR318C	-0.4150377830345	1.08218496910649	0.194777754757212	0.244468447098196
YOR319W	0.152268881499844	5.7645869517676	0.0216090542161893	0.0331581505736933
YOR320C	-0.42303159542369	6.99202594211845	5.83599239695833e-08	1.96450091212281e-07
YOR321W	-0.555330440299811	5.53134004998076	0.00909828164845866	0.015006548496717
YOR322C	0.274931041958856	7.04423431096287	1.15648024058801e-06	3.36044427569603e-06
YOR323C	0.439375425239529	8.2109827238657	2.4734772970189e-14	1.51123429976398e-13
YOR324C	-0.0567092758638266	4.84445123496042	0.484122658772207	0.54545065240433
YOR326W	-0.476583523077207	8.56918069888802	3.10176342782123e-05	7.50716655719052e-05
YOR327C	0.33756545862167	6.70517737460899	1.43728685287196e-05	3.63371259859808e-05
YOR328W	1.42859247274052	5.60551702213734	2.56828928277964e-59	7.18165356654475e-58
YOR329C	0.132499186520914	7.09473177026454	0.253633483464389	0.30767645330668
YOR329W-A	0.181698819553515	1.73372334085377	0.346934988864307	0.407536763003558
YOR330C	0.227357398455946	6.5130622224497	0.00305538247961676	0.00545396658772446
YOR332W	0.48130203914999	5.8165577606286	2.98841719185448e-13	1.65741366765951e-12
YOR334W	-0.151182721482397	4.71258242458152	0.0635515637701083	0.0886889511109311
YOR335C	-0.111547921807995	8.896369409686	0.0960381023459094	0.129296156336345
YOR336W	0.165424702556002	6.31323605312038	0.0173960921579471	0.0272074157267373
YOR337W	0.174543052008083	6.64318852638531	0.0504715298503264	0.0719094822708537
YOR338W	0.840259042187118	2.93258881603805	1.64115230519896e-07	5.30620362693124e-07
YOR339C	-0.174161837674991	2.86655478789246	0.356576728622936	0.417394722056287
YOR340C	-0.83679242712204	6.95824612344424	1.02230610530502e-07	3.36404176524016e-07
YOR341W	-0.486838009260699	8.49815120408761	0.000337952192623057	0.000701577549050353
YOR342C	-0.773801734067656	7.39757329836295	0.00790980450128605	0.0132093735171477
YOR343C	3.4219589761389	3.01646112548491	1.11045140316965e-39	1.97515793960235e-38
YOR343W-B	1.28819466398124	5.80015876590111	7.27165321341319e-33	1.06367832406424e-31
YOR344C	-0.013725101880985	6.37892617206144	0.952485127358175	0.965330510060241
YOR346W	-1.17600531417864	6.53397961930094	1.22249524988622e-26	1.4243491167279e-25
YOR347C	1.96300834275165	5.9017857271284	4.81882174933535e-23	4.81241799950234e-22
YOR348C	4.0460207908828	5.81437466249738	9.02375232219479e-114	5.59286587227166e-112
YOR349W	0.165650264083762	5.44738078087645	0.00743097304700703	0.0124512290854533
YOR350C	0.19014116736525	5.46304709707125	0.00209535784856559	0.00384532704077422
YOR351C	0.274756635463002	2.19345072745461	0.102377364886932	0.137050260008959
YOR352W	0.157671988540097	5.53937547535502	0.029130672889787	0.0434251439160425
YOR353C	0.191517459792293	6.50503540680325	0.0140347747164038	0.0223612148219326
YOR354C	-0.34392192672711	7.4914269040093	3.1306786869976e-05	7.5710540089419e-05
YOR355W	-0.497476186323593	7.89877652591231	1.42925755342603e-08	5.12690716658551e-08
YOR356W	0.350517328894714	7.51550827868278	4.7432537778233e-05	0.000111916961194167
YOR357C	-0.265091299835347	5.27298943224693	0.000770524040718682	0.00151138353435586
YOR358W	0.0917457293808841	4.89165512870085	0.335388212932077	0.395829198301461
YOR359W	-0.295891691819694	6.36710086715623	0.00673128323831701	0.0113484225543359
YOR360C	0.0973835689156041	6.63910016087566	0.0772784927168452	0.10607267082504
YOR361C	-0.182064209727176	9.01686731348991	0.0473341069327865	0.0677553930666458
YOR362C	-0.0490128157167397	8.68453516369249	0.590143062366988	0.646019681527737
YOR363C	0.183420616772361	6.40378780636018	0.00578173893448067	0.00984976324003904
YOR365C	0.104647535548555	4.20749297336933	0.274976002541997	0.331161003061396
YOR367W	-0.145288007622478	5.62162272054325	0.13823838430478	0.179500899879123
YOR368W	-0.267694472352548	5.17767158475512	0.0171833057846939	0.0269236472185509
YOR369C	-0.0132284182754715	10.1970078612449	0.887673426617929	0.908527858499658
YOR370C	-0.0864631477982169	7.63875469673623	0.268322167847984	0.324056422881093
YOR371C	0.127626166379325	5.74124835253628	0.0574644761964404	0.0810787211670969
YOR372C	-0.63324097922535	6.67482859312206	0.000483940148340441	0.000979612179064893
YOR373W	-1.79540556572354	6.29005496830275	8.71204119377481e-18	6.61323126981997e-17
YOR374W	4.45713285387897	9.40361897983199	2.71082145074497e-60	7.83531661628788e-59
YOR375C	-0.298178403792659	10.994739037732	0.196994329325235	0.246889703544572
YOR376W	0.652211771129378	0.640134229401178	0.027114341441732	0.0407223134518343
YOR376W-A	0.765465770041782	2.79763997555815	5.2374294761173e-06	1.39201706500518e-05
YOR377W	0.368240841904109	5.36530988361987	0.000672628970606644	0.00133240374671735
YOR378W	-0.589418475137897	3.79361946909074	4.14128395524338e-05	9.85636431763917e-05
YOR380W	-0.218047223586734	4.62347179646036	0.0214044143986476	0.0328609140359216
YOR381W	-1.21734076741159	5.67991642464122	0.000196191734424339	0.000421552790335642
YOR381W-A	-0.242656279592731	1.60157417798979	0.368639770291393	0.429660000602974
YOR382W	-2.97888023635129	8.1212860650823	4.03861440180612e-05	9.61971069083138e-05
YOR383C	-2.66127823824444	8.12089530249561	9.57094398634508e-10	3.89576948178109e-09
YOR384W	-0.126097026208234	5.85660536202293	0.445271946631009	0.507483401544195
YOR385W	3.60048903996257	7.09255429876579	0	0
YOR386W	0.809299963263146	5.23891847989582	3.60302726766013e-06	9.79710535195509e-06
YOR387C	-0.461132017437343	1.8156446558238	0.0370172091678689	0.0541609787094737
YOR388C	-1.22602339972957	3.33106447782954	7.52126844787262e-07	2.22638433818859e-06
YOR389W	-0.306148862071385	5.41377741780811	0.00408198016399508	0.00714227728345122
YOR390W	-0.790128186110023	4.26932907580461	1.09416136683151e-11	5.35675744087218e-11
YOR391C	0.653733304528996	0.748617655593638	0.00531739757998425	0.00913116088285213
YPL001W	-0.0530968153660729	6.42788858672646	0.629316326387329	0.681121285428489
YPL002C	-0.00173715152859849	5.6645842598242	0.98219217523263	0.987778413766907
YPL003W	0.77584770654034	5.42244039419137	3.19159572157425e-11	1.50022466599722e-10
YPL004C	1.23927826477246	8.73296358469253	1.48284654270256e-11	7.1836208015534e-11
YPL005W	0.762525414687483	5.21781435854935	4.0323979103138e-16	2.78013488954203e-15
YPL006W	0.713573612183129	6.21478291213382	1.06307299367716e-20	9.26260121447407e-20
YPL007C	-0.208727825358082	5.76456984532122	0.0242229015171158	0.0368212601569912
YPL008W	-0.552682392797357	5.96881728524931	4.11050888855144e-06	1.10817845013324e-05
YPL009C	-0.261244853458089	7.62942474584321	9.77041858751817e-06	2.52210204156974e-05
YPL010W	-0.0623080002531554	7.36307955579823	0.345297918839135	0.405772300246458
YPL011C	0.0415676039220181	6.29167631257748	0.518181864504775	0.577104719494675
YPL012W	-0.941162655143854	8.22533881240823	1.76332750643397e-10	7.74369975798466e-10
YPL013C	-0.323678102059418	6.1812144823247	0.000462197790738855	0.000936546382852039
YPL014W	-0.484478824304406	6.05302445778668	0.203334702331775	0.253619964817143
YPL015C	-0.35195099363734	6.56498083352346	0.0282866269069685	0.0422717377491163
YPL016W	-1.90244892078374	6.57660991378391	3.4794354974935e-78	1.32394722853993e-76
YPL017C	0.157472638141397	4.72881469918814	0.264354357476493	0.31945696425099
YPL018W	-0.177486208971214	4.80943803456148	0.20359027822617	0.253886071913655
YPL019C	-0.0865596737179493	6.79264636433717	0.267065626451484	0.322603686201793
YPL020C	0.185732390176614	6.2675662964567	0.00373824579414479	0.00658299171482088
YPL022W	0.165787433289402	6.81027289763535	0.0135369751564465	0.0216275032262971
YPL023C	0.477642168269233	7.42645503931838	2.00348200182982e-20	1.72070482785726e-19
YPL024W	-0.47239246973648	6.18243686716958	4.29824858631136e-09	1.63035145116113e-08
YPL025C	-0.795877868604255	0.898824804770518	0.0132183058327152	0.0211690076361971
YPL026C	-0.454006811463212	7.01396582058435	9.44566248791165e-08	3.12189790419598e-07
YPL027W	0.662435745868046	0.81139698653156	0.0147541237254576	0.0234103435833864
YPL028W	0.485798322028251	8.7602270952493	1.34985049922675e-08	4.8449559411052e-08
YPL029W	-0.853348106877988	6.08092341628408	1.21650090334527e-30	1.66881616024029e-29
YPL030W	-0.363905873400592	6.3312393783661	0.000814219073077344	0.00159189758287512
YPL031C	-0.187540851380717	6.83980123075962	0.00448195333579474	0.00779673132372626
YPL032C	-0.45543330396595	7.89184843156719	0.0171550260667217	0.0268863442943511
YPL033C	1.03881895553562	1.11460384035327	1.54720996326459e-05	3.88872336920849e-05
YPL034W	0.113689418784534	4.21880422954467	0.176171283286614	0.223024164059618
YPL035C	-0.164775050979591	3.73663450845168	0.0580544369572708	0.0818342965972127
YPL036W	-0.0890996720538609	4.53296430268704	0.497559866561813	0.557459917586586
YPL037C	-0.119126416617974	8.79072666770415	0.0231448198335407	0.0353433215238116
YPL038W	0.281969811505533	4.5152683845159	0.00380912979198099	0.00669800769505402
YPL039W	-0.205809789725367	5.21279397283122	0.0760512030482651	0.104543893447727
YPL040C	-0.620917963804135	6.13858476894539	5.21250703959338e-15	3.32318052195497e-14
YPL041C	-0.393425030999333	3.72329300847555	0.00156068515334502	0.00293122122521408
YPL042C	0.453778905412162	5.84586154315371	3.02493609995114e-14	1.83141146353537e-13
YPL043W	-1.07872593183872	7.040226668967	1.54088074239657e-11	7.45875605739788e-11
YPL045W	-0.054254274968229	6.39893537755367	0.455103037698106	0.51765974078972
YPL046C	0.243424358173342	4.45513621440656	0.00727758308247504	0.0122180478893717
YPL047W	0.443430127747145	5.57557059127402	3.20413807388481e-08	1.10517946644839e-07
YPL048W	0.344099411916361	8.569123171285	1.65658640286685e-08	5.89313458818671e-08
YPL049C	0.361008065674128	7.55536659991114	0.000132951265815158	0.000293645484967204
YPL050C	-0.390167742443391	8.25992202392332	6.44319391403185e-05	0.000148814759166959
YPL051W	-0.138924476262212	5.44267855077241	0.111606561582625	0.148217063891041
YPL052W	0.442193715672274	5.51740368908358	2.91034205595091e-07	9.15113830563643e-07
YPL053C	-0.110587596602618	7.50390830828547	0.156157182491829	0.200131524438473
YPL054W	3.81185674148973	5.68289783655132	1.75033923527149e-121	1.23800464499438e-119
YPL055C	0.527981576320252	6.33887163059873	1.07154163021839e-12	5.680871499888e-12
YPL056C	0.449884976767402	3.9256022138788	3.37758320111965e-05	8.12566234699132e-05
YPL057C	2.0225672782086	7.95876365508298	3.58183149936658e-33	5.35670919756017e-32
YPL058C	-0.668721216664607	5.77321687289867	1.19560045684783e-14	7.48744786100954e-14
YPL059W	0.240585284672085	6.66938236276464	0.000155114411511583	0.000337879652901317
YPL060W	-0.460119580302386	3.7927676777282	0.00897735738497883	0.0148355889495582
YPL061W	1.48372098360753	11.4812801958101	2.28497450953933e-08	8.01006807658917e-08
YPL062W	0.843562412818528	1.25242761611439	0.00158018951863814	0.00296230102464999
YPL063W	-0.26688576239215	7.96982446487403	5.07753486920573e-05	0.000119010290969454
YPL064C	0.0846659720587427	5.75880233483295	0.215596163539674	0.267085129857927
YPL065W	-0.391506560125305	5.34055866506455	2.34058649668749e-05	5.76601632348652e-05
YPL066W	-0.56922105971012	6.89174554074601	0.00262009971427886	0.00472892209013644
YPL067C	0.0173010398615819	4.37205598725492	0.912104436810341	0.929261459770169
YPL068C	-0.979713450430707	4.58254085927847	2.2015944790746e-11	1.04797988980178e-10
YPL069C	0.188136153087313	5.38419285461605	0.0356548966868895	0.0523333102738231
YPL070W	0.413510915025582	6.44754269528062	0.000453918323988544	0.000921633557520813
YPL071C	0.287661758336675	5.21235519167233	4.3250647579781e-05	0.000102654122877869
YPL072W	-1.14271996962147	5.43834038298412	2.50397939675474e-20	2.14749274369322e-19
YPL073C	-1.18445202356224	0.752831944770663	0.000287831472804924	0.000603783256979484
YPL074W	-0.33019586186335	6.32623236508381	0.000166581442515433	0.000361939874377588
YPL075W	-0.867375155728733	7.43094979362419	5.00101512594519e-19	3.98754680864489e-18
YPL076W	0.163376190707636	4.95656993372479	0.0267780695599992	0.0402877262749538
YPL077C	-0.385330795690054	4.3906655707434	1.30318735310607e-05	3.31279592679649e-05
YPL078C	-0.0139414894149266	8.3740563993122	0.868883578840921	0.892334826783673
YPL079W	-0.0515060489114617	9.71237935092106	0.525585182507487	0.584285894459136
YPL080C	-1.13228750019513	2.71361881722492	1.18632235720237e-08	4.28873722880377e-08
YPL081W	-1.34450597427926	8.81729668128406	1.19932642577202e-22	1.17432418106538e-21
YPL082C	-1.15338578394989	6.27659585152665	6.55553821310584e-14	3.84131537399535e-13
YPL083C	-0.150628037289359	5.69169340839974	0.0283491142855321	0.0423163253274439
YPL084W	0.0142605153112437	7.55126172521041	0.8578256080616	0.88324157487007
YPL085W	-0.169890311597858	7.0818501703566	0.00436375941485816	0.00760432510206588
YPL086C	-0.141710038449533	7.06735609873385	0.326851288781628	0.387045489098907
YPL087W	1.19286456808939	5.88776332721714	1.2558288076243e-33	1.90177400288093e-32
YPL088W	0.633075036507138	6.28919823823742	0.0243180655761168	0.0369379005163249
YPL089C	0.836817841701084	6.90181270833395	2.38044235361256e-14	1.45587176296223e-13
YPL090C	-0.186696845232238	9.58839313047917	0.0980696616240369	0.131782477801455
YPL091W	0.0335506987683649	7.77104300430087	0.616220822763694	0.669567971526356
YPL092W	1.03336003352228	5.31734454972115	3.75871638497854e-10	1.58467061055336e-09
YPL093W	-0.788599849739615	8.6094809034015	1.94680762052862e-06	5.47437203677179e-06
YPL094C	-0.387443621543897	7.38071633273082	8.62748997354845e-10	3.5165064217609e-09
YPL095C	0.352140478241508	5.21784784728706	0.0165295287138809	0.0260009227179099
YPL096C-A	0.17668797268082	4.16683620293785	0.0674703719558396	0.093679417135914
YPL096W	0.657738839986974	5.87343803116006	1.08146758537752e-22	1.06586608578519e-21
YPL097W	-0.406158769154296	6.18421724587286	0.000385499259038541	0.000791807839200446
YPL098C	0.161078971416477	6.0776016558833	0.0804638575924383	0.109992885822133
YPL099C	0.407317937650545	5.3319194302092	8.84507031989806e-07	2.5965118536732e-06
YPL100W	0.42898981139404	5.75747635738638	1.73288629906118e-10	7.61557926166359e-10
YPL101W	-0.304845156573076	6.8182749605448	9.4004571549008e-05	0.000211510285985268
YPL103C	-0.0239957513639043	6.08024723511856	0.665835368096145	0.714694203355477
YPL104W	-0.245278306036473	6.25925689196969	0.00514289882569866	0.00885934319200582
YPL105C	-0.56267360051496	7.88699885348728	1.22733736953109e-16	8.75296828662031e-16
YPL106C	-0.0382573495730872	10.7871202339625	0.791447453961934	0.826934670354387
YPL107W	0.029692615800838	6.10600220366854	0.792345980543529	0.827442076607208
YPL108W	-0.432686242913508	4.24373715675921	9.57969775214228e-05	0.000215140615935298
YPL109C	0.549217036589688	5.05762972157591	2.3756076037486e-08	8.30840774504746e-08
YPL110C	-0.0768471290461639	6.49575487842361	0.641687047574663	0.692981982945587
YPL111W	3.20208238646221	6.85847728887037	9.76771153021238e-301	3.91489878130912e-298
YPL112C	-0.246369495296015	7.47228776331862	0.000420470176203769	0.000858942133651736
YPL113C	0.53880090967375	4.10486950727245	1.52369159787525e-07	4.93557860260022e-07
YPL115C	-0.0617180623441798	6.77452852091452	0.596571677834282	0.651870034013033
YPL116W	-0.0709898409226483	7.18764357040501	0.73065488892087	0.771189816044991
YPL117C	0.0810087896010391	8.6054992734014	0.218439181259655	0.269939641877296
YPL118W	-0.198888069818093	7.77026249001586	0.0126066043472924	0.0202270897613883
YPL119C	1.07091772459478	4.52588579302705	2.12883821614969e-38	3.63595890781021e-37
YPL119C-A	0.745026561728552	2.50057587740468	6.6810892900765e-08	2.22777087143316e-07
YPL120W	-0.145580385063653	5.5811064754436	0.0773673367254257	0.106146149793076
YPL122C	-0.567562189590426	5.89812713982313	4.03173898793216e-11	1.87897789112001e-10
YPL123C	1.08593930603743	5.1800759651823	3.24423125481897e-12	1.64732418107868e-11
YPL124W	-1.07682551663101	4.5281689417464	0.000114581369199196	0.000254945666774822
YPL125W	0.100152157206149	7.28833088328628	0.0881191707278666	0.119641475703689
YPL126W	-0.4792246807554	8.03788009197239	0.00114493892119765	0.00218867179467099
YPL127C	-1.10103935247122	6.99608342596797	0.000979754281298225	0.00189215635694344
YPL128C	-0.69072233783661	6.39898324205213	1.18178404854599e-07	3.86555261145727e-07
YPL129W	-0.26944500545825	7.53953106323775	1.59557923951699e-06	4.54411292656379e-06
YPL131W	-0.0629654546807966	11.5987435371731	0.483314439672391	0.544646000245625
YPL132W	-0.145455194811464	5.58826855215232	0.252926196577277	0.306942328183808
YPL133C	-0.321287564336647	4.851527925305	0.008352870408822	0.0138914126964973
YPL134C	0.816773721190396	5.25142377999718	1.3384658927802e-17	1.00711601344112e-16
YPL135W	1.06076288995908	8.31366239708291	2.86382803896971e-20	2.44217505961502e-19
YPL137C	1.42526888004179	7.43962650539353	5.7052445726142e-62	1.72361459148526e-60
YPL138C	0.0413414342170223	5.45307151901231	0.606760266109143	0.661320290037739
YPL139C	-0.155684206957495	6.59025266448982	0.142320795381614	0.184244750610307
YPL140C	-0.149732364571654	6.51012669275538	0.00654755507440163	0.0110634910363414
YPL141C	0.699630632647523	7.56529273648818	7.9912286290238e-06	2.07979508734594e-05
YPL142C	0.172843954136419	1.69886283976417	0.481130151161869	0.542540452280973
YPL143W	-0.207206876710535	3.31454864733557	0.258173782820037	0.312868531004648
YPL144W	-1.00763138242069	3.86782785568925	7.04813237296975e-14	4.11391959478584e-13
YPL145C	-0.46651608420296	8.96476643852419	3.95023361892627e-16	2.72974764563043e-15
YPL146C	-0.944654886177546	6.87691872525446	3.58407565565092e-13	1.97864672559902e-12
YPL147W	0.233168986682208	5.04646374860045	0.00129555783427803	0.00246406001255284
YPL148C	0.163032402868809	4.19182176092915	0.125088202683167	0.163876721405796
YPL149W	2.03054206130309	5.81924326022855	6.04859060425596e-134	5.27016329170824e-132
YPL150W	0.169678409675853	6.3583325092015	0.000736364009222303	0.00145034864647114
YPL151C	0.160658009183813	5.95933835067947	0.0221899715139598	0.0339974792920301
YPL152W	-0.169253417946835	5.24914535148067	0.00899282856136835	0.0148489110988593
YPL153C	-1.43242049008134	5.74961852978498	9.15268977620573e-05	0.000206321600804458
YPL154C	0.893076831362307	8.78904851842156	1.0057442598053e-21	9.38902871110168e-21
YPL155C	-0.399395603978211	5.98907834764083	1.85492623129823e-06	5.23952350193485e-06
YPL156C	3.30744879148267	6.96322498381146	5.01043625970551e-64	1.56076387530309e-62
YPL157W	-1.50215282118278	5.68290781326434	8.0277864453544e-20	6.62954012492729e-19
YPL158C	-2.601799294127	7.08827530016951	1.9581905329179e-07	6.27874212474795e-07
YPL159C	0.397033461693975	6.27563051681914	3.25122618534363e-08	1.1207782010485e-07
YPL160W	-0.241541257248387	9.13652609558869	0.00061100337110732	0.00121876319412648
YPL161C	-0.421465674664905	6.22584398147221	5.3269118782226e-09	2.00660364736054e-08
YPL162C	-0.239935168773495	5.44970429146641	0.00770802929118864	0.0128938987475309
YPL163C	-1.23766174825524	8.1502793823803	0.0435833271644699	0.0629408990902698
YPL164C	-0.383846857747864	5.12779869094347	0.00118038990255443	0.00225285844258959
YPL165C	1.39361867699751	4.25953729133779	1.50829971801763e-26	1.74047944428445e-25
YPL166W	1.70487077149759	3.72955330595239	1.5825359802482e-24	1.67209249793535e-23
YPL167C	-0.10224395923155	4.91153337278648	0.290233257988702	0.347404325840354
YPL168W	0.0475814929939108	5.51306314678568	0.539374430691718	0.597736235450435
YPL169C	-0.125308230548155	7.94001512292155	0.0258331131885462	0.03901247839476
YPL170W	0.376186950225646	6.42603310826735	0.00465708176509428	0.00807334935748178
YPL171C	2.12798875973891	3.00156316524436	3.04187247281411e-66	9.93898766660783e-65
YPL172C	-0.657625870116348	6.24459952168016	4.16783401874385e-09	1.58488413160582e-08
YPL173W	-0.336534433752713	6.66294670832185	0.000536697927012495	0.00107950081538947
YPL174C	-0.32609787845034	5.61768875768141	1.47055370999428e-05	3.71035305574423e-05
YPL175W	-0.412942183500297	6.17501055373256	9.5653868885982e-09	3.49799914685234e-08
YPL176C	-0.149780886636279	6.99287111411282	0.112761471572353	0.149453696449071
YPL177C	-1.25365694992352	7.29194818204839	1.72757440015816e-24	1.81576526114526e-23
YPL178W	-0.128567733791476	6.82669708915172	0.0829758650352184	0.113143774232645
YPL179W	0.642708835502522	8.22659820324546	3.06076782839089e-24	3.17812369331365e-23
YPL180W	-0.0436730014343346	6.54886273151025	0.432114124425495	0.494267525883956
YPL181W	0.402511208045417	7.07277162759877	7.98305212899459e-09	2.94797455921322e-08
YPL182C	-0.301296038039816	3.06448848193695	0.0348552931301535	0.0513351353009512
YPL183C	-0.680558950876278	7.09055392766245	1.17155594583104e-10	5.21628289591831e-10
YPL183W-A	-0.0573969269398203	5.31596621526395	0.524649077910864	0.583523342818683
YPL184C	-0.685673745944908	6.7493965811268	6.89074930407346e-13	3.71544258440266e-12
YPL185W	0.391604454834173	0.772868426576588	0.116457522388132	0.153708589373754
YPL186C	1.68220953728955	3.42198000565903	2.44039375936671e-41	4.47306319552215e-40
YPL187W	-1.04995170699789	1.32486394489199	0.0187087267215738	0.0290713013828125
YPL188W	0.140283861646383	7.26515633635252	0.0299211999037968	0.0445263004508976
YPL189C-A	-0.035512740652256	5.02107390428135	0.696628556283593	0.741787261845017
YPL189W	-1.26894799868637	3.49505449050976	3.71440059192681e-14	2.2308667690973e-13
YPL190C	-0.632353756659617	8.51862876428454	1.63657110587434e-16	1.15753711629606e-15
YPL191C	0.461915160398761	4.87506690869905	0.000245409105636363	0.000519689870759356
YPL192C	4.03520240652181	5.2123080934712	7.13618360950007e-163	8.25052612698354e-161
YPL193W	-0.0527789805809503	6.00063481712647	0.474734591395135	0.536586318495472
YPL194W	-0.604965107796834	5.43264327147589	1.23472845417998e-12	6.52301183350618e-12
YPL195W	-0.100721494841027	7.18149013269859	0.111676599754543	0.148245081867667
YPL196W	0.644109813960806	5.52164573030815	7.67756561523071e-18	5.85012984521762e-17
YPL197C	-0.746106553092913	4.51224312165437	1.18926905783863e-10	5.28446827474193e-10
YPL198W	-0.710803879625811	8.30173045949187	2.09967886681062e-10	9.1539299109974e-10
YPL199C	-0.0902703083940747	6.52734206677087	0.210606446097796	0.261631345514638
YPL201C	-0.10117009454477	1.1550051051797	0.708455316774105	0.752647705327075
YPL202C	0.102382016463644	6.34877480787918	0.0984852964628171	0.132252312337381
YPL203W	1.05559918540906	6.61637348452505	7.48360449024156e-35	1.17165182800344e-33
YPL204W	0.439406033528425	7.97588631983343	2.02462919536390e-11	9.66804664219841e-11
YPL205C	0.358203133055796	5.11120824813662	3.94176966468465e-05	9.39275434961717e-05
YPL206C	0.648472626072835	6.67878285371494	3.11833343376182e-20	2.63676801740873e-19
YPL207W	-0.425399236406496	8.31518576793924	0.00601415565341832	0.0102008961380936
YPL208W	-0.611072608565929	6.09362664063423	0.000244017181113949	0.000517557359797825
YPL209C	-1.09902445153509	4.38389033462745	2.59830184318058e-10	1.12139200870076e-09
YPL210C	-0.661325101831955	8.03472690709515	4.20839298856367e-21	3.74273056911905e-20
YPL211W	-0.467650973167594	6.42348823684621	0.00497073516726428	0.00857997698122104
YPL212C	-0.821697743164032	7.94144451187988	6.10842402499713e-11	2.79907356999106e-10
YPL213W	0.318358975804732	5.59751913394666	0.000559577995673628	0.0011225168201501
YPL214C	-0.0151935417691514	5.86597495880247	0.875942521677954	0.898050211515665
YPL215W	-0.303247679368529	6.9232347410932	0.000533359269624324	0.00107350382624086
YPL216W	-0.0723326785185454	5.6346607475593	0.306909433932966	0.365736276869176
YPL217C	-0.869491379402887	7.64637972202967	4.54372513686546e-14	2.70196592708557e-13
YPL218W	-0.0405847348744447	7.68035271665089	0.608007897634851	0.661960065298936
YPL219W	0.826296908040353	4.91559827679576	3.41227979786416e-30	4.6308411161985e-29
YPL220W	0.181386681188386	9.0903561424313	0.0117371945338396	0.0189790246200763
YPL221W	2.05872430871845	8.32861270316214	1.85730910402634e-49	4.24568149559178e-48
YPL222W	0.953288937110566	5.2768486950102	9.59688310447469e-14	5.52119246163654e-13
YPL223C	2.62971934762697	3.24801374185391	1.00415908744678e-41	1.87484609743169e-40
YPL224C	0.536400032176075	6.23001940428705	5.75591494056576e-10	2.38652142225389e-09
YPL225W	0.202911688714346	8.38965559212148	0.000909974245386196	0.00176647244535415
YPL226W	-0.853447210189798	8.54472325459559	3.62334613639557e-18	2.79425741929773e-17
YPL227C	-0.663024705152544	6.56026627323312	2.83541559959052e-07	8.93891902713069e-07
YPL228W	-0.210061231049502	6.69792302722622	0.00201089497716401	0.00370957367373736
YPL229W	0.270751635336349	5.61341286125271	0.000857032428142422	0.00166908939358349
YPL230W	1.33125120924732	4.92885915810967	8.11534161677586e-29	1.02069945188403e-27
YPL231W	0.0646745461132158	9.58866310446141	0.670744079634952	0.718704118852038
YPL232W	0.24389542217817	7.75251961060835	0.124027103238054	0.16259287934304
YPL233W	0.431216226472583	5.21361561440626	3.33121495164312e-06	9.10744169589742e-06
YPL234C	0.206605226713059	6.74556486424099	0.000887841160476576	0.00172573587351606
YPL235W	-0.160324593415004	7.76757343677325	0.0029821344072557	0.00533271625711519
YPL236C	0.379147796915862	4.69159052779345	4.84442742375586e-07	1.4829275800214e-06
YPL237W	-0.16311006424402	7.28417467500846	0.0310040520123058	0.0459670433287256
YPL239W	-0.312774090518401	7.52248230990199	0.0223059952863198	0.0341492096744814
YPL240C	0.225057251545573	9.72036893259266	0.425631310393029	0.487687333349131
YPL241C	-0.684182866706307	4.9251075938154	0.0240471308579353	0.0366003419539005
YPL242C	-0.989493118412958	7.41151096914573	5.45776991697558e-06	1.44738035910265e-05
YPL243W	-0.441857400735241	8.17109811148631	2.41425691896534e-07	7.65533364811163e-07
YPL244C	-0.325075254526106	6.58342630577606	4.50567701635838e-05	0.000106856529476712
YPL245W	0.27377583004781	5.37699877623765	0.00390989211477539	0.00685713867970526
YPL246C	0.404944033229812	6.63797700239715	3.69674575138459e-13	2.0333792733142e-12
YPL247C	1.7059496827992	5.3924055792954	1.17404389612629e-25	1.29988064521386e-24
YPL248C	0.54351628537603	5.09123933156152	7.00452006751885e-15	4.44679774508166e-14
YPL249C	0.561244704039684	6.50954312623847	2.62392828949574e-10	1.12920951155679e-09
YPL249C-A	0.000667550638929697	4.36194670238463	1	1
YPL250C	0.672550490564419	7.74962232617025	1.18255540396125e-07	3.86597231572322e-07
YPL252C	0.0161676651630797	5.33857910111775	0.870251299880871	0.893281682582175
YPL253C	-0.974376826521959	5.69471113655281	4.56015527995167e-07	1.40090207169491e-06
YPL254W	-0.266866987357359	6.44491037610666	0.000710840690845535	0.00140301189539178
YPL255W	-1.73540910361387	5.66075152555833	4.75933234021054e-10	1.98840208682041e-09
YPL256C	-1.6250411218631	8.06572309569572	0.0104822038155441	0.0171014950716557
YPL257W	0.177369384774708	3.14073233736844	0.0993041636887265	0.133232901606031
YPL258C	-0.276375830344745	4.40470506671612	0.110900996020586	0.147410300259953
YPL259C	0.461348529634649	6.55747864217825	1.73977709972866e-18	1.35136174723109e-17
YPL260W	0.188406684321818	7.7023364232375	0.00467658361736344	0.00810248435377205
YPL261C	0.150270663049298	2.84442057916669	0.197082133596005	0.24694826744043
YPL262W	0.0482462674411302	8.29042279512854	0.485482783704954	0.546202536558802
YPL263C	-0.601842476963116	7.67675413901937	3.16141429896213e-09	1.21712817926683e-08
YPL264C	-0.169996123648658	5.04857299206861	0.218656511163374	0.270097173847176
YPL265W	1.72326193659571	6.17305340550247	1.01276373917409e-21	9.43990015490636e-21
YPL266W	-0.325899040035999	7.15198540924128	0.00980663382985825	0.0160778518094104
YPL267W	-2.46709889290267	5.62827942126003	1.92086238399334e-05	4.77989430983774e-05
YPL268W	0.16183946977186	6.08159426507249	0.0209200055672608	0.0321994555735719
YPL269W	-0.362228717166561	4.78999191850615	0.0226190376585239	0.0346019476852534
YPL270W	0.403344163391236	7.18746770261093	1.17127274521627e-09	4.72279795052998e-09
YPL271W	-0.0965163436294379	7.59598504475151	0.310313401684527	0.369426568500471
YPL272C	0.0794556761432723	3.97770699187591	0.461104979031387	0.523444700516748
YPL273W	0.425931152313786	7.63968130339365	3.56246708337562e-09	1.36166840664315e-08
YPL274W	1.42343542112774	7.74798608758865	9.9277462452486e-13	5.27724230118785e-12
YPL277C	0.226551993690112	2.12177344669274	0.175514962890771	0.222286908973945
YPL279C	-0.642488564096155	2.61121488217411	2.7718157748533e-05	6.76030687156918e-05
YPR001W	0.453404585903481	4.25841880622776	0.00175665995574309	0.00326663769066733
YPR002C-A	1.38791306959701	3.10183396239175	4.93882391330018e-25	5.34994763365057e-24
YPR002W	-0.920138424213172	7.38518873910802	0.0232677299931226	0.0355039575428053
YPR003C	-0.414929267412116	5.70226672847955	1.11839477500986e-05	2.86240501803289e-05
YPR004C	-0.205872839939266	7.86632058433705	0.0492956178703095	0.0703955474195488
YPR005C	3.01208043241295	6.52367131984275	1.5843640406057e-59	4.49301726986861e-58
YPR006C	0.294123060690015	5.40909701184562	0.0001794846525395	0.000387872656746036
YPR007C	-0.438397974925218	2.95081761859077	0.000955623195534899	0.00184673952155442
YPR008W	0.0572167568861725	6.98284208502497	0.415324046106081	0.477298149922184
YPR009W	-1.03099593974384	5.87867462515901	3.5865718144388e-40	6.45582926598983e-39
YPR010C	-0.350761272779609	8.93566617840093	0.0382589336358207	0.0558825823660238
YPR010C-A	0.671899098770219	7.63212138067534	2.71230003191133e-15	1.76475625452932e-14
YPR011C	-0.183854745982842	5.6382508869488	0.0163421212078886	0.0257398042184506
YPR012W	-0.2314594763402	1.94822858497556	0.372562912108601	0.43382688893994
YPR013C	-0.210310960888847	5.67385282790218	0.295683529365336	0.353409419193718
YPR014C	-0.281663466471968	1.76516778893565	0.166305062395972	0.211907797048627
YPR015C	0.569908907210358	3.7914532247194	4.26690696891345e-08	1.45588221890509e-07
YPR016C	-0.444400618251139	7.79499312749993	9.50226421153649e-09	3.47703058063039e-08
YPR016W-A	-0.383424123697558	4.67786316604466	0.000177691964705358	0.000384136674508671
YPR017C	-0.140215501591655	4.45246251447774	0.125751787293447	0.164602600742043
YPR018W	-1.24184817198527	6.22112632098937	7.91594128941918e-07	2.33516383866478e-06
YPR019W	-0.284295598044131	6.87804307803849	0.162904963723416	0.207937291274984
YPR020W	-0.179846167827428	6.90828048988287	0.185774181561203	0.234292926273537
YPR021C	-0.0910355578350174	6.12827452441525	0.176909022604029	0.223910956609562
YPR022C	-0.439694284224311	6.84120442383852	1.42156598129441e-13	8.0703065906912e-13
YPR023C	0.568998527721886	7.05839489158159	4.24968416296604e-16	2.9232381221684e-15
YPR024W	0.164031007426495	8.22466754408488	0.011199689948697	0.0181832395278333
YPR025C	0.0300222926905696	6.60660328606676	0.716638695005583	0.75919503689402
YPR026W	1.13911962904676	5.83374771364048	4.50367810897452e-37	7.45898423998754e-36
YPR027C	0.977618568823591	3.87030888334182	3.88548598683707e-26	4.39916040543587e-25
YPR028W	0.591603392610283	8.03508784898617	8.77293412791246e-14	5.05684371783411e-13
YPR029C	-0.0394910527356115	7.89102734929443	0.561376597149537	0.618584329557005
YPR030W	3.11065831752679	5.39409456030819	1.9933407789582e-115	1.27488986841454e-113
YPR031W	-1.03831450834379	5.73520916938916	1.16155406265599e-19	9.52696183449908e-19
YPR032W	-0.326576999281789	6.55985512259109	0.000149195131351793	0.000325812251974929
YPR033C	0.104660116403545	8.72778888583726	0.108854577674489	0.14501079569666
YPR034W	-0.284427303193705	7.75854844211641	0.00598979898069506	0.0101638925972167
YPR035W	0.10043144535863	10.7915758530957	0.604524868001816	0.659122870226136
YPR036W	0.339280142587544	8.47904417798144	1.42371890912799e-12	7.47665770504802e-12
YPR036W-A	0.721179762619565	10.9260728156542	5.35161850970864e-17	3.92330250915831e-16
YPR037C	0.251200530824598	4.03544313441972	0.0519462783684454	0.0738474877160308
YPR040W	0.59602839959268	5.82720853453886	4.87653457777668e-16	3.33534992964657e-15
YPR041W	-0.403390079161083	8.91173859673357	4.36387434444103e-07	1.344037528626e-06
YPR042C	0.507137047857723	5.39692936643015	0.000316399958419196	0.000659141515861194
YPR043W	-0.576750165998882	2.45145108004222	0.00323467370819994	0.0057501059531928
YPR044C	-0.877984036388127	3.93845887102596	4.60539915625717e-06	1.23220559534571e-05
YPR045C	0.255629704460366	6.20516006216613	9.34772296190456e-05	0.000210560174023868
YPR046W	-0.430887987549383	4.53955722428957	7.1843843611988e-06	1.8836685032502e-05
YPR047W	0.0273878569534137	5.74202940412373	0.844246873029264	0.872698108777843
YPR048W	-0.28105724341711	6.83214896734858	0.000336596177813966	0.000699003875999158
YPR049C	0.0231620085144888	5.91800974435613	0.760527598845471	0.798514132773136
YPR051W	-0.206594565065435	3.33672838747636	0.133942633075695	0.174337109775077
YPR052C	-0.685850841012738	5.17422748527258	5.84666962467883e-08	1.96699372040118e-07
YPR053C	-0.121944401653984	3.43751589963833	0.311895620838956	0.371016318259557
YPR054W	-0.0205935367374658	4.71646726846308	0.848022970097147	0.875250591403646
YPR055W	-0.0428229730375162	6.30490173325727	0.562641703959636	0.619751177025528
YPR056W	-0.501960378088824	6.03773369182788	9.18639797701774e-09	3.36759906328236e-08
YPR057W	-0.197498464752599	5.79485868752612	0.00058962189531553	0.00117924379063106
YPR058W	0.386608718338398	6.24040011911593	8.34864875149513e-07	2.45678298061619e-06
YPR060C	-0.295712847291218	6.65635253235337	0.000109747773698572	0.000245097925511075
YPR061C	0.82768797482965	3.99975435086035	1.88883547431941e-24	1.98179386939062e-23
YPR062W	-0.255693423279165	7.51235303204983	0.000795030758895963	0.00155742095877567
YPR063C	-0.0141159334996133	7.13082983190301	0.848514309121893	0.875452479774868
YPR064W	0.967069450857802	0.968098608060005	6.70582827164477e-05	0.00015440612627012
YPR065W	0.0134810325283095	7.3950399620945	0.917870066554617	0.934027562648334
YPR066W	0.546523229264127	4.00476532337247	7.68614832158135e-10	3.14990618332291e-09
YPR067W	0.0561896802630593	6.14683083631388	0.465723882735147	0.527990191024647
YPR068C	-0.820520263053383	5.09945340572674	8.32371064409593e-21	7.263011377693e-20
YPR069C	0.0343270819797263	7.70992579292566	0.568546485437814	0.625453151043392
YPR070W	0.00500103347349362	6.14123303326851	0.943098043283164	0.957269194026402
YPR071W	0.0776368791453576	4.77519684425923	0.374061269804901	0.435147849020074
YPR072W	-0.291930320420793	7.8062230899882	0.000245391609206192	0.000519689870759356
YPR073C	0.08735016611646	6.67319277073805	0.151847154163985	0.195357391575835
YPR074C	-0.0394232450339529	10.3748709556194	0.541605675433832	0.599877177728113
YPR075C	0.534075968886601	6.85567995962015	6.05770931556381e-08	2.03457812319383e-07
YPR078C	0.690156749171441	3.22723464340144	0.000841779850623235	0.00164364419030428
YPR079W	0.20074159698253	6.02165276477753	0.0103655803572469	0.0169434119379467
YPR080W	0.180072424808965	10.6164280455158	0.0168680493494942	0.0264779928692321
YPR081C	0.75207851657316	5.84606555405831	6.40218372835083e-10	2.64172467912458e-09
YPR082C	0.0983642946415222	5.30755645859196	0.103753973838032	0.138693412379907
YPR083W	0.241762977141849	5.62478316370445	0.000170405991021861	0.000369581824683776
YPR084W	-0.259618813524922	5.74874836752792	0.000201778775878972	0.000432475579530972
YPR085C	0.112109200942353	5.4666706243266	0.0501438151377072	0.071479419841953
YPR086W	0.168820216193681	7.31962844525932	0.00388013726454121	0.00681688639229157
YPR087W	0.222255405559539	0.837488379064069	0.386423801537896	0.447712448418931
YPR088C	-0.141596644242884	7.61816027899482	0.0109985433123302	0.0178759779382885
YPR089W	-0.143865472498577	7.45872222170972	0.0044748518733104	0.00778663081399194
YPR091C	0.0875228606889076	6.75173206758749	0.261460125521984	0.316532073024198
YPR093C	1.11018068089414	4.84207895951062	7.07645047668653e-28	8.56008456053107e-27
YPR094W	0.352360944380339	4.28732930226005	0.000693091015652183	0.00136977751022384
YPR095C	0.0602567544396557	5.7345733833656	0.607442656291075	0.661704158293522
YPR096C	-0.391659589255001	1.36307151427391	0.106214907535978	0.141777092385946
YPR097W	-0.1159362361926	6.66347339307055	0.133391658702051	0.173770455496583
YPR098C	0.73348744468677	5.43067289156449	5.41533148993186e-13	2.94900117006072e-12
YPR100W	-0.0805417689990814	3.85587867597072	0.469469068228649	0.531634589977517
YPR101W	0.194889850999945	5.67815061088178	0.0280988719309105	0.0420434091708895
YPR102C	0.166442067092305	9.0810578085345	0.057810998406924	0.0815293742487514
YPR103W	0.0534804744909361	8.61746172042974	0.540595346505437	0.59897884688365
YPR104C	-0.922684256993067	6.16022522560023	1.00593211914576e-16	7.21678269726048e-16
YPR105C	0.390471925094623	7.07141654042878	4.81064780632821e-06	1.28312398454504e-05
YPR106W	0.670140132768644	4.64815780160813	0.00149463108332998	0.00281331310988723
YPR107C	0.0439637843454601	5.868588439614	0.595646970764151	0.651096288769832
YPR108W	-0.256591149563523	8.82608523040004	0.00617029198665166	0.0104554102096251
YPR109W	0.0822253022920345	5.21062355227214	0.249051953695766	0.303097235955252
YPR110C	-0.206967484464198	8.1776872698107	0.0884301838746577	0.119982456658642
YPR111W	0.136721088713144	6.25042493773869	0.190132716170765	0.23938803971071
YPR112C	-0.567324885752668	7.02513727991941	5.33523861578677e-05	0.000124613265571523
YPR113W	0.294508576387486	6.6903690140162	8.34365973633609e-05	0.000189076827496617
YPR114W	-0.102158017572135	7.11630592821613	0.123252934161476	0.161683753039231
YPR115W	1.47647430441015	7.03536833345022	8.1259334852237e-47	1.71414428467245e-45
YPR116W	1.94377843579578	2.98408209870546	2.14396896931867e-23	2.16267473884964e-22
YPR117W	0.976141068219783	6.14559118864055	1.16881839983863e-29	1.54099478505041e-28
YPR118W	-0.139725670967291	7.79689722096647	0.0669387221475935	0.0929841953676831
YPR119W	-2.8383027142645	7.38064513485094	2.95125742395312e-20	2.50961239502209e-19
YPR120C	-1.90834721771683	6.12042335077218	7.86988288081093e-06	2.04910073102795e-05
YPR121W	-0.155637236031905	4.35965467675476	0.103808481222435	0.13871895734814
YPR122W	0.685690868229902	6.88892626836837	1.912767280222e-25	2.1100104382926e-24
YPR123C	-1.62632585119233	2.08336653647544	4.03669115931442e-08	1.38203799828008e-07
YPR124W	-1.62066265317273	6.32107626931812	4.38764928825373e-22	4.1606541831201e-21
YPR125W	-0.435861716131867	7.00732595254416	9.41331670781946e-07	2.7565932804389e-06
YPR126C	-0.0964219028048351	2.96911194231599	0.524802181407289	0.583523342818683
YPR127W	0.5156486313364	5.9336381611706	2.41970265107619e-12	1.24123313466468e-11
YPR128C	0.166835847144503	6.31917147849731	0.100032312523455	0.134149958262549
YPR129W	-0.418898541704634	7.12303588822112	1.3825367543616e-10	6.11612286035463e-10
YPR131C	-0.148533137740023	6.1145480407925	0.11692483764428	0.154257652823658
YPR132W	0.0392737970497921	9.89209492613466	0.654061068446057	0.704193256357037
YPR133C	-0.399709352298367	7.71192925869442	3.03301739798606e-09	1.17113041725704e-08
YPR133W-A	-0.027955107521814	6.5907958833968	0.758224077085937	0.7963737161846
YPR134W	-0.0131181404671934	5.00928712964045	0.900637991128015	0.919449074997729
YPR135W	-0.802719385792718	6.53347176830939	0.00343671028599623	0.00608765534455196
YPR136C	-1.03976434779334	1.89303670766279	0.000389470710564924	0.000799146045022635
YPR137C-B	0.140963877714027	0.712716832317129	0.697102248863967	0.742160212532348
YPR137W	-0.8531443880369	7.29160393125743	2.17261882715769e-17	1.6185606429829e-16
YPR138C	0.608512753942817	5.50621145479101	1.58189232399673e-10	6.992894596962e-10
YPR139C	-0.160299888861867	6.83177395065697	0.0232542068387037	0.0354948035460579
YPR140W	0.439263759676415	6.25895292217473	2.26587354109156e-07	7.2076358354722e-07
YPR141C	0.489250140384397	6.31478616491979	0.0545682638591514	0.0773007545525962
YPR143W	-0.79105752602946	5.80071679843249	4.33492506996156e-09	1.64322632538517e-08
YPR144C	-0.132563082457026	6.91901903309004	0.40957155816172	0.471081730948587
YPR145C-A	3.46995201151908	5.37036686170495	0	0
YPR145W	-0.00630039331717612	9.74408706474147	0.988529793443059	0.992657611187518
YPR146C	0.320535333990793	2.68478433362714	0.00496825075917301	0.00857815151181738
YPR147C	0.0261199412597345	6.40429379929053	0.730078798918356	0.770717074468333
YPR148C	-0.0957611945191057	8.27532721111417	0.225632412348148	0.277516788673705
YPR149W	-0.0225049816948558	9.29084268961094	0.956504107179133	0.967609404738507
YPR150W	1.99760632818729	0.538178769194748	3.92232646176894e-14	2.34637081474178e-13
YPR151C	1.78790419869451	3.76927640579867	1.40551128631933e-21	1.28809967276704e-20
YPR152C	0.196071242362607	4.99770437634044	0.0445212519310218	0.0641259622925978
YPR153W	0.524260046432859	2.8874448586179	0.000246050344790367	0.000520680983062193
YPR154W	2.14435804290455	6.23487789489125	3.92924441276593e-219	7.38206794048399e-217
YPR155C	0.403469458587641	6.26202124140731	8.09762202942086e-05	0.000183847823417214
YPR156C	-0.792682819378522	6.80269812431157	0.00257291854448797	0.00465074753140759
YPR157W	-1.07522425303905	4.44454012299581	0.00143110458790668	0.0026996550933464
YPR158C-D	0.777717546625137	1.98929139523838	2.76868756713532e-06	7.63898561432653e-06
YPR158W	-0.21442763845457	6.54574190348109	0.234994313044211	0.287677827330848
YPR158W-B	0.484680860580592	3.6940056410426	0.0093460356922198	0.0153940730360618
YPR159W	0.567061757096749	8.4951520303455	2.52384525116703e-10	1.09082369877902e-09
YPR160W	4.42293253459155	5.90582285166785	1.22704889034902e-129	9.96894314699773e-128
YPR161C	-0.196543760156484	6.97503165107544	0.00553886136895691	0.00947358024186883
YPR162C	-0.291152749967997	5.83380994892146	5.4980251148923e-05	0.000128216163656837
YPR163C	-0.276310406809663	9.14861152635941	0.00366186687637739	0.00646173867354883
YPR164W	-0.149490551566163	6.07215466110287	0.040013205722168	0.05821863330147
YPR165W	0.662865501728082	8.99818186155531	1.0507975707261e-21	9.77924921858406e-21
YPR166C	-0.206025944040605	5.35494325712092	0.0208093179626572	0.0320454968215921
YPR167C	0.386448400059847	8.94254737319962	0.00211881655336469	0.00388363570695991
YPR168W	0.813577827975273	4.54799255447087	1.846740600205e-16	1.30312259253902e-15
YPR169W	0.182823537803375	7.57306233273002	0.0787510221163477	0.107921391603256
YPR170C	2.27986168928305	0.567084246193163	8.03646652478399e-25	8.59701721476892e-24
YPR170W-B	0.345672067970971	3.60093386735638	0.00292196000191746	0.00523445278055059
YPR171W	-0.261268753223936	5.89701746586115	8.37011192657142e-05	0.000189462021470434
YPR172W	0.83450172973682	6.1019845190422	4.56185304262082e-26	5.1359289311304e-25
YPR173C	-0.269197075735922	7.42121545923281	0.00244436095524476	0.0044437550840434
YPR174C	-0.183898451327663	4.98591279882322	0.5317522211678	0.590486581762248
YPR175W	-0.504779480263388	6.00613940640237	0.11801357591625	0.155353102344754
YPR176C	0.0827891455883805	6.46695113165311	0.251396814614371	0.305394554346656
YPR178W	0.306158354581903	5.55224841035068	1.34358819560169e-05	3.40541831026869e-05
YPR179C	-0.00696561444151876	5.93555228304913	0.926677345316548	0.941714705889636
YPR180W	-0.213451636217633	6.07391049137101	0.00312105618035485	0.00556293796510329
YPR181C	-0.00907532321634745	9.01802079530891	0.8694456973978	0.892607160648151
YPR182W	0.230568360236748	5.03936387732368	0.00108362227554982	0.00208205085350129
YPR183W	0.149304633319785	7.54763298936309	0.13038613453833	0.170223982810953
YPR184W	2.11255079298473	5.98932181048821	4.29208728258678e-38	7.26874049096104e-37
YPR185W	-0.240088454182916	6.74153477494505	0.0528966101409631	0.0751274321208293
YPR186C	-0.0818092563540894	5.60281675099178	0.231464421307514	0.283934727790405
YPR187W	-0.59460203604465	7.9739183099004	1.10935744655662e-13	6.36398565715495e-13
YPR188C	-0.0562125146094279	6.18672942973122	0.380818936436055	0.442241345538645
YPR189W	-0.225286808756741	6.56430479055766	0.0247599883277022	0.0375332954680145
YPR190C	-0.386970949244169	7.42384993986178	0.0038940550284887	0.00683335050533394
YPR191W	-0.00208476718105706	9.20835992552025	0.996765932854133	1
YPR192W	0.716648434540324	3.17726920004541	4.97733076830942e-14	2.94524730109018e-13
YPR193C	0.742901393068682	2.72465921890869	3.57040051107605e-06	9.71717875626492e-06
YPR194C	0.306451624651	4.31697786250188	0.0204296241534682	0.0315496790163501
YPR195C	-0.641566796293561	1.61356808286782	0.0013407718909477	0.0025428140720434
YPR196W	-0.176464132060784	4.43463734662306	0.0433828390310507	0.0626664171683509
YPR198W	0.684189715238243	6.53275061918204	1.82380682725229e-13	1.02858598925336e-12
YPR199C	0.346142474747041	5.56370521480577	9.02387062863485e-11	4.06378353703017e-10
YPR200C	-0.134134139532347	1.86429704006723	0.498023104098351	0.557771032384368
YPR201W	0.34345113550341	3.59030462264901	0.005462414441123	0.00935613550428248
YPR202W	-0.273624333768998	1.87395286318452	0.276131187770953	0.332485620043855
YPR204W	-0.653566684157296	4.54446903612429	0.0242035064815571	0.0368103923519153
snR10	0.314567956851088	1.14807280056837	0.198064233385974	0.247972130594851
snR11	1.31899735172909	2.5986589095219	5.19064749486413e-30	6.93470505313848e-29
snR13	0.122451720528614	1.04138450840252	0.600800312006534	0.655894584307841
snR14	0.176866572799496	1.27405416216794	0.441410716912198	0.503368973838417
snR17a	0.92570912486417	2.09243418016197	0.00415873725003501	0.00726811870558445
snR17b	-0.0425973707758769	1.72540966799218	0.926487137701993	0.941680586959321
snR18	0.302816366109383	2.29642358182694	0.062240907623004	0.0870012407880725
snR19	0.439399728474648	2.22733595314285	0.0152031017619001	0.0240529073138272
snR191	0.238226254356477	1.22952618369424	0.290207378547331	0.347404325840354
snR24	-0.586791825965235	1.60331643545253	0.0278234152832926	0.0416831230209706
snR3	-0.506499341807334	1.93999960179384	0.00208422979137466	0.00382724175496166
snR30	0.397193458776766	2.64808823014025	0.0279738698718904	0.0418876477384321
snR31	0.536769408817525	2.30189992541332	0.00314308674708197	0.00559722675457844
snR32	0.699560840823459	0.684638119831688	0.00999484023938957	0.0163685588447862
snR33	0.355814082456792	3.49200363041039	0.0498358628576316	0.0711332401472177
snR36	0.736616156037655	1.87057566582592	1.52193683072168e-05	3.83160981000784e-05
snR37	0.342223409125134	2.02009679823046	0.0938873642033869	0.126700523813864
snR38	0.447887771788598	0.732586768001494	0.163655392003495	0.208850820786459
snR39	-0.290121703203582	3.08182985949268	0.136090999668506	0.176941844724709
snR39B	0.0605592036128181	1.2298793137695	0.816455589144101	0.849079917303985
snR4	-0.0349911243410033	4.20357185694352	0.817718542550637	0.850099235312888
snR41	0.52499013621724	2.28363516747377	0.00568902805309743	0.00970557226311628
snR42	1.49332734627414	1.3288520915897	1.29414428809875e-09	5.15941343504619e-09
snR43	0.506076232375435	2.77707637655212	2.6312813582492e-05	6.43582730911073e-05
snR44	0.291997357058562	4.78109990081329	0.0118460678988485	0.0191293473564
snR46	0.00729928022274353	1.58518534617717	1	1
snR47	-0.0718854151128946	1.40846714135502	0.8153779800347	0.848252710844197
snR48	-0.026659945232643	1.10355074054573	0.986695057646911	0.99114631354607
snR49	1.15045407471699	3.31272743668843	2.97945568348024e-15	1.93648514260359e-14
snR5	1.28663352571849	1.03270246327464	1.18330267557868e-06	3.43340525365783e-06
snR50	0.028868401748275	1.06931818524686	0.953911533036335	0.966132977468942
snR51	-0.977962132290945	1.42363211414263	0.00114491507540905	0.00218867179467099
snR54	0.104767268171621	2.00172707571464	0.688224044237587	0.734920595729374
snR55	0.944594155375518	1.21492067777476	3.31486772543454e-06	9.07099898284589e-06
snR57	1.91795267777688	2.82039829414393	3.84693484402699e-31	5.40368511268464e-30
snR58	-0.157735537772343	1.15289084939595	0.561880993721457	0.619026669278614
snR59	-0.127300208368977	1.1765437785218	0.584591693438357	0.640561126910882
snR61	0.183662334865958	2.20490721574401	0.291157483169414	0.348346027624779
snR62	1.12979784274765	0.892382644098404	2.4027707015379e-08	8.39852177770108e-08
snR63	-0.876424279882001	3.01596063546544	7.31700348708156e-07	2.17126480574207e-06
snR66	-0.537610084929581	1.66702964353811	0.0103734368259618	0.0169516450659641
snR67	0.783970526086881	2.38180323386432	2.69187631840052e-05	6.57868310009103e-05
snR68	-0.169190908351417	3.78358313438859	0.195663988426532	0.245427059966683
snR69	0.934711165638549	1.02729837114892	2.37785665189617e-05	5.84929385891972e-05
snR70	0.507271954088779	2.33219680636475	0.0139833133109161	0.0222991192639861
snR71	0.014254953933232	1.31666874820589	0.996001001804201	0.999492242171066
snR72	-0.143834658979043	2.044321804711	0.545721516866682	0.603863047889204
snR76	0.37737901818202	3.53585052782736	0.0204547359268809	0.0315803473015943
snR77	1.0190186799108	0.870975417839358	2.11212083012193e-05	5.22554338711649e-05
snR8	2.15424159916975	1.07668243838843	4.46359966760132e-23	4.47252686693652e-22
snR82	0.894942402627047	2.26736072882714	2.08527064352132e-06	5.82287371521143e-06
snR83	-0.144636440673299	2.78324843435696	0.385354465783507	0.446559569832391
snR84	-0.0967675949646879	2.81344054784635	0.534257854806276	0.59260095851308
snR85	0.0998418628684336	0.956593509816014	0.691658212265865	0.737932417416572
snR86	0.709531061806929	5.88841551458778	2.99109517005912e-08	1.03525988269404e-07
snR87	-0.45871102973213	2.03169024113335	0.0351674407938358	0.0517315033160119
snR9	0.595588772947517	2.79596524632638	3.99742594131377e-06	1.08010651320577e-05
tA(AGC)P	6.65797496695476	1.52032923833356	6.21329652552651e-116	4.01659556037262e-114
tD(GUC)N	1.02689063653273	0.838720191594479	1.36793809790993e-06	3.93494920795908e-06
tE(UUC)G1	-0.370225070379646	0.88503880835605	0.208212805596091	0.259113100236741
tF(GAA)P1	0.324332120739249	0.567008780490781	0.318076950188372	0.377696745908057
tH(GUG)E2	4.69830006399542	3.98566270293778	3.56934619261669e-91	1.61345182782042e-89
tH(GUG)G1	0.416555027888618	0.84998644425094	0.191394076337086	0.240784051165321
tI(AAU)I2	4.74410353808578	2.13313045024482	4.1948834754476e-28	5.15739048147054e-27
tK(CUU)M	0.577025398798485	0.775266657528132	0.044647415770228	0.0642614947595429
tK(UUU)D	0.348605244636944	0.951729635062793	0.199777119081788	0.249752555608174
tL(CAA)C	-0.533107384365618	0.435845440947447	0.405572953540063	0.467197661751841
tN(GUU)P	3.0762671390964	0.659702173209051	6.68455351351958e-29	8.44275960573103e-28
tP(AGG)C	1.13991860253607	1.30516127596263	5.84352572644584e-07	1.76244569356656e-06
tR(ACG)L	6.58922569143124	1.60169852788887	3.0974455118438e-89	1.37939573460777e-87
tR(UCU)G3	6.47615541973292	3.73099370503058	6.81942085651353e-106	3.56507462516168e-104
tS(GCU)L	4.94690092134318	0.159414996168419	2.10618692060093e-52	5.12647601888777e-51
tV(AAC)G2	-0.312967878431934	1.28947437883659	0.555089475860752	0.612523498846342
tV(AAC)O	0.00508683382183348	1.2173215683173	1	1
tW(CCA)P	0.640245236080033	0.792646919680323	0.012855223025622	0.0206020197477983
